"Settings:","","Mono / Help / A","Stereo / Help / A","Mono / Help / START","Stereo / Help / START","Mono / LR / A","Stereo / LR / A","Mono / LR / START","Stereo / LR / START","Mono / L=A / A","Stereo / L=A / A","Mono / L=A / START","Stereo / L=A / START","Mono / L=A / L","Stereo / L=A / L","","","","","","","","","",""
"Seed index","Seed Time (1/16) GBA Frames","Seed","Seed","Seed","Seed","Seed","Seed","Seed","Seed","Seed","Seed","Seed","Seed","Seed","Seed","","","","","","","","","",""
"0","23385","11C7","11C7","11BF","","","","","","","","","","","","","","","","","","","","",""
"1","23399","4064","4096","405C","","","","","","","","","","","","","","","","","","","","",""
"2","23414","95CA","95C1","95C2","","","","","","","","","","","","","","","","","","","","",""
"3","23430","D4DE","D4DE","D4D6","","","","","","","","","","","","","","","","","","","","",""
"4","23446","1E1B","1E34","1E13","","","","","","","","","","","","","","","","","","","","",""
"5","23463","924D","924D","9245","","","","","","","","","","","","","","","","","","","","",""
"6","23479","CF23","CF34","CF1B","","","","","","","","","","","","","","","","","","","","",""
"7","23494","1702","170B","16FA","","","","","","","","","","","","","","","","","","","","",""
"8","23509","5FD4","5FD4","5FCC","","","","","","","","","","","","","","","","","","","","",""
"9","23525","A91A","A91A","A91C","","","","","","","","","","","","","","","","","","","","",""
"10","23541","EDDE","EDDE","EDD1","","","","","","","","","","","","","","","","","","","","",""
"11","23557","3C31","3C51","3C29","","","","","","","","","","","","","","","","","","","","",""
"12","23575","84D4","84E2","84D0","","","","","","","","","","","","","","","","","","","","",""
"13","23590","CE40","CE40","CE3F","","","","","","","","","","","","","","","","","","","","",""
"14","23606","13AF","13AF","13A7","","","","","","","","","","","","","","","","","","","","",""
"15","23621","5C46","5C6D","5C3E","","","","","","","","","","","","","","","","","","","","",""
"16","23637","A2F2","A2F2","A2EA","","","","","","","","","","","","","","","","","","","","",""
"17","23653","5217","5250","521A","","","","","","","","","","","","","","","","","","","","",""
"18","23669","7D40","7D7C","7D40","","","","","","","","","","","","","","","","","","","","",""
"19","23686","C657","C687","C648","","","","","","","","","","","","","","","","","","","","",""
"20","23701","0F3F","0F34","0F37","","","","","","","","","","","","","","","","","","","","",""
"21","23716","58AF","58E8","58AD","","","","","","","","","","","","","","","","","","","","",""
"22","23734","A23D","A277","A241","","","","","","","","","","","","","","","","","","","","",""
"23","23749","051C","0558","0506","","","","","","","","","","","","","","","","","","","","",""
"24","23765","3027","3063","301D","","","","","","","","","","","","","","","","","","","","",""
"25","23780","7DD0","7E11","7DCF","","","","","","","","","","","","","","","","","","","","",""
"26","23796","C78D","C7C6","C78E","","","","","","","","","","","","","","","","","","","","",""
"27","23812","1181","11BF","117A","","","","","","","","","","","","","","","","","","","","",""
"28","23828","5969","59AC","596A","","","","","","","","","","","","","","","","","","","","",""
"29","23843","A301","A33D","A2F9","","","","","","","","","","","","","","","","","","","","",""
"30","23860","09A5","09DC","0999","","","","","","","","","","","","","","","","","","","","",""
"31","23876","391B","3956","3913","","","","","","","","","","","","","","","","","","","","",""
"32","23891","D6AF","D6B3","D6B5","","","","","","","","","","","","","","","","","","","","",""
"33","23908","20CC","210A","20C4","","","","","","","","","","","","","","","","","","","","",""
"34","23925","69E9","6A19","69E1","","","","","","","","","","","","","","","","","","","","",""
"35","23940","AFB3","AFB3","AFB4","","","","","","","","","","","","","","","","","","","","",""
"36","23958","ED64","ED64","ED5C","","","","","","","","","","","","","","","","","","","","",""
"37","23972","3696","3696","3694","","","","","","","","","","","","","","","","","","","","",""
"38","23988","73F9","73F9","73F8","","","","","","","","","","","","","","","","","","","","",""
"39","24020","B694","B694","B68C","","","","","","","","","","","","","","","","","","","","",""
"40","24035","FF59","FF59","FF53","","","","","","","","","","","","","","","","","","","","",""
"41","24052","4893","4893","4893","","","","","","","","","","","","","","","","","","","","",""
"42","24066","C893","C8CD","C88B","","","","","","","","","","","","","","","","","","","","",""
"43","24084","F492","F4BD","F481","","","","","","","","","","","","","","","","","","","","",""
"44","24100","3DA9","3DDB","3D97","","","","","","","","","","","","","","","","","","","","",""
"45","24114","8667","8670","865F","","","","","","","","","","","","","","","","","","","","",""
"46","24130","D000","D03B","D002","","","","","","","","","","","","","","","","","","","","",""
"47","24147","199A","19D5","1992","","","","","","","","","","","","","","","","","","","","",""
"48","24162","77A1","77A3","778B","","","","","","","","","","","","","","","","","","","","",""
"49","24178","AABC","AAC4","AAB5","","","","","","","","","","","","","","","","","","","","",""
"50","24195","280C","280C","2804","","","","","","","","","","","","","","","","","","","","",""
"51","24211","70FE","70FE","70F6","","","","","","","","","","","","","","","","","","","","",""
"52","24226","B573","B573","B579","","","","","","","","","","","","","","","","","","","","",""
"53","24243","02F2","02F2","02EA","","","","","","","","","","","","","","","","","","","","",""
"54","24258","8084","80BD","807B","","","","","","","","","","","","","","","","","","","","",""
"55","24273","A533","A5AF","A532","","","","","","","","","","","","","","","","","","","","",""
"56","24289","ED1E","ED62","ED1F","","","","","","","","","","","","","","","","","","","","",""
"57","24321","3595","35B0","3589","","","","","","","","","","","","","","","","","","","","",""
"58","24338","7E92","7EB3","7E8A","","","","","","","","","","","","","","","","","","","","",""
"59","24355","C7B4","C7D3","C7AC","","","","","","","","","","","","","","","","","","","","",""
"60","24369","1168","1178","1158","","","","","","","","","","","","","","","","","","","","",""
"61","24386","5A4B","5A64","5A45","","","","","","","","","","","","","","","","","","","","",""
"62","24401","A2C5","A2C4","A2B9","","","","","","","","","","","","","","","","","","","","",""
"63","24418","E5A7","E5C6","E59F","","","","","","","","","","","","","","","","","","","","",""
"64","24434","22AC","22AC","22AA","","","","","","","","","","","","","","","","","","","","",""
"65","24449","6B9A","6B9B","6B92","","","","","","","","","","","","","","","","","","","","",""
"66","24465","B5E3","B60B","B5E3","","","","","","","","","","","","","","","","","","","","",""
"67","24483","F98D","F98C","F97B","","","","","","","","","","","","","","","","","","","","",""
"68","24498","9C28","9C2E","9C2E","","","","","","","","","","","","","","","","","","","","",""
"69","24513","E665","E685","E65D","","","","","","","","","","","","","","","","","","","","",""
"70","24531","2EC0","2EC0","2EAF","","","","","","","","","","","","","","","","","","","","",""
"71","24544","7899","78B9","789B","","","","","","","","","","","","","","","","","","","","",""
"72","24560","B574","B56D","B56C","","","","","","","","","","","","","","","","","","","","",""
"73","24575","FEB4","FEAC","FEA4","","","","","","","","","","","","","","","","","","","","",""
"74","24593","2A5D","2A5D","2A55","","","","","","","","","","","","","","","","","","","","",""
"75","24625","583D","5857","5824","","","","","","","","","","","","","","","","","","","","",""
"76","24641","A149","A164","A142","","","","","","","","","","","","","","","","","","","","",""
"77","24656","E97C","E97C","E968","","","","","","","","","","","","","","","","","","","","",""
"78","24672","9A27","9A41","9A1F","","","","","","","","","","","","","","","","","","","","",""
"79","24688","CB4C","CB4C","CB3D","","","","","","","","","","","","","","","","","","","","",""
"80","24705","17F0","17F0","17E0","","","","","","","","","","","","","","","","","","","","",""
"81","24719","545B","546E","544B","","","","","","","","","","","","","","","","","","","","",""
"82","24734","AD9B","ADAA","ADA3","","","","","","","","","","","","","","","","","","","","",""
"83","24752","F39F","F396","F397","","","","","","","","","","","","","","","","","","","","",""
"84","24767","3DDD","3DEF","3DCC","","","","","","","","","","","","","","","","","","","","",""
"85","24783","89F7","89F8","89E7","","","","","","","","","","","","","","","","","","","","",""
"86","24801","1B38","1B40","1B30","","","","","","","","","","","","","","","","","","","","",""
"87","24816","5B1D","5B12","5B07","","","","","","","","","","","","","","","","","","","","",""
"88","24831","A1B2","A1B2","A1AA","","","","","","","","","","","","","","","","","","","","",""
"89","24848","EB27","EB27","EB15","","","","","","","","","","","","","","","","","","","","",""
"90","24865","5650","566B","5647","","","","","","","","","","","","","","","","","","","","",""
"91","24878","9208","9228","91F7","","","","","","","","","","","","","","","","","","","","",""
"92","24895","DA72","DA6B","DA6A","","","","","","","","","","","","","","","","","","","","",""
"93","24926","2702","2702","26F1","","","","","","","","","","","","","","","","","","","","",""
"94","24943","6D10","6D10","6CFD","","","","","","","","","","","","","","","","","","","","",""
"95","24959","A8BF","A8BF","A8B9","","","","","","","","","","","","","","","","","","","","",""
"96","24975","FF9B","FF9B","FF8A","","","","","","","","","","","","","","","","","","","","",""
"97","24992","4D06","4D1E","4D04","","","","","","","","","","","","","","","","","","","","",""
"98","25007","92F7","9318","92E6","","","","","","","","","","","","","","","","","","","","",""
"99","25022","BF41","BF41","BF2B","","","","","","","","","","","","","","","","","","","","",""
"100","25038","0C02","0C02","0C05","","","","","","","","","","","","","","","","","","","","",""
"101","25054","519F","51A7","5197","","","","","","","","","","","","","","","","","","","","",""
"102","25071","9B16","9B16","9B0E","","","","","","","","","","","","","","","","","","","","",""
"103","25087","1A9D","1AD5","1A8B","","","","","","","","","","","","","","","","","","","","",""
"104","25104","9B03","9B34","9AFB","","","","","","","","","","","","","","","","","","","","",""
"105","25118","E475","E49F","E46D","","","","","","","","","","","","","","","","","","","","",""
"106","25134","2CEE","2D0F","2CDB","","","","","","","","","","","","","","","","","","","","",""
"107","25151","7604","761D","75F6","","","","","","","","","","","","","","","","","","","","",""
"108","25167","9532","9549","9520","","","","","","","","","","","","","","","","","","","","",""
"109","25181","DA3C","DA4D","DA2B","","","","","","","","","","","","","","","","","","","","",""
"110","25199","27ED","27FE","27D5","","","","","","","","","","","","","","","","","","","","",""
"111","25230","5603","5603","55F4","","","","","","","","","","","","","","","","","","","","",""
"112","25246","834C","836C","8344","","","","","","","","","","","","","","","","","","","","",""
"113","25261","CAE4","CAEF","CADB","","","","","","","","","","","","","","","","","","","","",""
"114","25277","13AE","13AE","13A6","","","","","","","","","","","","","","","","","","","","",""
"115","25295","BB23","BB23","BB25","","","","","","","","","","","","","","","","","","","","",""
"116","25309","F61D","F625","F61D","","","","","","","","","","","","","","","","","","","","",""
"117","25325","3F46","3F3E","3F36","","","","","","","","","","","","","","","","","","","","",""
"118","25342","8925","8939","891D","","","","","","","","","","","","","","","","","","","","",""
"119","25357","D1B4","D1BE","D1AC","","","","","","","","","","","","","","","","","","","","",""
"120","25373","1B05","1B01","1AF4","","","","","","","","","","","","","","","","","","","","",""
"121","25390","74EE","750F","74ED","","","","","","","","","","","","","","","","","","","","",""
"122","25405","02FB","02FB","02F3","","","","","","","","","","","","","","","","","","","","",""
"123","25421","47A6","47A6","4797","","","","","","","","","","","","","","","","","","","","",""
"124","25437","9621","9639","9619","","","","","","","","","","","","","","","","","","","","",""
"125","25451","DEB6","DEB6","DEAA","","","","","","","","","","","","","","","","","","","","",""
"126","25470","1C92","1CAB","1C8A","","","","","","","","","","","","","","","","","","","","",""
"127","25486","7ABE","7AC1","7AB6","","","","","","","","","","","","","","","","","","","","",""
"128","25503","B1BC","B1BC","B1BC","","","","","","","","","","","","","","","","","","","","",""
"129","25534","FB70","FB91","FB68","","","","","","","","","","","","","","","","","","","","",""
"130","25549","4428","4428","4426","","","","","","","","","","","","","","","","","","","","",""
"131","25565","8D5F","8D5F","8D61","","","","","","","","","","","","","","","","","","","","",""
"132","25581","D69B","D69B","D693","","","","","","","","","","","","","","","","","","","","",""
"133","25596","2082","209B","2073","","","","","","","","","","","","","","","","","","","","",""
"134","25612","69B2","69D3","69A3","","","","","","","","","","","","","","","","","","","","",""
"135","25628","B261","B257","B24F","","","","","","","","","","","","","","","","","","","","",""
"136","25645","F41F","F427","F421","","","","","","","","","","","","","","","","","","","","",""
"137","25659","3258","3258","3250","","","","","","","","","","","","","","","","","","","","",""
"138","25676","71E8","71E8","71E0","","","","","","","","","","","","","","","","","","","","",""
"139","25693","C458","C458","C450","","","","","","","","","","","","","","","","","","","","",""
"140","25708","7E94","7EAA","7E8C","","","","","","","","","","","","","","","","","","","","",""
"141","25724","C6E5","C6D6","C6D0","","","","","","","","","","","","","","","","","","","","",""
"142","25739","0FFA","0FF3","0FF9","","","","","","","","","","","","","","","","","","","","",""
"143","25755","5945","5945","593D","","","","","","","","","","","","","","","","","","","","",""
"144","25771","9770","9770","975F","","","","","","","","","","","","","","","","","","","","",""
"145","25786","ED56","ED6F","ED45","","","","","","","","","","","","","","","","","","","","",""
"146","25801","2BC8","2BE9","2BB9","","","","","","","","","","","","","","","","","","","","",""
"147","25835","7449","7453","7441","","","","","","","","","","","","","","","","","","","","",""
"148","25850","9D17","9D17","9D08","","","","","","","","","","","","","","","","","","","","",""
"149","25866","E692","E692","E67C","","","","","","","","","","","","","","","","","","","","",""
"150","25884","2F56","2F56","2F45","","","","","","","","","","","","","","","","","","","","",""
"151","25900","ABD7","AC11","ABC6","","","","","","","","","","","","","","","","","","","","",""
"152","25915","C934","C966","C92C","","","","","","","","","","","","","","","","","","","","",""
"153","25931","16D1","1703","16C9","","","","","","","","","","","","","","","","","","","","",""
"154","25947","6084","60D1","6075","","","","","","","","","","","","","","","","","","","","",""
"155","25962","A9E0","AA33","A9D8","","","","","","","","","","","","","","","","","","","","",""
"156","25978","F1E3","F204","F1D3","","","","","","","","","","","","","","","","","","","","",""
"157","25995","3B8A","3BB3","3B90","","","","","","","","","","","","","","","","","","","","",""
"158","26011","D939","D943","D931","","","","","","","","","","","","","","","","","","","","",""
"159","26026","1BD2","1BE9","1BBF","","","","","","","","","","","","","","","","","","","","",""
"160","26042","58B6","58BF","58A7","","","","","","","","","","","","","","","","","","","","",""
"161","26058","A180","A180","A181","","","","","","","","","","","","","","","","","","","","",""
"162","26075","E013","E03B","E00B","","","","","","","","","","","","","","","","","","","","",""
"163","26090","284B","2852","284A","","","","","","","","","","","","","","","","","","","","",""
"164","26106","7170","7169","7168","","","","","","","","","","","","","","","","","","","","",""
"165","26139","BAB6","BAB6","BAA7","","","","","","","","","","","","","","","","","","","","",""
"166","26153","0019","0034","0011","","","","","","","","","","","","","","","","","","","","",""
"167","26172","4D36","4D3D","4D2E","","","","","","","","","","","","","","","","","","","","",""
"168","26187","966D","966D","9673","","","","","","","","","","","","","","","","","","","","",""
"169","26202","E06B","E08B","E071","","","","","","","","","","","","","","","","","","","","",""
"170","26217","28ED","28F5","28EE","","","","","","","","","","","","","","","","","","","","",""
"171","26233","7245","7248","723D","","","","","","","","","","","","","","","","","","","","",""
"172","26249","A02C","A046","A02C","","","","","","","","","","","","","","","","","","","","",""
"173","26266","CE94","CE8F","CE87","","","","","","","","","","","","","","","","","","","","",""
"174","26281","1786","1786","177E","","","","","","","","","","","","","","","","","","","","",""
"175","26298","60F7","6111","60E5","","","","","","","","","","","","","","","","","","","","",""
"176","26313","4E71","4E71","4E5F","","","","","","","","","","","","","","","","","","","","",""
"177","26328","9AA3","9AC3","9A93","","","","","","","","","","","","","","","","","","","","",""
"178","26346","E563","E55D","E55B","","","","","","","","","","","","","","","","","","","","",""
"179","26360","2B1C","2B1C","2B14","","","","","","","","","","","","","","","","","","","","",""
"180","26376","5E24","5E24","5E1D","","","","","","","","","","","","","","","","","","","","",""
"181","26393","B592","B59E","B58A","","","","","","","","","","","","","","","","","","","","",""
"182","26409","026F","028A","0267","","","","","","","","","","","","","","","","","","","","",""
"183","26439","47E4","47E4","47E3","","","","","","","","","","","","","","","","","","","","",""
"184","26457","8942","8942","8939","","","","","","","","","","","","","","","","","","","","",""
"185","26471","CAAC","CAAC","CA94","","","","","","","","","","","","","","","","","","","","",""
"186","26489","102B","102B","1019","","","","","","","","","","","","","","","","","","","","",""
"187","26504","5A2D","5A46","5A1C","","","","","","","","","","","","","","","","","","","","",""
"188","26520","CA76","CA68","CA66","","","","","","","","","","","","","","","","","","","","",""
"189","26535","0630","0661","061C","","","","","","","","","","","","","","","","","","","","",""
"190","26551","4A80","4A80","4A78","","","","","","","","","","","","","","","","","","","","",""
"191","26567","A295","A2D1","A28D","","","","","","","","","","","","","","","","","","","","",""
"192","26584","DD7D","DDBF","DD75","","","","","","","","","","","","","","","","","","","","",""
"193","26599","27C8","2803","27CA","","","","","","","","","","","","","","","","","","","","",""
"194","26617","BD05","BD3F","BCFD","","","","","","","","","","","","","","","","","","","","",""
"195","26632","0E2D","0E6D","0E25","","","","","","","","","","","","","","","","","","","","",""
"196","26648","3B73","3B73","3B6B","","","","","","","","","","","","","","","","","","","","",""
"197","26664","90CD","9141","90C3","","","","","","","","","","","","","","","","","","","","",""
"198","26680","C4D1","C502","C4BB","","","","","","","","","","","","","","","","","","","","",""
"199","26695","0C0D","0C0D","0C05","","","","","","","","","","","","","","","","","","","","",""
"200","26712","68C5","6905","68BB","","","","","","","","","","","","","","","","","","","","",""
"201","26742","9B87","9BB1","9B6E","","","","","","","","","","","","","","","","","","","","",""
"202","26759","E4C7","E4F9","E4B7","","","","","","","","","","","","","","","","","","","","",""
"203","26775","2E6B","2EAC","2E63","","","","","","","","","","","","","","","","","","","","",""
"204","26793","7702","7721","76FA","","","","","","","","","","","","","","","","","","","","",""
"205","26808","BFE5","BFF7","BFDD","","","","","","","","","","","","","","","","","","","","",""
"206","26822","090D","092D","0905","","","","","","","","","","","","","","","","","","","","",""
"207","26839","52D4","52ED","52CC","","","","","","","","","","","","","","","","","","","","",""
"208","26855","9B91","9BB8","9B98","","","","","","","","","","","","","","","","","","","","",""
"209","26868","C3F2","C3F1","C3E9","","","","","","","","","","","","","","","","","","","","",""
"210","26885","BDB2","BDD2","BDA4","","","","","","","","","","","","","","","","","","","","",""
"211","26902","0611","0611","0612","","","","","","","","","","","","","","","","","","","","",""
"212","26918","4223","4224","4217","","","","","","","","","","","","","","","","","","","","",""
"213","26936","77D6","77D6","77D5","","","","","","","","","","","","","","","","","","","","",""
"214","26949","C0F0","C0F0","C0E8","","","","","","","","","","","","","","","","","","","","",""
"215","26966","0AD0","0AF0","0AD6","","","","","","","","","","","","","","","","","","","","",""
"216","26982","51CD","5208","51C5","","","","","","","","","","","","","","","","","","","","",""
"217","26998","91B0","91F5","91AD","","","","","","","","","","","","","","","","","","","","",""
"218","27013","F5C3","F607","F5BB","","","","","","","","","","","","","","","","","","","","",""
"219","27046","24EE","252F","24ED","","","","","","","","","","","","","","","","","","","","",""
"220","27061","6D39","6D67","6D39","","","","","","","","","","","","","","","","","","","","",""
"221","27078","B639","B64C","B62F","","","","","","","","","","","","","","","","","","","","",""
"222","27093","FF4A","FF69","FF38","","","","","","","","","","","","","","","","","","","","",""
"223","27109","447A","449F","4474","","","","","","","","","","","","","","","","","","","","",""
"224","27125","91C9","91E1","91B9","","","","","","","","","","","","","","","","","","","","",""
"225","27143","F3AC","F3B5","F3AD","","","","","","","","","","","","","","","","","","","","",""
"226","27156","22E8","2307","22D9","","","","","","","","","","","","","","","","","","","","",""
"227","27173","6A85","6A85","6A7D","","","","","","","","","","","","","","","","","","","","",""
"228","27189","B3DB","B3E1","B3D3","","","","","","","","","","","","","","","","","","","","",""
"229","27205","FCFC","FCFC","FCF3","","","","","","","","","","","","","","","","","","","","",""
"230","27222","9BB5","9BB5","9BAD","","","","","","","","","","","","","","","","","","","","",""
"231","27236","E590","E5B3","E588","","","","","","","","","","","","","","","","","","","","",""
"232","27253","36B1","36F8","36B2","","","","","","","","","","","","","","","","","","","","",""
"233","27268","557B","55AA","5573","","","","","","","","","","","","","","","","","","","","",""
"234","27285","87AC","87E6","87AB","","","","","","","","","","","","","","","","","","","","",""
"235","27300","D076","D0B2","D06E","","","","","","","","","","","","","","","","","","","","",""
"236","27315","62A4","62BC","629D","","","","","","","","","","","","","","","","","","","","",""
"237","27347","8D1C","8D3E","8D1D","","","","","","","","","","","","","","","","","","","","",""
"238","27364","DADA","DAF9","DAD1","","","","","","","","","","","","","","","","","","","","",""
"239","27382","2474","2486","2467","","","","","","","","","","","","","","","","","","","","",""
"240","27395","6DB6","6DDA","6DB0","","","","","","","","","","","","","","","","","","","","",""
"241","27410","B6E2","B709","B6DB","","","","","","","","","","","","","","","","","","","","",""
"242","27428","FEF4","FEF4","FEF4","","","","","","","","","","","","","","","","","","","","",""
"243","27443","63A6","63A6","63A9","","","","","","","","","","","","","","","","","","","","",""
"244","27460","91DA","91D4","91D4","","","","","","","","","","","","","","","","","","","","",""
"245","27475","DAE6","DAE6","DADB","","","","","","","","","","","","","","","","","","","","",""
"246","27492","2434","242E","242E","","","","","","","","","","","","","","","","","","","","",""
"247","27508","6D4E","6D40","6D44","","","","","","","","","","","","","","","","","","","","",""
"248","27525","3571","35B0","3569","","","","","","","","","","","","","","","","","","","","",""
"249","27539","5AF7","5B30","5AF1","","","","","","","","","","","","","","","","","","","","",""
"250","27555","A3F7","A42A","A3EF","","","","","","","","","","","","","","","","","","","","",""
"251","27571","E8F0","E92A","E8E8","","","","","","","","","","","","","","","","","","","","",""
"252","27587","29FD","2A11","29EB","","","","","","","","","","","","","","","","","","","","",""
"253","27604","72C2","72D3","72AC","","","","","","","","","","","","","","","","","","","","",""
"254","27619","BD76","BDB8","BD6E","","","","","","","","","","","","","","","","","","","","",""
"255","27651","055C","0578","0554","","","","","","","","","","","","","","","","","","","","",""
"256","27667","4DDD","4DDD","4DD4","","","","","","","","","","","","","","","","","","","","",""
"257","27683","90B3","90D3","90B3","","","","","","","","","","","","","","","","","","","","",""
"258","27698","CDC8","CDC8","CDC0","","","","","","","","","","","","","","","","","","","","",""
"259","27715","16A6","16A6","1690","","","","","","","","","","","","","","","","","","","","",""
"260","27730","5FC4","5FC4","5FBC","","","","","","","","","","","","","","","","","","","","",""
"261","27747","A92F","A925","A91D","","","","","","","","","","","","","","","","","","","","",""
"262","27763","F25F","F25F","F257","","","","","","","","","","","","","","","","","","","","",""
"263","27778","3B91","3B91","3B90","","","","","","","","","","","","","","","","","","","","",""
"264","27795","856D","8587","855D","","","","","","","","","","","","","","","","","","","","",""
"265","27809","CE11","CE13","CE02","","","","","","","","","","","","","","","","","","","","",""
"266","27826","6CE0","6CFD","6CCE","","","","","","","","","","","","","","","","","","","","",""
"267","27841","B592","B592","B58A","","","","","","","","","","","","","","","","","","","","",""
"268","27858","FF23","FF31","FF29","","","","","","","","","","","","","","","","","","","","",""
"269","27872","2828","2841","2820","","","","","","","","","","","","","","","","","","","","",""
"270","27890","4ADF","4ADF","4ACD","","","","","","","","","","","","","","","","","","","","",""
"271","27906","93D2","93D2","93C2","","","","","","","","","","","","","","","","","","","","",""
"272","27921","DD2E","DD4B","DD2A","","","","","","","","","","","","","","","","","","","","",""
"273","27953","88B7","88A9","88AF","","","","","","","","","","","","","","","","","","","","",""
"274","27970","BF3F","BF3F","BF3E","","","","","","","","","","","","","","","","","","","","",""
"275","27983","0AC1","0AE9","0AB9","","","","","","","","","","","","","","","","","","","","",""
"276","28001","534B","5345","5343","","","","","","","","","","","","","","","","","","","","",""
"277","28017","9CA9","9CB5","9CAD","","","","","","","","","","","","","","","","","","","","",""
"278","28034","E607","E607","E5FF","","","","","","","","","","","","","","","","","","","","",""
"279","28049","2FDF","2FF7","2FD7","","","","","","","","","","","","","","","","","","","","",""
"280","28064","6D97","6DBC","6D8F","","","","","","","","","","","","","","","","","","","","",""
"281","28080","C1B7","C1B9","C1B1","","","","","","","","","","","","","","","","","","","","",""
"282","28096","0383","0383","037D","","","","","","","","","","","","","","","","","","","","",""
"283","28112","41C5","41C5","41BD","","","","","","","","","","","","","","","","","","","","",""
"284","28128","DE77","DE90","DE6E","","","","","","","","","","","","","","","","","","","","",""
"285","28145","56C0","56F9","56C2","","","","","","","","","","","","","","","","","","","","",""
"286","28161","84CB","8508","84C2","","","","","","","","","","","","","","","","","","","","",""
"287","28175","CDDA","CE1C","CDE2","","","","","","","","","","","","","","","","","","","","",""
"288","28192","0A6B","0A5D","0A5D","","","","","","","","","","","","","","","","","","","","",""
"289","28209","53E4","5426","53E6","","","","","","","","","","","","","","","","","","","","",""
"290","28224","9D78","9DB5","9D62","","","","","","","","","","","","","","","","","","","","",""
"291","28255","E459","E459","E44B","","","","","","","","","","","","","","","","","","","","",""
"292","28273","2CBF","2CBF","2CB1","","","","","","","","","","","","","","","","","","","","",""
"293","28288","75ED","75ED","75D8","","","","","","","","","","","","","","","","","","","","",""
"294","28306","A0B5","A0B5","A0B6","","","","","","","","","","","","","","","","","","","","",""
"295","28320","EE95","EE95","EE8D","","","","","","","","","","","","","","","","","","","","",""
"296","28336","3762","3762","375B","","","","","","","","","","","","","","","","","","","","",""
"297","28351","8093","8093","8081","","","","","","","","","","","","","","","","","","","","",""
"298","28367","01CB","0206","01CD","","","","","","","","","","","","","","","","","","","","",""
"299","28383","3825","3855","381B","","","","","","","","","","","","","","","","","","","","",""
"300","28399","8141","8173","8130","","","","","","","","","","","","","","","","","","","","",""
"301","28415","CAF2","CB34","CAEA","","","","","","","","","","","","","","","","","","","","",""
"302","28430","68A7","68B8","689F","","","","","","","","","","","","","","","","","","","","",""
"303","28446","B206","B217","B1FE","","","","","","","","","","","","","","","","","","","","",""
"304","28463","DC3A","DC4D","DC2D","","","","","","","","","","","","","","","","","","","","",""
"305","28480","25CA","2600","25C1","","","","","","","","","","","","","","","","","","","","",""
"306","28495","45BA","45B0","45B0","","","","","","","","","","","","","","","","","","","","",""
"307","28509","7458","7478","7450","","","","","","","","","","","","","","","","","","","","",""
"308","28528","B8E8","B913","B8E8","","","","","","","","","","","","","","","","","","","","",""
"309","28560","0736","0756","0735","","","","","","","","","","","","","","","","","","","","",""
"310","28576","BE95","BECF","BE85","","","","","","","","","","","","","","","","","","","","",""
"311","28592","EA43","EAB7","EA42","","","","","","","","","","","","","","","","","","","","",""
"312","28606","3223","325E","321B","","","","","","","","","","","","","","","","","","","","",""
"313","28623","7A95","7A95","7A7F","","","","","","","","","","","","","","","","","","","","",""
"314","28638","C406","C440","C3FE","","","","","","","","","","","","","","","","","","","","",""
"315","28653","0D4C","0D7F","0D4C","","","","","","","","","","","","","","","","","","","","",""
"316","28670","75A0","75D7","75A3","","","","","","","","","","","","","","","","","","","","",""
"317","28688","A027","A058","A018","","","","","","","","","","","","","","","","","","","","",""
"318","28702","E93A","E97A","E939","","","","","","","","","","","","","","","","","","","","",""
"319","28719","3215","320E","320D","","","","","","","","","","","","","","","","","","","","",""
"320","28736","D0C7","D103","D0BF","","","","","","","","","","","","","","","","","","","","",""
"321","28749","359E","35D6","3594","","","","","","","","","","","","","","","","","","","","",""
"322","28767","5CD1","5D05","5CC9","","","","","","","","","","","","","","","","","","","","",""
"323","28779","AA9B","AAD7","AA93","","","","","","","","","","","","","","","","","","","","",""
"324","28797","E9E6","EA2E","E9E1","","","","","","","","","","","","","","","","","","","","",""
"325","28813","356C","35AE","355C","","","","","","","","","","","","","","","","","","","","",""
"326","28829","7BC1","7BF9","7BB9","","","","","","","","","","","","","","","","","","","","",""
"327","28864","C56B","C595","C563","","","","","","","","","","","","","","","","","","","","",""
"328","28879","0E2C","0E1E","0E16","","","","","","","","","","","","","","","","","","","","",""
"329","28891","54A2","54A2","549C","","","","","","","","","","","","","","","","","","","","",""
"330","28910","964D","964D","963D","","","","","","","","","","","","","","","","","","","","",""
"331","28926","B809","B812","B801","","","","","","","","","","","","","","","","","","","","",""
"332","28942","FF44","FF44","FF4A","","","","","","","","","","","","","","","","","","","","",""
"333","28957","482E","482E","481D","","","","","","","","","","","","","","","","","","","","",""
"334","28973","EB53","EB8C","EB4B","","","","","","","","","","","","","","","","","","","","",""
"335","28989","1B32","1B6C","1B2A","","","","","","","","","","","","","","","","","","","","",""
"336","29006","6438","6472","6439","","","","","","","","","","","","","","","","","","","","",""
"337","29021","A72A","A766","A722","","","","","","","","","","","","","","","","","","","","",""
"338","29038","4B9D","4BDA","4B95","","","","","","","","","","","","","","","","","","","","",""
"339","29052","9610","968A","9613","","","","","","","","","","","","","","","","","","","","",""
"340","29068","DBAA","DBAA","DBA2","","","","","","","","","","","","","","","","","","","","",""
"341","29083","22E4","22E4","22DB","","","","","","","","","","","","","","","","","","","","",""
"342","29101","421A","421A","4209","","","","","","","","","","","","","","","","","","","","",""
"343","29117","6D84","6D84","6D83","","","","","","","","","","","","","","","","","","","","",""
"344","29133","B4D9","B4D9","B4D1","","","","","","","","","","","","","","","","","","","","",""
"345","29165","FDBF","FDBF","FDAF","","","","","","","","","","","","","","","","","","","","",""
"346","29181","9790","97CB","9788","","","","","","","","","","","","","","","","","","","","",""
"347","29197","BEAD","BEEF","BEAE","","","","","","","","","","","","","","","","","","","","",""
"348","29212","07DD","080F","07CD","","","","","","","","","","","","","","","","","","","","",""
"349","29228","5168","51A2","515B","","","","","","","","","","","","","","","","","","","","",""
"350","29243","99F7","9A17","99EF","","","","","","","","","","","","","","","","","","","","",""
"351","29260","DE43","DE5E","DE3B","","","","","","","","","","","","","","","","","","","","",""
"352","29276","2C1F","2C38","2C11","","","","","","","","","","","","","","","","","","","","",""
"353","29292","75BF","75D1","75AF","","","","","","","","","","","","","","","","","","","","",""
"354","29307","BEEC","BF05","BEEB","","","","","","","","","","","","","","","","","","","","",""
"355","29325","CA06","CA26","C9FE","","","","","","","","","","","","","","","","","","","","",""
"356","29338","5A43","5A3A","5A3B","","","","","","","","","","","","","","","","","","","","",""
"357","29355","A38B","A38B","A383","","","","","","","","","","","","","","","","","","","","",""
"358","29370","10AA","10AA","10A2","","","","","","","","","","","","","","","","","","","","",""
"359","29387","567C","5673","5674","","","","","","","","","","","","","","","","","","","","",""
"360","29401","945F","945F","9457","","","","","","","","","","","","","","","","","","","","",""
"361","29418","DE3D","DE59","DE40","","","","","","","","","","","","","","","","","","","","",""
"362","29434","26EF","26EF","26E7","","","","","","","","","","","","","","","","","","","","",""
"363","29468","702D","702D","7025","","","","","","","","","","","","","","","","","","","","",""
"364","29483","B9F8","BA18","B9F0","","","","","","","","","","","","","","","","","","","","",""
"365","29499","FE59","FE50","FE51","","","","","","","","","","","","","","","","","","","","",""
"366","29514","4BEB","4BEB","4BDB","","","","","","","","","","","","","","","","","","","","",""
"367","29532","5A46","5A46","5A4D","","","","","","","","","","","","","","","","","","","","",""
"368","29545","862F","864A","8631","","","","","","","","","","","","","","","","","","","","",""
"369","29562","CDE5","CDED","CDE5","","","","","","","","","","","","","","","","","","","","",""
"370","29578","174C","1766","173B","","","","","","","","","","","","","","","","","","","","",""
"371","29595","BA1D","BA12","BA15","","","","","","","","","","","","","","","","","","","","",""
"372","29611","F312","F309","F301","","","","","","","","","","","","","","","","","","","","",""
"373","29625","3ED2","3EF3","3EC3","","","","","","","","","","","","","","","","","","","","",""
"374","29642","D9E9","D9E8","D9D8","","","","","","","","","","","","","","","","","","","","",""
"375","29660","24C6","24BC","24C4","","","","","","","","","","","","","","","","","","","","",""
"376","29675","6E9C","6EAB","6E94","","","","","","","","","","","","","","","","","","","","",""
"377","29690","B73A","B73E","B732","","","","","","","","","","","","","","","","","","","","",""
"378","29705","F5C3","F5D2","F5C1","","","","","","","","","","","","","","","","","","","","",""
"379","29721","30C2","30C2","30C3","","","","","","","","","","","","","","","","","","","","",""
"380","29737","75CB","75CB","75CB","","","","","","","","","","","","","","","","","","","","",""
"381","29772","BE9F","BE9F","BE97","","","","","","","","","","","","","","","","","","","","",""
"382","29785","08AF","08C1","08A6","","","","","","","","","","","","","","","","","","","","",""
"383","29801","9A88","9AC1","9A89","","","","","","","","","","","","","","","","","","","","",""
"384","29816","D556","D570","D54E","","","","","","","","","","","","","","","","","","","","",""
"385","29833","1E97","1EA8","1E87","","","","","","","","","","","","","","","","","","","","",""
"386","29848","682D","6850","6825","","","","","","","","","","","","","","","","","","","","",""
"387","29864","B05C","B053","B045","","","","","","","","","","","","","","","","","","","","",""
"388","29881","FA4C","FA6E","FA44","","","","","","","","","","","","","","","","","","","","",""
"389","29896","42DA","42DB","42C8","","","","","","","","","","","","","","","","","","","","",""
"390","29912","8DCE","8E10","8DCE","","","","","","","","","","","","","","","","","","","","",""
"391","29927","D5AF","D5B9","D5A7","","","","","","","","","","","","","","","","","","","","",""
"392","29944","5C2C","5C2C","5C2C","","","","","","","","","","","","","","","","","","","","",""
"393","29959","9E51","9E51","9E49","","","","","","","","","","","","","","","","","","","","",""
"394","29977","EDD8","EDD8","EDCB","","","","","","","","","","","","","","","","","","","","",""
"395","29992","8A31","8A74","8A31","","","","","","","","","","","","","","","","","","","","",""
"396","30011","B734","B79F","B72C","","","","","","","","","","","","","","","","","","","","",""
"397","30023","FF2E","FF62","FF2F","","","","","","","","","","","","","","","","","","","","",""
"398","30042","47C8","47E7","47C0","","","","","","","","","","","","","","","","","","","","",""
"399","30072","9095","90B7","908D","","","","","","","","","","","","","","","","","","","","",""
"400","30088","D9DB","DA05","D9DD","","","","","","","","","","","","","","","","","","","","",""
"401","30104","2396","23A7","238E","","","","","","","","","","","","","","","","","","","","",""
"402","30121","6C60","6C72","6C4F","","","","","","","","","","","","","","","","","","","","",""
"403","30135","B4F4","B4F3","B4EB","","","","","","","","","","","","","","","","","","","","",""
"404","30151","E423","E443","E41B","","","","","","","","","","","","","","","","","","","","",""
"405","30170","0DD7","0DD8","0DC1","","","","","","","","","","","","","","","","","","","","",""
"406","30186","56D8","56CA","56D0","","","","","","","","","","","","","","","","","","","","",""
"407","30199","DF99","DFB7","DF98","","","","","","","","","","","","","","","","","","","","",""
"408","30215","13FE","13FE","13EF","","","","","","","","","","","","","","","","","","","","",""
"409","30231","61B4","61AA","61A2","","","","","","","","","","","","","","","","","","","","",""
"410","30247","0151","0161","013D","","","","","","","","","","","","","","","","","","","","",""
"411","30263","5A33","5A66","5A2B","","","","","","","","","","","","","","","","","","","","",""
"412","30278","933C","9373","933E","","","","","","","","","","","","","","","","","","","","",""
"413","30295","EA5C","EA9C","EA54","","","","","","","","","","","","","","","","","","","","",""
"414","30313","1A25","1A5F","1A16","","","","","","","","","","","","","","","","","","","","",""
"415","30326","6271","6298","6269","","","","","","","","","","","","","","","","","","","","",""
"416","30343","AB6B","AB7D","AB63","","","","","","","","","","","","","","","","","","","","",""
"417","30375","F480","F49F","F478","","","","","","","","","","","","","","","","","","","","",""
"418","30392","3E4C","3E60","3E3C","","","","","","","","","","","","","","","","","","","","",""
"419","30407","9BEF","9C09","9BE1","","","","","","","","","","","","","","","","","","","","",""
"420","30423","D424","D424","D40D","","","","","","","","","","","","","","","","","","","","",""
"421","30438","1E44","1E64","1E3C","","","","","","","","","","","","","","","","","","","","",""
"422","30453","61D9","61D9","61D1","","","","","","","","","","","","","","","","","","","","",""
"423","30471","AFB2","AFB2","AFA2","","","","","","","","","","","","","","","","","","","","",""
"424","30487","FA07","FA27","F9FF","","","","","","","","","","","","","","","","","","","","",""
"425","30504","427B","4285","4273","","","","","","","","","","","","","","","","","","","","",""
"426","30518","8B81","8B81","8B7B","","","","","","","","","","","","","","","","","","","","",""
"427","30535","D540","D55B","D532","","","","","","","","","","","","","","","","","","","","",""
"428","30550","8566","85A5","855E","","","","","","","","","","","","","","","","","","","","",""
"429","30566","CE99","CED6","CE92","","","","","","","","","","","","","","","","","","","","",""
"430","30581","1827","1859","181F","","","","","","","","","","","","","","","","","","","","",""
"431","30599","5575","5594","5561","","","","","","","","","","","","","","","","","","","","",""
"432","30614","84F0","8507","84F1","","","","","","","","","","","","","","","","","","","","",""
"433","30629","CE0A","CE2A","CDF9","","","","","","","","","","","","","","","","","","","","",""
"434","30647","17BE","17E7","17BE","","","","","","","","","","","","","","","","","","","","",""
"435","30679","607B","60A1","606F","","","","","","","","","","","","","","","","","","","","",""
"436","30694","A469","A477","A466","","","","","","","","","","","","","","","","","","","","",""
"437","30711","F37C","F388","F373","","","","","","","","","","","","","","","","","","","","",""
"438","30726","3B96","3B96","3B97","","","","","","","","","","","","","","","","","","","","",""
"439","30744","851F","851F","850A","","","","","","","","","","","","","","","","","","","","",""
"440","30756","C679","C688","C678","","","","","","","","","","","","","","","","","","","","",""
"441","30773","04E0","04E0","04D8","","","","","","","","","","","","","","","","","","","","",""
"442","30789","4D97","4D97","4D97","","","","","","","","","","","","","","","","","","","","",""
"443","30804","975D","9775","9755","","","","","","","","","","","","","","","","","","","","",""
"444","30822","1B2A","1B56","1B22","","","","","","","","","","","","","","","","","","","","",""
"445","30838","3EE1","3F1B","3ED9","","","","","","","","","","","","","","","","","","","","",""
"446","30851","DDC4","DDF7","DDB5","","","","","","","","","","","","","","","","","","","","",""
"447","30869","2616","2634","2600","","","","","","","","","","","","","","","","","","","","",""
"448","30885","6F3D","6F52","6F2D","","","","","","","","","","","","","","","","","","","","",""
"449","30900","B87D","B893","B86D","","","","","","","","","","","","","","","","","","","","",""
"450","30918","F15D","F173","F15E","","","","","","","","","","","","","","","","","","","","",""
"451","30934","3EBC","3EDE","3EAE","","","","","","","","","","","","","","","","","","","","",""
"452","30948","7FB2","7FBB","7FAA","","","","","","","","","","","","","","","","","","","","",""
"453","30980","BF63","BF82","BF54","","","","","","","","","","","","","","","","","","","","",""
"454","30996","06C3","06CD","06BB","","","","","","","","","","","","","","","","","","","","",""
"455","31012","500D","5016","5000","","","","","","","","","","","","","","","","","","","","",""
"456","31030","9959","9953","994B","","","","","","","","","","","","","","","","","","","","",""
"457","31044","E284","E27C","E274","","","","","","","","","","","","","","","","","","","","",""
"458","31059","2BB7","2BB7","2BAF","","","","","","","","","","","","","","","","","","","","",""
"459","31075","7583","759C","758A","","","","","","","","","","","","","","","","","","","","",""
"460","31090","BE56","BE48","BE4E","","","","","","","","","","","","","","","","","","","","",""
"461","31107","0782","077C","0774","","","","","","","","","","","","","","","","","","","","",""
"462","31123","513D","515C","513D","","","","","","","","","","","","","","","","","","","","",""
"463","31140","9A00","99F7","99F6","","","","","","","","","","","","","","","","","","","","",""
"464","31155","17F0","17FA","17F2","","","","","","","","","","","","","","","","","","","","",""
"465","31171","4B72","4B8D","4B5C","","","","","","","","","","","","","","","","","","","","",""
"466","31188","935A","9360","9362","","","","","","","","","","","","","","","","","","","","",""
"467","31203","DD05","DD33","DD04","","","","","","","","","","","","","","","","","","","","",""
"468","31220","7EDA","7ED2","7ED2","","","","","","","","","","","","","","","","","","","","",""
"469","31234","B408","B408","B3F9","","","","","","","","","","","","","","","","","","","","",""
"470","31251","FF8C","FFAF","FF7E","","","","","","","","","","","","","","","","","","","","",""
"471","31282","49D1","49D9","49C3","","","","","","","","","","","","","","","","","","","","",""
"472","31298","8F87","8F90","8F7F","","","","","","","","","","","","","","","","","","","","",""
"473","31314","DAD7","DAD7","DACF","","","","","","","","","","","","","","","","","","","","",""
"474","31330","263D","2657","263A","","","","","","","","","","","","","","","","","","","","",""
"475","31347","6DD9","6DF9","6DC1","","","","","","","","","","","","","","","","","","","","",""
"476","31361","B67D","B675","B675","","","","","","","","","","","","","","","","","","","","",""
"477","31380","FA08","FA08","F9F8","","","","","","","","","","","","","","","","","","","","",""
"478","31395","366A","366A","3662","","","","","","","","","","","","","","","","","","","","",""
"479","31411","73DB","73DB","73E1","","","","","","","","","","","","","","","","","","","","",""
"480","31427","C87C","C883","C874","","","","","","","","","","","","","","","","","","","","",""
"481","31443","376E","3787","3766","","","","","","","","","","","","","","","","","","","","",""
"482","31456","C812","C812","C80A","","","","","","","","","","","","","","","","","","","","",""
"483","31475","1259","1260","1251","","","","","","","","","","","","","","","","","","","","",""
"484","31492","5A8E","5A8E","5A86","","","","","","","","","","","","","","","","","","","","",""
"485","31507","A3F0","A3F0","A3E1","","","","","","","","","","","","","","","","","","","","",""
"486","31523","E4C2","E4DC","E4BA","","","","","","","","","","","","","","","","","","","","",""
"487","31538","2C44","2C5C","2C3C","","","","","","","","","","","","","","","","","","","","",""
"488","31554","74E1","74E1","74E3","","","","","","","","","","","","","","","","","","","","",""
"489","31585","A5B6","A5B6","A5AE","","","","","","","","","","","","","","","","","","","","",""
"490","31602","EDA2","EDA2","EDA1","","","","","","","","","","","","","","","","","","","","",""
"491","31618","3658","3658","3657","","","","","","","","","","","","","","","","","","","","",""
"492","31631","B480","B49B","B478","","","","","","","","","","","","","","","","","","","","",""
"493","31649","DF04","DF37","DEEE","","","","","","","","","","","","","","","","","","","","",""
"494","31666","2B9B","2BB5","2B93","","","","","","","","","","","","","","","","","","","","",""
"495","31682","74CF","74E0","74BD","","","","","","","","","","","","","","","","","","","","",""
"496","31695","BDCB","BDE7","BDC3","","","","","","","","","","","","","","","","","","","","",""
"497","31714","0631","0631","0629","","","","","","","","","","","","","","","","","","","","",""
"498","31727","508D","50AF","508D","","","","","","","","","","","","","","","","","","","","",""
"499","31743","98B3","98B3","98AB","","","","","","","","","","","","","","","","","","","","",""
"500","31759","1AF3","1AF3","1AEF","","","","","","","","","","","","","","","","","","","","",""
"501","31778","4940","4940","4938","","","","","","","","","","","","","","","","","","","","",""
"502","31792","91DC","91DC","91D4","","","","","","","","","","","","","","","","","","","","",""
"503","31808","DA95","DA95","DA94","","","","","","","","","","","","","","","","","","","","",""
"504","31825","5A8D","5AAE","5A8D","","","","","","","","","","","","","","","","","","","","",""
"505","31841","911F","913F","9117","","","","","","","","","","","","","","","","","","","","",""
"506","31856","DA3A","DA52","DA32","","","","","","","","","","","","","","","","","","","","",""
"507","31888","1F61","1FAB","1F69","","","","","","","","","","","","","","","","","","","","",""
"508","31903","6C8A","6C8A","6C79","","","","","","","","","","","","","","","","","","","","",""
"509","31920","C089","C0A9","C079","","","","","","","","","","","","","","","","","","","","",""
"510","31937","FF62","FF9F","FF52","","","","","","","","","","","","","","","","","","","","",""
"511","31951","5C8A","5CA1","5C74","","","","","","","","","","","","","","","","","","","","",""
"512","31968","90F0","9116","90EB","","","","","","","","","","","","","","","","","","","","",""
"513","31984","DAAA","DAE8","DAAD","","","","","","","","","","","","","","","","","","","","",""
"514","32000","2323","231A","231B","","","","","","","","","","","","","","","","","","","","",""
"515","32014","6C7D","6CA6","6C7D","","","","","","","","","","","","","","","","","","","","",""
"516","32032","B679","B6B2","B679","","","","","","","","","","","","","","","","","","","","",""
"517","32048","1648","1667","1640","","","","","","","","","","","","","","","","","","","","",""
"518","32061","9E52","9E68","9E4A","","","","","","","","","","","","","","","","","","","","",""
"519","32079","E7CA","E7E1","E7C2","","","","","","","","","","","","","","","","","","","","",""
"520","32098","3103","3123","30F9","","","","","","","","","","","","","","","","","","","","",""
"521","32109","7303","7303","72F4","","","","","","","","","","","","","","","","","","","","",""
"522","32128","B836","B86F","B837","","","","","","","","","","","","","","","","","","","","",""
"523","32144","003F","003F","0037","","","","","","","","","","","","","","","","","","","","",""
"524","32159","4A65","4A8E","4A5D","","","","","","","","","","","","","","","","","","","","",""
"525","32191","A781","A7A0","A77E","","","","","","","","","","","","","","","","","","","","",""
"526","32208","E4F3","E4FA","E4F2","","","","","","","","","","","","","","","","","","","","",""
"527","32222","2E20","2E20","2E18","","","","","","","","","","","","","","","","","","","","",""
"528","32239","77DB","7803","77E1","","","","","","","","","","","","","","","","","","","","",""
"529","32255","C51A","C52B","C508","","","","","","","","","","","","","","","","","","","","",""
"530","32270","08FF","0938","08EE","","","","","","","","","","","","","","","","","","","","",""
"531","32285","510E","511F","5105","","","","","","","","","","","","","","","","","","","","",""
"532","32304","9A38","9A4A","9A32","","","","","","","","","","","","","","","","","","","","",""
"533","32318","E270","E270","E25C","","","","","","","","","","","","","","","","","","","","",""
"534","32333","2C48","2C6B","2C40","","","","","","","","","","","","","","","","","","","","",""
"535","32353","8993","89CC","898E","","","","","","","","","","","","","","","","","","","","",""
"536","32367","144D","147F","1437","","","","","","","","","","","","","","","","","","","","",""
"537","32383","3D65","3D95","3D5D","","","","","","","","","","","","","","","","","","","","",""
"538","32399","8688","86B8","8680","","","","","","","","","","","","","","","","","","","","",""
"539","32415","CE18","CE41","CE1B","","","","","","","","","","","","","","","","","","","","",""
"540","32430","0C22","0C3D","0C1A","","","","","","","","","","","","","","","","","","","","",""
"541","32443","8E5A","8E9D","8E52","","","","","","","","","","","","","","","","","","","","",""
"542","32461","B2B1","B2F0","B2B1","","","","","","","","","","","","","","","","","","","","",""
"543","32493","FBBB","FBFE","FBB7","","","","","","","","","","","","","","","","","","","","",""
"544","32510","4583","45B6","4579","","","","","","","","","","","","","","","","","","","","",""
"545","32527","8DE4","8DFE","8DDE","","","","","","","","","","","","","","","","","","","","",""
"546","32540","D6BF","D6E1","D6B6","","","","","","","","","","","","","","","","","","","","",""
"547","32555","2007","201E","1FF0","","","","","","","","","","","","","","","","","","","","",""
"548","32575","69CA","69ED","69C4","","","","","","","","","","","","","","","","","","","","",""
"549","32589","B287","B2A7","B276","","","","","","","","","","","","","","","","","","","","",""
"550","32602","EEF8","EF01","EEFB","","","","","","","","","","","","","","","","","","","","",""
"551","32620","32DB","3301","32DA","","","","","","","","","","","","","","","","","","","","",""
"552","32638","7A9C","7A9C","7A94","","","","","","","","","","","","","","","","","","","","",""
"553","32651","C417","C410","C408","","","","","","","","","","","","","","","","","","","","",""
"554","32672","5FB5","5FBE","5FAD","","","","","","","","","","","","","","","","","","","","",""
"555","32684","A866","A86E","A85E","","","","","","","","","","","","","","","","","","","","",""
"556","32700","F233","F24C","F22B","","","","","","","","","","","","","","","","","","","","",""
"557","32716","3AE5","3AEE","3AE6","","","","","","","","","","","","","","","","","","","","",""
"558","32732","7855","785C","7854","","","","","","","","","","","","","","","","","","","","",""
"559","32750","EA53","EA64","EA4B","","","","","","","","","","","","","","","","","","","","",""
"560","32765","288B","2893","288A","","","","","","","","","","","","","","","","","","","","",""
"561","32799","71D0","71C7","71C7","","","","","","","","","","","","","","","","","","","","",""
"562","32812","9EFA","9F09","9EF2","","","","","","","","","","","","","","","","","","","","",""
"563","32827","CE8B","CEA6","CE83","","","","","","","","","","","","","","","","","","","","",""
"564","32844","12BB","12D4","12AD","","","","","","","","","","","","","","","","","","","","",""
"565","32860","6043","6043","603B","","","","","","","","","","","","","","","","","","","","",""
"566","32875","F70C","F725","F704","","","","","","","","","","","","","","","","","","","","",""
"567","32894","25A6","259F","2596","","","","","","","","","","","","","","","","","","","","",""
"568","32908","6EF3","6F1C","6EF3","","","","","","","","","","","","","","","","","","","","",""
"569","32923","B787","B793","B782","","","","","","","","","","","","","","","","","","","","",""
"570","32939","00F0","00F0","00DF","","","","","","","","","","","","","","","","","","","","",""
"571","32955","4A2C","4A2C","4A24","","","","","","","","","","","","","","","","","","","","",""
"572","32971","E863","E859","E851","","","","","","","","","","","","","","","","","","","","",""
"573","32987","3193","3193","318B","","","","","","","","","","","","","","","","","","","","",""
"574","33004","7364","7364","7363","","","","","","","","","","","","","","","","","","","","",""
"575","33019","B109","B109","B0F3","","","","","","","","","","","","","","","","","","","","",""
"576","33034","EEA5","EEA5","EE9D","","","","","","","","","","","","","","","","","","","","",""
"577","33053","5A9B","5A9B","5A85","","","","","","","","","","","","","","","","","","","","",""
"578","33067","93F3","940C","93E4","","","","","","","","","","","","","","","","","","","","",""
"579","33098","E431","E449","E429","","","","","","","","","","","","","","","","","","","","",""
"580","33114","2CD3","2CDD","2CC5","","","","","","","","","","","","","","","","","","","","",""
"581","33131","764D","764D","764D","","","","","","","","","","","","","","","","","","","","",""
"582","33146","BF52","BF52","BF4A","","","","","","","","","","","","","","","","","","","","",""
"583","33164","08A3","08A3","088D","","","","","","","","","","","","","","","","","","","","",""
"584","33178","5265","527F","5265","","","","","","","","","","","","","","","","","","","","",""
"585","33193","9B93","9BB3","9B8B","","","","","","","","","","","","","","","","","","","","",""
"586","33211","CA36","CA36","CA2E","","","","","","","","","","","","","","","","","","","","",""
"587","33226","13B7","13C0","13B8","","","","","","","","","","","","","","","","","","","","",""
"588","33243","5C84","5C84","5C7C","","","","","","","","","","","","","","","","","","","","",""
"589","33260","A5B4","A5AB","A5A3","","","","","","","","","","","","","","","","","","","","",""
"590","33275","424C","4267","4249","","","","","","","","","","","","","","","","","","","","",""
"591","33291","8D2C","8D44","8D1D","","","","","","","","","","","","","","","","","","","","",""
"592","33307","CFA5","CF9E","CF9D","","","","","","","","","","","","","","","","","","","","",""
"593","33322","1F22","1F22","1F21","","","","","","","","","","","","","","","","","","","","",""
"594","33337","5B13","5B0C","5B0B","","","","","","","","","","","","","","","","","","","","",""
"595","33354","A6A7","A6A7","A696","","","","","","","","","","","","","","","","","","","","",""
"596","33368","F041","F05A","F03F","","","","","","","","","","","","","","","","","","","","",""
"597","33402","397C","39A3","397B","","","","","","","","","","","","","","","","","","","","",""
"598","33417","6647","6650","6648","","","","","","","","","","","","","","","","","","","","",""
"599","33436","9550","9550","9544","","","","","","","","","","","","","","","","","","","","",""
"600","33450","DE4A","DE4A","DE38","","","","","","","","","","","","","","","","","","","","",""
"601","33463","2726","2726","271D","","","","","","","","","","","","","","","","","","","","",""
"602","33481","DB7F","DB9F","DB6B","","","","","","","","","","","","","","","","","","","","",""
"603","33497","0AB4","0ACA","0AAC","","","","","","","","","","","","","","","","","","","","",""
"604","33512","5769","5790","5769","","","","","","","","","","","","","","","","","","","","",""
"605","33528","A0B2","A0D1","A0AA","","","","","","","","","","","","","","","","","","","","",""
"606","33543","E665","E685","E65E","","","","","","","","","","","","","","","","","","","","",""
"607","33560","27DF","2801","27DE","","","","","","","","","","","","","","","","","","","","",""
"608","33576","DD54","DD4D","DD4C","","","","","","","","","","","","","","","","","","","","",""
"609","33594","1A2B","1A41","1A19","","","","","","","","","","","","","","","","","","","","",""
"610","33608","6302","631A","62F3","","","","","","","","","","","","","","","","","","","","",""
"611","33625","AB49","AB42","AB3A","","","","","","","","","","","","","","","","","","","","",""
"612","33642","EA86","EAA0","EA76","","","","","","","","","","","","","","","","","","","","",""
"613","33655","3366","3358","3350","","","","","","","","","","","","","","","","","","","","",""
"614","33672","97A5","97C2","97A9","","","","","","","","","","","","","","","","","","","","",""
"615","33704","C857","C877","C845","","","","","","","","","","","","","","","","","","","","",""
"616","33720","114B","116B","113A","","","","","","","","","","","","","","","","","","","","",""
"617","33734","5BB9","5BD9","5BB1","","","","","","","","","","","","","","","","","","","","",""
"618","33752","A429","A451","A42A","","","","","","","","","","","","","","","","","","","","",""
"619","33767","ED1B","ED37","ED13","","","","","","","","","","","","","","","","","","","","",""
"620","33785","37D7","37FF","37D7","","","","","","","","","","","","","","","","","","","","",""
"621","33800","73F4","73F4","73E9","","","","","","","","","","","","","","","","","","","","",""
"622","33815","C901","C920","C8F9","","","","","","","","","","","","","","","","","","","","",""
"623","33831","09D7","09D7","09CC","","","","","","","","","","","","","","","","","","","","",""
"624","33846","4AA3","4AC3","4A9A","","","","","","","","","","","","","","","","","","","","",""
"625","33864","9177","9192","9178","","","","","","","","","","","","","","","","","","","","",""
"626","33878","4D22","4D41","4D1A","","","","","","","","","","","","","","","","","","","","",""
"627","33895","8391","83BA","8389","","","","","","","","","","","","","","","","","","","","",""
"628","33913","CC80","CCA9","CC78","","","","","","","","","","","","","","","","","","","","",""
"629","33927","1EBF","1EE7","1EBF","","","","","","","","","","","","","","","","","","","","",""
"630","33945","5508","5533","5500","","","","","","","","","","","","","","","","","","","","",""
"631","33961","9DC9","9DEB","9DCB","","","","","","","","","","","","","","","","","","","","",""
"632","33975","F354","F374","F355","","","","","","","","","","","","","","","","","","","","",""
"633","34007","2FAA","2FAA","2FA1","","","","","","","","","","","","","","","","","","","","",""
"634","34025","7976","7997","796E","","","","","","","","","","","","","","","","","","","","",""
"635","34039","B6DE","B6DD","B6D6","","","","","","","","","","","","","","","","","","","","",""
"636","34056","17F8","181F","17F0","","","","","","","","","","","","","","","","","","","","",""
"637","34071","54B5","54BE","54B5","","","","","","","","","","","","","","","","","","","","",""
"638","34086","9EDE","9EFF","9ED4","","","","","","","","","","","","","","","","","","","","",""
"639","34102","1043","1074","1033","","","","","","","","","","","","","","","","","","","","",""
"640","34119","2B48","2B7A","2B3B","","","","","","","","","","","","","","","","","","","","",""
"641","34135","7442","747A","743A","","","","","","","","","","","","","","","","","","","","",""
"642","34150","BDFF","BE2F","BDFB","","","","","","","","","","","","","","","","","","","","",""
"643","34164","0662","067B","065A","","","","","","","","","","","","","","","","","","","","",""
"644","34184","A4E3","A4FB","A4DB","","","","","","","","","","","","","","","","","","","","",""
"645","34197","EE3C","EE58","EE2D","","","","","","","","","","","","","","","","","","","","",""
"646","34215","3751","3775","3749","","","","","","","","","","","","","","","","","","","","",""
"647","34230","7857","784A","784A","","","","","","","","","","","","","","","","","","","","",""
"648","34246","AB7A","AB98","AB72","","","","","","","","","","","","","","","","","","","","",""
"649","34262","EEAB","EEA1","EE99","","","","","","","","","","","","","","","","","","","","",""
"650","34279","1BF1","1BF9","1BE9","","","","","","","","","","","","","","","","","","","","",""
"651","34309","A091","A0B2","A080","","","","","","","","","","","","","","","","","","","","",""
"652","34325","DF69","DF62","DF5A","","","","","","","","","","","","","","","","","","","","",""
"653","34341","285C","285C","284C","","","","","","","","","","","","","","","","","","","","",""
"654","34359","721C","7236","7214","","","","","","","","","","","","","","","","","","","","",""
"655","34374","BAE9","BAE0","BAD8","","","","","","","","","","","","","","","","","","","","",""
"656","34389","040B","040B","0403","","","","","","","","","","","","","","","","","","","","",""
"657","34405","4DCD","4DEE","4DC5","","","","","","","","","","","","","","","","","","","","",""
"658","34420","968D","9695","9685","","","","","","","","","","","","","","","","","","","","",""
"659","34438","DFD1","DFD1","DFD0","","","","","","","","","","","","","","","","","","","","",""
"660","34453","05C5","05C5","05BD","","","","","","","","","","","","","","","","","","","","",""
"661","34469","2A36","2A4F","2A29","","","","","","","","","","","","","","","","","","","","",""
"662","34485","EDD8","EDD8","EDD0","","","","","","","","","","","","","","","","","","","","",""
"663","34501","266A","2683","2661","","","","","","","","","","","","","","","","","","","","",""
"664","34517","76EB","76EB","76F3","","","","","","","","","","","","","","","","","","","","",""
"665","34533","BFAE","BFBE","BFB6","","","","","","","","","","","","","","","","","","","","",""
"666","34548","FF9E","FFBC","FF96","","","","","","","","","","","","","","","","","","","","",""
"667","34565","4824","4824","481C","","","","","","","","","","","","","","","","","","","","",""
"668","34583","9148","914F","9147","","","","","","","","","","","","","","","","","","","","",""
"669","34610","DB47","DB5F","DB3F","","","","","","","","","","","","","","","","","","","","",""
"670","34626","23D2","23D2","23CB","","","","","","","","","","","","","","","","","","","","",""
"671","34643","6CFB","6D02","6CF3","","","","","","","","","","","","","","","","","","","","",""
"672","34660","B64A","B652","B64A","","","","","","","","","","","","","","","","","","","","",""
"673","34673","FF8D","FF8D","FF8E","","","","","","","","","","","","","","","","","","","","",""
"674","34691","48CD","48CD","48C5","","","","","","","","","","","","","","","","","","","","",""
"675","34707","E3E1","E424","E3E2","","","","","","","","","","","","","","","","","","","","",""
"676","34725","07F0","0832","07E8","","","","","","","","","","","","","","","","","","","","",""
"677","34739","50F3","513C","50F1","","","","","","","","","","","","","","","","","","","","",""
"678","34757","960D","964E","9605","","","","","","","","","","","","","","","","","","","","",""
"679","34771","E2FD","E2FD","E2F5","","","","","","","","","","","","","","","","","","","","",""
"680","34787","835E","83D9","8356","","","","","","","","","","","","","","","","","","","","",""
"681","34803","C7DE","C7D5","C7D6","","","","","","","","","","","","","","","","","","","","",""
"682","34816","101F","1017","100F","","","","","","","","","","","","","","","","","","","","",""
"683","34833","51C4","51CD","51C4","","","","","","","","","","","","","","","","","","","","",""
"684","34850","67B7","67B7","67A1","","","","","","","","","","","","","","","","","","","","",""
"685","34868","B0A6","B0A6","B0A4","","","","","","","","","","","","","","","","","","","","",""
"686","34883","F978","F978","F978","","","","","","","","","","","","","","","","","","","","",""
"687","34914","722C","7266","722C","","","","","","","","","","","","","","","","","","","","",""
"688","34930","AE0F","AE49","AE06","","","","","","","","","","","","","","","","","","","","",""
"689","34947","F743","F782","F749","","","","","","","","","","","","","","","","","","","","",""
"690","34962","40F5","4137","40E7","","","","","","","","","","","","","","","","","","","","",""
"691","34979","8990","89A8","8989","","","","","","","","","","","","","","","","","","","","",""
"692","34996","CDF7","CE08","CDEF","","","","","","","","","","","","","","","","","","","","",""
"693","35011","FFBE","FFDE","FFBE","","","","","","","","","","","","","","","","","","","","",""
"694","35026","49B4","49CF","49BC","","","","","","","","","","","","","","","","","","","","",""
"695","35042","9269","928A","9259","","","","","","","","","","","","","","","","","","","","",""
"696","35058","BFE4","BFF9","BFD6","","","","","","","","","","","","","","","","","","","","",""
"697","35073","EDA4","EDA4","ED9C","","","","","","","","","","","","","","","","","","","","",""
"698","35088","89C3","89C3","89C3","","","","","","","","","","","","","","","","","","","","",""
"699","35106","50E5","50EE","50E6","","","","","","","","","","","","","","","","","","","","",""
"700","35121","8A5E","8A5E","8A48","","","","","","","","","","","","","","","","","","","","",""
"701","35138","D36B","D36B","D35D","","","","","","","","","","","","","","","","","","","","",""
"702","35155","10F9","1121","1100","","","","","","","","","","","","","","","","","","","","",""
"703","35170","599F","5996","5997","","","","","","","","","","","","","","","","","","","","",""
"704","35186","A2EA","A2F1","A2E7","","","","","","","","","","","","","","","","","","","","",""
"705","35217","FCCC","FCE3","FCB6","","","","","","","","","","","","","","","","","","","","",""
"706","35231","306F","3078","3062","","","","","","","","","","","","","","","","","","","","",""
"707","35249","7E62","7E62","7E52","","","","","","","","","","","","","","","","","","","","",""
"708","35264","C774","C77D","C776","","","","","","","","","","","","","","","","","","","","",""
"709","35280","11A6","11C3","11A0","","","","","","","","","","","","","","","","","","","","",""
"710","35296","59F2","59F2","59F8","","","","","","","","","","","","","","","","","","","","",""
"711","35312","A3CA","A3E3","A3C1","","","","","","","","","","","","","","","","","","","","",""
"712","35328","0CD4","0CC6","0CC6","","","","","","","","","","","","","","","","","","","","",""
"713","35344","39FB","39FB","39F3","","","","","","","","","","","","","","","","","","","","",""
"714","35359","8575","8594","856D","","","","","","","","","","","","","","","","","","","","",""
"715","35378","CFD7","CFD7","CFD7","","","","","","","","","","","","","","","","","","","","",""
"716","35395","6B3B","6B43","6B33","","","","","","","","","","","","","","","","","","","","",""
"717","35409","BBD7","BBF3","BBCF","","","","","","","","","","","","","","","","","","","","",""
"718","35424","FEBE","FEB3","FEB4","","","","","","","","","","","","","","","","","","","","",""
"719","35440","47E1","47E9","47E1","","","","","","","","","","","","","","","","","","","","",""
"720","35456","73A2","73A2","7392","","","","","","","","","","","","","","","","","","","","",""
"721","35474","BEE5","BEE4","BED3","","","","","","","","","","","","","","","","","","","","",""
"722","35488","0603","0603","05F2","","","","","","","","","","","","","","","","","","","","",""
"723","35522","5016","5030","5006","","","","","","","","","","","","","","","","","","","","",""
"724","35537","C896","C8C0","C88E","","","","","","","","","","","","","","","","","","","","",""
"725","35553","0040","0040","0027","","","","","","","","","","","","","","","","","","","","",""
"726","35569","495D","4954","494C","","","","","","","","","","","","","","","","","","","","",""
"727","35584","943A","9441","9440","","","","","","","","","","","","","","","","","","","","",""
"728","35600","DBD0","DBD0","DBC8","","","","","","","","","","","","","","","","","","","","",""
"729","35616","2520","2520","2518","","","","","","","","","","","","","","","","","","","","",""
"730","35633","772E","7745","7725","","","","","","","","","","","","","","","","","","","","",""
"731","35648","B951","B970","B949","","","","","","","","","","","","","","","","","","","","",""
"732","35664","01E3","01E3","01D4","","","","","","","","","","","","","","","","","","","","",""
"733","35677","2C5A","2C5A","2C52","","","","","","","","","","","","","","","","","","","","",""
"734","35696","BD53","BD53","BD54","","","","","","","","","","","","","","","","","","","","",""
"735","35711","1056","1056","1053","","","","","","","","","","","","","","","","","","","","",""
"736","35727","84DC","8514","84CA","","","","","","","","","","","","","","","","","","","","",""
"737","35743","AFA6","B022","AF9D","","","","","","","","","","","","","","","","","","","","",""
"738","35759","EB44","EB7D","EB3C","","","","","","","","","","","","","","","","","","","","",""
"739","35773","33AF","33CE","33A7","","","","","","","","","","","","","","","","","","","","",""
"740","35789","7C9E","7CB8","7C9E","","","","","","","","","","","","","","","","","","","","",""
"741","35822","C5EB","C60B","C5E3","","","","","","","","","","","","","","","","","","","","",""
"742","35838","0F99","0FBC","0F9A","","","","","","","","","","","","","","","","","","","","",""
"743","35853","584F","586E","5847","","","","","","","","","","","","","","","","","","","","",""
"744","35868","A0F6","A0F6","A0DF","","","","","","","","","","","","","","","","","","","","",""
"745","35886","C9C0","C9E0","C9B8","","","","","","","","","","","","","","","","","","","","",""
"746","35904","072A","072A","071A","","","","","","","","","","","","","","","","","","","","",""
"747","35919","4F70","4F66","4F67","","","","","","","","","","","","","","","","","","","","",""
"748","35934","A70C","A746","A703","","","","","","","","","","","","","","","","","","","","",""
"749","35950","E142","E15C","E12C","","","","","","","","","","","","","","","","","","","","",""
"750","35965","2F53","2F6C","2F53","","","","","","","","","","","","","","","","","","","","",""
"751","35982","7878","7893","7879","","","","","","","","","","","","","","","","","","","","",""
"752","35998","1538","1530","1530","","","","","","","","","","","","","","","","","","","","",""
"753","36014","5FD6","601C","5FCE","","","","","","","","","","","","","","","","","","","","",""
"754","36029","A7C3","A7C3","A7B3","","","","","","","","","","","","","","","","","","","","",""
"755","36043","F0F3","F0EB","F0E3","","","","","","","","","","","","","","","","","","","","",""
"756","36062","13E1","13E1","13E1","","","","","","","","","","","","","","","","","","","","",""
"757","36078","3E8C","3E8C","3E84","","","","","","","","","","","","","","","","","","","","",""
"758","36095","8795","8795","878D","","","","","","","","","","","","","","","","","","","","",""
"759","36124","D060","D068","D058","","","","","","","","","","","","","","","","","","","","",""
"760","36140","57B2","57B2","57AA","","","","","","","","","","","","","","","","","","","","",""
"761","36157","91BC","91BC","91B4","","","","","","","","","","","","","","","","","","","","",""
"762","36173","DA5E","DA5E","DA56","","","","","","","","","","","","","","","","","","","","",""
"763","36187","1BB6","1BEF","1BAE","","","","","","","","","","","","","","","","","","","","",""
"764","36204","6CD9","6CD9","6CC3","","","","","","","","","","","","","","","","","","","","",""
"765","36221","B61D","B625","B61D","","","","","","","","","","","","","","","","","","","","",""
"766","36235","FFAD","FFAD","FFAE","","","","","","","","","","","","","","","","","","","","",""
"767","36251","48A0","48A0","4898","","","","","","","","","","","","","","","","","","","","",""
"768","36270","91E9","91E9","91D8","","","","","","","","","","","","","","","","","","","","",""
"769","36287","D437","D452","D42F","","","","","","","","","","","","","","","","","","","","",""
"770","36302","646A","6464","6462","","","","","","","","","","","","","","","","","","","","",""
"771","36315","AE2F","AE48","AE2F","","","","","","","","","","","","","","","","","","","","",""
"772","36332","5F3A","5F5A","5F2C","","","","","","","","","","","","","","","","","","","","",""
"773","36349","9974","999D","9967","","","","","","","","","","","","","","","","","","","","",""
"774","36365","D6E5","D704","D6DD","","","","","","","","","","","","","","","","","","","","",""
"775","36382","200F","2035","200E","","","","","","","","","","","","","","","","","","","","",""
"776","36396","69BB","69DC","69AC","","","","","","","","","","","","","","","","","","","","",""
"777","36431","AAE0","AAEA","AAE0","","","","","","","","","","","","","","","","","","","","",""
"778","36445","FC66","FCA7","FC5E","","","","","","","","","","","","","","","","","","","","",""
"779","36460","4475","446C","4464","","","","","","","","","","","","","","","","","","","","",""
"780","36474","8E9D","8EC0","8E8E","","","","","","","","","","","","","","","","","","","","",""
"781","36491","BEE5","BF06","BEDD","","","","","","","","","","","","","","","","","","","","",""
"782","36508","1593","1593","1593","","","","","","","","","","","","","","","","","","","","",""
"783","36523","543E","5435","5436","","","","","","","","","","","","","","","","","","","","",""
"784","36541","9D77","9D8F","9D7D","","","","","","","","","","","","","","","","","","","","",""
"785","36554","1784","179E","1777","","","","","","","","","","","","","","","","","","","","",""
"786","36571","4C3C","4C53","4C34","","","","","","","","","","","","","","","","","","","","",""
"787","36588","977B","979D","9773","","","","","","","","","","","","","","","","","","","","",""
"788","36603","338B","3385","337D","","","","","","","","","","","","","","","","","","","","",""
"789","36618","7F0D","7F25","7F05","","","","","","","","","","","","","","","","","","","","",""
"790","36635","A964","A98F","A967","","","","","","","","","","","","","","","","","","","","",""
"791","36651","EC59","EC71","EC47","","","","","","","","","","","","","","","","","","","","",""
"792","36664","2FC9","2FC1","2FC2","","","","","","","","","","","","","","","","","","","","",""
"793","36683","5D6A","5D75","5D6B","","","","","","","","","","","","","","","","","","","","",""
"794","36698","8883","8883","887B","","","","","","","","","","","","","","","","","","","","",""
"795","36731","D148","D148","D13F","","","","","","","","","","","","","","","","","","","","",""
"796","36746","1A14","1A15","1A02","","","","","","","","","","","","","","","","","","","","",""
"797","36763","C4A7","C4C0","C4AD","","","","","","","","","","","","","","","","","","","","",""
"798","36778","FBB6","FBC7","FB9F","","","","","","","","","","","","","","","","","","","","",""
"799","36792","4555","4586","4546","","","","","","","","","","","","","","","","","","","","",""
"800","36809","8E8C","8EAE","8E8D","","","","","","","","","","","","","","","","","","","","",""
"801","36825","D69B","D693","D694","","","","","","","","","","","","","","","","","","","","",""
"802","36844","208C","20A5","2084","","","","","","","","","","","","","","","","","","","","",""
"803","36859","7910","7917","7901","","","","","","","","","","","","","","","","","","","","",""
"804","36874","B434","B475","B42C","","","","","","","","","","","","","","","","","","","","",""
"805","36889","FB8C","FB8C","FB7E","","","","","","","","","","","","","","","","","","","","",""
"806","36904","99EA","99EA","99E2","","","","","","","","","","","","","","","","","","","","",""
"807","36921","E312","E312","E30A","","","","","","","","","","","","","","","","","","","","",""
"808","36936","2C95","2C95","2C8D","","","","","","","","","","","","","","","","","","","","",""
"809","36952","8A33","8A52","8A22","","","","","","","","","","","","","","","","","","","","",""
"810","36968","B51E","B543","B524","","","","","","","","","","","","","","","","","","","","",""
"811","36983","FE44","FE65","FE46","","","","","","","","","","","","","","","","","","","","",""
"812","37001","4824","4865","481C","","","","","","","","","","","","","","","","","","","","",""
"813","37033","912F","914F","9126","","","","","","","","","","","","","","","","","","","","",""
"814","37048","D964","D972","D96A","","","","","","","","","","","","","","","","","","","","",""
"815","37066","234F","2378","2342","","","","","","","","","","","","","","","","","","","","",""
"816","37081","6BDC","6BDC","6BCA","","","","","","","","","","","","","","","","","","","","",""
"817","37095","B5B8","B5D7","B5B3","","","","","","","","","","","","","","","","","","","","",""
"818","37110","F6EA","F6EA","F6DF","","","","","","","","","","","","","","","","","","","","",""
"819","37129","36B5","36EF","36AD","","","","","","","","","","","","","","","","","","","","",""
"820","37147","79DB","79FA","79D9","","","","","","","","","","","","","","","","","","","","",""
"821","37160","C715","C71D","C715","","","","","","","","","","","","","","","","","","","","",""
"822","37177","41F7","4232","41F8","","","","","","","","","","","","","","","","","","","","",""
"823","37191","7190","71CB","7188","","","","","","","","","","","","","","","","","","","","",""
"824","37208","0E8F","0E8F","0E87","","","","","","","","","","","","","","","","","","","","",""
"825","37225","588A","589F","587A","","","","","","","","","","","","","","","","","","","","",""
"826","37240","A118","A110","A100","","","","","","","","","","","","","","","","","","","","",""
"827","37254","03E6","0422","03DE","","","","","","","","","","","","","","","","","","","","",""
"828","37272","2AF7","2B12","2AE1","","","","","","","","","","","","","","","","","","","","",""
"829","37288","7415","742D","7404","","","","","","","","","","","","","","","","","","","","",""
"830","37303","9DEB","9DFE","9DDC","","","","","","","","","","","","","","","","","","","","",""
"831","37335","E656","E64F","E646","","","","","","","","","","","","","","","","","","","","",""
"832","37353","2FC6","2FE0","2FC7","","","","","","","","","","","","","","","","","","","","",""
"833","37366","B4A7","B4F0","B4A9","","","","","","","","","","","","","","","","","","","","",""
"834","37383","D27C","D2BC","D27B","","","","","","","","","","","","","","","","","","","","",""
"835","37399","2038","2071","2024","","","","","","","","","","","","","","","","","","","","",""
"836","37416","69C1","6A00","69BD","","","","","","","","","","","","","","","","","","","","",""
"837","37430","B369","B3AC","B362","","","","","","","","","","","","","","","","","","","","",""
"838","37448","FB2A","FB52","FB21","","","","","","","","","","","","","","","","","","","","",""
"839","37462","44DC","4501","44D8","","","","","","","","","","","","","","","","","","","","",""
"840","37480","8DCF","8DF0","8DC0","","","","","","","","","","","","","","","","","","","","",""
"841","37497","D645","D63A","D644","","","","","","","","","","","","","","","","","","","","",""
"842","37511","61F5","61ED","61ED","","","","","","","","","","","","","","","","","","","","",""
"843","37527","AAD8","AAD8","AAD0","","","","","","","","","","","","","","","","","","","","",""
"844","37542","F400","F400","F3F1","","","","","","","","","","","","","","","","","","","","",""
"845","37558","3D4F","3D5D","3D55","","","","","","","","","","","","","","","","","","","","",""
"846","37574","7ACF","7AC7","7ABF","","","","","","","","","","","","","","","","","","","","",""
"847","37590","C3E6","C3EC","C3DE","","","","","","","","","","","","","","","","","","","","",""
"848","37607","0965","097E","0965","","","","","","","","","","","","","","","","","","","","",""
"849","37638","5681","567F","5679","","","","","","","","","","","","","","","","","","","","",""
"850","37653","9FCC","9FCC","9FBC","","","","","","","","","","","","","","","","","","","","",""
"851","37670","E9CF","E9DF","E9BE","","","","","","","","","","","","","","","","","","","","",""
"852","37685","322B","3224","321C","","","","","","","","","","","","","","","","","","","","",""
"853","37700","7BA3","7B93","7B99","","","","","","","","","","","","","","","","","","","","",""
"854","37718","A7A4","A7B6","A793","","","","","","","","","","","","","","","","","","","","",""
"855","37733","D468","D47B","D473","","","","","","","","","","","","","","","","","","","","",""
"856","37748","1D67","1D67","1D60","","","","","","","","","","","","","","","","","","","","",""
"857","37764","66E8","66FB","66DF","","","","","","","","","","","","","","","","","","","","",""
"858","37782","17D8","17D8","17D0","","","","","","","","","","","","","","","","","","","","",""
"859","37798","4819","4819","4808","","","","","","","","","","","","","","","","","","","","",""
"860","37813","EA0F","EA0F","E9FF","","","","","","","","","","","","","","","","","","","","",""
"861","37829","3121","3121","3121","","","","","","","","","","","","","","","","","","","","",""
"862","37846","6F10","6F10","6F08","","","","","","","","","","","","","","","","","","","","",""
"863","37861","C472","C490","C46E","","","","","","","","","","","","","","","","","","","","",""
"864","37878","075C","077C","074B","","","","","","","","","","","","","","","","","","","","",""
"865","37894","4CB3","4CB3","4CA2","","","","","","","","","","","","","","","","","","","","",""
"866","37909","8DF9","8DF8","8DF2","","","","","","","","","","","","","","","","","","","","",""
"867","37940","CF36","CF46","CF34","","","","","","","","","","","","","","","","","","","","",""
"868","37957","14C8","14C8","14C0","","","","","","","","","","","","","","","","","","","","",""
"869","37971","5EE3","5EFE","5EE4","","","","","","","","","","","","","","","","","","","","",""
"870","37989","D315","D337","D311","","","","","","","","","","","","","","","","","","","","",""
"871","38003","0E3A","0E3A","0E32","","","","","","","","","","","","","","","","","","","","",""
"872","38019","5732","573A","5732","","","","","","","","","","","","","","","","","","","","",""
"873","38037","A3B3","A3B3","A3AB","","","","","","","","","","","","","","","","","","","","",""
"874","38052","E9B1","E9B1","E9A0","","","","","","","","","","","","","","","","","","","","",""
"875","38068","333E","333E","333D","","","","","","","","","","","","","","","","","","","","",""
"876","38084","8081","809C","8072","","","","","","","","","","","","","","","","","","","","",""
"877","38099","B8ED","B91B","B8F4","","","","","","","","","","","","","","","","","","","","",""
"878","38114","461F","461F","461F","","","","","","","","","","","","","","","","","","","","",""
"879","38130","9184","9184","9174","","","","","","","","","","","","","","","","","","","","",""
"880","38148","D806","D806","D7F4","","","","","","","","","","","","","","","","","","","","",""
"881","38163","2208","2223","21FA","","","","","","","","","","","","","","","","","","","","",""
"882","38178","942C","9465","9424","","","","","","","","","","","","","","","","","","","","",""
"883","38195","C0C3","C0FC","C0BC","","","","","","","","","","","","","","","","","","","","",""
"884","38212","09FA","0A34","09FA","","","","","","","","","","","","","","","","","","","","",""
"885","38245","537E","53C1","537F","","","","","","","","","","","","","","","","","","","","",""
"886","38258","9C25","9C46","9C14","","","","","","","","","","","","","","","","","","","","",""
"887","38275","E506","E522","E4FE","","","","","","","","","","","","","","","","","","","","",""
"888","38292","105D","1078","105E","","","","","","","","","","","","","","","","","","","","",""
"889","38306","5A66","5A7E","5A5E","","","","","","","","","","","","","","","","","","","","",""
"890","38324","A2A6","A2C7","A29E","","","","","","","","","","","","","","","","","","","","",""
"891","38338","CCB5","CCC3","CCB3","","","","","","","","","","","","","","","","","","","","",""
"892","38353","FE2F","FE56","FE2F","","","","","","","","","","","","","","","","","","","","",""
"893","38371","4625","462C","4625","","","","","","","","","","","","","","","","","","","","",""
"894","38386","8F37","8F2E","8F24","","","","","","","","","","","","","","","","","","","","",""
"895","38401","4097","40D0","408F","","","","","","","","","","","","","","","","","","","","",""
"896","38421","C810","C83B","C807","","","","","","","","","","","","","","","","","","","","",""
"897","38436","11A3","11EA","11AA","","","","","","","","","","","","","","","","","","","","",""
"898","38450","59FE","5A19","59ED","","","","","","","","","","","","","","","","","","","","",""
"899","38467","A321","A334","A319","","","","","","","","","","","","","","","","","","","","",""
"900","38483","F061","F08B","F054","","","","","","","","","","","","","","","","","","","","",""
"901","38499","29F8","2A1C","29FA","","","","","","","","","","","","","","","","","","","","",""
"902","38516","72A7","72C7","729E","","","","","","","","","","","","","","","","","","","","",""
"903","38546","BB43","BB3D","BB36","","","","","","","","","","","","","","","","","","","","",""
"904","38564","0590","05B0","0588","","","","","","","","","","","","","","","","","","","","",""
"905","38579","4922","491B","491C","","","","","","","","","","","","","","","","","","","","",""
"906","38594","96F6","96FC","96F5","","","","","","","","","","","","","","","","","","","","",""
"907","38611","F716","F72B","F70E","","","","","","","","","","","","","","","","","","","","",""
"908","38625","28F3","28F3","28EE","","","","","","","","","","","","","","","","","","","","",""
"909","38642","7613","761C","760B","","","","","","","","","","","","","","","","","","","","",""
"910","38656","BFF0","C00A","BFE1","","","","","","","","","","","","","","","","","","","","",""
"911","38673","0453","0458","0444","","","","","","","","","","","","","","","","","","","","",""
"912","38691","51D8","51D8","51C8","","","","","","","","","","","","","","","","","","","","",""
"913","38706","9BAE","9BCD","9B9B","","","","","","","","","","","","","","","","","","","","",""
"914","38719","38BA","38C3","38BB","","","","","","","","","","","","","","","","","","","","",""
"915","38738","7A83","7A8C","7A7B","","","","","","","","","","","","","","","","","","","","",""
"916","38753","B8E3","B8F6","B8D3","","","","","","","","","","","","","","","","","","","","",""
"917","38770","0111","0111","0103","","","","","","","","","","","","","","","","","","","","",""
"918","38785","7033","7033","702A","","","","","","","","","","","","","","","","","","","","",""
"919","38803","9B96","9BAE","9B94","","","","","","","","","","","","","","","","","","","","",""
"920","38818","ED6C","ED74","ED64","","","","","","","","","","","","","","","","","","","","",""
"921","38849","36AA","36AA","36A2","","","","","","","","","","","","","","","","","","","","",""
"922","38863","80D6","80F5","80C4","","","","","","","","","","","","","","","","","","","","",""
"923","38879","C92C","C92C","C91D","","","","","","","","","","","","","","","","","","","","",""
"924","38896","126C","126C","125D","","","","","","","","","","","","","","","","","","","","",""
"925","38913","68AF","68CB","68A7","","","","","","","","","","","","","","","","","","","","",""
"926","38928","A66D","A66E","A666","","","","","","","","","","","","","","","","","","","","",""
"927","38945","CF10","CF10","CF08","","","","","","","","","","","","","","","","","","","","",""
"928","38958","1885","1885","187D","","","","","","","","","","","","","","","","","","","","",""
"929","38977","6145","6145","613D","","","","","","","","","","","","","","","","","","","","",""
"930","38992","AA88","AA88","AA80","","","","","","","","","","","","","","","","","","","","",""
"931","39009","2BAE","2BE7","2BA4","","","","","","","","","","","","","","","","","","","","",""
"932","39023","A1BE","A1FF","A1B6","","","","","","","","","","","","","","","","","","","","",""
"933","39040","E6A6","E6E9","E6A7","","","","","","","","","","","","","","","","","","","","",""
"934","39056","33B2","33CF","33AA","","","","","","","","","","","","","","","","","","","","",""
"935","39070","7CCE","7CE0","7CBE","","","","","","","","","","","","","","","","","","","","",""
"936","39087","BB3B","BB72","BB33","","","","","","","","","","","","","","","","","","","","",""
"937","39105","0329","0347","0317","","","","","","","","","","","","","","","","","","","","",""
"938","39118","4B84","4B8B","4B7C","","","","","","","","","","","","","","","","","","","","",""
"939","39151","8E6C","8E8B","8E5E","","","","","","","","","","","","","","","","","","","","",""
"940","39165","CB9B","CB98","CB90","","","","","","","","","","","","","","","","","","","","",""
"941","39182","146A","1462","1463","","","","","","","","","","","","","","","","","","","","",""
"942","39199","5D9A","5D92","5D92","","","","","","","","","","","","","","","","","","","","",""
"943","39215","A6E8","A6E0","A6E0","","","","","","","","","","","","","","","","","","","","",""
"944","39230","F01F","F018","F017","","","","","","","","","","","","","","","","","","","","",""
"945","39245","394F","3948","3940","","","","","","","","","","","","","","","","","","","","",""
"946","39262","8329","834A","8321","","","","","","","","","","","","","","","","","","","","",""
"947","39280","CBD3","CBD3","CBD2","","","","","","","","","","","","","","","","","","","","",""
"948","39296","10AC","10AC","10A4","","","","","","","","","","","","","","","","","","","","",""
"949","39311","5ED6","5EF6","5ECE","","","","","","","","","","","","","","","","","","","","",""
"950","39326","FCED","FCF5","FCDE","","","","","","","","","","","","","","","","","","","","",""
"951","39344","2A8C","2AA6","2A84","","","","","","","","","","","","","","","","","","","","",""
"952","39357","5882","5883","587A","","","","","","","","","","","","","","","","","","","","",""
"953","39375","A0FB","A0ED","A0E5","","","","","","","","","","","","","","","","","","","","",""
"954","39390","DF9C","DFB7","DF92","","","","","","","","","","","","","","","","","","","","",""
"955","39406","90A6","90A6","909E","","","","","","","","","","","","","","","","","","","","",""
"956","39421","BFB3","BFB3","BFB2","","","","","","","","","","","","","","","","","","","","",""
"957","39453","0F2A","0F43","0F22","","","","","","","","","","","","","","","","","","","","",""
"958","39470","5B18","5B0E","5B10","","","","","","","","","","","","","","","","","","","","",""
"959","39487","9D0B","9CFD","9D03","","","","","","","","","","","","","","","","","","","","",""
"960","39501","EA73","EA73","EA6B","","","","","","","","","","","","","","","","","","","","",""
"961","39519","37C3","37DF","37C5","","","","","","","","","","","","","","","","","","","","",""
"962","39534","7021","7039","7011","","","","","","","","","","","","","","","","","","","","",""
"963","39549","C638","C638","C639","","","","","","","","","","","","","","","","","","","","",""
"964","39567","07D8","07D8","07CD","","","","","","","","","","","","","","","","","","","","",""
"965","39581","4991","4991","4992","","","","","","","","","","","","","","","","","","","","",""
"966","39597","8ED2","8ED2","8EC1","","","","","","","","","","","","","","","","","","","","",""
"967","39611","D8C2","D8DC","D8B4","","","","","","","","","","","","","","","","","","","","",""
"968","39629","8DAF","8DE8","8DA7","","","","","","","","","","","","","","","","","","","","",""
"969","39646","D6A7","D6DD","D69F","","","","","","","","","","","","","","","","","","","","",""
"970","39661","232C","235E","2324","","","","","","","","","","","","","","","","","","","","",""
"971","39677","66CD","66EE","66C5","","","","","","","","","","","","","","","","","","","","",""
"972","39693","A4E5","A508","A4E6","","","","","","","","","","","","","","","","","","","","",""
"973","39708","F1B6","F1D6","F19E","","","","","","","","","","","","","","","","","","","","",""
"974","39726","37E2","37F4","37DA","","","","","","","","","","","","","","","","","","","","",""
"975","39757","8078","8098","8078","","","","","","","","","","","","","","","","","","","","",""
"976","39773","A615","A60E","A60D","","","","","","","","","","","","","","","","","","","","",""
"977","39788","FCE5","FD05","FCE5","","","","","","","","","","","","","","","","","","","","",""
"978","39806","4142","4142","4139","","","","","","","","","","","","","","","","","","","","",""
"979","39819","8AEB","8AE6","8AEC","","","","","","","","","","","","","","","","","","","","",""
"980","39836","104D","1088","104F","","","","","","","","","","","","","","","","","","","","",""
"981","39853","3E38","3E73","3E29","","","","","","","","","","","","","","","","","","","","",""
"982","39867","876A","879D","8764","","","","","","","","","","","","","","","","","","","","",""
"983","39884","D116","D151","D115","","","","","","","","","","","","","","","","","","","","",""
"984","39900","19A0","19C7","1998","","","","","","","","","","","","","","","","","","","","",""
"985","39915","627E","6299","6276","","","","","","","","","","","","","","","","","","","","",""
"986","39932","0165","0187","0153","","","","","","","","","","","","","","","","","","","","",""
"987","39946","4A92","4AB1","4A84","","","","","","","","","","","","","","","","","","","","",""
"988","39964","7737","7737","7738","","","","","","","","","","","","","","","","","","","","",""
"989","39977","88B7","88D8","88AF","","","","","","","","","","","","","","","","","","","","",""
"990","39996","C00E","C00E","C004","","","","","","","","","","","","","","","","","","","","",""
"991","40010","0E89","0E91","0E89","","","","","","","","","","","","","","","","","","","","",""
"992","40027","B5EA","B614","B5EB","","","","","","","","","","","","","","","","","","","","",""
"993","40058","F051","F051","F049","","","","","","","","","","","","","","","","","","","","",""
"994","40074","391C","3918","3914","","","","","","","","","","","","","","","","","","","","",""
"995","40090","82F8","8318","82F5","","","","","","","","","","","","","","","","","","","","",""
"996","40105","E0BA","E0EB","E0AA","","","","","","","","","","","","","","","","","","","","",""
"997","40123","15F4","1636","15F5","","","","","","","","","","","","","","","","","","","","",""
"998","40136","6F27","6F67","6F1F","","","","","","","","","","","","","","","","","","","","",""
"999","40157","A904","A946","A8F6","","","","","","","","","","","","","","","","","","","","",""
"1000","40170","F162","F189","F15A","","","","","","","","","","","","","","","","","","","","",""
"1001","40186","3A49","3A64","3A43","","","","","","","","","","","","","","","","","","","","",""
"1002","40202","8378","8394","8379","","","","","","","","","","","","","","","","","","","","",""
"1003","40220","CD26","CD41","CD2C","","","","","","","","","","","","","","","","","","","","",""
"1004","40234","650E","6511","6500","","","","","","","","","","","","","","","","","","","","",""
"1005","40252","B384","B3A8","B388","","","","","","","","","","","","","","","","","","","","",""
"1006","40265","FC07","FC0D","FBFF","","","","","","","","","","","","","","","","","","","","",""
"1007","40282","4582","4578","4570","","","","","","","","","","","","","","","","","","","","",""
"1008","40299","8234","823E","822C","","","","","","","","","","","","","","","","","","","","",""
"1009","40312","CB74","CB7C","CB6C","","","","","","","","","","","","","","","","","","","","",""
"1010","40331","14DC","14DC","14D4","","","","","","","","","","","","","","","","","","","","",""
"1011","40362","5E8C","5EA6","5E85","","","","","","","","","","","","","","","","","","","","",""
"1012","40376","CCCB","CD0C","CCCB","","","","","","","","","","","","","","","","","","","","",""
"1013","40396","0239","026A","0231","","","","","","","","","","","","","","","","","","","","",""
"1014","40410","4B6B","4BAC","4B63","","","","","","","","","","","","","","","","","","","","",""
"1015","40423","9519","9553","9509","","","","","","","","","","","","","","","","","","","","",""
"1016","40442","DEFB","DF13","DEEB","","","","","","","","","","","","","","","","","","","","",""
"1017","40456","17FE","180D","17EC","","","","","","","","","","","","","","","","","","","","",""
"1018","40474","611A","6133","6112","","","","","","","","","","","","","","","","","","","","",""
"1019","40489","A61E","A640","A624","","","","","","","","","","","","","","","","","","","","",""
"1020","40503","F3AE","F3CD","F39C","","","","","","","","","","","","","","","","","","","","",""
"1021","40520","3C1C","3C24","3C1C","","","","","","","","","","","","","","","","","","","","",""
"1022","40536","E84D","E84D","E845","","","","","","","","","","","","","","","","","","","","",""
"1023","40552","243F","243F","243D","","","","","","","","","","","","","","","","","","","","",""
"1024","40569","6D5D","6D5D","6D5D","","","","","","","","","","","","","","","","","","","","",""
"1025","40585","B6AF","B6BD","B6B5","","","","","","","","","","","","","","","","","","","","",""
"1026","40602","F396","F396","F38E","","","","","","","","","","","","","","","","","","","","",""
"1027","40618","3D75","3D8E","3D6E","","","","","","","","","","","","","","","","","","","","",""
"1028","40635","AAF0","AB2A","AAE5","","","","","","","","","","","","","","","","","","","","",""
"1029","40665","CBC6","CBF6","CBB0","","","","","","","","","","","","","","","","","","","","",""
"1030","40682","14D1","1503","14C9","","","","","","","","","","","","","","","","","","","","",""
"1031","40696","5E8F","5EC8","5E90","","","","","","","","","","","","","","","","","","","","",""
"1032","40711","A6F5","A714","A6ED","","","","","","","","","","","","","","","","","","","","",""
"1033","40729","EB49","EB51","EB41","","","","","","","","","","","","","","","","","","","","",""
"1034","40743","391D","3946","3920","","","","","","","","","","","","","","","","","","","","",""
"1035","40757","851B","8533","8513","","","","","","","","","","","","","","","","","","","","",""
"1036","40777","CBED","CC0B","CBD9","","","","","","","","","","","","","","","","","","","","",""
"1037","40792","0DD6","0DE7","0DC8","","","","","","","","","","","","","","","","","","","","",""
"1038","40807","4D22","4D2A","4D22","","","","","","","","","","","","","","","","","","","","",""
"1039","40825","93AA","93AA","93A2","","","","","","","","","","","","","","","","","","","","",""
"1040","40839","5EA0","5EA5","5EA6","","","","","","","","","","","","","","","","","","","","",""
"1041","40854","9A98","9A90","9A81","","","","","","","","","","","","","","","","","","","","",""
"1042","40872","E3BE","E3C4","E3B6","","","","","","","","","","","","","","","","","","","","",""
"1043","40887","2EB0","2EC6","2EA1","","","","","","","","","","","","","","","","","","","","",""
"1044","40902","69CB","69D2","69C3","","","","","","","","","","","","","","","","","","","","",""
"1045","40919","B339","B339","B329","","","","","","","","","","","","","","","","","","","","",""
"1046","40935","FF3C","FF5E","FF36","","","","","","","","","","","","","","","","","","","","",""
"1047","40968","4118","4120","4118","","","","","","","","","","","","","","","","","","","","",""
"1048","40982","8EE3","8EE3","8EDB","","","","","","","","","","","","","","","","","","","","",""
"1049","40998","9C30","9C30","9C20","","","","","","","","","","","","","","","","","","","","",""
"1050","41014","E920","E93B","E910","","","","","","","","","","","","","","","","","","","","",""
"1051","41031","2E33","2E33","2E33","","","","","","","","","","","","","","","","","","","","",""
"1052","41047","77FF","7819","77F7","","","","","","","","","","","","","","","","","","","","",""
"1053","41061","E1B2","E1B3","E1A2","","","","","","","","","","","","","","","","","","","","",""
"1054","41077","218F","218F","218F","","","","","","","","","","","","","","","","","","","","",""
"1055","41096","6B69","6B88","6B61","","","","","","","","","","","","","","","","","","","","",""
"1056","41111","B64E","B645","B63D","","","","","","","","","","","","","","","","","","","","",""
"1057","41126","FD57","FD57","FD5F","","","","","","","","","","","","","","","","","","","","",""
"1058","41142","9C21","9C2C","9C19","","","","","","","","","","","","","","","","","","","","",""
"1059","41158","E3EB","E3E4","E3DC","","","","","","","","","","","","","","","","","","","","",""
"1060","41173","2CF9","2CF9","2CF1","","","","","","","","","","","","","","","","","","","","",""
"1061","41188","4AFA","4AFA","4AE9","","","","","","","","","","","","","","","","","","","","",""
"1062","41206","6B62","6B70","6B68","","","","","","","","","","","","","","","","","","","","",""
"1063","41220","B1B7","B1B7","B1AD","","","","","","","","","","","","","","","","","","","","",""
"1064","41237","FB63","FB7D","FB52","","","","","","","","","","","","","","","","","","","","",""
"1065","41269","D5AB","D5EF","D5AD","","","","","","","","","","","","","","","","","","","","",""
"1066","41288","FDE1","FE14","FDE3","","","","","","","","","","","","","","","","","","","","",""
"1067","41303","46F1","472B","46E9","","","","","","","","","","","","","","","","","","","","",""
"1068","41318","907F","90A1","907E","","","","","","","","","","","","","","","","","","","","",""
"1069","41334","D89D","D8C7","D895","","","","","","","","","","","","","","","","","","","","",""
"1070","41350","229F","22E2","229F","","","","","","","","","","","","","","","","","","","","",""
"1071","41364","7EF6","7EEE","7EEE","","","","","","","","","","","","","","","","","","","","",""
"1072","41383","B361","B37B","B360","","","","","","","","","","","","","","","","","","","","",""
"1073","41399","FB56","FB56","FB56","","","","","","","","","","","","","","","","","","","","",""
"1074","41415","44BE","44BC","44B6","","","","","","","","","","","","","","","","","","","","",""
"1075","41429","8DC9","8DC9","8DBB","","","","","","","","","","","","","","","","","","","","",""
"1076","41444","0CE4","0CEC","0CE4","","","","","","","","","","","","","","","","","","","","",""
"1077","41459","97DC","980D","97CA","","","","","","","","","","","","","","","","","","","","",""
"1078","41478","CA6C","CAE2","CA64","","","","","","","","","","","","","","","","","","","","",""
"1079","41492","1222","125E","121A","","","","","","","","","","","","","","","","","","","","",""
"1080","41507","4E96","4EAE","4E8E","","","","","","","","","","","","","","","","","","","","",""
"1081","41526","9780","9793","9778","","","","","","","","","","","","","","","","","","","","",""
"1082","41540","C1DF","C1FF","C1D7","","","","","","","","","","","","","","","","","","","","",""
"1083","41573","0BCF","0BE9","0BBE","","","","","","","","","","","","","","","","","","","","",""
"1084","41589","5416","542E","540D","","","","","","","","","","","","","","","","","","","","",""
"1085","41605","9CA9","9C9A","9C92","","","","","","","","","","","","","","","","","","","","",""
"1086","41621","E705","E71F","E6F7","","","","","","","","","","","","","","","","","","","","",""
"1087","41637","2F29","2F20","2F18","","","","","","","","","","","","","","","","","","","","",""
"1088","41650","7864","7864","7857","","","","","","","","","","","","","","","","","","","","",""
"1089","41668","E3EA","E40A","E3DD","","","","","","","","","","","","","","","","","","","","",""
"1090","41686","17C5","17C5","17C7","","","","","","","","","","","","","","","","","","","","",""
"1091","41700","658C","658C","6584","","","","","","","","","","","","","","","","","","","","",""
"1092","41718","AEAD","AEBC","AEAB","","","","","","","","","","","","","","","","","","","","",""
"1093","41731","F904","F91D","F8FC","","","","","","","","","","","","","","","","","","","","",""
"1094","41750","974C","9768","973D","","","","","","","","","","","","","","","","","","","","",""
"1095","41763","EDC8","EDC8","EDC0","","","","","","","","","","","","","","","","","","","","",""
"1096","41779","2952","2952","2952","","","","","","","","","","","","","","","","","","","","",""
"1097","41795","72A8","72A8","72A0","","","","","","","","","","","","","","","","","","","","",""
"1098","41812","B019","B032","B018","","","","","","","","","","","","","","","","","","","","",""
"1099","41828","F953","F970","F94B","","","","","","","","","","","","","","","","","","","","",""
"1100","41842","4204","4204","41F9","","","","","","","","","","","","","","","","","","","","",""
"1101","41874","A5D4","A5ED","A5CC","","","","","","","","","","","","","","","","","","","","",""
"1102","41890","D85B","D85B","D84B","","","","","","","","","","","","","","","","","","","","",""
"1103","41906","2332","2332","232A","","","","","","","","","","","","","","","","","","","","",""
"1104","41923","61B2","61D3","61B1","","","","","","","","","","","","","","","","","","","","",""
"1105","41940","B75C","B75C","B754","","","","","","","","","","","","","","","","","","","","",""
"1106","41953","FEDF","FEDF","FEE2","","","","","","","","","","","","","","","","","","","","",""
"1107","41972","492D","4946","491C","","","","","","","","","","","","","","","","","","","","",""
"1108","41986","934D","9355","933F","","","","","","","","","","","","","","","","","","","","",""
"1109","42001","DAB7","DAB7","DAA8","","","","","","","","","","","","","","","","","","","","",""
"1110","42017","1C7F","1C7F","1C76","","","","","","","","","","","","","","","","","","","","",""
"1111","42033","5C60","5C60","5C58","","","","","","","","","","","","","","","","","","","","",""
"1112","42047","F6F3","F6F3","F6EF","","","","","","","","","","","","","","","","","","","","",""
"1113","42066","681F","6837","681E","","","","","","","","","","","","","","","","","","","","",""
"1114","42084","A454","A465","A43F","","","","","","","","","","","","","","","","","","","","",""
"1115","42100","ECC5","ECC0","ECBD","","","","","","","","","","","","","","","","","","","","",""
"1116","42113","2CF4","2CFC","2CF4","","","","","","","","","","","","","","","","","","","","",""
"1117","42132","749B","74A3","7493","","","","","","","","","","","","","","","","","","","","",""
"1118","42147","B279","B279","B271","","","","","","","","","","","","","","","","","","","","",""
"1119","42180","0726","0726","071E","","","","","","","","","","","","","","","","","","","","",""
"1120","42195","52C7","52E2","52C9","","","","","","","","","","","","","","","","","","","","",""
"1121","42211","9A7A","9A99","9A72","","","","","","","","","","","","","","","","","","","","",""
"1122","42225","C255","C255","C24D","","","","","","","","","","","","","","","","","","","","",""
"1123","42242","0D75","0D6D","0D5F","","","","","","","","","","","","","","","","","","","","",""
"1124","42257","54B7","54B7","54AF","","","","","","","","","","","","","","","","","","","","",""
"1125","42274","9DDC","9DEC","9DDB","","","","","","","","","","","","","","","","","","","","",""
"1126","42287","268B","26CC","2683","","","","","","","","","","","","","","","","","","","","",""
"1127","42305","4434","4474","442C","","","","","","","","","","","","","","","","","","","","",""
"1128","42321","8D4D","8D86","8D45","","","","","","","","","","","","","","","","","","","","",""
"1129","42337","D6E6","D72B","D6EA","","","","","","","","","","","","","","","","","","","","",""
"1130","42352","7485","74AC","747D","","","","","","","","","","","","","","","","","","","","",""
"1131","42368","BDD0","BDF0","BDD3","","","","","","","","","","","","","","","","","","","","",""
"1132","42383","02A6","02C1","029E","","","","","","","","","","","","","","","","","","","","",""
"1133","42401","5050","5075","5053","","","","","","","","","","","","","","","","","","","","",""
"1134","42418","8515","8517","850F","","","","","","","","","","","","","","","","","","","","",""
"1135","42431","C4BC","C4DD","C4B4","","","","","","","","","","","","","","","","","","","","",""
"1136","42449","0C10","0C10","0C01","","","","","","","","","","","","","","","","","","","","",""
"1137","42480","5569","5569","5561","","","","","","","","","","","","","","","","","","","","",""
"1138","42496","A1B9","A1B9","A1B8","","","","","","","","","","","","","","","","","","","","",""
"1139","42511","E6F0","E6F0","E6EF","","","","","","","","","","","","","","","","","","","","",""
"1140","42528","2F9B","2F94","2F93","","","","","","","","","","","","","","","","","","","","",""
"1141","42545","797A","7994","797B","","","","","","","","","","","","","","","","","","","","",""
"1142","42558","C7A5","C7B2","C796","","","","","","","","","","","","","","","","","","","","",""
"1143","42574","0C0D","0C2F","0C0E","","","","","","","","","","","","","","","","","","","","",""
"1144","42590","7AEF","7B2B","7AE7","","","","","","","","","","","","","","","","","","","","",""
"1145","42606","BF24","BF36","BF1C","","","","","","","","","","","","","","","","","","","","",""
"1146","42623","0733","0733","0733","","","","","","","","","","","","","","","","","","","","",""
"1147","42638","316B","3185","3163","","","","","","","","","","","","","","","","","","","","",""
"1148","42655","B546","B562","B53E","","","","","","","","","","","","","","","","","","","","",""
"1149","42672","FE1B","FE38","FE04","","","","","","","","","","","","","","","","","","","","",""
"1150","42686","8309","8331","8311","","","","","","","","","","","","","","","","","","","","",""
"1151","42702","BA9F","BA9F","BA97","","","","","","","","","","","","","","","","","","","","",""
"1152","42718","F887","F8A8","F886","","","","","","","","","","","","","","","","","","","","",""
"1153","42733","4146","4146","4147","","","","","","","","","","","","","","","","","","","","",""
"1154","42750","8A75","8A6E","8A6F","","","","","","","","","","","","","","","","","","","","",""
"1155","42782","D3C1","D3C1","D3B6","","","","","","","","","","","","","","","","","","","","",""
"1156","42800","FD3F","FD3F","FD37","","","","","","","","","","","","","","","","","","","","",""
"1157","42814","47C4","47FF","47BC","","","","","","","","","","","","","","","","","","","","",""
"1158","42830","8F8C","8F84","8F84","","","","","","","","","","","","","","","","","","","","",""
"1159","42847","D222","D222","D21A","","","","","","","","","","","","","","","","","","","","",""
"1160","42862","0D2C","0D2C","0D1B","","","","","","","","","","","","","","","","","","","","",""
"1161","42878","518E","5193","5194","","","","","","","","","","","","","","","","","","","","",""
"1162","42895","9F20","9F20","9F18","","","","","","","","","","","","","","","","","","","","",""
"1163","42910","36AC","36E6","36A4","","","","","","","","","","","","","","","","","","","","",""
"1164","42925","6F0E","6F82","6F06","","","","","","","","","","","","","","","","","","","","",""
"1165","42943","B71C","B74E","B70C","","","","","","","","","","","","","","","","","","","","",""
"1166","42957","54CB","54E5","54C3","","","","","","","","","","","","","","","","","","","","",""
"1167","42974","9E10","9E30","9DFE","","","","","","","","","","","","","","","","","","","","",""
"1168","42988","E770","E789","E768","","","","","","","","","","","","","","","","","","","","",""
"1169","43008","3086","30A7","3089","","","","","","","","","","","","","","","","","","","","",""
"1170","43022","6CB7","6CC2","6CAF","","","","","","","","","","","","","","","","","","","","",""
"1171","43036","9DBD","9DDC","9DB5","","","","","","","","","","","","","","","","","","","","",""
"1172","43052","C973","C981","C97A","","","","","","","","","","","","","","","","","","","","",""
"1173","43085","126A","126A","125A","","","","","","","","","","","","","","","","","","","","",""
"1174","43100","B152","B195","B154","","","","","","","","","","","","","","","","","","","","",""
"1175","43115","DF0E","DF27","DF06","","","","","","","","","","","","","","","","","","","","",""
"1176","43132","2D03","2D21","2D00","","","","","","","","","","","","","","","","","","","","",""
"1177","43150","78E4","7907","78DC","","","","","","","","","","","","","","","","","","","","",""
"1178","43163","C1FC","C21F","C1F4","","","","","","","","","","","","","","","","","","","","",""
"1179","43179","082D","0836","082E","","","","","","","","","","","","","","","","","","","","",""
"1180","43195","553A","5578","5540","","","","","","","","","","","","","","","","","","","","",""
"1181","43214","9CD1","9CD4","9CC9","","","","","","","","","","","","","","","","","","","","",""
"1182","43231","E60E","E60E","E60E","","","","","","","","","","","","","","","","","","","","",""
"1183","43243","1435","1435","1433","","","","","","","","","","","","","","","","","","","","",""
"1184","43263","75C2","75C2","75B5","","","","","","","","","","","","","","","","","","","","",""
"1185","43274","BE0C","BE0C","BE0C","","","","","","","","","","","","","","","","","","","","",""
"1186","43292","6300","62F5","62EA","","","","","","","","","","","","","","","","","","","","",""
"1187","43307","A073","A073","A06B","","","","","","","","","","","","","","","","","","","","",""
"1188","43323","DDD3","DDD3","DDCB","","","","","","","","","","","","","","","","","","","","",""
"1189","43339","214C","218A","2140","","","","","","","","","","","","","","","","","","","","",""
"1190","43357","7062","7058","705A","","","","","","","","","","","","","","","","","","","","",""
"1191","43388","C827","C847","C81F","","","","","","","","","","","","","","","","","","","","",""
"1192","43404","02A9","02E0","02AB","","","","","","","","","","","","","","","","","","","","",""
"1193","43421","5652","5668","563F","","","","","","","","","","","","","","","","","","","","",""
"1194","43436","9391","9399","9389","","","","","","","","","","","","","","","","","","","","",""
"1195","43452","DD62","DD83","DD61","","","","","","","","","","","","","","","","","","","","",""
"1196","43468","2617","2617","25FE","","","","","","","","","","","","","","","","","","","","",""
"1197","43485","705A","7075","7052","","","","","","","","","","","","","","","","","","","","",""
"1198","43500","B871","B871","B860","","","","","","","","","","","","","","","","","","","","",""
"1199","43513","19EB","1A0B","19E3","","","","","","","","","","","","","","","","","","","","",""
"1200","43532","4D01","4D32","4D07","","","","","","","","","","","","","","","","","","","","",""
"1201","43548","962B","964B","9619","","","","","","","","","","","","","","","","","","","","",""
"1202","43563","350A","3521","34F8","","","","","","","","","","","","","","","","","","","","",""
"1203","43582","78E9","78E0","78E1","","","","","","","","","","","","","","","","","","","","",""
"1204","43595","C76E","C78D","C76E","","","","","","","","","","","","","","","","","","","","",""
"1205","43610","1006","1006","0FFE","","","","","","","","","","","","","","","","","","","","",""
"1206","43626","4E8D","4EC6","4E85","","","","","","","","","","","","","","","","","","","","",""
"1207","43643","ADEF","AE11","ADE0","","","","","","","","","","","","","","","","","","","","",""
"1208","43659","F0E6","F0FA","F0E6","","","","","","","","","","","","","","","","","","","","",""
"1209","43692","3550","3563","3548","","","","","","","","","","","","","","","","","","","","",""
"1210","43707","7E92","7EA4","7E8A","","","","","","","","","","","","","","","","","","","","",""
"1211","43724","D1AA","D1BF","D1A2","","","","","","","","","","","","","","","","","","","","",""
"1212","43737","0F62","0F62","0F54","","","","","","","","","","","","","","","","","","","","",""
"1213","43755","5938","5952","5930","","","","","","","","","","","","","","","","","","","","",""
"1214","43770","A1CF","A1CF","A1C1","","","","","","","","","","","","","","","","","","","","",""
"1215","43786","EC2D","EC40","EC1F","","","","","","","","","","","","","","","","","","","","",""
"1216","43802","344F","344F","3441","","","","","","","","","","","","","","","","","","","","",""
"1217","43819","7E0E","7E36","7E06","","","","","","","","","","","","","","","","","","","","",""
"1218","43832","C228","C230","C220","","","","","","","","","","","","","","","","","","","","",""
"1219","43850","0FF8","1001","0FF9","","","","","","","","","","","","","","","","","","","","",""
"1220","43865","8EF8","8EFE","8EF0","","","","","","","","","","","","","","","","","","","","",""
"1221","43881","D77A","D781","D779","","","","","","","","","","","","","","","","","","","","",""
"1222","43898","214C","216B","213B","","","","","","","","","","","","","","","","","","","","",""
"1223","43912","9CFC","9D35","9CF4","","","","","","","","","","","","","","","","","","","","",""
"1224","43929","B975","B9A1","B96F","","","","","","","","","","","","","","","","","","","","",""
"1225","43946","0275","02A7","0265","","","","","","","","","","","","","","","","","","","","",""
"1226","43960","4C29","4C6C","4C20","","","","","","","","","","","","","","","","","","","","",""
"1227","43993","949F","94C7","9498","","","","","","","","","","","","","","","","","","","","",""
"1228","44010","DD84","DD98","DD78","","","","","","","","","","","","","","","","","","","","",""
"1229","44024","26C5","26E7","26B9","","","","","","","","","","","","","","","","","","","","",""
"1230","44040","7089","70A6","7085","","","","","","","","","","","","","","","","","","","","",""
"1231","44056","B945","B96F","B945","","","","","","","","","","","","","","","","","","","","",""
"1232","44074","F5B5","F5B5","F5AD","","","","","","","","","","","","","","","","","","","","",""
"1233","44088","39AE","39CE","399C","","","","","","","","","","","","","","","","","","","","",""
"1234","44106","8156","815E","8156","","","","","","","","","","","","","","","","","","","","",""
"1235","44121","CAD7","CAD0","CAC8","","","","","","","","","","","","","","","","","","","","",""
"1236","44136","13D9","13E1","13D1","","","","","","","","","","","","","","","","","","","","",""
"1237","44153","5D0C","5D05","5D0B","","","","","","","","","","","","","","","","","","","","",""
"1238","44167","FBE6","FBFF","FBD5","","","","","","","","","","","","","","","","","","","","",""
"1239","44184","448F","448F","448E","","","","","","","","","","","","","","","","","","","","",""
"1240","44200","8DD5","8DD5","8DCD","","","","","","","","","","","","","","","","","","","","",""
"1241","44216","D792","D7B0","D781","","","","","","","","","","","","","","","","","","","","",""
"1242","44232","1482","1482","1481","","","","","","","","","","","","","","","","","","","","",""
"1243","44247","5DD7","5DD7","5DD7","","","","","","","","","","","","","","","","","","","","",""
"1244","44263","8B34","8B34","8B2C","","","","","","","","","","","","","","","","","","","","",""
"1245","44295","BAC0","BAD9","BAB1","","","","","","","","","","","","","","","","","","","","",""
"1246","44310","FEFF","FF1A","FEF0","","","","","","","","","","","","","","","","","","","","",""
"1247","44328","4C6F","4C71","4C67","","","","","","","","","","","","","","","","","","","","",""
"1248","44343","F57A","F595","F572","","","","","","","","","","","","","","","","","","","","",""
"1249","44359","2E92","2EA5","2E9D","","","","","","","","","","","","","","","","","","","","",""
"1250","44376","77FC","781D","77FB","","","","","","","","","","","","","","","","","","","","",""
"1251","44391","C0AA","C0A2","C0A2","","","","","","","","","","","","","","","","","","","","",""
"1252","44406","09F8","09F8","09F0","","","","","","","","","","","","","","","","","","","","",""
"1253","44423","533C","533C","5334","","","","","","","","","","","","","","","","","","","","",""
"1254","44438","9D03","9D1F","9CFD","","","","","","","","","","","","","","","","","","","","",""
"1255","44454","E63E","E654","E636","","","","","","","","","","","","","","","","","","","","",""
"1256","44471","7BE1","7BE1","7BD9","","","","","","","","","","","","","","","","","","","","",""
"1257","44489","B9A5","B9A5","B99D","","","","","","","","","","","","","","","","","","","","",""
"1258","44505","026B","026B","0261","","","","","","","","","","","","","","","","","","","","",""
"1259","44519","7B9C","7BD7","7BA1","","","","","","","","","","","","","","","","","","","","",""
"1260","44536","99FE","9A38","99FB","","","","","","","","","","","","","","","","","","","","",""
"1261","44550","E7A1","E7E8","E79D","","","","","","","","","","","","","","","","","","","","",""
"1262","44567","317F","31B8","3177","","","","","","","","","","","","","","","","","","","","",""
"1263","44599","7AD6","7B0F","7ACD","","","","","","","","","","","","","","","","","","","","",""
"1264","44613","C2D6","C2ED","C2C5","","","","","","","","","","","","","","","","","","","","",""
"1265","44630","0C7C","0C96","0C74","","","","","","","","","","","","","","","","","","","","",""
"1266","44644","5553","557A","5552","","","","","","","","","","","","","","","","","","","","",""
"1267","44663","9DD5","9DD5","9DCD","","","","","","","","","","","","","","","","","","","","",""
"1268","44678","CE08","CE31","CE00","","","","","","","","","","","","","","","","","","","","",""
"1269","44692","1691","1691","1689","","","","","","","","","","","","","","","","","","","","",""
"1270","44711","5F36","5F36","5F37","","","","","","","","","","","","","","","","","","","","",""
"1271","44727","A997","A9B7","A98F","","","","","","","","","","","","","","","","","","","","",""
"1272","44742","26F4","2709","26E0","","","","","","","","","","","","","","","","","","","","",""
"1273","44758","5E4E","5E6D","5E3C","","","","","","","","","","","","","","","","","","","","",""
"1274","44773","F8E0","F921","F8DF","","","","","","","","","","","","","","","","","","","","",""
"1275","44791","47FE","4829","47F1","","","","","","","","","","","","","","","","","","","","",""
"1276","44804","8EBA","8EC4","8EB2","","","","","","","","","","","","","","","","","","","","",""
"1277","44818","DA93","DABE","DA96","","","","","","","","","","","","","","","","","","","","",""
"1278","44839","17DA","17F8","17D2","","","","","","","","","","","","","","","","","","","","",""
"1279","44854","6069","606D","606F","","","","","","","","","","","","","","","","","","","","",""
"1280","44868","8F70","8FA3","8F61","","","","","","","","","","","","","","","","","","","","",""
"1281","44898","9C38","9C40","9C30","","","","","","","","","","","","","","","","","","","","",""
"1282","44918","E588","E590","E580","","","","","","","","","","","","","","","","","","","","",""
"1283","44930","2E53","2E6D","2E59","","","","","","","","","","","","","","","","","","","","",""
"1284","44951","DAAE","DAC5","DA9C","","","","","","","","","","","","","","","","","","","","",""
"1285","44964","10EC","1114","10E4","","","","","","","","","","","","","","","","","","","","",""
"1286","44980","5A08","5A1F","5A00","","","","","","","","","","","","","","","","","","","","",""
"1287","44997","A359","A378","A356","","","","","","","","","","","","","","","","","","","","",""
"1288","45010","ECE0","ED01","ECD1","","","","","","","","","","","","","","","","","","","","",""
"1289","45028","2E32","2E3B","2E32","","","","","","","","","","","","","","","","","","","","",""
"1290","45043","7F8F","7FD0","7F87","","","","","","","","","","","","","","","","","","","","",""
"1291","45058","D7BD","D7C4","D7B5","","","","","","","","","","","","","","","","","","","","",""
"1292","45075","669F","66C8","669E","","","","","","","","","","","","","","","","","","","","",""
"1293","45093","AF27","AF1F","AF20","","","","","","","","","","","","","","","","","","","","",""
"1294","45108","F849","F84B","F843","","","","","","","","","","","","","","","","","","","","",""
"1295","45124","421A","4233","4212","","","","","","","","","","","","","","","","","","","","",""
"1296","45140","9481","949B","9479","","","","","","","","","","","","","","","","","","","","",""
"1297","45156","C588","C599","C580","","","","","","","","","","","","","","","","","","","","",""
"1298","45171","0E9D","0EB3","0E95","","","","","","","","","","","","","","","","","","","","",""
"1299","45201","584E","5877","584D","","","","","","","","","","","","","","","","","","","","",""
"1300","45218","A074","A06C","A06C","","","","","","","","","","","","","","","","","","","","",""
"1301","45235","EA5E","EA74","EA4E","","","","","","","","","","","","","","","","","","","","",""
"1302","45251","35D0","35F2","35B9","","","","","","","","","","","","","","","","","","","","",""
"1303","45265","78BA","78D3","78B1","","","","","","","","","","","","","","","","","","","","",""
"1304","45281","C570","C56F","C567","","","","","","","","","","","","","","","","","","","","",""
"1305","45299","071F","071F","0720","","","","","","","","","","","","","","","","","","","","",""
"1306","45316","45B5","45AC","45A4","","","","","","","","","","","","","","","","","","","","",""
"1307","45333","8E35","8E35","8E2C","","","","","","","","","","","","","","","","","","","","",""
"1308","45346","D763","D75A","D75B","","","","","","","","","","","","","","","","","","","","",""
"1309","45362","50FE","5118","50F6","","","","","","","","","","","","","","","","","","","","",""
"1310","45380","D42C","D448","D424","","","","","","","","","","","","","","","","","","","","",""
"1311","45394","1E2D","1E5E","1E1F","","","","","","","","","","","","","","","","","","","","",""
"1312","45409","66C0","66DA","66B8","","","","","","","","","","","","","","","","","","","","",""
"1313","45429","AF3B","AF32","AF2A","","","","","","","","","","","","","","","","","","","","",""
"1314","45441","0483","04A2","046D","","","","","","","","","","","","","","","","","","","","",""
"1315","45459","3567","356C","3564","","","","","","","","","","","","","","","","","","","","",""
"1316","45474","7F24","7F4B","7F22","","","","","","","","","","","","","","","","","","","","",""
"1317","45505","C31C","C313","C314","","","","","","","","","","","","","","","","","","","","",""
"1318","45522","12BF","12F6","12AD","","","","","","","","","","","","","","","","","","","","",""
"1319","45539","5ABF","5ADA","5AB7","","","","","","","","","","","","","","","","","","","","",""
"1320","45555","A440","A464","A438","","","","","","","","","","","","","","","","","","","","",""
"1321","45571","17A3","17D4","179F","","","","","","","","","","","","","","","","","","","","",""
"1322","45586","35E3","3616","35E2","","","","","","","","","","","","","","","","","","","","",""
"1323","45600","810A","8144","810A","","","","","","","","","","","","","","","","","","","","",""
"1324","45617","CAC5","CB07","CAC4","","","","","","","","","","","","","","","","","","","","",""
"1325","45634","112E","1148","111A","","","","","","","","","","","","","","","","","","","","",""
"1326","45649","5C1A","5C2F","5C12","","","","","","","","","","","","","","","","","","","","",""
"1327","45665","A7AC","A7CD","A79C","","","","","","","","","","","","","","","","","","","","",""
"1328","45683","4393","43BD","4386","","","","","","","","","","","","","","","","","","","","",""
"1329","45697","84B4","84BD","84B5","","","","","","","","","","","","","","","","","","","","",""
"1330","45714","C34D","C36D","C33C","","","","","","","","","","","","","","","","","","","","",""
"1331","45728","04E8","04DF","04D7","","","","","","","","","","","","","","","","","","","","",""
"1332","45745","492A","4923","4922","","","","","","","","","","","","","","","","","","","","",""
"1333","45762","95DD","95FD","95CD","","","","","","","","","","","","","","","","","","","","",""
"1334","45776","DBFA","DC03","DBF2","","","","","","","","","","","","","","","","","","","","",""
"1335","45808","24E7","24E7","24DE","","","","","","","","","","","","","","","","","","","","",""
"1336","45824","6EB9","6ED2","6EBF","","","","","","","","","","","","","","","","","","","","",""
"1337","45841","B76D","B76B","B763","","","","","","","","","","","","","","","","","","","","",""
"1338","45858","00AE","00A7","00AD","","","","","","","","","","","","","","","","","","","","",""
"1339","45872","4CAF","4CC9","4CA7","","","","","","","","","","","","","","","","","","","","",""
"1340","45888","9329","9329","9321","","","","","","","","","","","","","","","","","","","","",""
"1341","45905","DC7C","DC7C","DC74","","","","","","","","","","","","","","","","","","","","",""
"1342","45922","0538","0538","0530","","","","","","","","","","","","","","","","","","","","",""
"1343","45936","34CB","34DD","34BB","","","","","","","","","","","","","","","","","","","","",""
"1344","45953","7DC4","7DD7","7DAE","","","","","","","","","","","","","","","","","","","","",""
"1345","45968","23F4","23F4","23F5","","","","","","","","","","","","","","","","","","","","",""
"1346","45983","B10A","B10A","B0FA","","","","","","","","","","","","","","","","","","","","",""
"1347","45999","FA41","FA41","FA30","","","","","","","","","","","","","","","","","","","","",""
"1348","46017","42C9","42E8","42B8","","","","","","","","","","","","","","","","","","","","",""
"1349","46030","8CD7","8CD0","8CD8","","","","","","","","","","","","","","","","","","","","",""
"1350","46047","CAD9","CAD9","CACF","","","","","","","","","","","","","","","","","","","","",""
"1351","46062","14D4","14E6","14CC","","","","","","","","","","","","","","","","","","","","",""
"1352","46079","5D5A","5D5A","5D52","","","","","","","","","","","","","","","","","","","","",""
"1353","46112","9F8D","9F8D","9F7D","","","","","","","","","","","","","","","","","","","","",""
"1354","46126","FD2F","FD2F","FD2F","","","","","","","","","","","","","","","","","","","","",""
"1355","46144","43AA","43AA","43A2","","","","","","","","","","","","","","","","","","","","",""
"1356","46159","8CED","8CED","8CE5","","","","","","","","","","","","","","","","","","","","",""
"1357","46174","EA4C","EA86","EA44","","","","","","","","","","","","","","","","","","","","",""
"1358","46191","1875","18B7","1873","","","","","","","","","","","","","","","","","","","","",""
"1359","46208","61B5","61ED","61AD","","","","","","","","","","","","","","","","","","","","",""
"1360","46224","A699","A6CD","A692","","","","","","","","","","","","","","","","","","","","",""
"1361","46241","F3D5","F3F6","F3CD","","","","","","","","","","","","","","","","","","","","",""
"1362","46255","3CC0","3CD3","3CAE","","","","","","","","","","","","","","","","","","","","",""
"1363","46270","875D","8788","8747","","","","","","","","","","","","","","","","","","","","",""
"1364","46285","2412","241C","240A","","","","","","","","","","","","","","","","","","","","",""
"1365","46304","5413","5426","540A","","","","","","","","","","","","","","","","","","","","",""
"1366","46319","9C1B","9C11","9C13","","","","","","","","","","","","","","","","","","","","",""
"1367","46336","E4E8","E4F1","E4E0","","","","","","","","","","","","","","","","","","","","",""
"1368","46351","2249","2250","2241","","","","","","","","","","","","","","","","","","","","",""
"1369","46366","9166","916D","915E","","","","","","","","","","","","","","","","","","","","",""
"1370","46384","D236","D23C","D22E","","","","","","","","","","","","","","","","","","","","",""
"1371","46415","1D8C","1D8C","1D7C","","","","","","","","","","","","","","","","","","","","",""
"1372","46430","6759","6775","674A","","","","","","","","","","","","","","","","","","","","",""
"1373","46447","ADD1","ADC6","ADBE","","","","","","","","","","","","","","","","","","","","",""
"1374","46463","F23C","F242","F23A","","","","","","","","","","","","","","","","","","","","",""
"1375","46476","4319","4339","4318","","","","","","","","","","","","","","","","","","","","",""
"1376","46494","8E70","8E7A","8E72","","","","","","","","","","","","","","","","","","","","",""
"1377","46508","D547","D53F","D537","","","","","","","","","","","","","","","","","","","","",""
"1378","46524","020C","0225","0204","","","","","","","","","","","","","","","","","","","","",""
"1379","46542","513B","5134","5132","","","","","","","","","","","","","","","","","","","","",""
"1380","46556","9545","9545","953D","","","","","","","","","","","","","","","","","","","","",""
"1381","46574","DE8C","DEA7","DE84","","","","","","","","","","","","","","","","","","","","",""
"1382","46590","90EB","9101","90DA","","","","","","","","","","","","","","","","","","","","",""
"1383","46606","D9E7","DA13","D9E9","","","","","","","","","","","","","","","","","","","","",""
"1384","46622","236C","2384","235C","","","","","","","","","","","","","","","","","","","","",""
"1385","46636","6C75","6C94","6C6D","","","","","","","","","","","","","","","","","","","","",""
"1386","46652","A93B","A945","A933","","","","","","","","","","","","","","","","","","","","",""
"1387","46667","0612","0651","0618","","","","","","","","","","","","","","","","","","","","",""
"1388","46683","34EC","34E4","34E4","","","","","","","","","","","","","","","","","","","","",""
"1389","46718","85BF","85DE","85B7","","","","","","","","","","","","","","","","","","","","",""
"1390","46734","CE3A","CE3E","CE3F","","","","","","","","","","","","","","","","","","","","",""
"1391","46748","18FF","191E","18F7","","","","","","","","","","","","","","","","","","","","",""
"1392","46764","60C4","60C4","60BB","","","","","","","","","","","","","","","","","","","","",""
"1393","46781","AA93","AAAE","AA8B","","","","","","","","","","","","","","","","","","","","",""
"1394","46798","0D50","0D88","0D50","","","","","","","","","","","","","","","","","","","","",""
"1395","46812","39BE","3A00","39BF","","","","","","","","","","","","","","","","","","","","",""
"1396","46830","82F6","8328","82E6","","","","","","","","","","","","","","","","","","","","",""
"1397","46845","CC96","CCCA","CC8A","","","","","","","","","","","","","","","","","","","","",""
"1398","46859","1536","155A","1528","","","","","","","","","","","","","","","","","","","","",""
"1399","46874","5DFB","5E13","5DFB","","","","","","","","","","","","","","","","","","","","",""
"1400","46892","FCDC","FCFD","FCD8","","","","","","","","","","","","","","","","","","","","",""
"1401","46908","45F5","4615","45ED","","","","","","","","","","","","","","","","","","","","",""
"1402","46924","8281","8281","8281","","","","","","","","","","","","","","","","","","","","",""
"1403","46940","C5A3","C5C2","C58D","","","","","","","","","","","","","","","","","","","","",""
"1404","46956","01C3","01C4","01B3","","","","","","","","","","","","","","","","","","","","",""
"1405","46973","4B56","4B4E","4B3F","","","","","","","","","","","","","","","","","","","","",""
"1406","46988","CCBB","CCE8","CCB3","","","","","","","","","","","","","","","","","","","","",""
"1407","47023","F7D1","F80A","F7C9","","","","","","","","","","","","","","","","","","","","",""
"1408","47035","40E7","4120","40DF","","","","","","","","","","","","","","","","","","","","",""
"1409","47053","9042","9075","903A","","","","","","","","","","","","","","","","","","","","",""
"1410","47069","D31C","D33C","D31D","","","","","","","","","","","","","","","","","","","","",""
"1411","47083","1BF5","1C10","1BF4","","","","","","","","","","","","","","","","","","","","",""
"1412","47098","751C","754A","7522","","","","","","","","","","","","","","","","","","","","",""
"1413","47117","AF0F","AF38","AF15","","","","","","","","","","","","","","","","","","","","",""
"1414","47131","F7C5","F7ED","F7C4","","","","","","","","","","","","","","","","","","","","",""
"1415","47145","45ED","45E4","45E5","","","","","","","","","","","","","","","","","","","","",""
"1416","47162","8AAC","8ACD","8AA4","","","","","","","","","","","","","","","","","","","","",""
"1417","47179","CE38","CE38","CE3A","","","","","","","","","","","","","","","","","","","","",""
"1418","47195","9546","9586","953E","","","","","","","","","","","","","","","","","","","","",""
"1419","47210","BC8A","BD00","BC7B","","","","","","","","","","","","","","","","","","","","",""
"1420","47224","0435","0467","042B","","","","","","","","","","","","","","","","","","","","",""
"1421","47242","4C9C","4CBB","4C88","","","","","","","","","","","","","","","","","","","","",""
"1422","47258","8986","89A6","897E","","","","","","","","","","","","","","","","","","","","",""
"1423","47273","D2C8","D2DE","D2C0","","","","","","","","","","","","","","","","","","","","",""
"1424","47292","1C74","1C8D","1C73","","","","","","","","","","","","","","","","","","","","",""
"1425","47322","6546","6565","653E","","","","","","","","","","","","","","","","","","","","",""
"1426","47337","ADE5","ADDC","ADDD","","","","","","","","","","","","","","","","","","","","",""
"1427","47356","F407","F42C","F403","","","","","","","","","","","","","","","","","","","","",""
"1428","47370","2DF0","2DF0","2DE8","","","","","","","","","","","","","","","","","","","","",""
"1429","47385","78EF","78E1","78D9","","","","","","","","","","","","","","","","","","","","",""
"1430","47403","C6B2","C6D3","C6AA","","","","","","","","","","","","","","","","","","","","",""
"1431","47416","04A2","04A1","049A","","","","","","","","","","","","","","","","","","","","",""
"1432","47432","52B2","52AB","52AA","","","","","","","","","","","","","","","","","","","","",""
"1433","47450","A03B","A032","A033","","","","","","","","","","","","","","","","","","","","",""
"1434","47466","EA4B","EA65","EA43","","","","","","","","","","","","","","","","","","","","",""
"1435","47481","30AF","30B0","30A7","","","","","","","","","","","","","","","","","","","","",""
"1436","47498","CFF7","CFEE","CFEF","","","","","","","","","","","","","","","","","","","","",""
"1437","47515","193A","193A","1935","","","","","","","","","","","","","","","","","","","","",""
"1438","47529","40BC","40BC","40B4","","","","","","","","","","","","","","","","","","","","",""
"1439","47546","6E92","6EAB","6E8A","","","","","","","","","","","","","","","","","","","","",""
"1440","47561","AD74","AD8E","AD73","","","","","","","","","","","","","","","","","","","","",""
"1441","47578","F5A1","F5A1","F5A0","","","","","","","","","","","","","","","","","","","","",""
"1442","47593","9A1D","9A37","9A0C","","","","","","","","","","","","","","","","","","","","",""
"1443","47626","D583","D58B","D583","","","","","","","","","","","","","","","","","","","","",""
"1444","47639","1E9D","1E9D","1E95","","","","","","","","","","","","","","","","","","","","",""
"1445","47655","5F15","5F37","5F16","","","","","","","","","","","","","","","","","","","","",""
"1446","47673","B121","B121","B113","","","","","","","","","","","","","","","","","","","","",""
"1447","47689","FA5E","FA5E","FA56","","","","","","","","","","","","","","","","","","","","",""
"1448","47704","4476","4490","4476","","","","","","","","","","","","","","","","","","","","",""
"1449","47720","8CED","8CED","8CE6","","","","","","","","","","","","","","","","","","","","",""
"1450","47736","D621","D61B","D613","","","","","","","","","","","","","","","","","","","","",""
"1451","47751","17D3","17D3","17D5","","","","","","","","","","","","","","","","","","","","",""
"1452","47768","568A","568A","567B","","","","","","","","","","","","","","","","","","","","",""
"1453","47784","9ECF","9ECF","9ECF","","","","","","","","","","","","","","","","","","","","",""
"1454","47801","6BBF","6BF8","6BB7","","","","","","","","","","","","","","","","","","","","",""
"1455","47817","9F7E","9FB0","9F76","","","","","","","","","","","","","","","","","","","","",""
"1456","47832","E886","E8C3","E877","","","","","","","","","","","","","","","","","","","","",""
"1457","47847","320F","323F","31FE","","","","","","","","","","","","","","","","","","","","",""
"1458","47862","6E74","6E94","6E6C","","","","","","","","","","","","","","","","","","","","",""
"1459","47878","B2CE","B2E0","B2C6","","","","","","","","","","","","","","","","","","","","",""
"1460","47897","0086","00AD","007E","","","","","","","","","","","","","","","","","","","","",""
"1461","47927","4A5F","4A6F","4A4F","","","","","","","","","","","","","","","","","","","","",""
"1462","47944","935B","937A","934B","","","","","","","","","","","","","","","","","","","","",""
"1463","47959","C1A9","C1C7","C198","","","","","","","","","","","","","","","","","","","","",""
"1464","47975","0A05","09FD","09FE","","","","","","","","","","","","","","","","","","","","",""
"1465","47991","52C9","52CA","52B9","","","","","","","","","","","","","","","","","","","","",""
"1466","48009","9C03","9BFC","9BFB","","","","","","","","","","","","","","","","","","","","",""
"1467","48022","0989","0989","0981","","","","","","","","","","","","","","","","","","","","",""
"1468","48039","4E97","4E97","4E8F","","","","","","","","","","","","","","","","","","","","",""
"1469","48054","97C7","97D5","97C6","","","","","","","","","","","","","","","","","","","","",""
"1470","48072","E197","E1B1","E18F","","","","","","","","","","","","","","","","","","","","",""
"1471","48088","2A41","2A4C","2A39","","","","","","","","","","","","","","","","","","","","",""
"1472","48101","C9A8","C9C6","C9A0","","","","","","","","","","","","","","","","","","","","",""
"1473","48117","0DD4","0DC5","0DC3","","","","","","","","","","","","","","","","","","","","",""
"1474","48134","5B8C","5B93","5B8B","","","","","","","","","","","","","","","","","","","","",""
"1475","48153","8ADD","8ADD","8ACA","","","","","","","","","","","","","","","","","","","","",""
"1476","48166","AB4A","AB64","AB42","","","","","","","","","","","","","","","","","","","","",""
"1477","48181","D3BB","D3BB","D3B4","","","","","","","","","","","","","","","","","","","","",""
"1478","48200","1D51","1D6A","1D3D","","","","","","","","","","","","","","","","","","","","",""
"1479","48230","D098","D0DC","D097","","","","","","","","","","","","","","","","","","","","",""
"1480","48244","021D","0260","021D","","","","","","","","","","","","","","","","","","","","",""
"1481","48263","4B39","4B73","4B39","","","","","","","","","","","","","","","","","","","","",""
"1482","48278","94EF","9532","94E7","","","","","","","","","","","","","","","","","","","","",""
"1483","48296","DD75","DD87","DD6D","","","","","","","","","","","","","","","","","","","","",""
"1484","48310","264B","2668","264F","","","","","","","","","","","","","","","","","","","","",""
"1485","48325","7A54","7A74","7A43","","","","","","","","","","","","","","","","","","","","",""
"1486","48343","B95F","B978","B957","","","","","","","","","","","","","","","","","","","","",""
"1487","48358","0209","0236","0205","","","","","","","","","","","","","","","","","","","","",""
"1488","48373","45FF","45FF","45F7","","","","","","","","","","","","","","","","","","","","",""
"1489","48389","950B","952B","94FB","","","","","","","","","","","","","","","","","","","","",""
"1490","48405","32E7","32E9","32D4","","","","","","","","","","","","","","","","","","","","",""
"1491","48420","9693","96CD","9693","","","","","","","","","","","","","","","","","","","","",""
"1492","48436","C63C","C66D","C634","","","","","","","","","","","","","","","","","","","","",""
"1493","48454","0F4F","0F87","0F3F","","","","","","","","","","","","","","","","","","","","",""
"1494","48469","4CBA","4CED","4CAB","","","","","","","","","","","","","","","","","","","","",""
"1495","48487","955F","9575","954F","","","","","","","","","","","","","","","","","","","","",""
"1496","48500","DE21","DE3E","DE19","","","","","","","","","","","","","","","","","","","","",""
"1497","48532","317B","31AD","316B","","","","","","","","","","","","","","","","","","","","",""
"1498","48548","7142","7182","713A","","","","","","","","","","","","","","","","","","","","",""
"1499","48564","BA99","BAD4","BA91","","","","","","","","","","","","","","","","","","","","",""
"1500","48581","FCBC","FCFE","FCBC","","","","","","","","","","","","","","","","","","","","",""
"1501","48598","3A33","3A53","3A22","","","","","","","","","","","","","","","","","","","","",""
"1502","48613","7E20","7E45","7E14","","","","","","","","","","","","","","","","","","","","",""
"1503","48627","CBE0","CBF6","CBD6","","","","","","","","","","","","","","","","","","","","",""
"1504","48643","4CB5","4CE6","4CA5","","","","","","","","","","","","","","","","","","","","",""
"1505","48660","83CC","843F","83BB","","","","","","","","","","","","","","","","","","","","",""
"1506","48676","CBB9","CC02","CBBF","","","","","","","","","","","","","","","","","","","","",""
"1507","48693","1450","1468","1448","","","","","","","","","","","","","","","","","","","","",""
"1508","48707","B2B1","B2D6","B2A9","","","","","","","","","","","","","","","","","","","","",""
"1509","48724","07AF","07E0","079F","","","","","","","","","","","","","","","","","","","","",""
"1510","48740","45F4","462C","45F1","","","","","","","","","","","","","","","","","","","","",""
"1511","48756","8F1B","8F4C","8F13","","","","","","","","","","","","","","","","","","","","",""
"1512","48770","AAD5","AB10","AACD","","","","","","","","","","","","","","","","","","","","",""
"1513","48788","F38D","F3A6","F385","","","","","","","","","","","","","","","","","","","","",""
"1514","48804","3BE9","3C02","3BDE","","","","","","","","","","","","","","","","","","","","",""
"1515","48836","BA6A","BAA2","BA62","","","","","","","","","","","","","","","","","","","","",""
"1516","48852","DCA3","DCD1","DC9B","","","","","","","","","","","","","","","","","","","","",""
"1517","48867","2A62","2A92","2A51","","","","","","","","","","","","","","","","","","","","",""
"1518","48883","7401","743D","73F1","","","","","","","","","","","","","","","","","","","","",""
"1519","48898","BD8F","BDC8","BD88","","","","","","","","","","","","","","","","","","","","",""
"1520","48916","055C","0581","0559","","","","","","","","","","","","","","","","","","","","",""
"1521","48931","4F1F","4F39","4F16","","","","","","","","","","","","","","","","","","","","",""
"1522","48945","97E1","980F","97E7","","","","","","","","","","","","","","","","","","","","",""
"1523","48963","E07E","E087","E076","","","","","","","","","","","","","","","","","","","","",""
"1524","48977","2358","2376","2350","","","","","","","","","","","","","","","","","","","","",""
"1525","48995","4175","416D","4165","","","","","","","","","","","","","","","","","","","","",""
"1526","49011","DCEB","DCEB","DCDB","","","","","","","","","","","","","","","","","","","","",""
"1527","49025","2BA9","2BC3","2BA1","","","","","","","","","","","","","","","","","","","","",""
"1528","49042","712F","7156","7127","","","","","","","","","","","","","","","","","","","","",""
"1529","49058","BA74","BAA2","BA6C","","","","","","","","","","","","","","","","","","","","",""
"1530","49074","F4A8","F4DA","F497","","","","","","","","","","","","","","","","","","","","",""
"1531","49088","4232","4251","422A","","","","","","","","","","","","","","","","","","","","",""
"1532","49106","8A44","8A3C","8A34","","","","","","","","","","","","","","","","","","","","",""
"1533","49138","D47D","D49C","D472","","","","","","","","","","","","","","","","","","","","",""
"1534","49153","2223","2243","221B","","","","","","","","","","","","","","","","","","","","",""
"1535","49168","66A9","66D3","66A8","","","","","","","","","","","","","","","","","","","","",""
"1536","49187","8EE5","8F1E","8EDD","","","","","","","","","","","","","","","","","","","","",""
"1537","49201","BC0A","BC2A","BBFA","","","","","","","","","","","","","","","","","","","","",""
"1538","49219","0573","0585","0564","","","","","","","","","","","","","","","","","","","","",""
"1539","49233","4DB6","4DD0","4DB7","","","","","","","","","","","","","","","","","","","","",""
"1540","49248","FA7C","FA94","FA74","","","","","","","","","","","","","","","","","","","","",""
"1541","49268","2DDA","2E04","2DD2","","","","","","","","","","","","","","","","","","","","",""
"1542","49283","7933","794A","7923","","","","","","","","","","","","","","","","","","","","",""
"1543","49296","C263","C27B","C25B","","","","","","","","","","","","","","","","","","","","",""
"1544","49314","5917","5925","591D","","","","","","","","","","","","","","","","","","","","",""
"1545","49330","A9FB","AA2A","A9F3","","","","","","","","","","","","","","","","","","","","",""
"1546","49344","F1E7","F1F5","F1ED","","","","","","","","","","","","","","","","","","","","",""
"1547","49361","3C2C","3C53","3C24","","","","","","","","","","","","","","","","","","","","",""
"1548","49378","72D6","72F6","72CE","","","","","","","","","","","","","","","","","","","","",""
"1549","49392","B00A","B001","B002","","","","","","","","","","","","","","","","","","","","",""
"1550","49407","F8B6","F8B6","F8BC","","","","","","","","","","","","","","","","","","","","",""
"1551","49441","429F","42C1","429F","","","","","","","","","","","","","","","","","","","","",""
"1552","49455","CE6E","CE6E","CE61","","","","","","","","","","","","","","","","","","","","",""
"1553","49473","0E21","0E21","0E10","","","","","","","","","","","","","","","","","","","","",""
"1554","49486","573C","573C","5734","","","","","","","","","","","","","","","","","","","","",""
"1555","49503","A080","A080","A086","","","","","","","","","","","","","","","","","","","","",""
"1556","49518","E9D2","E9D2","E9CA","","","","","","","","","","","","","","","","","","","","",""
"1557","49535","3312","3312","3309","","","","","","","","","","","","","","","","","","","","",""
"1558","49551","7D74","7DAF","7D6C","","","","","","","","","","","","","","","","","","","","",""
"1559","49569","BE89","BE84","BE8A","","","","","","","","","","","","","","","","","","","","",""
"1560","49585","0ED0","0ED0","0EC8","","","","","","","","","","","","","","","","","","","","",""
"1561","49600","3CE1","3CE1","3CD8","","","","","","","","","","","","","","","","","","","","",""
"1562","49613","BB6B","BB6B","BB5F","","","","","","","","","","","","","","","","","","","","",""
"1563","49632","0546","057E","0547","","","","","","","","","","","","","","","","","","","","",""
"1564","49648","97E0","981B","97D8","","","","","","","","","","","","","","","","","","","","",""
"1565","49664","D0E7","D12A","D0E7","","","","","","","","","","","","","","","","","","","","",""
"1566","49680","0DAF","0DF7","0DB5","","","","","","","","","","","","","","","","","","","","",""
"1567","49694","5774","57B6","5774","","","","","","","","","","","","","","","","","","","","",""
"1568","49711","9FEA","A010","9FE2","","","","","","","","","","","","","","","","","","","","",""
"1569","49743","E8D1","E8EC","E8D1","","","","","","","","","","","","","","","","","","","","",""
"1570","49759","3C26","3C59","3C18","","","","","","","","","","","","","","","","","","","","",""
"1571","49776","7C03","7C3E","7BFB","","","","","","","","","","","","","","","","","","","","",""
"1572","49790","C54B","C578","C543","","","","","","","","","","","","","","","","","","","","",""
"1573","49807","ED0A","ED4D","ED02","","","","","","","","","","","","","","","","","","","","",""
"1574","49823","FF14","FF3D","FF09","","","","","","","","","","","","","","","","","","","","",""
"1575","49836","47F1","47FF","47E9","","","","","","","","","","","","","","","","","","","","",""
"1576","49855","91B5","91EC","91A3","","","","","","","","","","","","","","","","","","","","",""
"1577","49871","43DC","4417","43CD","","","","","","","","","","","","","","","","","","","","",""
"1578","49886","7562","759B","7562","","","","","","","","","","","","","","","","","","","","",""
"1579","49902","BE88","BEC4","BE81","","","","","","","","","","","","","","","","","","","","",""
"1580","49920","5CB6","5CD4","5CAE","","","","","","","","","","","","","","","","","","","","",""
"1581","49935","A5DB","A5F3","A5D2","","","","","","","","","","","","","","","","","","","","",""
"1582","49951","FFF5","0029","FFE6","","","","","","","","","","","","","","","","","","","","",""
"1583","49965","3921","3958","3919","","","","","","","","","","","","","","","","","","","","",""
"1584","49982","760E","763E","75FE","","","","","","","","","","","","","","","","","","","","",""
"1585","49998","BFB3","BFEE","BFB4","","","","","","","","","","","","","","","","","","","","",""
"1586","50013","0839","0863","083A","","","","","","","","","","","","","","","","","","","","",""
"1587","50046","4C6F","4C89","4C70","","","","","","","","","","","","","","","","","","","","",""
"1588","50062","9A5E","9A7F","9A56","","","","","","","","","","","","","","","","","","","","",""
"1589","50078","0D49","0D82","0D38","","","","","","","","","","","","","","","","","","","","",""
"1590","50092","339F","340A","3394","","","","","","","","","","","","","","","","","","","","",""
"1591","50110","7B78","7BB1","7B68","","","","","","","","","","","","","","","","","","","","",""
"1592","50128","C3EF","C417","C3F0","","","","","","","","","","","","","","","","","","","","",""
"1593","50142","0CE9","0D04","0CE1","","","","","","","","","","","","","","","","","","","","",""
"1594","50157","5617","5637","5606","","","","","","","","","","","","","","","","","","","","",""
"1595","50174","A960","A991","A959","","","","","","","","","","","","","","","","","","","","",""
"1596","50190","E949","E97A","E939","","","","","","","","","","","","","","","","","","","","",""
"1597","50204","3281","32BA","3281","","","","","","","","","","","","","","","","","","","","",""
"1598","50221","BDB8","BDD3","BDB1","","","","","","","","","","","","","","","","","","","","",""
"1599","50239","065C","067C","0656","","","","","","","","","","","","","","","","","","","","",""
"1600","50253","7A95","7ACE","7A8D","","","","","","","","","","","","","","","","","","","","",""
"1601","50268","B01B","B055","B00A","","","","","","","","","","","","","","","","","","","","",""
"1602","50285","F19F","F1D9","F197","","","","","","","","","","","","","","","","","","","","",""
"1603","50300","3B4F","3B92","3B42","","","","","","","","","","","","","","","","","","","","",""
"1604","50315","84DB","850D","84CA","","","","","","","","","","","","","","","","","","","","",""
"1605","50350","CCB3","CCD3","CCAA","","","","","","","","","","","","","","","","","","","","",""
"1606","50368","166E","168A","1666","","","","","","","","","","","","","","","","","","","","",""
"1607","50381","6951","6984","6949","","","","","","","","","","","","","","","","","","","","",""
"1608","50397","A917","A951","A90F","","","","","","","","","","","","","","","","","","","","",""
"1609","50413","D01C","D05D","D022","","","","","","","","","","","","","","","","","","","","",""
"1610","50429","1A19","1A53","1A19","","","","","","","","","","","","","","","","","","","","",""
"1611","50445","6227","623F","621F","","","","","","","","","","","","","","","","","","","","",""
"1612","50463","AAF5","AB16","AAED","","","","","","","","","","","","","","","","","","","","",""
"1613","50478","3278","32B3","3270","","","","","","","","","","","","","","","","","","","","",""
"1614","50492","560F","5640","5607","","","","","","","","","","","","","","","","","","","","",""
"1615","50506","9F04","9F3B","9EFC","","","","","","","","","","","","","","","","","","","","",""
"1616","50522","3D35","3D5D","3D2D","","","","","","","","","","","","","","","","","","","","",""
"1617","50539","8664","867A","8654","","","","","","","","","","","","","","","","","","","","",""
"1618","50555","D0B5","D0F5","D0AD","","","","","","","","","","","","","","","","","","","","",""
"1619","50572","18D5","18F5","18CD","","","","","","","","","","","","","","","","","","","","",""
"1620","50586","552C","5535","552D","","","","","","","","","","","","","","","","","","","","",""
"1621","50601","97F8","9818","97F0","","","","","","","","","","","","","","","","","","","","",""
"1622","50618","D525","D517","D51D","","","","","","","","","","","","","","","","","","","","",""
"1623","50651","1DE9","1DF0","1DE8","","","","","","","","","","","","","","","","","","","","",""
"1624","50667","671E","6718","671E","","","","","","","","","","","","","","","","","","","","",""
"1625","50683","B3DC","B3E3","B3D4","","","","","","","","","","","","","","","","","","","","",""
"1626","50697","F9CA","F9CA","F9BA","","","","","","","","","","","","","","","","","","","","",""
"1627","50716","453F","453F","4537","","","","","","","","","","","","","","","","","","","","",""
"1628","50731","8F10","8F2A","8F07","","","","","","","","","","","","","","","","","","","","",""
"1629","50746","D588","D590","D588","","","","","","","","","","","","","","","","","","","","",""
"1630","50762","1A38","1A38","1A30","","","","","","","","","","","","","","","","","","","","",""
"1631","50778","6AC7","6AE7","6AB6","","","","","","","","","","","","","","","","","","","","",""
"1632","50797","B379","B380","B371","","","","","","","","","","","","","","","","","","","","",""
"1633","50811","FCF0","FCF0","FCEF","","","","","","","","","","","","","","","","","","","","",""
"1634","50826","5F6B","5F66","5F63","","","","","","","","","","","","","","","","","","","","",""
"1635","50841","A7EC","A7F5","A7ED","","","","","","","","","","","","","","","","","","","","",""
"1636","50857","F145","F167","F13D","","","","","","","","","","","","","","","","","","","","",""
"1637","50874","9453","9472","9454","","","","","","","","","","","","","","","","","","","","",""
"1638","50891","C563","C563","C559","","","","","","","","","","","","","","","","","","","","",""
"1639","50905","0EFB","0F1B","0EF3","","","","","","","","","","","","","","","","","","","","",""
"1640","50920","57B7","57C5","57B2","","","","","","","","","","","","","","","","","","","","",""
"1641","50953","A0F0","A0F0","A0E8","","","","","","","","","","","","","","","","","","","","",""
"1642","50970","EA3B","EA32","EA2B","","","","","","","","","","","","","","","","","","","","",""
"1643","50985","3406","3420","33FE","","","","","","","","","","","","","","","","","","","","",""
"1644","51000","73F8","7419","73E7","","","","","","","","","","","","","","","","","","","","",""
"1645","51017","C5EE","C5F8","C5E6","","","","","","","","","","","","","","","","","","","","",""
"1646","51032","0798","0798","0798","","","","","","","","","","","","","","","","","","","","",""
"1647","51048","463D","463D","4635","","","","","","","","","","","","","","","","","","","","",""
"1648","51065","8EB3","8EB3","8EAB","","","","","","","","","","","","","","","","","","","","",""
"1649","51080","D87A","D8A3","D879","","","","","","","","","","","","","","","","","","","","",""
"1650","51097","59C7","59FF","59BF","","","","","","","","","","","","","","","","","","","","",""
"1651","51113","8845","887E","883D","","","","","","","","","","","","","","","","","","","","",""
"1652","51129","2740","276D","2737","","","","","","","","","","","","","","","","","","","","",""
"1653","51144","6FAD","6FC6","6FA5","","","","","","","","","","","","","","","","","","","","",""
"1654","51162","B8CC","B8E5","B8BB","","","","","","","","","","","","","","","","","","","","",""
"1655","51176","0203","022D","01F2","","","","","","","","","","","","","","","","","","","","",""
"1656","51191","3F78","3F89","3F67","","","","","","","","","","","","","","","","","","","","",""
"1657","51208","8844","8864","8835","","","","","","","","","","","","","","","","","","","","",""
"1658","51224","B04F","B058","B050","","","","","","","","","","","","","","","","","","","","",""
"1659","51256","FF79","FF96","FF66","","","","","","","","","","","","","","","","","","","","",""
"1660","51271","4717","4717","4718","","","","","","","","","","","","","","","","","","","","",""
"1661","51288","90AE","90AD","9097","","","","","","","","","","","","","","","","","","","","",""
"1662","51304","FE9C","FE9C","FE9D","","","","","","","","","","","","","","","","","","","","",""
"1663","51321","43B1","43B1","43A2","","","","","","","","","","","","","","","","","","","","",""
"1664","51336","8CCE","8CCE","8CCE","","","","","","","","","","","","","","","","","","","","",""
"1665","51351","D6B2","D6CD","D6AA","","","","","","","","","","","","","","","","","","","","",""
"1666","51368","1F54","1F54","1F4C","","","","","","","","","","","","","","","","","","","","",""
"1667","51384","68AF","68AF","68A1","","","","","","","","","","","","","","","","","","","","",""
"1668","51399","B26D","B28D","B26F","","","","","","","","","","","","","","","","","","","","",""
"1669","51416","FB28","FB28","FB12","","","","","","","","","","","","","","","","","","","","",""
"1670","51431","7F4B","7F4B","7F42","","","","","","","","","","","","","","","","","","","","",""
"1671","51451","89DE","89F8","89D6","","","","","","","","","","","","","","","","","","","","",""
"1672","51464","CD42","CD4A","CD42","","","","","","","","","","","","","","","","","","","","",""
"1673","51479","1AC9","1AC9","1ACA","","","","","","","","","","","","","","","","","","","","",""
"1674","51494","C09D","C0D7","C08B","","","","","","","","","","","","","","","","","","","","",""
"1675","51513","F32D","F3A4","F320","","","","","","","","","","","","","","","","","","","","",""
"1676","51528","3B0E","3B40","3B08","","","","","","","","","","","","","","","","","","","","",""
"1677","51559","83AE","83D6","83A6","","","","","","","","","","","","","","","","","","","","",""
"1678","51575","CC7B","CC90","CC72","","","","","","","","","","","","","","","","","","","","",""
"1679","51589","15B2","15D3","15A2","","","","","","","","","","","","","","","","","","","","",""
"1680","51607","6A55","6A76","6A5C","","","","","","","","","","","","","","","","","","","","",""
"1681","51624","A861","A883","A859","","","","","","","","","","","","","","","","","","","","",""
"1682","51637","F0BC","F0C2","F0BA","","","","","","","","","","","","","","","","","","","","",""
"1683","51655","3B2B","3B4B","3B2B","","","","","","","","","","","","","","","","","","","","",""
"1684","51671","8354","834E","834C","","","","","","","","","","","","","","","","","","","","",""
"1685","51687","CC83","CC7C","CC7B","","","","","","","","","","","","","","","","","","","","",""
"1686","51703","3ACF","3B07","3ABB","","","","","","","","","","","","","","","","","","","","",""
"1687","51717","6093","60D5","6082","","","","","","","","","","","","","","","","","","","","",""
"1688","51732","03ED","042B","03EB","","","","","","","","","","","","","","","","","","","","",""
"1689","51751","4D57","4D93","4D4F","","","","","","","","","","","","","","","","","","","","",""
"1690","51767","9584","959A","957C","","","","","","","","","","","","","","","","","","","","",""
"1691","51780","DEEF","DF0B","DEE7","","","","","","","","","","","","","","","","","","","","",""
"1692","51798","25D4","260C","25BE","","","","","","","","","","","","","","","","","","","","",""
"1693","51814","659C","65E4","6599","","","","","","","","","","","","","","","","","","","","",""
"1694","51832","A769","A79E","A75B","","","","","","","","","","","","","","","","","","","","",""
"1695","51862","E608","E63D","E609","","","","","","","","","","","","","","","","","","","","",""
"1696","51879","2E35","2E4D","2E25","","","","","","","","","","","","","","","","","","","","",""
"1697","51893","76F7","7710","76EF","","","","","","","","","","","","","","","","","","","","",""
"1698","51909","E8CF","E908","E8C7","","","","","","","","","","","","","","","","","","","","",""
"1699","51926","1922","194C","191A","","","","","","","","","","","","","","","","","","","","",""
"1700","51942","6241","627D","6239","","","","","","","","","","","","","","","","","","","","",""
"1701","51956","A762","A799","A759","","","","","","","","","","","","","","","","","","","","",""
"1702","51974","F472","F4A1","F478","","","","","","","","","","","","","","","","","","","","",""
"1703","51991","3D49","3D52","3D33","","","","","","","","","","","","","","","","","","","","",""
"1704","52004","8800","883A","87EA","","","","","","","","","","","","","","","","","","","","",""
"1705","52020","E497","E4CD","E49C","","","","","","","","","","","","","","","","","","","","",""
"1706","52037","6F38","6F70","6F30","","","","","","","","","","","","","","","","","","","","",""
"1707","52052","B8C9","B90C","B8CC","","","","","","","","","","","","","","","","","","","","",""
"1708","52070","012B","0144","0123","","","","","","","","","","","","","","","","","","","","",""
"1709","52085","4A39","4A5E","4A3F","","","","","","","","","","","","","","","","","","","","",""
"1710","52098","ABD0","ABFB","ABC8","","","","","","","","","","","","","","","","","","","","",""
"1711","52115","D1BB","D1F6","D1B3","","","","","","","","","","","","","","","","","","","","",""
"1712","52133","1ACD","1AFF","1ABE","","","","","","","","","","","","","","","","","","","","",""
"1713","52162","6478","64BC","6479","","","","","","","","","","","","","","","","","","","","",""
"1714","52180","ACEA","AD12","ACE2","","","","","","","","","","","","","","","","","","","","",""
"1715","52195","F143","F169","F148","","","","","","","","","","","","","","","","","","","","",""
"1716","52212","3F1A","3F3F","3F20","","","","","","","","","","","","","","","","","","","","",""
"1717","52228","8811","881C","8809","","","","","","","","","","","","","","","","","","","","",""
"1718","52245","D355","D3AA","D347","","","","","","","","","","","","","","","","","","","","",""
"1719","52259","133E","136E","1341","","","","","","","","","","","","","","","","","","","","",""
"1720","52274","4FF7","4FF7","4FF6","","","","","","","","","","","","","","","","","","","","",""
"1721","52291","98D4","98DC","98CC","","","","","","","","","","","","","","","","","","","","",""
"1722","52306","E1F7","E1F7","E1F6","","","","","","","","","","","","","","","","","","","","",""
"1723","52322","3170","3188","3168","","","","","","","","","","","","","","","","","","","","",""
"1724","52340","CB28","CB44","CB1E","","","","","","","","","","","","","","","","","","","","",""
"1725","52356","1496","14A5","1482","","","","","","","","","","","","","","","","","","","","",""
"1726","52371","3C69","3C69","3C5C","","","","","","","","","","","","","","","","","","","","",""
"1727","52388","863B","8654","8633","","","","","","","","","","","","","","","","","","","","",""
"1728","52404","C8EB","C924","C8DA","","","","","","","","","","","","","","","","","","","","",""
"1729","52420","088C","08A5","0884","","","","","","","","","","","","","","","","","","","","",""
"1730","52436","5622","5649","5628","","","","","","","","","","","","","","","","","","","","",""
"1731","52468","7D52","7D6C","7D4D","","","","","","","","","","","","","","","","","","","","",""
"1732","52482","A9F5","AA0F","A9E5","","","","","","","","","","","","","","","","","","","","",""
"1733","52499","F1F5","F1EE","F1DF","","","","","","","","","","","","","","","","","","","","",""
"1734","52513","3BF5","3C06","3BEC","","","","","","","","","","","","","","","","","","","","",""
"1735","52530","E408","E422","E400","","","","","","","","","","","","","","","","","","","","",""
"1736","52545","1A53","1A75","1A54","","","","","","","","","","","","","","","","","","","","",""
"1737","52561","6406","6440","63FE","","","","","","","","","","","","","","","","","","","","",""
"1738","52579","AD1E","AD38","AD16","","","","","","","","","","","","","","","","","","","","",""
"1739","52594","F53A","F53A","F532","","","","","","","","","","","","","","","","","","","","",""
"1740","52609","3F35","3F4F","3F35","","","","","","","","","","","","","","","","","","","","",""
"1741","52625","87C2","87C2","87C3","","","","","","","","","","","","","","","","","","","","",""
"1742","52642","2569","2569","2569","","","","","","","","","","","","","","","","","","","","",""
"1743","52659","60E7","60E7","60DF","","","","","","","","","","","","","","","","","","","","",""
"1744","52673","A511","A511","A500","","","","","","","","","","","","","","","","","","","","",""
"1745","52691","EDC8","EDC8","EDC4","","","","","","","","","","","","","","","","","","","","",""
"1746","52705","2CA0","2CA0","2C98","","","","","","","","","","","","","","","","","","","","",""
"1747","52723","BB37","BB57","BB31","","","","","","","","","","","","","","","","","","","","",""
"1748","52737","FA53","FA5B","FA4B","","","","","","","","","","","","","","","","","","","","",""
"1749","52767","4376","436D","436E","","","","","","","","","","","","","","","","","","","","",""
"1750","52785","8D54","8D5F","8D4C","","","","","","","","","","","","","","","","","","","","",""
"1751","52803","D5EF","D5EF","D5E7","","","","","","","","","","","","","","","","","","","","",""
"1752","52817","1F35","1F35","1F39","","","","","","","","","","","","","","","","","","","","",""
"1753","52832","6867","6867","6864","","","","","","","","","","","","","","","","","","","","",""
"1754","52850","B248","B268","B235","","","","","","","","","","","","","","","","","","","","",""
"1755","52867","FB0D","FAFE","FAFC","","","","","","","","","","","","","","","","","","","","",""
"1756","52880","2847","283E","2836","","","","","","","","","","","","","","","","","","","","",""
"1757","52898","57D0","57EA","57CE","","","","","","","","","","","","","","","","","","","","",""
"1758","52913","998E","99A7","998E","","","","","","","","","","","","","","","","","","","","",""
"1759","52928","E96E","E96E","E966","","","","","","","","","","","","","","","","","","","","",""
"1760","52944","C733","C7AA","C72B","","","","","","","","","","","","","","","","","","","","",""
"1761","52960","0EF3","0F29","0EE6","","","","","","","","","","","","","","","","","","","","",""
"1762","52976","5989","59A3","5973","","","","","","","","","","","","","","","","","","","","",""
"1763","52994","A07E","A09F","A07D","","","","","","","","","","","","","","","","","","","","",""
"1764","53008","DCBF","DCE8","DCC0","","","","","","","","","","","","","","","","","","","","",""
"1765","53025","332E","337A","3326","","","","","","","","","","","","","","","","","","","","",""
"1766","53040","6FE7","7028","6FD8","","","","","","","","","","","","","","","","","","","","",""
"1767","53072","B923","B95F","B90D","","","","","","","","","","","","","","","","","","","","",""
"1768","53088","E748","E77A","E73E","","","","","","","","","","","","","","","","","","","","",""
"1769","53104","F4E6","F4FE","F4E7","","","","","","","","","","","","","","","","","","","","",""
"1770","53120","3DC7","3DE0","3DBF","","","","","","","","","","","","","","","","","","","","",""
"1771","53135","F000","F03A","EFEE","","","","","","","","","","","","","","","","","","","","",""
"1772","53151","1A78","1AC2","1A69","","","","","","","","","","","","","","","","","","","","",""
"1773","53169","67B4","67DF","67AC","","","","","","","","","","","","","","","","","","","","",""
"1774","53183","B16C","B1AF","B16E","","","","","","","","","","","","","","","","","","","","",""
"1775","53200","FDBC","FDF7","FDB4","","","","","","","","","","","","","","","","","","","","",""
"1776","53214","42C6","42DB","42BE","","","","","","","","","","","","","","","","","","","","",""
"1777","53230","8C76","8C8D","8C71","","","","","","","","","","","","","","","","","","","","",""
"1778","53247","2C46","2C79","2C3E","","","","","","","","","","","","","","","","","","","","",""
"1779","53263","7569","75AD","756C","","","","","","","","","","","","","","","","","","","","",""
"1780","53279","C135","C16F","C12D","","","","","","","","","","","","","","","","","","","","",""
"1781","53293","075F","0781","0757","","","","","","","","","","","","","","","","","","","","",""
"1782","53312","4387","439B","4378","","","","","","","","","","","","","","","","","","","","",""
"1783","53326","B5D9","B609","B5D1","","","","","","","","","","","","","","","","","","","","",""
"1784","53342","D89C","D8EE","D894","","","","","","","","","","","","","","","","","","","","",""
"1785","53375","20F2","2128","20F4","","","","","","","","","","","","","","","","","","","","",""
"1786","53390","6610","6647","6608","","","","","","","","","","","","","","","","","","","","",""
"1787","53408","B5DD","B5FB","B5D5","","","","","","","","","","","","","","","","","","","","",""
"1788","53422","FC1C","FC3E","FC14","","","","","","","","","","","","","","","","","","","","",""
"1789","53439","46F3","4727","46EB","","","","","","","","","","","","","","","","","","","","",""
"1790","53454","9BE3","9C3D","9BE0","","","","","","","","","","","","","","","","","","","","",""
"1791","53469","D872","D8B3","D872","","","","","","","","","","","","","","","","","","","","",""
"1792","53486","1A4B","1A92","1A50","","","","","","","","","","","","","","","","","","","","",""
"1793","53503","5B90","5BCA","5B88","","","","","","","","","","","","","","","","","","","","",""
"1794","53516","A0F5","A115","A0ED","","","","","","","","","","","","","","","","","","","","",""
"1795","53535","E9E8","EA0A","E9E0","","","","","","","","","","","","","","","","","","","","",""
"1796","53551","A602","A651","A5FA","","","","","","","","","","","","","","","","","","","","",""
"1797","53566","EE97","EEDB","EE8F","","","","","","","","","","","","","","","","","","","","",""
"1798","53582","3A41","3A7C","3A32","","","","","","","","","","","","","","","","","","","","",""
"1799","53596","808F","80A7","8091","","","","","","","","","","","","","","","","","","","","",""
"1800","53613","B7F8","B812","B7F0","","","","","","","","","","","","","","","","","","","","",""
"1801","53631","05F6","060D","05EE","","","","","","","","","","","","","","","","","","","","",""
"1802","53646","5BD2","5C07","5BBC","","","","","","","","","","","","","","","","","","","","",""
"1803","53677","9B75","9C01","9B74","","","","","","","","","","","","","","","","","","","","",""
"1804","53694","C43B","C474","C433","","","","","","","","","","","","","","","","","","","","",""
"1805","53707","0FA1","0FC2","0F9B","","","","","","","","","","","","","","","","","","","","",""
"1806","53723","5553","5575","554B","","","","","","","","","","","","","","","","","","","","",""
"1807","53739","9EA5","9ECE","9E9D","","","","","","","","","","","","","","","","","","","","",""
"1808","53756","3191","31BE","3186","","","","","","","","","","","","","","","","","","","","",""
"1809","53773","4EB3","4F02","4EAB","","","","","","","","","","","","","","","","","","","","",""
"1810","53789","9671","9689","9662","","","","","","","","","","","","","","","","","","","","",""
"1811","53804","DFB4","DFD5","DFAC","","","","","","","","","","","","","","","","","","","","",""
"1812","53823","28ED","2916","28EE","","","","","","","","","","","","","","","","","","","","",""
"1813","53836","7119","7121","7119","","","","","","","","","","","","","","","","","","","","",""
"1814","53854","0C18","0C49","0C08","","","","","","","","","","","","","","","","","","","","",""
"1815","53867","5912","5933","590A","","","","","","","","","","","","","","","","","","","","",""
"1816","53885","9A81","9A97","9A7A","","","","","","","","","","","","","","","","","","","","",""
"1817","53900","D876","D898","D86D","","","","","","","","","","","","","","","","","","","","",""
"1818","53916","1452","1452","1455","","","","","","","","","","","","","","","","","","","","",""
"1819","53933","3EC9","3EC1","3EB9","","","","","","","","","","","","","","","","","","","","",""
"1820","53947","D422","D45C","D426","","","","","","","","","","","","","","","","","","","","",""
"1821","53979","0B55","0B8A","0B4D","","","","","","","","","","","","","","","","","","","","",""
"1822","53994","53BF","53DE","53B7","","","","","","","","","","","","","","","","","","","","",""
"1823","54010","9D12","9D2B","9D13","","","","","","","","","","","","","","","","","","","","",""
"1824","54028","E646","E65E","E63E","","","","","","","","","","","","","","","","","","","","",""
"1825","54043","2E64","2E6E","2E5C","","","","","","","","","","","","","","","","","","","","",""
"1826","54059","959E","95D0","958F","","","","","","","","","","","","","","","","","","","","",""
"1827","54078","C07E","C0B8","C07C","","","","","","","","","","","","","","","","","","","","",""
"1828","54089","08EB","0903","08E3","","","","","","","","","","","","","","","","","","","","",""
"1829","54108","4D9B","4DAC","4D89","","","","","","","","","","","","","","","","","","","","",""
"1830","54123","9B60","9B81","9B4F","","","","","","","","","","","","","","","","","","","","",""
"1831","54139","E38C","E38C","E384","","","","","","","","","","","","","","","","","","","","",""
"1832","54154","946C","94A6","9464","","","","","","","","","","","","","","","","","","","","",""
"1833","54172","CEB2","CEE7","CEAA","","","","","","","","","","","","","","","","","","","","",""
"1834","54186","1733","1756","172B","","","","","","","","","","","","","","","","","","","","",""
"1835","54202","66AF","66E4","66A7","","","","","","","","","","","","","","","","","","","","",""
"1836","54217","A439","A470","A43A","","","","","","","","","","","","","","","","","","","","",""
"1837","54234","E737","E72C","E724","","","","","","","","","","","","","","","","","","","","",""
"1838","54251","4576","45C6","4560","","","","","","","","","","","","","","","","","","","","",""
"1839","54281","802D","807E","8025","","","","","","","","","","","","","","","","","","","","",""
"1840","54299","C8AC","C8ED","C8AE","","","","","","","","","","","","","","","","","","","","",""
"1841","54315","0CCE","0CE6","0CBE","","","","","","","","","","","","","","","","","","","","",""
"1842","54329","411F","4155","410F","","","","","","","","","","","","","","","","","","","","",""
"1843","54348","7EBE","7EC8","7EB6","","","","","","","","","","","","","","","","","","","","",""
"1844","54362","ECA1","ECB6","EC9F","","","","","","","","","","","","","","","","","","","","",""
"1845","54377","47CB","480E","47BE","","","","","","","","","","","","","","","","","","","","",""
"1846","54394","7275","72E3","726D","","","","","","","","","","","","","","","","","","","","",""
"1847","54411","BDEE","BE1C","BDE6","","","","","","","","","","","","","","","","","","","","",""
"1848","54426","0179","0190","0163","","","","","","","","","","","","","","","","","","","","",""
"1849","54440","4F5D","4F72","4F55","","","","","","","","","","","","","","","","","","","","",""
"1850","54459","0AFA","0B54","0AFD","","","","","","","","","","","","","","","","","","","","",""
"1851","54474","3BC8","3C21","3BC0","","","","","","","","","","","","","","","","","","","","",""
"1852","54489","7FAF","7FC5","7FA8","","","","","","","","","","","","","","","","","","","","",""
"1853","54506","C236","C25B","C227","","","","","","","","","","","","","","","","","","","","",""
"1854","54523","F2EA","F2FD","F2DB","","","","","","","","","","","","","","","","","","","","",""
"1855","54536","3B8E","3BA5","3B86","","","","","","","","","","","","","","","","","","","","",""
"1856","54554","B219","B257","B211","","","","","","","","","","","","","","","","","","","","",""
"1857","54585","E456","E49C","E446","","","","","","","","","","","","","","","","","","","","",""
"1858","54600","305D","3081","305B","","","","","","","","","","","","","","","","","","","","",""
"1859","54616","7AD6","7B01","7ACE","","","","","","","","","","","","","","","","","","","","",""
"1860","54634","C350","C377","C34F","","","","","","","","","","","","","","","","","","","","",""
"1861","54647","0B2A","0B2C","0B22","","","","","","","","","","","","","","","","","","","","",""
"1862","54665","358A","358B","3579","","","","","","","","","","","","","","","","","","","","",""
"1863","54681","AD14","AD4F","AD13","","","","","","","","","","","","","","","","","","","","",""
"1864","54695","E8BD","E901","E8BE","","","","","","","","","","","","","","","","","","","","",""
"1865","54713","312E","3156","3130","","","","","","","","","","","","","","","","","","","","",""
"1866","54726","7A76","7A91","7A76","","","","","","","","","","","","","","","","","","","","",""
"1867","54744","C49C","C4D2","C49C","","","","","","","","","","","","","","","","","","","","",""
"1868","54759","6D89","6DC4","6D79","","","","","","","","","","","","","","","","","","","","",""
"1869","54776","A0FF","A132","A0F0","","","","","","","","","","","","","","","","","","","","",""
"1870","54793","E971","E996","E969","","","","","","","","","","","","","","","","","","","","",""
"1871","54807","2DEE","2E08","2DE6","","","","","","","","","","","","","","","","","","","","",""
"1872","54825","6F29","6F42","6F23","","","","","","","","","","","","","","","","","","","","",""
"1873","54837","B75A","B75A","B747","","","","","","","","","","","","","","","","","","","","",""
"1874","54855","01C4","01DE","01B7","","","","","","","","","","","","","","","","","","","","",""
"1875","54887","7776","77AF","776E","","","","","","","","","","","","","","","","","","","","",""
"1876","54903","9D10","9D49","9D08","","","","","","","","","","","","","","","","","","","","",""
"1877","54921","E5DD","E617","E5D5","","","","","","","","","","","","","","","","","","","","",""
"1878","54936","2F14","2F4C","2F05","","","","","","","","","","","","","","","","","","","","",""
"1879","54951","7701","7722","7707","","","","","","","","","","","","","","","","","","","","",""
"1880","54969","C8C3","C8E2","C8BB","","","","","","","","","","","","","","","","","","","","",""
"1881","54983","29A2","29EB","299A","","","","","","","","","","","","","","","","","","","","",""
"1882","54998","5421","545B","5414","","","","","","","","","","","","","","","","","","","","",""
"1883","55014","A1B6","A1ED","A1AE","","","","","","","","","","","","","","","","","","","","",""
"1884","55031","EEC2","EEEB","EEBA","","","","","","","","","","","","","","","","","","","","",""
"1885","55047","2F01","2F29","2EFF","","","","","","","","","","","","","","","","","","","","",""
"1886","55064","B2AD","B2CB","B2AC","","","","","","","","","","","","","","","","","","","","",""
"1887","55081","27F0","2846","27E8","","","","","","","","","","","","","","","","","","","","",""
"1888","55095","6835","689C","6824","","","","","","","","","","","","","","","","","","","","",""
"1889","55111","A3A3","A3B8","A39B","","","","","","","","","","","","","","","","","","","","",""
"1890","55127","DA77","DAAD","DA6F","","","","","","","","","","","","","","","","","","","","",""
"1891","55143","1CFB","1D04","1CFD","","","","","","","","","","","","","","","","","","","","",""
"1892","55159","6B6A","6B7A","6B5C","","","","","","","","","","","","","","","","","","","","",""
"1893","55192","E632","E67B","E62A","","","","","","","","","","","","","","","","","","","","",""
"1894","55204","143F","1482","143D","","","","","","","","","","","","","","","","","","","","",""
"1895","55221","5DB9","5DE7","5DB1","","","","","","","","","","","","","","","","","","","","",""
"1896","55237","A5F3","A603","A5E3","","","","","","","","","","","","","","","","","","","","",""
"1897","55254","F035","F06B","F02E","","","","","","","","","","","","","","","","","","","","",""
"1898","55268","375F","375F","3757","","","","","","","","","","","","","","","","","","","","",""
"1899","55286","9FE0","A031","9FDA","","","","","","","","","","","","","","","","","","","","",""
"1900","55301","C4A9","C4D4","C49A","","","","","","","","","","","","","","","","","","","","",""
"1901","55316","123A","1259","1232","","","","","","","","","","","","","","","","","","","","",""
"1902","55334","60B2","60EA","60AA","","","","","","","","","","","","","","","","","","","","",""
"1903","55348","AA54","AA8B","AA4C","","","","","","","","","","","","","","","","","","","","",""
"1904","55365","308F","30A7","3089","","","","","","","","","","","","","","","","","","","","",""
"1905","55383","A583","A5DD","A57B","","","","","","","","","","","","","","","","","","","","",""
"1906","55399","DD26","DD75","DD1E","","","","","","","","","","","","","","","","","","","","",""
"1907","55414","214E","2178","2146","","","","","","","","","","","","","","","","","","","","",""
"1908","55430","68DB","6901","68C9","","","","","","","","","","","","","","","","","","","","",""
"1909","55446","A686","A6AC","A685","","","","","","","","","","","","","","","","","","","","",""
"1910","55459","F3EB","F402","F3E3","","","","","","","","","","","","","","","","","","","","",""
"1911","55493","4AD7","4B12","4ACF","","","","","","","","","","","","","","","","","","","","",""
"1912","55509","88D4","8941","88CC","","","","","","","","","","","","","","","","","","","","",""
"1913","55525","CB24","CB4A","CB1C","","","","","","","","","","","","","","","","","","","","",""
"1914","55541","109F","10CF","108F","","","","","","","","","","","","","","","","","","","","",""
"1915","55556","6605","6631","65FD","","","","","","","","","","","","","","","","","","","","",""
"1916","55575","A634","A63C","A62C","","","","","","","","","","","","","","","","","","","","",""
"1917","55590","DADC","DAFC","DADB","","","","","","","","","","","","","","","","","","","","",""
"1918","55605","4F1B","4F79","4F0A","","","","","","","","","","","","","","","","","","","","",""
"1919","55620","777F","77A9","776F","","","","","","","","","","","","","","","","","","","","",""
"1920","55636","C0C8","C0FF","C0C1","","","","","","","","","","","","","","","","","","","","",""
"1921","55653","0DF3","0E0E","0DF5","","","","","","","","","","","","","","","","","","","","",""
"1922","55667","A841","A84F","A847","","","","","","","","","","","","","","","","","","","","",""
"1923","55683","16AB","16FB","16A3","","","","","","","","","","","","","","","","","","","","",""
"1924","55699","4074","40BB","4061","","","","","","","","","","","","","","","","","","","","",""
"1925","55716","8903","893F","8902","","","","","","","","","","","","","","","","","","","","",""
"1926","55732","C6B1","C6D3","C6A9","","","","","","","","","","","","","","","","","","","","",""
"1927","55748","0D3A","0D59","0D32","","","","","","","","","","","","","","","","","","","","",""
"1928","55765","50A5","50A5","5094","","","","","","","","","","","","","","","","","","","","",""
"1929","55794","9E90","9E90","9E88","","","","","","","","","","","","","","","","","","","","",""
"1930","55810","06EF","0727","06E7","","","","","","","","","","","","","","","","","","","","",""
"1931","55828","3649","36C0","364A","","","","","","","","","","","","","","","","","","","","",""
"1932","55844","7C8A","7CAB","7C8A","","","","","","","","","","","","","","","","","","","","",""
"1933","55859","C939","C971","C931","","","","","","","","","","","","","","","","","","","","",""
"1934","55874","0E56","0E5C","0E54","","","","","","","","","","","","","","","","","","","","",""
"1935","55891","5820","5837","5811","","","","","","","","","","","","","","","","","","","","",""
"1936","55907","B2F8","B342","B2F1","","","","","","","","","","","","","","","","","","","","",""
"1937","55925","EA90","EADF","EA88","","","","","","","","","","","","","","","","","","","","",""
"1938","55939","3212","3227","320A","","","","","","","","","","","","","","","","","","","","",""
"1939","55956","7683","769C","7683","","","","","","","","","","","","","","","","","","","","",""
"1940","55970","064B","064B","0644","","","","","","","","","","","","","","","","","","","","",""
"1941","55987","75DE","7618","75CE","","","","","","","","","","","","","","","","","","","","",""
"1942","56002","A3F1","A42D","A3F3","","","","","","","","","","","","","","","","","","","","",""
"1943","56018","F1C6","F1F8","F1BE","","","","","","","","","","","","","","","","","","","","",""
"1944","56036","2D9F","2DB1","2D8D","","","","","","","","","","","","","","","","","","","","",""
"1945","56049","79E1","7A00","79D0","","","","","","","","","","","","","","","","","","","","",""
"1946","56067","BF07","BF0B","BEFE","","","","","","","","","","","","","","","","","","","","",""
"1947","56099","0838","0838","0838","","","","","","","","","","","","","","","","","","","","",""
"1948","56115","774E","7787","7749","","","","","","","","","","","","","","","","","","","","",""
"1949","56132","A0C0","A111","A0B2","","","","","","","","","","","","","","","","","","","","",""
"1950","56144","E118","E130","E108","","","","","","","","","","","","","","","","","","","","",""
"1951","56162","21F0","2202","21E8","","","","","","","","","","","","","","","","","","","","",""
"1952","56180","6813","6833","6802","","","","","","","","","","","","","","","","","","","","",""
"1953","56194","B037","B03F","B038","","","","","","","","","","","","","","","","","","","","",""
"1954","56208","3182","3182","317A","","","","","","","","","","","","","","","","","","","","",""
"1955","56226","5C4E","5C88","5C4C","","","","","","","","","","","","","","","","","","","","",""
"1956","56241","A382","A397","A37A","","","","","","","","","","","","","","","","","","","","",""
"1957","56257","E6C7","E6D8","E6C5","","","","","","","","","","","","","","","","","","","","",""
"1958","56273","893C","893C","8933","","","","","","","","","","","","","","","","","","","","",""
"1959","56289","D2A9","D2A1","D2A2","","","","","","","","","","","","","","","","","","","","",""
"1960","56305","1DD0","1DD0","1DBF","","","","","","","","","","","","","","","","","","","","",""
"1961","56321","658D","65A4","658D","","","","","","","","","","","","","","","","","","","","",""
"1962","56337","9B46","9B46","9B3D","","","","","","","","","","","","","","","","","","","","",""
"1963","56351","DC1D","DC1D","DC15","","","","","","","","","","","","","","","","","","","","",""
"1964","56367","2257","2257","2241","","","","","","","","","","","","","","","","","","","","",""
"1965","56400","6B83","6B83","6B7B","","","","","","","","","","","","","","","","","","","","",""
"1966","56416","B769","B769","B768","","","","","","","","","","","","","","","","","","","","",""
"1967","56433","FDFA","FDFA","FDFC","","","","","","","","","","","","","","","","","","","","",""
"1968","56447","47EC","4802","47E4","","","","","","","","","","","","","","","","","","","","",""
"1969","56464","9329","9332","9328","","","","","","","","","","","","","","","","","","","","",""
"1970","56481","072B","072B","0723","","","","","","","","","","","","","","","","","","","","",""
"1971","56497","31D4","31CC","31C5","","","","","","","","","","","","","","","","","","","","",""
"1972","56514","7F47","7F3E","7F3F","","","","","","","","","","","","","","","","","","","","",""
"1973","56530","CB2D","CB2D","CB2D","","","","","","","","","","","","","","","","","","","","",""
"1974","56543","126B","1283","1271","","","","","","","","","","","","","","","","","","","","",""
"1975","56560","5B07","5B07","5B07","","","","","","","","","","","","","","","","","","","","",""
"1976","56577","F8F9","F8F9","F8F1","","","","","","","","","","","","","","","","","","","","",""
"1977","56592","4241","4241","4239","","","","","","","","","","","","","","","","","","","","",""
"1978","56610","8618","8618","8610","","","","","","","","","","","","","","","","","","","","",""
"1979","56626","C1C0","C1C0","C1BB","","","","","","","","","","","","","","","","","","","","",""
"1980","56638","0024","003A","0024","","","","","","","","","","","","","","","","","","","","",""
"1981","56656","4B5D","4B5D","4B5D","","","","","","","","","","","","","","","","","","","","",""
"1982","56671","920E","920E","9206","","","","","","","","","","","","","","","","","","","","",""
"1983","56704","DB39","DB43","DB31","","","","","","","","","","","","","","","","","","","","",""
"1984","56720","2732","2732","2732","","","","","","","","","","","","","","","","","","","","",""
"1985","56736","6965","6965","695D","","","","","","","","","","","","","","","","","","","","",""
"1986","56750","B6F9","B6F9","B6F1","","","","","","","","","","","","","","","","","","","","",""
"1987","56768","2FF2","3009","2FEA","","","","","","","","","","","","","","","","","","","","",""
"1988","56784","6095","608C","608D","","","","","","","","","","","","","","","","","","","","",""
"1989","56799","A6C0","A6B2","A6B8","","","","","","","","","","","","","","","","","","","","",""
"1990","56816","F015","F015","F00D","","","","","","","","","","","","","","","","","","","","",""
"1991","56832","3BD8","3BD8","3BD0","","","","","","","","","","","","","","","","","","","","",""
"1992","56848","827D","827D","8285","","","","","","","","","","","","","","","","","","","","",""
"1993","56863","CC5D","CC73","CC55","","","","","","","","","","","","","","","","","","","","",""
"1994","56878","69B4","69B5","69AC","","","","","","","","","","","","","","","","","","","","",""
"1995","56897","AB8B","AB8B","AB8A","","","","","","","","","","","","","","","","","","","","",""
"1996","56911","EB58","EB58","EB50","","","","","","","","","","","","","","","","","","","","",""
"1997","56927","3206","3206","31FA","","","","","","","","","","","","","","","","","","","","",""
"1998","56943","7044","7044","7042","","","","","","","","","","","","","","","","","","","","",""
"1999","56958","B5AF","B5C5","B5A7","","","","","","","","","","","","","","","","","","","","",""
"2000","56975","0571","0571","0570","","","","","","","","","","","","","","","","","","","","",""
"2001","57005","4BF4","4BF4","4BEC","","","","","","","","","","","","","","","","","","","","",""
"2002","57023","956E","956E","956E","","","","","","","","","","","","","","","","","","","","",""
"2003","57038","1DB9","1DF4","1DAA","","","","","","","","","","","","","","","","","","","","",""
"2004","57054","3F1E","3F61","3F1E","","","","","","","","","","","","","","","","","","","","",""
"2005","57069","8992","89E1","8994","","","","","","","","","","","","","","","","","","","","",""
"2006","57085","D186","D18D","D17E","","","","","","","","","","","","","","","","","","","","",""
"2007","57102","1B92","1BD5","1B8A","","","","","","","","","","","","","","","","","","","","",""
"2008","57118","629A","629A","6292","","","","","","","","","","","","","","","","","","","","",""
"2009","57134","C045","C080","C03D","","","","","","","","","","","","","","","","","","","","",""
"2010","57150","F7BD","F7F7","F7B6","","","","","","","","","","","","","","","","","","","","",""
"2011","57167","3FB1","3FD1","3FA9","","","","","","","","","","","","","","","","","","","","",""
"2012","57182","CB4A","CB72","CB4B","","","","","","","","","","","","","","","","","","","","",""
"2013","57197","0ECE","0EC7","0EC7","","","","","","","","","","","","","","","","","","","","",""
"2014","57212","3DA2","3DA2","3D98","","","","","","","","","","","","","","","","","","","","",""
"2015","57228","D21A","D254","D20C","","","","","","","","","","","","","","","","","","","","",""
"2016","57244","01BC","020F","01BC","","","","","","","","","","","","","","","","","","","","",""
"2017","57261","2631","2653","2629","","","","","","","","","","","","","","","","","","","","",""
"2018","57275","6FA2","6FBA","6F92","","","","","","","","","","","","","","","","","","","","",""
"2019","57308","B75E","B75E","B756","","","","","","","","","","","","","","","","","","","","",""
"2020","57323","0095","0095","0096","","","","","","","","","","","","","","","","","","","","",""
"2021","57339","889B","88C7","888A","","","","","","","","","","","","","","","","","","","","",""
"2022","57357","B451","B493","B450","","","","","","","","","","","","","","","","","","","","",""
"2023","57373","FCB9","FCD8","FCB1","","","","","","","","","","","","","","","","","","","","",""
"2024","57389","4604","461E","45F3","","","","","","","","","","","","","","","","","","","","",""
"2025","57405","8F2E","8F4F","8F1F","","","","","","","","","","","","","","","","","","","","",""
"2026","57420","D752","D760","D74F","","","","","","","","","","","","","","","","","","","","",""
"2027","57438","3388","33C1","3380","","","","","","","","","","","","","","","","","","","","",""
"2028","57450","6483","64BE","6483","","","","","","","","","","","","","","","","","","","","",""
"2029","57468","B198","B1B0","B190","","","","","","","","","","","","","","","","","","","","",""
"2030","57485","5060","5076","5058","","","","","","","","","","","","","","","","","","","","",""
"2031","57501","9893","9887","988B","","","","","","","","","","","","","","","","","","","","",""
"2032","57516","C2FD","C2FD","C2F5","","","","","","","","","","","","","","","","","","","","",""
"2033","57531","3618","3652","3608","","","","","","","","","","","","","","","","","","","","",""
"2034","57546","68BD","68FE","68BC","","","","","","","","","","","","","","","","","","","","",""
"2035","57565","B155","B176","B13F","","","","","","","","","","","","","","","","","","","","",""
"2036","57579","FA88","FA99","FA80","","","","","","","","","","","","","","","","","","","","",""
"2037","57611","43E4","4405","43DC","","","","","","","","","","","","","","","","","","","","",""
"2038","57629","8BF0","8BF8","8BF0","","","","","","","","","","","","","","","","","","","","",""
"2039","57644","E7BF","E7F9","E7B7","","","","","","","","","","","","","","","","","","","","",""
"2040","57658","1557","1593","154D","","","","","","","","","","","","","","","","","","","","",""
"2041","57674","5DD0","5DF4","5DD2","","","","","","","","","","","","","","","","","","","","",""
"2042","57692","A264","A276","A24E","","","","","","","","","","","","","","","","","","","","",""
"2043","57706","E048","E075","E040","","","","","","","","","","","","","","","","","","","","",""
"2044","57724","251B","2538","251A","","","","","","","","","","","","","","","","","","","","",""
"2045","57741","69A2","69B7","699A","","","","","","","","","","","","","","","","","","","","",""
"2046","57754","F6ED","F73D","F6EF","","","","","","","","","","","","","","","","","","","","",""
"2047","57768","264B","26A4","2643","","","","","","","","","","","","","","","","","","","","",""
"2048","57786","ACD3","AD01","ACCB","","","","","","","","","","","","","","","","","","","","",""
"2049","57803","F5B2","F5F0","F5B3","","","","","","","","","","","","","","","","","","","","",""
"2050","57819","3E0A","3E29","3E02","","","","","","","","","","","","","","","","","","","","",""
"2051","57835","AEAB","AEF3","AEA6","","","","","","","","","","","","","","","","","","","","",""
"2052","57850","E1FB","E255","E1FD","","","","","","","","","","","","","","","","","","","","",""
"2053","57865","253A","2551","2524","","","","","","","","","","","","","","","","","","","","",""
"2054","57882","73AC","73EB","73AA","","","","","","","","","","","","","","","","","","","","",""
"2055","57913","BCF7","BD1D","BCED","","","","","","","","","","","","","","","","","","","","",""
"2056","57931","FAC5","FAD3","FABD","","","","","","","","","","","","","","","","","","","","",""
"2057","57946","2AE2","2AF8","2ADA","","","","","","","","","","","","","","","","","","","","",""
"2058","57964","9F99","9FCB","9F91","","","","","","","","","","","","","","","","","","","","",""
"2059","57977","DE00","DE68","DDEF","","","","","","","","","","","","","","","","","","","","",""
"2060","57995","2502","2531","2503","","","","","","","","","","","","","","","","","","","","",""
"2061","58007","6D36","6D55","6D2E","","","","","","","","","","","","","","","","","","","","",""
"2062","58025","B691","B69F","B683","","","","","","","","","","","","","","","","","","","","",""
"2063","58040","FEB0","FEB9","FEB1","","","","","","","","","","","","","","","","","","","","",""
"2064","58058","5A8D","5AC6","5A85","","","","","","","","","","","","","","","","","","","","",""
"2065","58074","8899","88CC","8890","","","","","","","","","","","","","","","","","","","","",""
"2066","58088","26F7","271D","26FA","","","","","","","","","","","","","","","","","","","","",""
"2067","58106","704C","7070","7044","","","","","","","","","","","","","","","","","","","","",""
"2068","58121","B8B7","B8C1","B8AF","","","","","","","","","","","","","","","","","","","","",""
"2069","58139","2528","256C","2520","","","","","","","","","","","","","","","","","","","","",""
"2070","58153","4056","40AE","404E","","","","","","","","","","","","","","","","","","","","",""
"2071","58168","8C92","8CBA","8C83","","","","","","","","","","","","","","","","","","","","",""
"2072","58182","D5E4","D5F6","D5DD","","","","","","","","","","","","","","","","","","","","",""
"2073","58216","1F8B","1FA3","1F84","","","","","","","","","","","","","","","","","","","","",""
"2074","58233","6731","6737","672F","","","","","","","","","","","","","","","","","","","","",""
"2075","58247","B066","B066","B05E","","","","","","","","","","","","","","","","","","","","",""
"2076","58266","146E","14A7","1469","","","","","","","","","","","","","","","","","","","","",""
"2077","58278","444A","447B","4434","","","","","","","","","","","","","","","","","","","","",""
"2078","58295","8D8D","8DC3","8D77","","","","","","","","","","","","","","","","","","","","",""
"2079","58312","D5F5","D609","D5E6","","","","","","","","","","","","","","","","","","","","",""
"2080","58326","1F37","1F5F","1F38","","","","","","","","","","","","","","","","","","","","",""
"2081","58343","6768","6768","6760","","","","","","","","","","","","","","","","","","","","",""
"2082","58361","C213","C24E","C20B","","","","","","","","","","","","","","","","","","","","",""
"2083","58376","FD0A","FD3C","FCFA","","","","","","","","","","","","","","","","","","","","",""
"2084","58389","9008","903F","9000","","","","","","","","","","","","","","","","","","","","",""
"2085","58407","D258","D296","D248","","","","","","","","","","","","","","","","","","","","",""
"2086","58422","1E94","1EAB","1E7F","","","","","","","","","","","","","","","","","","","","",""
"2087","58439","67FA","680F","67F9","","","","","","","","","","","","","","","","","","","","",""
"2088","58456","D6C3","D71A","D6BB","","","","","","","","","","","","","","","","","","","","",""
"2089","58473","0AE2","0B31","0ADB","","","","","","","","","","","","","","","","","","","","",""
"2090","58486","4DFE","4E1E","4DF6","","","","","","","","","","","","","","","","","","","","",""
"2091","58522","9C6F","9CA7","9C67","","","","","","","","","","","","","","","","","","","","",""
"2092","58535","E5CB","E608","E5CA","","","","","","","","","","","","","","","","","","","","",""
"2093","58551","2DF6","2E09","2DEE","","","","","","","","","","","","","","","","","","","","",""
"2094","58566","9019","905A","9011","","","","","","","","","","","","","","","","","","","","",""
"2095","58582","BFF8","C049","BFE9","","","","","","","","","","","","","","","","","","","","",""
"2096","58600","0872","08B2","086A","","","","","","","","","","","","","","","","","","","","",""
"2097","58613","4C0A","4C1C","4C02","","","","","","","","","","","","","","","","","","","","",""
"2098","58630","95AB","95C3","95A3","","","","","","","","","","","","","","","","","","","","",""
"2099","58645","BF4D","BF6A","BF4D","","","","","","","","","","","","","","","","","","","","",""
"2100","58662","125A","1270","1252","","","","","","","","","","","","","","","","","","","","",""
"2101","58679","995F","99A8","9959","","","","","","","","","","","","","","","","","","","","",""
"2102","58693","155B","1589","155B","","","","","","","","","","","","","","","","","","","","",""
"2103","58710","5A0B","5A1E","5A03","","","","","","","","","","","","","","","","","","","","",""
"2104","58726","A339","A348","A329","","","","","","","","","","","","","","","","","","","","",""
"2105","58743","EBC0","EBC0","EBB8","","","","","","","","","","","","","","","","","","","","",""
"2106","58758","3A56","3AA2","3A4C","","","","","","","","","","","","","","","","","","","","",""
"2107","58772","7422","745B","7421","","","","","","","","","","","","","","","","","","","","",""
"2108","58790","BD96","BDBF","BD86","","","","","","","","","","","","","","","","","","","","",""
"2109","58821","05E5","0608","05E3","","","","","","","","","","","","","","","","","","","","",""
"2110","58837","5036","5062","502D","","","","","","","","","","","","","","","","","","","","",""
"2111","58854","9748","9748","973B","","","","","","","","","","","","","","","","","","","","",""
"2112","58872","ED95","EDCA","ED88","","","","","","","","","","","","","","","","","","","","",""
"2113","58888","19B1","1A0A","19C8","","","","","","","","","","","","","","","","","","","","",""
"2114","58900","66F5","6713","66EE","","","","","","","","","","","","","","","","","","","","",""
"2115","58918","B03E","B055","B035","","","","","","","","","","","","","","","","","","","","",""
"2116","58934","FC17","FC42","FC19","","","","","","","","","","","","","","","","","","","","",""
"2117","58950","41A9","41A9","41A3","","","","","","","","","","","","","","","","","","","","",""
"2118","58964","8BAE","8BC4","8BA3","","","","","","","","","","","","","","","","","","","","",""
"2119","58981","00B2","00F2","00B0","","","","","","","","","","","","","","","","","","","","",""
"2120","58996","7BBD","7BDA","7BBE","","","","","","","","","","","","","","","","","","","","",""
"2121","59013","C500","C515","C4F8","","","","","","","","","","","","","","","","","","","","",""
"2122","59029","0E3E","0E5A","0E2E","","","","","","","","","","","","","","","","","","","","",""
"2123","59045","569F","56AA","56A3","","","","","","","","","","","","","","","","","","","","",""
"2124","59060","A9DE","AA18","A9D2","","","","","","","","","","","","","","","","","","","","",""
"2125","59077","D9F8","DA36","D9F0","","","","","","","","","","","","","","","","","","","","",""
"2126","59091","2333","2368","232E","","","","","","","","","","","","","","","","","","","","",""
"2127","59125","66F5","6711","66EF","","","","","","","","","","","","","","","","","","","","",""
"2128","59138","B4E4","B501","B4D7","","","","","","","","","","","","","","","","","","","","",""
"2129","59157","FD16","FD16","FD0F","","","","","","","","","","","","","","","","","","","","",""
"2130","59172","27D6","27D6","27CE","","","","","","","","","","","","","","","","","","","","",""
"2131","59188","A0C1","A0FB","A0B2","","","","","","","","","","","","","","","","","","","","",""
"2132","59204","DD2A","DD82","DD22","","","","","","","","","","","","","","","","","","","","",""
"2133","59220","1D4D","1D6E","1D3A","","","","","","","","","","","","","","","","","","","","",""
"2134","59236","5B7C","5B97","5B74","","","","","","","","","","","","","","","","","","","","",""
"2135","59251","A468","A479","A45F","","","","","","","","","","","","","","","","","","","","",""
"2136","59269","EC70","EC67","EC68","","","","","","","","","","","","","","","","","","","","",""
"2137","59282","61FB","6235","61E9","","","","","","","","","","","","","","","","","","","","",""
"2138","59299","E5EA","E608","E5E2","","","","","","","","","","","","","","","","","","","","",""
"2139","59318","2F7F","2FAF","2F6E","","","","","","","","","","","","","","","","","","","","",""
"2140","59333","78C0","78F3","78B8","","","","","","","","","","","","","","","","","","","","",""
"2141","59348","BACB","BACB","BAC3","","","","","","","","","","","","","","","","","","","","",""
"2142","59365","FC53","FC53","FC48","","","","","","","","","","","","","","","","","","","","",""
"2143","59380","6EC0","6EFA","6EB8","","","","","","","","","","","","","","","","","","","","",""
"2144","59395","958E","95E6","958E","","","","","","","","","","","","","","","","","","","","",""
"2145","59428","DCAC","DCBE","DCA4","","","","","","","","","","","","","","","","","","","","",""
"2146","59443","25D1","25EA","25C7","","","","","","","","","","","","","","","","","","","","",""
"2147","59461","6DFA","6DF3","6DF2","","","","","","","","","","","","","","","","","","","","",""
"2148","59473","B737","B737","B727","","","","","","","","","","","","","","","","","","","","",""
"2149","59491","1D90","1D90","1D88","","","","","","","","","","","","","","","","","","","","",""
"2150","59508","49B5","49F3","49AD","","","","","","","","","","","","","","","","","","","","",""
"2151","59524","904C","904C","903C","","","","","","","","","","","","","","","","","","","","",""
"2152","59538","D8AF","D8A9","D8AF","","","","","","","","","","","","","","","","","","","","",""
"2153","59555","21E0","21E9","21DF","","","","","","","","","","","","","","","","","","","","",""
"2154","59569","6B36","6B36","6B2F","","","","","","","","","","","","","","","","","","","","",""
"2155","59588","B476","B476","B46F","","","","","","","","","","","","","","","","","","","","",""
"2156","59601","51A7","51A7","5197","","","","","","","","","","","","","","","","","","","","",""
"2157","59618","9365","9365","935D","","","","","","","","","","","","","","","","","","","","",""
"2158","59633","D121","D121","D110","","","","","","","","","","","","","","","","","","","","",""
"2159","59650","19DB","19DB","19E1","","","","","","","","","","","","","","","","","","","","",""
"2160","59665","58E0","58E0","58D8","","","","","","","","","","","","","","","","","","","","",""
"2161","59682","A229","A229","A231","","","","","","","","","","","","","","","","","","","","",""
"2162","59699","EB60","EB60","EB51","","","","","","","","","","","","","","","","","","","","",""
"2163","59728","34A7","34A7","34A6","","","","","","","","","","","","","","","","","","","","",""
"2164","59747","7DF2","7DF2","7DEC","","","","","","","","","","","","","","","","","","","","",""
"2165","59760","F49B","F49B","F49C","","","","","","","","","","","","","","","","","","","","",""
"2166","59778","23AE","23AE","23AF","","","","","","","","","","","","","","","","","","","","",""
"2167","59794","6C9D","6C9D","6C94","","","","","","","","","","","","","","","","","","","","",""
"2168","59808","B5EE","B5EE","B5EF","","","","","","","","","","","","","","","","","","","","",""
"2169","59827","FF29","FF29","FF29","","","","","","","","","","","","","","","","","","","","",""
"2170","59840","43FB","43FB","43F3","","","","","","","","","","","","","","","","","","","","",""
"2171","59857","91A7","91A7","91A7","","","","","","","","","","","","","","","","","","","","",""
"2172","59874","DAED","DAED","DAE0","","","","","","","","","","","","","","","","","","","","",""
"2173","59888","242E","242E","242F","","","","","","","","","","","","","","","","","","","","",""
"2174","59904","AE59","AE59","AE51","","","","","","","","","","","","","","","","","","","","",""
"2175","59920","F72B","F72B","F723","","","","","","","","","","","","","","","","","","","","",""
"2176","59936","405C","405C","404B","","","","","","","","","","","","","","","","","","","","",""
"2177","59954","89B0","89B0","89A8","","","","","","","","","","","","","","","","","","","","",""
"2178","59969","C8A7","C8A7","C89F","","","","","","","","","","","","","","","","","","","","",""
"2179","59984","11F1","11F1","11EC","","","","","","","","","","","","","","","","","","","","",""
"2180","60000","5B31","5B31","5B29","","","","","","","","","","","","","","","","","","","","",""
"2181","60032","D402","D402","D3FA","","","","","","","","","","","","","","","","","","","","",""
"2182","60050","0335","0335","0326","","","","","","","","","","","","","","","","","","","","",""
"2183","60064","4C44","4C44","4C3A","","","","","","","","","","","","","","","","","","","","",""
"2184","60079","9111","9111","90FE","","","","","","","","","","","","","","","","","","","","",""
"2185","60095","DED1","DED1","DEC0","","","","","","","","","","","","","","","","","","","","",""
"2186","60112","27ED","27ED","27E4","","","","","","","","","","","","","","","","","","","","",""
"2187","60130","7130","7130","712B","","","","","","","","","","","","","","","","","","","","",""
"2188","60144","BA76","BA76","BA7D","","","","","","","","","","","","","","","","","","","","",""
"2189","60162","03B8","03B8","03B8","","","","","","","","","","","","","","","","","","","","",""
"2190","60178","457A","457A","4573","","","","","","","","","","","","","","","","","","","","",""
"2191","60191","839F","839F","8397","","","","","","","","","","","","","","","","","","","","",""
"2192","60207","1FF0","1FF0","1FE8","","","","","","","","","","","","","","","","","","","","",""
"2193","60225","6930","6930","6928","","","","","","","","","","","","","","","","","","","","",""
"2194","60238","B273","B273","B26B","","","","","","","","","","","","","","","","","","","","",""
"2195","60255","FC0A","FC0A","FBFA","","","","","","","","","","","","","","","","","","","","",""
"2196","60270","3B2E","3B2E","3B2E","","","","","","","","","","","","","","","","","","","","",""
"2197","60288","C909","C944","C901","","","","","","","","","","","","","","","","","","","","",""
"2198","60301","D689","D6B7","D681","","","","","","","","","","","","","","","","","","","","",""
"2199","60335","24B4","24F0","24A4","","","","","","","","","","","","","","","","","","","","",""
"2200","60350","6CC5","6CE8","6CB0","","","","","","","","","","","","","","","","","","","","",""
"2201","60366","B7D6","B80B","B7D7","","","","","","","","","","","","","","","","","","","","",""
"2202","60384","FF4C","FF5D","FF31","","","","","","","","","","","","","","","","","","","","",""
"2203","60399","47C4","47BD","47BC","","","","","","","","","","","","","","","","","","","","",""
"2204","60414","91D7","91FA","91D6","","","","","","","","","","","","","","","","","","","","",""
"2205","60431","DA41","DA47","DA39","","","","","","","","","","","","","","","","","","","","",""
"2206","60444","1D31","1D53","1D1F","","","","","","","","","","","","","","","","","","","","",""
"2207","60461","5A57","5A57","5A4F","","","","","","","","","","","","","","","","","","","","",""
"2208","60479","A31E","A31E","A316","","","","","","","","","","","","","","","","","","","","",""
"2209","60496","ED62","ED92","ED68","","","","","","","","","","","","","","","","","","","","",""
"2210","60509","8B03","8AFB","8AF3","","","","","","","","","","","","","","","","","","","","",""
"2211","60524","D76A","D76C","D764","","","","","","","","","","","","","","","","","","","","",""
"2212","60542","18A3","18A3","1895","","","","","","","","","","","","","","","","","","","","",""
"2213","60558","69ED","69ED","69EF","","","","","","","","","","","","","","","","","","","","",""
"2214","60573","A445","A445","A43D","","","","","","","","","","","","","","","","","","","","",""
"2215","60591","F318","F352","F318","","","","","","","","","","","","","","","","","","","","",""
"2216","60607","3AF3","3AFA","3AEB","","","","","","","","","","","","","","","","","","","","",""
"2217","60638","8456","8464","8455","","","","","","","","","","","","","","","","","","","","",""
"2218","60654","AEB2","AEB2","AEAA","","","","","","","","","","","","","","","","","","","","",""
"2219","60669","DDB4","DDB4","DDAC","","","","","","","","","","","","","","","","","","","","",""
"2220","60688","26A6","26A6","269D","","","","","","","","","","","","","","","","","","","","",""
"2221","60703","6F80","6F80","6F80","","","","","","","","","","","","","","","","","","","","",""
"2222","60717","17BE","17D9","17B1","","","","","","","","","","","","","","","","","","","","",""
"2223","60734","4F34","4F3E","4F34","","","","","","","","","","","","","","","","","","","","",""
"2224","60749","9ABB","9AD0","9AB0","","","","","","","","","","","","","","","","","","","","",""
"2225","60765","E34B","E34B","E345","","","","","","","","","","","","","","","","","","","","",""
"2226","60779","2C9A","2C9A","2C91","","","","","","","","","","","","","","","","","","","","",""
"2227","60798","6A6C","6A6C","6A5B","","","","","","","","","","","","","","","","","","","","",""
"2228","60814","13B1","13CB","13A9","","","","","","","","","","","","","","","","","","","","",""
"2229","60829","5C8D","5C97","5C8F","","","","","","","","","","","","","","","","","","","","",""
"2230","60844","9E01","9E05","9DFD","","","","","","","","","","","","","","","","","","","","",""
"2231","60859","DBA1","DBA1","DB91","","","","","","","","","","","","","","","","","","","","",""
"2232","60876","1A64","1A64","1A5C","","","","","","","","","","","","","","","","","","","","",""
"2233","60892","63AD","639F","639C","","","","","","","","","","","","","","","","","","","","",""
"2234","60907","E85A","E893","E85C","","","","","","","","","","","","","","","","","","","","",""
"2235","60941","0FE8","1030","0FE0","","","","","","","","","","","","","","","","","","","","",""
"2236","60957","598E","59C1","5986","","","","","","","","","","","","","","","","","","","","",""
"2237","60972","A1F2","A1EA","A1EA","","","","","","","","","","","","","","","","","","","","",""
"2238","60987","EB6F","EBAA","EB6E","","","","","","","","","","","","","","","","","","","","",""
"2239","61003","34EB","352E","34EC","","","","","","","","","","","","","","","","","","","","",""
"2240","61020","7BCB","7BC0","7BC3","","","","","","","","","","","","","","","","","","","","",""
"2241","61034","BFE2","BFE2","BFE2","","","","","","","","","","","","","","","","","","","","",""
"2242","61052","0D6B","0D6B","0D63","","","","","","","","","","","","","","","","","","","","",""
"2243","61068","3ACE","3ACE","3AC6","","","","","","","","","","","","","","","","","","","","",""
"2244","61084","8441","8441","8443","","","","","","","","","","","","","","","","","","","","",""
"2245","61100","CD09","CD09","CD09","","","","","","","","","","","","","","","","","","","","",""
"2246","61114","7C33","7C6D","7C27","","","","","","","","","","","","","","","","","","","","",""
"2247","61132","B66A","B69A","B662","","","","","","","","","","","","","","","","","","","","",""
"2248","61146","FF1B","FF58","FF1F","","","","","","","","","","","","","","","","","","","","",""
"2249","61163","47A9","47CF","47AC","","","","","","","","","","","","","","","","","","","","",""
"2250","61179","8696","86CA","868E","","","","","","","","","","","","","","","","","","","","",""
"2251","61195","CD9A","CDA8","CDA0","","","","","","","","","","","","","","","","","","","","",""
"2252","61210","1788","17B7","1780","","","","","","","","","","","","","","","","","","","","",""
"2253","61243","6028","6028","6017","","","","","","","","","","","","","","","","","","","","",""
"2254","61257","AA33","AA52","AA2B","","","","","","","","","","","","","","","","","","","","",""
"2255","61277","CF66","CF66","CF5E","","","","","","","","","","","","","","","","","","","","",""
"2256","61290","03E5","03FA","03CF","","","","","","","","","","","","","","","","","","","","",""
"2257","61307","4BD7","4BD7","4BCF","","","","","","","","","","","","","","","","","","","","",""
"2258","61324","94DF","94DF","94DF","","","","","","","","","","","","","","","","","","","","",""
"2259","61337","4757","4799","474F","","","","","","","","","","","","","","","","","","","","",""
"2260","61351","7860","7896","785B","","","","","","","","","","","","","","","","","","","","",""
"2261","61371","C1F0","C228","C1EF","","","","","","","","","","","","","","","","","","","","",""
"2262","61386","0A57","0A60","0A50","","","","","","","","","","","","","","","","","","","","",""
"2263","61403","53D3","540A","53CF","","","","","","","","","","","","","","","","","","","","",""
"2264","61421","0808","0841","0800","","","","","","","","","","","","","","","","","","","","",""
"2265","61433","3C26","3C61","3C19","","","","","","","","","","","","","","","","","","","","",""
"2266","61450","856A","85A0","8562","","","","","","","","","","","","","","","","","","","","",""
"2267","61466","CD84","CD84","CD6E","","","","","","","","","","","","","","","","","","","","",""
"2268","61480","0B5B","0B9B","0B4B","","","","","","","","","","","","","","","","","","","","",""
"2269","61500","5064","5092","505C","","","","","","","","","","","","","","","","","","","","",""
"2270","61516","9BC6","9BCD","9BB6","","","","","","","","","","","","","","","","","","","","",""
"2271","61545","0871","08AA","0869","","","","","","","","","","","","","","","","","","","","",""
"2272","61562","31F3","325E","31EB","","","","","","","","","","","","","","","","","","","","",""
"2273","61578","7BD9","7C01","7BD9","","","","","","","","","","","","","","","","","","","","",""
"2274","61591","C8A5","C89D","C89D","","","","","","","","","","","","","","","","","","","","",""
"2275","61609","0EE5","0F1E","0EDD","","","","","","","","","","","","","","","","","","","","",""
"2276","61626","5866","58A0","5866","","","","","","","","","","","","","","","","","","","","",""
"2277","61641","A430","A450","A428","","","","","","","","","","","","","","","","","","","","",""
"2278","61657","E853","E84C","E844","","","","","","","","","","","","","","","","","","","","",""
"2279","61672","3103","30F8","30F3","","","","","","","","","","","","","","","","","","","","",""
"2280","61689","75EB","75EB","75DC","","","","","","","","","","","","","","","","","","","","",""
"2281","61706","B0D7","B0D7","B0CF","","","","","","","","","","","","","","","","","","","","",""
"2282","61721","816B","81A5","815D","","","","","","","","","","","","","","","","","","","","",""
"2283","61737","B239","B27C","B231","","","","","","","","","","","","","","","","","","","","",""
"2284","61754","032A","035C","031A","","","","","","","","","","","","","","","","","","","","",""
"2285","61768","4BAB","4BC2","4BA3","","","","","","","","","","","","","","","","","","","","",""
"2286","61784","8E5E","8EA0","8E56","","","","","","","","","","","","","","","","","","","","",""
"2287","61800","D37F","D3B9","D37D","","","","","","","","","","","","","","","","","","","","",""
"2288","61817","1BC6","1BE5","1BBE","","","","","","","","","","","","","","","","","","","","",""
"2289","61847","66F5","66F6","66ED","","","","","","","","","","","","","","","","","","","","",""
"2290","61864","AC41","AC41","AC2E","","","","","","","","","","","","","","","","","","","","",""
"2291","61879","D4B3","D4B3","D4B5","","","","","","","","","","","","","","","","","","","","",""
"2292","61894","21AD","21AD","21A5","","","","","","","","","","","","","","","","","","","","",""
"2293","61912","6719","670B","6711","","","","","","","","","","","","","","","","","","","","",""
"2294","61926","B075","B075","B077","","","","","","","","","","","","","","","","","","","","",""
"2295","61942","3417","3452","340F","","","","","","","","","","","","","","","","","","","","",""
"2296","61959","5808","5839","5800","","","","","","","","","","","","","","","","","","","","",""
"2297","61974","A199","A1D2","A18A","","","","","","","","","","","","","","","","","","","","",""
"2298","61994","E4F7","E525","E4FD","","","","","","","","","","","","","","","","","","","","",""
"2299","62005","3481","34C4","3481","","","","","","","","","","","","","","","","","","","","",""
"2300","62023","D1FD","D220","D1F5","","","","","","","","","","","","","","","","","","","","",""
"2301","62040","1B05","1B18","1AF3","","","","","","","","","","","","","","","","","","","","",""
"2302","62056","6387","6379","6379","","","","","","","","","","","","","","","","","","","","",""
"2303","62071","8A46","8A63","8A3E","","","","","","","","","","","","","","","","","","","","",""
"2304","62087","BB98","BBA1","BB90","","","","","","","","","","","","","","","","","","","","",""
"2305","62104","03DE","03E5","03DD","","","","","","","","","","","","","","","","","","","","",""
"2306","62118","4D23","4D23","4D22","","","","","","","","","","","","","","","","","","","","",""
"2307","62150","B844","B85F","B83C","","","","","","","","","","","","","","","","","","","","",""
"2308","62166","DE61","DE68","DE60","","","","","","","","","","","","","","","","","","","","",""
"2309","62185","27D9","27E1","27D9","","","","","","","","","","","","","","","","","","","","",""
"2310","62199","708F","7096","7087","","","","","","","","","","","","","","","","","","","","",""