"Settings:","","Mono / Help / A","Stereo / Help / A","Mono / Help / START","Stereo / Help / START","Mono / LR / A","Stereo / LR / A","Mono / LR / START","Stereo / LR / START","Mono / L=A / A","Stereo / L=A / A","Mono / L=A / START","Stereo / L=A / START","Mono / L=A / L","Stereo / L=A / L","","","","","","","","","",""
"Seed index","Seed Time (1/16) GBA Frames","Seed","Seed","Seed","","","","","","","","","","","","","","","","","","","","",""
"0","23385","11CF","","","","","","","","","","","","","","","","","","","","","","",""
"1","23399","4064","","","","","","","","","","","","","","","","","","","","","","",""
"2","23414","95C1","","","","","","","","","","","","","","","","","","","","","","",""
"3","23430","D4DE","","","","","","","","","","","","","","","","","","","","","","",""
"4","23446","1E1B","","","","","","","","","","","","","","","","","","","","","","",""
"5","23463","9250","","","","","","","","","","","","","","","","","","","","","","",""
"6","23479","CF24","","","","","","","","","","","","","","","","","","","","","","",""
"7","23494","1702","","","","","","","","","","","","","","","","","","","","","","",""
"8","23509","5FD4","","","","","","","","","","","","","","","","","","","","","","",""
"9","23525","A91A","","","","","","","","","","","","","","","","","","","","","","",""
"10","23541","EDE7","","","","","","","","","","","","","","","","","","","","","","",""
"11","23557","3C39","","","","","","","","","","","","","","","","","","","","","","",""
"12","23575","84D8","","","","","","","","","","","","","","","","","","","","","","",""
"13","23590","CE47","","","","","","","","","","","","","","","","","","","","","","",""
"14","23606","13B9","","","","","","","","","","","","","","","","","","","","","","",""
"15","23621","5C45","","","","","","","","","","","","","","","","","","","","","","",""
"16","23637","A2E8","","","","","","","","","","","","","","","","","","","","","","",""
"17","23653","5217","","","","","","","","","","","","","","","","","","","","","","",""
"18","23669","7D48","","","","","","","","","","","","","","","","","","","","","","",""
"19","23686","C657","","","","","","","","","","","","","","","","","","","","","","",""
"20","23701","0F34","","","","","","","","","","","","","","","","","","","","","","",""
"21","23716","58B5","","","","","","","","","","","","","","","","","","","","","","",""
"22","23734","A249","","","","","","","","","","","","","","","","","","","","","","",""
"23","23749","050E","","","","","","","","","","","","","","","","","","","","","","",""
"24","23765","3027","","","","","","","","","","","","","","","","","","","","","","",""
"25","23780","7DD7","","","","","","","","","","","","","","","","","","","","","","",""
"26","23796","C78D","","","","","","","","","","","","","","","","","","","","","","",""
"27","23812","118F","","","","","","","","","","","","","","","","","","","","","","",""
"28","23828","5972","","","","","","","","","","","","","","","","","","","","","","",""
"29","23843","A30A","","","","","","","","","","","","","","","","","","","","","","",""
"30","23860","09A5","","","","","","","","","","","","","","","","","","","","","","",""
"31","23876","391B","","","","","","","","","","","","","","","","","","","","","","",""
"32","23891","D6BD","","","","","","","","","","","","","","","","","","","","","","",""
"33","23908","20D5","","","","","","","","","","","","","","","","","","","","","","",""
"34","23925","69E9","","","","","","","","","","","","","","","","","","","","","","",""
"35","23940","AFBC","","","","","","","","","","","","","","","","","","","","","","",""
"36","23958","ED5B","","","","","","","","","","","","","","","","","","","","","","",""
"37","23972","368E","","","","","","","","","","","","","","","","","","","","","","",""
"38","23988","7402","","","","","","","","","","","","","","","","","","","","","","",""
"39","24020","B68B","","","","","","","","","","","","","","","","","","","","","","",""
"40","24035","FF59","","","","","","","","","","","","","","","","","","","","","","",""
"41","24052","4893","","","","","","","","","","","","","","","","","","","","","","",""
"42","24066","C898","","","","","","","","","","","","","","","","","","","","","","",""
"43","24084","F489","","","","","","","","","","","","","","","","","","","","","","",""
"44","24100","3DA9","","","","","","","","","","","","","","","","","","","","","","",""
"45","24114","8672","","","","","","","","","","","","","","","","","","","","","","",""
"46","24130","D00A","","","","","","","","","","","","","","","","","","","","","","",""
"47","24147","1993","","","","","","","","","","","","","","","","","","","","","","",""
"48","24162","77A1","","","","","","","","","","","","","","","","","","","","","","",""
"49","24178","AABD","","","","","","","","","","","","","","","","","","","","","","",""
"50","24195","280C","","","","","","","","","","","","","","","","","","","","","","",""
"51","24211","70F5","","","","","","","","","","","","","","","","","","","","","","",""
"52","24226","B579","","","","","","","","","","","","","","","","","","","","","","",""
"53","24243","02EA","","","","","","","","","","","","","","","","","","","","","","",""
"54","24258","807A","","","","","","","","","","","","","","","","","","","","","","",""
"55","24273","A537","","","","","","","","","","","","","","","","","","","","","","",""
"56","24289","ED2B","","","","","","","","","","","","","","","","","","","","","","",""
"57","24321","3595","","","","","","","","","","","","","","","","","","","","","","",""
"58","24338","7E98","","","","","","","","","","","","","","","","","","","","","","",""
"59","24355","C7AD","","","","","","","","","","","","","","","","","","","","","","",""
"60","24369","1168","","","","","","","","","","","","","","","","","","","","","","",""
"61","24386","5A4B","","","","","","","","","","","","","","","","","","","","","","",""
"62","24401","A2C5","","","","","","","","","","","","","","","","","","","","","","",""
"63","24418","E5AF","","","","","","","","","","","","","","","","","","","","","","",""
"64","24434","22B4","","","","","","","","","","","","","","","","","","","","","","",""
"65","24449","6B9A","","","","","","","","","","","","","","","","","","","","","","",""
"66","24465","B5E3","","","","","","","","","","","","","","","","","","","","","","",""
"67","24483","F98C","","","","","","","","","","","","","","","","","","","","","","",""
"68","24498","9C2F","","","","","","","","","","","","","","","","","","","","","","",""
"69","24513","E65F","","","","","","","","","","","","","","","","","","","","","","",""
"70","24531","2EC1","","","","","","","","","","","","","","","","","","","","","","",""
"71","24544","7899","","","","","","","","","","","","","","","","","","","","","","",""
"72","24560","B575","","","","","","","","","","","","","","","","","","","","","","",""
"73","24575","FEAC","","","","","","","","","","","","","","","","","","","","","","",""
"74","24593","2A66","","","","","","","","","","","","","","","","","","","","","","",""
"75","24625","5834","","","","","","","","","","","","","","","","","","","","","","",""
"76","24641","A151","","","","","","","","","","","","","","","","","","","","","","",""
"77","24656","E97C","","","","","","","","","","","","","","","","","","","","","","",""
"78","24672","9A1C","","","","","","","","","","","","","","","","","","","","","","",""
"79","24688","CB4C","","","","","","","","","","","","","","","","","","","","","","",""
"80","24705","17F0","","","","","","","","","","","","","","","","","","","","","","",""
"81","24719","5453","","","","","","","","","","","","","","","","","","","","","","",""
"82","24734","ADAA","","","","","","","","","","","","","","","","","","","","","","",""
"83","24752","F39F","","","","","","","","","","","","","","","","","","","","","","",""
"84","24767","3DDD","","","","","","","","","","","","","","","","","","","","","","",""
"85","24783","89F8","","","","","","","","","","","","","","","","","","","","","","",""
"86","24801","1B40","","","","","","","","","","","","","","","","","","","","","","",""
"87","24816","5B1B","","","","","","","","","","","","","","","","","","","","","","",""
"88","24831","A1A8","","","","","","","","","","","","","","","","","","","","","","",""
"89","24848","EB27","","","","","","","","","","","","","","","","","","","","","","",""
"90","24865","5653","","","","","","","","","","","","","","","","","","","","","","",""
"91","24878","91FA","","","","","","","","","","","","","","","","","","","","","","",""
"92","24895","DA72","","","","","","","","","","","","","","","","","","","","","","",""
"93","24926","26F9","","","","","","","","","","","","","","","","","","","","","","",""
"94","24943","6D0E","","","","","","","","","","","","","","","","","","","","","","",""
"95","24959","A8B8","","","","","","","","","","","","","","","","","","","","","","",""
"96","24975","FF9B","","","","","","","","","","","","","","","","","","","","","","",""
"97","24992","4D0C","","","","","","","","","","","","","","","","","","","","","","",""
"98","25007","92F7","","","","","","","","","","","","","","","","","","","","","","",""
"99","25022","BF41","","","","","","","","","","","","","","","","","","","","","","",""
"100","25038","0C02","","","","","","","","","","","","","","","","","","","","","","",""
"101","25054","519F","","","","","","","","","","","","","","","","","","","","","","",""
"102","25071","9B10","","","","","","","","","","","","","","","","","","","","","","",""
"103","25087","1A9D","","","","","","","","","","","","","","","","","","","","","","",""
"104","25104","9B03","","","","","","","","","","","","","","","","","","","","","","",""
"105","25118","E476","","","","","","","","","","","","","","","","","","","","","","",""
"106","25134","2CE3","","","","","","","","","","","","","","","","","","","","","","",""
"107","25151","760C","","","","","","","","","","","","","","","","","","","","","","",""
"108","25167","9532","","","","","","","","","","","","","","","","","","","","","","",""
"109","25181","DA33","","","","","","","","","","","","","","","","","","","","","","",""
"110","25199","27ED","","","","","","","","","","","","","","","","","","","","","","",""
"111","25230","55F5","","","","","","","","","","","","","","","","","","","","","","",""
"112","25246","834C","","","","","","","","","","","","","","","","","","","","","","",""
"113","25261","CAE4","","","","","","","","","","","","","","","","","","","","","","",""
"114","25277","13AE","","","","","","","","","","","","","","","","","","","","","","",""
"115","25295","BB23","","","","","","","","","","","","","","","","","","","","","","",""
"116","25309","F625","","","","","","","","","","","","","","","","","","","","","","",""
"117","25325","3F3E","","","","","","","","","","","","","","","","","","","","","","",""
"118","25342","8917","","","","","","","","","","","","","","","","","","","","","","",""
"119","25357","D1B4","","","","","","","","","","","","","","","","","","","","","","",""
"120","25373","1AFC","","","","","","","","","","","","","","","","","","","","","","",""
"121","25390","74F7","","","","","","","","","","","","","","","","","","","","","","",""
"122","25405","02FB","","","","","","","","","","","","","","","","","","","","","","",""
"123","25421","479F","","","","","","","","","","","","","","","","","","","","","","",""
"124","25437","9625","","","","","","","","","","","","","","","","","","","","","","",""
"125","25451","DEC0","","","","","","","","","","","","","","","","","","","","","","",""
"126","25470","1C88","","","","","","","","","","","","","","","","","","","","","","",""
"127","25486","7ABE","","","","","","","","","","","","","","","","","","","","","","",""
"128","25503","B1C4","","","","","","","","","","","","","","","","","","","","","","",""
"129","25534","FB68","","","","","","","","","","","","","","","","","","","","","","",""
"130","25549","442E","","","","","","","","","","","","","","","","","","","","","","",""
"131","25565","8D69","","","","","","","","","","","","","","","","","","","","","","",""
"132","25581","D6A5","","","","","","","","","","","","","","","","","","","","","","",""
"133","25596","207B","","","","","","","","","","","","","","","","","","","","","","",""
"134","25612","69B2","","","","","","","","","","","","","","","","","","","","","","",""
"135","25628","B257","","","","","","","","","","","","","","","","","","","","","","",""
"136","25645","F428","","","","","","","","","","","","","","","","","","","","","","",""
"137","25659","3258","","","","","","","","","","","","","","","","","","","","","","",""
"138","25676","71F0","","","","","","","","","","","","","","","","","","","","","","",""
"139","25693","C458","","","","","","","","","","","","","","","","","","","","","","",""
"140","25708","7E8A","","","","","","","","","","","","","","","","","","","","","","",""
"141","25724","C6E5","","","","","","","","","","","","","","","","","","","","","","",""
"142","25739","1001","","","","","","","","","","","","","","","","","","","","","","",""
"143","25755","5950","","","","","","","","","","","","","","","","","","","","","","",""
"144","25771","9770","","","","","","","","","","","","","","","","","","","","","","",""
"145","25786","ED4D","","","","","","","","","","","","","","","","","","","","","","",""
"146","25801","2BC1","","","","","","","","","","","","","","","","","","","","","","",""
"147","25835","7454","","","","","","","","","","","","","","","","","","","","","","",""
"148","25850","9D17","","","","","","","","","","","","","","","","","","","","","","",""
"149","25866","E692","","","","","","","","","","","","","","","","","","","","","","",""
"150","25884","2F4D","","","","","","","","","","","","","","","","","","","","","","",""
"151","25900","ABCE","","","","","","","","","","","","","","","","","","","","","","",""
"152","25915","C935","","","","","","","","","","","","","","","","","","","","","","",""
"153","25931","16C3","","","","","","","","","","","","","","","","","","","","","","",""
"154","25947","607D","","","","","","","","","","","","","","","","","","","","","","",""
"155","25962","A9E7","","","","","","","","","","","","","","","","","","","","","","",""
"156","25978","F1DB","","","","","","","","","","","","","","","","","","","","","","",""
"157","25995","3B91","","","","","","","","","","","","","","","","","","","","","","",""
"158","26011","D939","","","","","","","","","","","","","","","","","","","","","","",""
"159","26026","1BC8","","","","","","","","","","","","","","","","","","","","","","",""
"160","26042","58B6","","","","","","","","","","","","","","","","","","","","","","",""
"161","26058","A177","","","","","","","","","","","","","","","","","","","","","","",""
"162","26075","E013","","","","","","","","","","","","","","","","","","","","","","",""
"163","26090","284B","","","","","","","","","","","","","","","","","","","","","","",""
"164","26106","7162","","","","","","","","","","","","","","","","","","","","","","",""
"165","26139","BAB6","","","","","","","","","","","","","","","","","","","","","","",""
"166","26153","0019","","","","","","","","","","","","","","","","","","","","","","",""
"167","26172","4D3D","","","","","","","","","","","","","","","","","","","","","","",""
"168","26187","966D","","","","","","","","","","","","","","","","","","","","","","",""
"169","26202","E072","","","","","","","","","","","","","","","","","","","","","","",""
"170","26217","28ED","","","","","","","","","","","","","","","","","","","","","","",""
"171","26233","7245","","","","","","","","","","","","","","","","","","","","","","",""
"172","26249","A034","","","","","","","","","","","","","","","","","","","","","","",""
"173","26266","CE8F","","","","","","","","","","","","","","","","","","","","","","",""
"174","26281","177F","","","","","","","","","","","","","","","","","","","","","","",""
"175","26298","60F7","","","","","","","","","","","","","","","","","","","","","","",""
"176","26313","4E67","","","","","","","","","","","","","","","","","","","","","","",""
"177","26328","9AA3","","","","","","","","","","","","","","","","","","","","","","",""
"178","26346","E564","","","","","","","","","","","","","","","","","","","","","","",""
"179","26360","2B25","","","","","","","","","","","","","","","","","","","","","","",""
"180","26376","5E16","","","","","","","","","","","","","","","","","","","","","","",""
"181","26393","B58C","","","","","","","","","","","","","","","","","","","","","","",""
"182","26409","026B","","","","","","","","","","","","","","","","","","","","","","",""
"183","26439","47EB","","","","","","","","","","","","","","","","","","","","","","",""
"184","26457","8942","","","","","","","","","","","","","","","","","","","","","","",""
"185","26471","CAA3","","","","","","","","","","","","","","","","","","","","","","",""
"186","26489","1021","","","","","","","","","","","","","","","","","","","","","","",""
"187","26504","5A2D","","","","","","","","","","","","","","","","","","","","","","",""
"188","26520","CA6E","","","","","","","","","","","","","","","","","","","","","","",""
"189","26535","0630","","","","","","","","","","","","","","","","","","","","","","",""
"190","26551","4A72","","","","","","","","","","","","","","","","","","","","","","",""
"191","26567","A295","","","","","","","","","","","","","","","","","","","","","","",""
"192","26584","DD7D","","","","","","","","","","","","","","","","","","","","","","",""
"193","26599","27D0","","","","","","","","","","","","","","","","","","","","","","",""
"194","26617","BCFE","","","","","","","","","","","","","","","","","","","","","","",""
"195","26632","0E2D","","","","","","","","","","","","","","","","","","","","","","",""
"196","26648","3B7A","","","","","","","","","","","","","","","","","","","","","","",""
"197","26664","90CE","","","","","","","","","","","","","","","","","","","","","","",""
"198","26680","C4C8","","","","","","","","","","","","","","","","","","","","","","",""
"199","26695","0C03","","","","","","","","","","","","","","","","","","","","","","",""
"200","26712","68CF","","","","","","","","","","","","","","","","","","","","","","",""
"201","26742","9B7F","","","","","","","","","","","","","","","","","","","","","","",""
"202","26759","E4BF","","","","","","","","","","","","","","","","","","","","","","",""
"203","26775","2E72","","","","","","","","","","","","","","","","","","","","","","",""
"204","26793","76FB","","","","","","","","","","","","","","","","","","","","","","",""
"205","26808","BFE5","","","","","","","","","","","","","","","","","","","","","","",""
"206","26822","0915","","","","","","","","","","","","","","","","","","","","","","",""
"207","26839","52CC","","","","","","","","","","","","","","","","","","","","","","",""
"208","26855","9BA0","","","","","","","","","","","","","","","","","","","","","","",""
"209","26868","C3E7","","","","","","","","","","","","","","","","","","","","","","",""
"210","26885","BDB2","","","","","","","","","","","","","","","","","","","","","","",""
"211","26902","0619","","","","","","","","","","","","","","","","","","","","","","",""
"212","26918","4223","","","","","","","","","","","","","","","","","","","","","","",""
"213","26936","77DD","","","","","","","","","","","","","","","","","","","","","","",""
"214","26949","C0F0","","","","","","","","","","","","","","","","","","","","","","",""
"215","26966","0AD6","","","","","","","","","","","","","","","","","","","","","","",""
"216","26982","51D7","","","","","","","","","","","","","","","","","","","","","","",""
"217","26998","91B3","","","","","","","","","","","","","","","","","","","","","","",""
"218","27013","F5C3","","","","","","","","","","","","","","","","","","","","","","",""
"219","27046","24EE","","","","","","","","","","","","","","","","","","","","","","",""
"220","27061","6D3E","","","","","","","","","","","","","","","","","","","","","","",""
"221","27078","B632","","","","","","","","","","","","","","","","","","","","","","",""
"222","27093","FF40","","","","","","","","","","","","","","","","","","","","","","",""
"223","27109","447A","","","","","","","","","","","","","","","","","","","","","","",""
"224","27125","91CB","","","","","","","","","","","","","","","","","","","","","","",""
"225","27143","F3AC","","","","","","","","","","","","","","","","","","","","","","",""
"226","27156","22E1","","","","","","","","","","","","","","","","","","","","","","",""
"227","27173","6A7D","","","","","","","","","","","","","","","","","","","","","","",""
"228","27189","B3D3","","","","","","","","","","","","","","","","","","","","","","",""
"229","27205","FCFC","","","","","","","","","","","","","","","","","","","","","","",""
"230","27222","9BC3","","","","","","","","","","","","","","","","","","","","","","",""
"231","27236","E58F","","","","","","","","","","","","","","","","","","","","","","",""
"232","27253","36BA","","","","","","","","","","","","","","","","","","","","","","",""
"233","27268","557B","","","","","","","","","","","","","","","","","","","","","","",""
"234","27285","87B5","","","","","","","","","","","","","","","","","","","","","","",""
"235","27300","D081","","","","","","","","","","","","","","","","","","","","","","",""
"236","27315","62A4","","","","","","","","","","","","","","","","","","","","","","",""
"237","27347","8D25","","","","","","","","","","","","","","","","","","","","","","",""
"238","27364","DAD1","","","","","","","","","","","","","","","","","","","","","","",""
"239","27382","2474","","","","","","","","","","","","","","","","","","","","","","",""
"240","27395","6DC2","","","","","","","","","","","","","","","","","","","","","","",""
"241","27410","B6EB","","","","","","","","","","","","","","","","","","","","","","",""
"242","27428","FEFE","","","","","","","","","","","","","","","","","","","","","","",""
"243","27443","63B1","","","","","","","","","","","","","","","","","","","","","","",""
"244","27460","91D4","","","","","","","","","","","","","","","","","","","","","","",""
"245","27475","DAE6","","","","","","","","","","","","","","","","","","","","","","",""
"246","27492","2433","","","","","","","","","","","","","","","","","","","","","","",""
"247","27508","6D44","","","","","","","","","","","","","","","","","","","","","","",""
"248","27525","3575","","","","","","","","","","","","","","","","","","","","","","",""
"249","27539","5AF7","","","","","","","","","","","","","","","","","","","","","","",""
"250","27555","A3F7","","","","","","","","","","","","","","","","","","","","","","",""
"251","27571","E8E7","","","","","","","","","","","","","","","","","","","","","","",""
"252","27587","29FD","","","","","","","","","","","","","","","","","","","","","","",""
"253","27604","72C2","","","","","","","","","","","","","","","","","","","","","","",""
"254","27619","BD76","","","","","","","","","","","","","","","","","","","","","","",""
"255","27651","0550","","","","","","","","","","","","","","","","","","","","","","",""
"256","27667","4DD3","","","","","","","","","","","","","","","","","","","","","","",""
"257","27683","90BB","","","","","","","","","","","","","","","","","","","","","","",""
"258","27698","CDD0","","","","","","","","","","","","","","","","","","","","","","",""
"259","27715","16A6","","","","","","","","","","","","","","","","","","","","","","",""
"260","27730","5FCD","","","","","","","","","","","","","","","","","","","","","","",""
"261","27747","A91E","","","","","","","","","","","","","","","","","","","","","","",""
"262","27763","F25F","","","","","","","","","","","","","","","","","","","","","","",""
"263","27778","3B98","","","","","","","","","","","","","","","","","","","","","","",""
"264","27795","855F","","","","","","","","","","","","","","","","","","","","","","",""
"265","27809","CE11","","","","","","","","","","","","","","","","","","","","","","",""
"266","27826","6CDE","","","","","","","","","","","","","","","","","","","","","","",""
"267","27841","B599","","","","","","","","","","","","","","","","","","","","","","",""
"268","27858","FF31","","","","","","","","","","","","","","","","","","","","","","",""
"269","27872","282F","","","","","","","","","","","","","","","","","","","","","","",""
"270","27890","4ADF","","","","","","","","","","","","","","","","","","","","","","",""
"271","27906","93D2","","","","","","","","","","","","","","","","","","","","","","",""
"272","27921","DD39","","","","","","","","","","","","","","","","","","","","","","",""
"273","27953","88A9","","","","","","","","","","","","","","","","","","","","","","",""
"274","27970","BF46","","","","","","","","","","","","","","","","","","","","","","",""
"275","27983","0AC1","","","","","","","","","","","","","","","","","","","","","","",""
"276","28001","534B","","","","","","","","","","","","","","","","","","","","","","",""
"277","28017","9CA9","","","","","","","","","","","","","","","","","","","","","","",""
"278","28034","E5FE","","","","","","","","","","","","","","","","","","","","","","",""
"279","28049","2FE7","","","","","","","","","","","","","","","","","","","","","","",""
"280","28064","6D9D","","","","","","","","","","","","","","","","","","","","","","",""
"281","28080","C1C1","","","","","","","","","","","","","","","","","","","","","","",""
"282","28096","037D","","","","","","","","","","","","","","","","","","","","","","",""
"283","28112","41CD","","","","","","","","","","","","","","","","","","","","","","",""
"284","28128","DE77","","","","","","","","","","","","","","","","","","","","","","",""
"285","28145","56C8","","","","","","","","","","","","","","","","","","","","","","",""
"286","28161","84C4","","","","","","","","","","","","","","","","","","","","","","",""
"287","28175","CDE3","","","","","","","","","","","","","","","","","","","","","","",""
"288","28192","0A65","","","","","","","","","","","","","","","","","","","","","","",""
"289","28209","53EF","","","","","","","","","","","","","","","","","","","","","","",""
"290","28224","9D79","","","","","","","","","","","","","","","","","","","","","","",""
"291","28255","E459","","","","","","","","","","","","","","","","","","","","","","",""
"292","28273","2CB9","","","","","","","","","","","","","","","","","","","","","","",""
"293","28288","75E4","","","","","","","","","","","","","","","","","","","","","","",""
"294","28306","A0BE","","","","","","","","","","","","","","","","","","","","","","",""
"295","28320","EE95","","","","","","","","","","","","","","","","","","","","","","",""
"296","28336","3754","","","","","","","","","","","","","","","","","","","","","","",""
"297","28351","8089","","","","","","","","","","","","","","","","","","","","","","",""
"298","28367","01CB","","","","","","","","","","","","","","","","","","","","","","",""
"299","28383","381A","","","","","","","","","","","","","","","","","","","","","","",""
"300","28399","8141","","","","","","","","","","","","","","","","","","","","","","",""
"301","28415","CAFB","","","","","","","","","","","","","","","","","","","","","","",""
"302","28430","68A7","","","","","","","","","","","","","","","","","","","","","","",""
"303","28446","B1FF","","","","","","","","","","","","","","","","","","","","","","",""
"304","28463","DC39","","","","","","","","","","","","","","","","","","","","","","",""
"305","28480","25C4","","","","","","","","","","","","","","","","","","","","","","",""
"306","28495","45B0","","","","","","","","","","","","","","","","","","","","","","",""
"307","28509","7458","","","","","","","","","","","","","","","","","","","","","","",""
"308","28528","B8F2","","","","","","","","","","","","","","","","","","","","","","",""
"309","28560","073D","","","","","","","","","","","","","","","","","","","","","","",""
"310","28576","BE8D","","","","","","","","","","","","","","","","","","","","","","",""
"311","28592","EA4A","","","","","","","","","","","","","","","","","","","","","","",""
"312","28606","322B","","","","","","","","","","","","","","","","","","","","","","",""
"313","28623","7A95","","","","","","","","","","","","","","","","","","","","","","",""
"314","28638","C410","","","","","","","","","","","","","","","","","","","","","","",""
"315","28653","0D4C","","","","","","","","","","","","","","","","","","","","","","",""
"316","28670","75AB","","","","","","","","","","","","","","","","","","","","","","",""
"317","28688","A020","","","","","","","","","","","","","","","","","","","","","","",""
"318","28702","E93A","","","","","","","","","","","","","","","","","","","","","","",""
"319","28719","320E","","","","","","","","","","","","","","","","","","","","","","",""
"320","28736","D0D1","","","","","","","","","","","","","","","","","","","","","","",""
"321","28749","3594","","","","","","","","","","","","","","","","","","","","","","",""
"322","28767","5CD1","","","","","","","","","","","","","","","","","","","","","","",""
"323","28779","AAA3","","","","","","","","","","","","","","","","","","","","","","",""
"324","28797","E9F4","","","","","","","","","","","","","","","","","","","","","","",""
"325","28813","356C","","","","","","","","","","","","","","","","","","","","","","",""
"326","28829","7BC1","","","","","","","","","","","","","","","","","","","","","","",""
"327","28864","C563","","","","","","","","","","","","","","","","","","","","","","",""
"328","28879","0E2C","","","","","","","","","","","","","","","","","","","","","","",""
"329","28891","549C","","","","","","","","","","","","","","","","","","","","","","",""
"330","28910","964D","","","","","","","","","","","","","","","","","","","","","","",""
"331","28926","B809","","","","","","","","","","","","","","","","","","","","","","",""
"332","28942","FF4A","","","","","","","","","","","","","","","","","","","","","","",""
"333","28957","482E","","","","","","","","","","","","","","","","","","","","","","",""
"334","28973","EB4E","","","","","","","","","","","","","","","","","","","","","","",""
"335","28989","1B2A","","","","","","","","","","","","","","","","","","","","","","",""
"336","29006","6441","","","","","","","","","","","","","","","","","","","","","","",""
"337","29021","A72A","","","","","","","","","","","","","","","","","","","","","","",""
"338","29038","4B9D","","","","","","","","","","","","","","","","","","","","","","",""
"339","29052","9619","","","","","","","","","","","","","","","","","","","","","","",""
"340","29068","DBAA","","","","","","","","","","","","","","","","","","","","","","",""
"341","29083","22DB","","","","","","","","","","","","","","","","","","","","","","",""
"342","29101","4211","","","","","","","","","","","","","","","","","","","","","","",""
"343","29117","6D84","","","","","","","","","","","","","","","","","","","","","","",""
"344","29133","B4D9","","","","","","","","","","","","","","","","","","","","","","",""
"345","29165","FDC1","","","","","","","","","","","","","","","","","","","","","","",""
"346","29181","9793","","","","","","","","","","","","","","","","","","","","","","",""
"347","29197","BEAD","","","","","","","","","","","","","","","","","","","","","","",""
"348","29212","07D5","","","","","","","","","","","","","","","","","","","","","","",""
"349","29228","5171","","","","","","","","","","","","","","","","","","","","","","",""
"350","29243","9A00","","","","","","","","","","","","","","","","","","","","","","",""
"351","29260","DE43","","","","","","","","","","","","","","","","","","","","","","",""
"352","29276","2C22","","","","","","","","","","","","","","","","","","","","","","",""
"353","29292","75B7","","","","","","","","","","","","","","","","","","","","","","",""
"354","29307","BEF3","","","","","","","","","","","","","","","","","","","","","","",""
"355","29325","CA0F","","","","","","","","","","","","","","","","","","","","","","",""
"356","29338","5A43","","","","","","","","","","","","","","","","","","","","","","",""
"357","29355","A38B","","","","","","","","","","","","","","","","","","","","","","",""
"358","29370","10AA","","","","","","","","","","","","","","","","","","","","","","",""
"359","29387","567B","","","","","","","","","","","","","","","","","","","","","","",""
"360","29401","9468","","","","","","","","","","","","","","","","","","","","","","",""
"361","29418","DE39","","","","","","","","","","","","","","","","","","","","","","",""
"362","29434","26E1","","","","","","","","","","","","","","","","","","","","","","",""
"363","29468","702D","","","","","","","","","","","","","","","","","","","","","","",""
"364","29483","B9F8","","","","","","","","","","","","","","","","","","","","","","",""
"365","29499","FE50","","","","","","","","","","","","","","","","","","","","","","",""
"366","29514","4BEB","","","","","","","","","","","","","","","","","","","","","","",""
"367","29532","5A4D","","","","","","","","","","","","","","","","","","","","","","",""
"368","29545","862F","","","","","","","","","","","","","","","","","","","","","","",""
"369","29562","CDDF","","","","","","","","","","","","","","","","","","","","","","",""
"370","29578","1743","","","","","","","","","","","","","","","","","","","","","","",""
"371","29595","BA12","","","","","","","","","","","","","","","","","","","","","","",""
"372","29611","F309","","","","","","","","","","","","","","","","","","","","","","",""
"373","29625","3ED2","","","","","","","","","","","","","","","","","","","","","","",""
"374","29642","D9E0","","","","","","","","","","","","","","","","","","","","","","",""
"375","29660","24CC","","","","","","","","","","","","","","","","","","","","","","",""
"376","29675","6E8E","","","","","","","","","","","","","","","","","","","","","","",""
"377","29690","B73E","","","","","","","","","","","","","","","","","","","","","","",""
"378","29705","F5C9","","","","","","","","","","","","","","","","","","","","","","",""
"379","29721","30C2","","","","","","","","","","","","","","","","","","","","","","",""
"380","29737","75CB","","","","","","","","","","","","","","","","","","","","","","",""
"381","29772","BE9E","","","","","","","","","","","","","","","","","","","","","","",""
"382","29785","08AF","","","","","","","","","","","","","","","","","","","","","","",""
"383","29801","9A88","","","","","","","","","","","","","","","","","","","","","","",""
"384","29816","D556","","","","","","","","","","","","","","","","","","","","","","",""
"385","29833","1E97","","","","","","","","","","","","","","","","","","","","","","",""
"386","29848","682D","","","","","","","","","","","","","","","","","","","","","","",""
"387","29864","B05C","","","","","","","","","","","","","","","","","","","","","","",""
"388","29881","FA4C","","","","","","","","","","","","","","","","","","","","","","",""
"389","29896","42D0","","","","","","","","","","","","","","","","","","","","","","",""
"390","29912","8DD6","","","","","","","","","","","","","","","","","","","","","","",""
"391","29927","D5B9","","","","","","","","","","","","","","","","","","","","","","",""
"392","29944","5C34","","","","","","","","","","","","","","","","","","","","","","",""
"393","29959","9E51","","","","","","","","","","","","","","","","","","","","","","",""
"394","29977","EDD3","","","","","","","","","","","","","","","","","","","","","","",""
"395","29992","8A39","","","","","","","","","","","","","","","","","","","","","","",""
"396","30011","B734","","","","","","","","","","","","","","","","","","","","","","",""
"397","30023","FF2E","","","","","","","","","","","","","","","","","","","","","","",""
"398","30042","47BF","","","","","","","","","","","","","","","","","","","","","","",""
"399","30072","909D","","","","","","","","","","","","","","","","","","","","","","",""
"400","30088","D9E5","","","","","","","","","","","","","","","","","","","","","","",""
"401","30104","2396","","","","","","","","","","","","","","","","","","","","","","",""
"402","30121","6C52","","","","","","","","","","","","","","","","","","","","","","",""
"403","30135","B4E5","","","","","","","","","","","","","","","","","","","","","","",""
"404","30151","E41A","","","","","","","","","","","","","","","","","","","","","","",""
"405","30170","0DD0","","","","","","","","","","","","","","","","","","","","","","",""
"406","30186","56D1","","","","","","","","","","","","","","","","","","","","","","",""
"407","30199","DF99","","","","","","","","","","","","","","","","","","","","","","",""
"408","30215","13FE","","","","","","","","","","","","","","","","","","","","","","",""
"409","30231","61B4","","","","","","","","","","","","","","","","","","","","","","",""
"410","30247","0151","","","","","","","","","","","","","","","","","","","","","","",""
"411","30263","5A33","","","","","","","","","","","","","","","","","","","","","","",""
"412","30278","933C","","","","","","","","","","","","","","","","","","","","","","",""
"413","30295","EA62","","","","","","","","","","","","","","","","","","","","","","",""
"414","30313","1A25","","","","","","","","","","","","","","","","","","","","","","",""
"415","30326","6271","","","","","","","","","","","","","","","","","","","","","","",""
"416","30343","AB62","","","","","","","","","","","","","","","","","","","","","","",""
"417","30375","F476","","","","","","","","","","","","","","","","","","","","","","",""
"418","30392","3E4C","","","","","","","","","","","","","","","","","","","","","","",""
"419","30407","9BE9","","","","","","","","","","","","","","","","","","","","","","",""
"420","30423","D41B","","","","","","","","","","","","","","","","","","","","","","",""
"421","30438","1E4B","","","","","","","","","","","","","","","","","","","","","","",""
"422","30453","61D9","","","","","","","","","","","","","","","","","","","","","","",""
"423","30471","AFAA","","","","","","","","","","","","","","","","","","","","","","",""
"424","30487","F9FF","","","","","","","","","","","","","","","","","","","","","","",""
"425","30504","427B","","","","","","","","","","","","","","","","","","","","","","",""
"426","30518","8B81","","","","","","","","","","","","","","","","","","","","","","",""
"427","30535","D540","","","","","","","","","","","","","","","","","","","","","","",""
"428","30550","8566","","","","","","","","","","","","","","","","","","","","","","",""
"429","30566","CE94","","","","","","","","","","","","","","","","","","","","","","",""
"430","30581","1825","","","","","","","","","","","","","","","","","","","","","","",""
"431","30599","5575","","","","","","","","","","","","","","","","","","","","","","",""
"432","30614","84FA","","","","","","","","","","","","","","","","","","","","","","",""
"433","30629","CE0A","","","","","","","","","","","","","","","","","","","","","","",""
"434","30647","17BE","","","","","","","","","","","","","","","","","","","","","","",""
"435","30679","6081","","","","","","","","","","","","","","","","","","","","","","",""
"436","30694","A46E","","","","","","","","","","","","","","","","","","","","","","",""
"437","30711","F36F","","","","","","","","","","","","","","","","","","","","","","",""
"438","30726","3B96","","","","","","","","","","","","","","","","","","","","","","",""
"439","30744","8517","","","","","","","","","","","","","","","","","","","","","","",""
"440","30756","C688","","","","","","","","","","","","","","","","","","","","","","",""
"441","30773","04D8","","","","","","","","","","","","","","","","","","","","","","",""
"442","30789","4D9F","","","","","","","","","","","","","","","","","","","","","","",""
"443","30804","9763","","","","","","","","","","","","","","","","","","","","","","",""
"444","30822","1B22","","","","","","","","","","","","","","","","","","","","","","",""
"445","30838","3ED9","","","","","","","","","","","","","","","","","","","","","","",""
"446","30851","DDC4","","","","","","","","","","","","","","","","","","","","","","",""
"447","30869","2617","","","","","","","","","","","","","","","","","","","","","","",""
"448","30885","6F2F","","","","","","","","","","","","","","","","","","","","","","",""
"449","30900","B87D","","","","","","","","","","","","","","","","","","","","","","",""
"450","30918","F15E","","","","","","","","","","","","","","","","","","","","","","",""
"451","30934","3EAF","","","","","","","","","","","","","","","","","","","","","","",""
"452","30948","7FBA","","","","","","","","","","","","","","","","","","","","","","",""
"453","30980","BF6B","","","","","","","","","","","","","","","","","","","","","","",""
"454","30996","06CD","","","","","","","","","","","","","","","","","","","","","","",""
"455","31012","5016","","","","","","","","","","","","","","","","","","","","","","",""
"456","31030","9953","","","","","","","","","","","","","","","","","","","","","","",""
"457","31044","E27C","","","","","","","","","","","","","","","","","","","","","","",""
"458","31059","2BB7","","","","","","","","","","","","","","","","","","","","","","",""
"459","31075","7589","","","","","","","","","","","","","","","","","","","","","","",""
"460","31090","BE56","","","","","","","","","","","","","","","","","","","","","","",""
"461","31107","0782","","","","","","","","","","","","","","","","","","","","","","",""
"462","31123","5145","","","","","","","","","","","","","","","","","","","","","","",""
"463","31140","99F7","","","","","","","","","","","","","","","","","","","","","","",""
"464","31155","17FA","","","","","","","","","","","","","","","","","","","","","","",""
"465","31171","4B6B","","","","","","","","","","","","","","","","","","","","","","",""
"466","31188","9360","","","","","","","","","","","","","","","","","","","","","","",""
"467","31203","DD13","","","","","","","","","","","","","","","","","","","","","","",""
"468","31220","7ED2","","","","","","","","","","","","","","","","","","","","","","",""
"469","31234","B401","","","","","","","","","","","","","","","","","","","","","","",""
"470","31251","FF86","","","","","","","","","","","","","","","","","","","","","","",""
"471","31282","49D1","","","","","","","","","","","","","","","","","","","","","","",""
"472","31298","8F87","","","","","","","","","","","","","","","","","","","","","","",""
"473","31314","DAD7","","","","","","","","","","","","","","","","","","","","","","",""
"474","31330","264B","","","","","","","","","","","","","","","","","","","","","","",""
"475","31347","6DD7","","","","","","","","","","","","","","","","","","","","","","",""
"476","31361","B67D","","","","","","","","","","","","","","","","","","","","","","",""
"477","31380","FA08","","","","","","","","","","","","","","","","","","","","","","",""
"478","31395","366A","","","","","","","","","","","","","","","","","","","","","","",""
"479","31411","73E1","","","","","","","","","","","","","","","","","","","","","","",""
"480","31427","C87C","","","","","","","","","","","","","","","","","","","","","","",""
"481","31443","3775","","","","","","","","","","","","","","","","","","","","","","",""
"482","31456","C804","","","","","","","","","","","","","","","","","","","","","","",""
"483","31475","1259","","","","","","","","","","","","","","","","","","","","","","",""
"484","31492","5A8E","","","","","","","","","","","","","","","","","","","","","","",""
"485","31507","A3E9","","","","","","","","","","","","","","","","","","","","","","",""
"486","31523","E4B4","","","","","","","","","","","","","","","","","","","","","","",""
"487","31538","2C3D","","","","","","","","","","","","","","","","","","","","","","",""
"488","31554","74EA","","","","","","","","","","","","","","","","","","","","","","",""
"489","31585","A5AD","","","","","","","","","","","","","","","","","","","","","","",""
"490","31602","EDA9","","","","","","","","","","","","","","","","","","","","","","",""
"491","31618","365F","","","","","","","","","","","","","","","","","","","","","","",""
"492","31631","B47A","","","","","","","","","","","","","","","","","","","","","","",""
"493","31649","DEF6","","","","","","","","","","","","","","","","","","","","","","",""
"494","31666","2BA4","","","","","","","","","","","","","","","","","","","","","","",""
"495","31682","74CF","","","","","","","","","","","","","","","","","","","","","","",""
"496","31695","BDC3","","","","","","","","","","","","","","","","","","","","","","",""
"497","31714","0631","","","","","","","","","","","","","","","","","","","","","","",""
"498","31727","5087","","","","","","","","","","","","","","","","","","","","","","",""
"499","31743","98B3","","","","","","","","","","","","","","","","","","","","","","",""
"500","31759","1AEF","","","","","","","","","","","","","","","","","","","","","","",""
"501","31778","4949","","","","","","","","","","","","","","","","","","","","","","",""
"502","31792","91DC","","","","","","","","","","","","","","","","","","","","","","",""
"503","31808","DA9C","","","","","","","","","","","","","","","","","","","","","","",""
"504","31825","5A95","","","","","","","","","","","","","","","","","","","","","","",""
"505","31841","9115","","","","","","","","","","","","","","","","","","","","","","",""
"506","31856","DA3A","","","","","","","","","","","","","","","","","","","","","","",""
"507","31888","1F69","","","","","","","","","","","","","","","","","","","","","","",""
"508","31903","6C8A","","","","","","","","","","","","","","","","","","","","","","",""
"509","31920","C081","","","","","","","","","","","","","","","","","","","","","","",""
"510","31937","FF62","","","","","","","","","","","","","","","","","","","","","","",""
"511","31951","5C81","","","","","","","","","","","","","","","","","","","","","","",""
"512","31968","90FE","","","","","","","","","","","","","","","","","","","","","","",""
"513","31984","DAB5","","","","","","","","","","","","","","","","","","","","","","",""
"514","32000","232C","","","","","","","","","","","","","","","","","","","","","","",""
"515","32014","6C87","","","","","","","","","","","","","","","","","","","","","","",""
"516","32032","B679","","","","","","","","","","","","","","","","","","","","","","",""
"517","32048","1648","","","","","","","","","","","","","","","","","","","","","","",""
"518","32061","9E52","","","","","","","","","","","","","","","","","","","","","","",""
"519","32079","E7BB","","","","","","","","","","","","","","","","","","","","","","",""
"520","32098","30F7","","","","","","","","","","","","","","","","","","","","","","",""
"521","32109","7304","","","","","","","","","","","","","","","","","","","","","","",""
"522","32128","B836","","","","","","","","","","","","","","","","","","","","","","",""
"523","32144","0049","","","","","","","","","","","","","","","","","","","","","","",""
"524","32159","4A6E","","","","","","","","","","","","","","","","","","","","","","",""
"525","32191","A786","","","","","","","","","","","","","","","","","","","","","","",""
"526","32208","E4EC","","","","","","","","","","","","","","","","","","","","","","",""
"527","32222","2E28","","","","","","","","","","","","","","","","","","","","","","",""
"528","32239","77E1","","","","","","","","","","","","","","","","","","","","","","",""
"529","32255","C51A","","","","","","","","","","","","","","","","","","","","","","",""
"530","32270","08FE","","","","","","","","","","","","","","","","","","","","","","",""
"531","32285","510E","","","","","","","","","","","","","","","","","","","","","","",""
"532","32304","9A2A","","","","","","","","","","","","","","","","","","","","","","",""
"533","32318","E267","","","","","","","","","","","","","","","","","","","","","","",""
"534","32333","2C4F","","","","","","","","","","","","","","","","","","","","","","",""
"535","32353","8993","","","","","","","","","","","","","","","","","","","","","","",""
"536","32367","1447","","","","","","","","","","","","","","","","","","","","","","",""
"537","32383","3D5A","","","","","","","","","","","","","","","","","","","","","","",""
"538","32399","867F","","","","","","","","","","","","","","","","","","","","","","",""
"539","32415","CE18","","","","","","","","","","","","","","","","","","","","","","",""
"540","32430","0C1B","","","","","","","","","","","","","","","","","","","","","","",""
"541","32443","8E65","","","","","","","","","","","","","","","","","","","","","","",""
"542","32461","B2B9","","","","","","","","","","","","","","","","","","","","","","",""
"543","32493","FBBB","","","","","","","","","","","","","","","","","","","","","","",""
"544","32510","4579","","","","","","","","","","","","","","","","","","","","","","",""
"545","32527","8DE4","","","","","","","","","","","","","","","","","","","","","","",""
"546","32540","D6B6","","","","","","","","","","","","","","","","","","","","","","",""
"547","32555","1FF8","","","","","","","","","","","","","","","","","","","","","","",""
"548","32575","69CA","","","","","","","","","","","","","","","","","","","","","","",""
"549","32589","B287","","","","","","","","","","","","","","","","","","","","","","",""
"550","32602","EF01","","","","","","","","","","","","","","","","","","","","","","",""
"551","32620","32E9","","","","","","","","","","","","","","","","","","","","","","",""
"552","32638","7A9C","","","","","","","","","","","","","","","","","","","","","","",""
"553","32651","C417","","","","","","","","","","","","","","","","","","","","","","",""
"554","32672","5FB5","","","","","","","","","","","","","","","","","","","","","","",""
"555","32684","A86E","","","","","","","","","","","","","","","","","","","","","","",""
"556","32700","F22A","","","","","","","","","","","","","","","","","","","","","","",""
"557","32716","3AEE","","","","","","","","","","","","","","","","","","","","","","",""
"558","32732","785C","","","","","","","","","","","","","","","","","","","","","","",""
"559","32750","EA4B","","","","","","","","","","","","","","","","","","","","","","",""
"560","32765","2892","","","","","","","","","","","","","","","","","","","","","","",""
"561","32799","71CF","","","","","","","","","","","","","","","","","","","","","","",""
"562","32812","9F00","","","","","","","","","","","","","","","","","","","","","","",""
"563","32827","CE95","","","","","","","","","","","","","","","","","","","","","","",""
"564","32844","12C3","","","","","","","","","","","","","","","","","","","","","","",""
"565","32860","603C","","","","","","","","","","","","","","","","","","","","","","",""
"566","32875","F704","","","","","","","","","","","","","","","","","","","","","","",""
"567","32894","259F","","","","","","","","","","","","","","","","","","","","","","",""
"568","32908","6EFD","","","","","","","","","","","","","","","","","","","","","","",""
"569","32923","B793","","","","","","","","","","","","","","","","","","","","","","",""
"570","32939","00F0","","","","","","","","","","","","","","","","","","","","","","",""
"571","32955","4A24","","","","","","","","","","","","","","","","","","","","","","",""
"572","32971","E859","","","","","","","","","","","","","","","","","","","","","","",""
"573","32987","3188","","","","","","","","","","","","","","","","","","","","","","",""
"574","33004","736B","","","","","","","","","","","","","","","","","","","","","","",""
"575","33019","B109","","","","","","","","","","","","","","","","","","","","","","",""
"576","33034","EE9F","","","","","","","","","","","","","","","","","","","","","","",""
"577","33053","5A9B","","","","","","","","","","","","","","","","","","","","","","",""
"578","33067","93EB","","","","","","","","","","","","","","","","","","","","","","",""
"579","33098","E431","","","","","","","","","","","","","","","","","","","","","","",""
"580","33114","2CD3","","","","","","","","","","","","","","","","","","","","","","",""
"581","33131","764D","","","","","","","","","","","","","","","","","","","","","","",""
"582","33146","BF48","","","","","","","","","","","","","","","","","","","","","","",""
"583","33164","089B","","","","","","","","","","","","","","","","","","","","","","",""
"584","33178","526D","","","","","","","","","","","","","","","","","","","","","","",""
"585","33193","9B8A","","","","","","","","","","","","","","","","","","","","","","",""
"586","33211","CA36","","","","","","","","","","","","","","","","","","","","","","",""
"587","33226","13C0","","","","","","","","","","","","","","","","","","","","","","",""
"588","33243","5C7C","","","","","","","","","","","","","","","","","","","","","","",""
"589","33260","A5B4","","","","","","","","","","","","","","","","","","","","","","",""
"590","33275","4250","","","","","","","","","","","","","","","","","","","","","","",""
"591","33291","8D2C","","","","","","","","","","","","","","","","","","","","","","",""
"592","33307","CFAD","","","","","","","","","","","","","","","","","","","","","","",""
"593","33322","1F29","","","","","","","","","","","","","","","","","","","","","","",""
"594","33337","5B05","","","","","","","","","","","","","","","","","","","","","","",""
"595","33354","A69E","","","","","","","","","","","","","","","","","","","","","","",""
"596","33368","F04A","","","","","","","","","","","","","","","","","","","","","","",""
"597","33402","3983","","","","","","","","","","","","","","","","","","","","","","",""
"598","33417","6647","","","","","","","","","","","","","","","","","","","","","","",""
"599","33436","954C","","","","","","","","","","","","","","","","","","","","","","",""
"600","33450","DE4A","","","","","","","","","","","","","","","","","","","","","","",""
"601","33463","271E","","","","","","","","","","","","","","","","","","","","","","",""
"602","33481","DB73","","","","","","","","","","","","","","","","","","","","","","",""
"603","33497","0AB4","","","","","","","","","","","","","","","","","","","","","","",""
"604","33512","5771","","","","","","","","","","","","","","","","","","","","","","",""
"605","33528","A0A9","","","","","","","","","","","","","","","","","","","","","","",""
"606","33543","E666","","","","","","","","","","","","","","","","","","","","","","",""
"607","33560","27E6","","","","","","","","","","","","","","","","","","","","","","",""
"608","33576","DD46","","","","","","","","","","","","","","","","","","","","","","",""
"609","33594","1A29","","","","","","","","","","","","","","","","","","","","","","",""
"610","33608","62FB","","","","","","","","","","","","","","","","","","","","","","",""
"611","33625","AB42","","","","","","","","","","","","","","","","","","","","","","",""
"612","33642","EA86","","","","","","","","","","","","","","","","","","","","","","",""
"613","33655","335D","","","","","","","","","","","","","","","","","","","","","","",""
"614","33672","97B1","","","","","","","","","","","","","","","","","","","","","","",""
"615","33704","C84D","","","","","","","","","","","","","","","","","","","","","","",""
"616","33720","113D","","","","","","","","","","","","","","","","","","","","","","",""
"617","33734","5BC2","","","","","","","","","","","","","","","","","","","","","","",""
"618","33752","A432","","","","","","","","","","","","","","","","","","","","","","",""
"619","33767","ED1B","","","","","","","","","","","","","","","","","","","","","","",""
"620","33785","37D7","","","","","","","","","","","","","","","","","","","","","","",""
"621","33800","73E8","","","","","","","","","","","","","","","","","","","","","","",""
"622","33815","C8F9","","","","","","","","","","","","","","","","","","","","","","",""
"623","33831","09E1","","","","","","","","","","","","","","","","","","","","","","",""
"624","33846","4AA2","","","","","","","","","","","","","","","","","","","","","","",""
"625","33864","9180","","","","","","","","","","","","","","","","","","","","","","",""
"626","33878","4D29","","","","","","","","","","","","","","","","","","","","","","",""
"627","33895","839A","","","","","","","","","","","","","","","","","","","","","","",""
"628","33913","CC80","","","","","","","","","","","","","","","","","","","","","","",""
"629","33927","1EC7","","","","","","","","","","","","","","","","","","","","","","",""
"630","33945","5508","","","","","","","","","","","","","","","","","","","","","","",""
"631","33961","9DC9","","","","","","","","","","","","","","","","","","","","","","",""
"632","33975","F35D","","","","","","","","","","","","","","","","","","","","","","",""
"633","34007","2FB2","","","","","","","","","","","","","","","","","","","","","","",""
"634","34025","7976","","","","","","","","","","","","","","","","","","","","","","",""
"635","34039","B6DD","","","","","","","","","","","","","","","","","","","","","","",""
"636","34056","17F8","","","","","","","","","","","","","","","","","","","","","","",""
"637","34071","54B5","","","","","","","","","","","","","","","","","","","","","","",""
"638","34086","9EDE","","","","","","","","","","","","","","","","","","","","","","",""
"639","34102","1043","","","","","","","","","","","","","","","","","","","","","","",""
"640","34119","2B38","","","","","","","","","","","","","","","","","","","","","","",""
"641","34135","7442","","","","","","","","","","","","","","","","","","","","","","",""
"642","34150","BDFF","","","","","","","","","","","","","","","","","","","","","","",""
"643","34164","0669","","","","","","","","","","","","","","","","","","","","","","",""
"644","34184","A4E4","","","","","","","","","","","","","","","","","","","","","","",""
"645","34197","EE43","","","","","","","","","","","","","","","","","","","","","","",""
"646","34215","3751","","","","","","","","","","","","","","","","","","","","","","",""
"647","34230","784A","","","","","","","","","","","","","","","","","","","","","","",""
"648","34246","AB73","","","","","","","","","","","","","","","","","","","","","","",""
"649","34262","EEA1","","","","","","","","","","","","","","","","","","","","","","",""
"650","34279","1BF1","","","","","","","","","","","","","","","","","","","","","","",""
"651","34309","A091","","","","","","","","","","","","","","","","","","","","","","",""
"652","34325","DF69","","","","","","","","","","","","","","","","","","","","","","",""
"653","34341","285C","","","","","","","","","","","","","","","","","","","","","","",""
"654","34359","7223","","","","","","","","","","","","","","","","","","","","","","",""
"655","34374","BAEA","","","","","","","","","","","","","","","","","","","","","","",""
"656","34389","0412","","","","","","","","","","","","","","","","","","","","","","",""
"657","34405","4DCD","","","","","","","","","","","","","","","","","","","","","","",""
"658","34420","968D","","","","","","","","","","","","","","","","","","","","","","",""
"659","34438","DFD8","","","","","","","","","","","","","","","","","","","","","","",""
"660","34453","05CE","","","","","","","","","","","","","","","","","","","","","","",""
"661","34469","2A36","","","","","","","","","","","","","","","","","","","","","","",""
"662","34485","EDCF","","","","","","","","","","","","","","","","","","","","","","",""
"663","34501","2669","","","","","","","","","","","","","","","","","","","","","","",""
"664","34517","76F9","","","","","","","","","","","","","","","","","","","","","","",""
"665","34533","BFB6","","","","","","","","","","","","","","","","","","","","","","",""
"666","34548","FFA4","","","","","","","","","","","","","","","","","","","","","","",""
"667","34565","481D","","","","","","","","","","","","","","","","","","","","","","",""
"668","34583","9148","","","","","","","","","","","","","","","","","","","","","","",""
"669","34610","DB47","","","","","","","","","","","","","","","","","","","","","","",""
"670","34626","23D2","","","","","","","","","","","","","","","","","","","","","","",""
"671","34643","6CFB","","","","","","","","","","","","","","","","","","","","","","",""
"672","34660","B64A","","","","","","","","","","","","","","","","","","","","","","",""
"673","34673","FF97","","","","","","","","","","","","","","","","","","","","","","",""
"674","34691","48D6","","","","","","","","","","","","","","","","","","","","","","",""
"675","34707","E3EA","","","","","","","","","","","","","","","","","","","","","","",""
"676","34725","07F0","","","","","","","","","","","","","","","","","","","","","","",""
"677","34739","50F9","","","","","","","","","","","","","","","","","","","","","","",""
"678","34757","9616","","","","","","","","","","","","","","","","","","","","","","",""
"679","34771","E2F5","","","","","","","","","","","","","","","","","","","","","","",""
"680","34787","835E","","","","","","","","","","","","","","","","","","","","","","",""
"681","34803","C7DE","","","","","","","","","","","","","","","","","","","","","","",""
"682","34816","1017","","","","","","","","","","","","","","","","","","","","","","",""
"683","34833","51C4","","","","","","","","","","","","","","","","","","","","","","",""
"684","34850","67AE","","","","","","","","","","","","","","","","","","","","","","",""
"685","34868","B0B4","","","","","","","","","","","","","","","","","","","","","","",""
"686","34883","F978","","","","","","","","","","","","","","","","","","","","","","",""
"687","34914","722C","","","","","","","","","","","","","","","","","","","","","","",""
"688","34930","AE00","","","","","","","","","","","","","","","","","","","","","","",""
"689","34947","F751","","","","","","","","","","","","","","","","","","","","","","",""
"690","34962","40FD","","","","","","","","","","","","","","","","","","","","","","",""
"691","34979","8988","","","","","","","","","","","","","","","","","","","","","","",""
"692","34996","CDEE","","","","","","","","","","","","","","","","","","","","","","",""
"693","35011","FFBE","","","","","","","","","","","","","","","","","","","","","","",""
"694","35026","49B4","","","","","","","","","","","","","","","","","","","","","","",""
"695","35042","9269","","","","","","","","","","","","","","","","","","","","","","",""
"696","35058","BFEA","","","","","","","","","","","","","","","","","","","","","","",""
"697","35073","EDA4","","","","","","","","","","","","","","","","","","","","","","",""
"698","35088","89C2","","","","","","","","","","","","","","","","","","","","","","",""
"699","35106","50F0","","","","","","","","","","","","","","","","","","","","","","",""
"700","35121","8A59","","","","","","","","","","","","","","","","","","","","","","",""
"701","35138","D365","","","","","","","","","","","","","","","","","","","","","","",""
"702","35155","1109","","","","","","","","","","","","","","","","","","","","","","",""
"703","35170","5996","","","","","","","","","","","","","","","","","","","","","","",""
"704","35186","A2F2","","","","","","","","","","","","","","","","","","","","","","",""
"705","35217","FCC3","","","","","","","","","","","","","","","","","","","","","","",""
"706","35231","307A","","","","","","","","","","","","","","","","","","","","","","",""
"707","35249","7E61","","","","","","","","","","","","","","","","","","","","","","",""
"708","35264","C77D","","","","","","","","","","","","","","","","","","","","","","",""
"709","35280","11AF","","","","","","","","","","","","","","","","","","","","","","",""
"710","35296","59FF","","","","","","","","","","","","","","","","","","","","","","",""
"711","35312","A3C1","","","","","","","","","","","","","","","","","","","","","","",""
"712","35328","0CD4","","","","","","","","","","","","","","","","","","","","","","",""
"713","35344","39FE","","","","","","","","","","","","","","","","","","","","","","",""
"714","35359","857C","","","","","","","","","","","","","","","","","","","","","","",""
"715","35378","CFD7","","","","","","","","","","","","","","","","","","","","","","",""
"716","35395","6B43","","","","","","","","","","","","","","","","","","","","","","",""
"717","35409","BBD2","","","","","","","","","","","","","","","","","","","","","","",""
"718","35424","FEBC","","","","","","","","","","","","","","","","","","","","","","",""
"719","35440","47E1","","","","","","","","","","","","","","","","","","","","","","",""
"720","35456","7394","","","","","","","","","","","","","","","","","","","","","","",""
"721","35474","BEDB","","","","","","","","","","","","","","","","","","","","","","",""
"722","35488","05FA","","","","","","","","","","","","","","","","","","","","","","",""
"723","35522","5016","","","","","","","","","","","","","","","","","","","","","","",""
"724","35537","C8A0","","","","","","","","","","","","","","","","","","","","","","",""
"725","35553","0041","","","","","","","","","","","","","","","","","","","","","","",""
"726","35569","4954","","","","","","","","","","","","","","","","","","","","","","",""
"727","35584","9448","","","","","","","","","","","","","","","","","","","","","","",""
"728","35600","DBD0","","","","","","","","","","","","","","","","","","","","","","",""
"729","35616","2512","","","","","","","","","","","","","","","","","","","","","","",""
"730","35633","772D","","","","","","","","","","","","","","","","","","","","","","",""
"731","35648","B94A","","","","","","","","","","","","","","","","","","","","","","",""
"732","35664","01E3","","","","","","","","","","","","","","","","","","","","","","",""
"733","35677","2C4C","","","","","","","","","","","","","","","","","","","","","","",""
"734","35696","BD5C","","","","","","","","","","","","","","","","","","","","","","",""
"735","35711","1056","","","","","","","","","","","","","","","","","","","","","","",""
"736","35727","84D2","","","","","","","","","","","","","","","","","","","","","","",""
"737","35743","AFA6","","","","","","","","","","","","","","","","","","","","","","",""
"738","35759","EB44","","","","","","","","","","","","","","","","","","","","","","",""
"739","35773","33A1","","","","","","","","","","","","","","","","","","","","","","",""
"740","35789","7CA6","","","","","","","","","","","","","","","","","","","","","","",""
"741","35822","C5E3","","","","","","","","","","","","","","","","","","","","","","",""
"742","35838","0FA2","","","","","","","","","","","","","","","","","","","","","","",""
"743","35853","5841","","","","","","","","","","","","","","","","","","","","","","",""
"744","35868","A0F5","","","","","","","","","","","","","","","","","","","","","","",""
"745","35886","C9C0","","","","","","","","","","","","","","","","","","","","","","",""
"746","35904","0722","","","","","","","","","","","","","","","","","","","","","","",""
"747","35919","4F66","","","","","","","","","","","","","","","","","","","","","","",""
"748","35934","A702","","","","","","","","","","","","","","","","","","","","","","",""
"749","35950","E134","","","","","","","","","","","","","","","","","","","","","","",""
"750","35965","2F5B","","","","","","","","","","","","","","","","","","","","","","",""
"751","35982","7878","","","","","","","","","","","","","","","","","","","","","","",""
"752","35998","1530","","","","","","","","","","","","","","","","","","","","","","",""
"753","36014","5FDA","","","","","","","","","","","","","","","","","","","","","","",""
"754","36029","A7B5","","","","","","","","","","","","","","","","","","","","","","",""
"755","36043","F0EB","","","","","","","","","","","","","","","","","","","","","","",""
"756","36062","13EA","","","","","","","","","","","","","","","","","","","","","","",""
"757","36078","3E8C","","","","","","","","","","","","","","","","","","","","","","",""
"758","36095","8795","","","","","","","","","","","","","","","","","","","","","","",""
"759","36124","D060","","","","","","","","","","","","","","","","","","","","","","",""
"760","36140","57AE","","","","","","","","","","","","","","","","","","","","","","",""
"761","36157","91C4","","","","","","","","","","","","","","","","","","","","","","",""
"762","36173","DA5E","","","","","","","","","","","","","","","","","","","","","","",""
"763","36187","1BAC","","","","","","","","","","","","","","","","","","","","","","",""
"764","36204","6CCB","","","","","","","","","","","","","","","","","","","","","","",""
"765","36221","B61D","","","","","","","","","","","","","","","","","","","","","","",""
"766","36235","FFAD","","","","","","","","","","","","","","","","","","","","","","",""
"767","36251","48A0","","","","","","","","","","","","","","","","","","","","","","",""
"768","36270","91E9","","","","","","","","","","","","","","","","","","","","","","",""
"769","36287","D439","","","","","","","","","","","","","","","","","","","","","","",""
"770","36302","6464","","","","","","","","","","","","","","","","","","","","","","",""
"771","36315","AE2F","","","","","","","","","","","","","","","","","","","","","","",""
"772","36332","5F3A","","","","","","","","","","","","","","","","","","","","","","",""
"773","36349","997D","","","","","","","","","","","","","","","","","","","","","","",""
"774","36365","D6E5","","","","","","","","","","","","","","","","","","","","","","",""
"775","36382","200F","","","","","","","","","","","","","","","","","","","","","","",""
"776","36396","69BB","","","","","","","","","","","","","","","","","","","","","","",""
"777","36431","AAE0","","","","","","","","","","","","","","","","","","","","","","",""
"778","36445","FC66","","","","","","","","","","","","","","","","","","","","","","",""
"779","36460","446C","","","","","","","","","","","","","","","","","","","","","","",""
"780","36474","8E9D","","","","","","","","","","","","","","","","","","","","","","",""
"781","36491","BEEE","","","","","","","","","","","","","","","","","","","","","","",""
"782","36508","159C","","","","","","","","","","","","","","","","","","","","","","",""
"783","36523","543E","","","","","","","","","","","","","","","","","","","","","","",""
"784","36541","9D85","","","","","","","","","","","","","","","","","","","","","","",""
"785","36554","1784","","","","","","","","","","","","","","","","","","","","","","",""
"786","36571","4C42","","","","","","","","","","","","","","","","","","","","","","",""
"787","36588","977B","","","","","","","","","","","","","","","","","","","","","","",""
"788","36603","3385","","","","","","","","","","","","","","","","","","","","","","",""
"789","36618","7F0D","","","","","","","","","","","","","","","","","","","","","","",""
"790","36635","A96E","","","","","","","","","","","","","","","","","","","","","","",""
"791","36651","EC4F","","","","","","","","","","","","","","","","","","","","","","",""
"792","36664","2FC1","","","","","","","","","","","","","","","","","","","","","","",""
"793","36683","5D73","","","","","","","","","","","","","","","","","","","","","","",""
"794","36698","888B","","","","","","","","","","","","","","","","","","","","","","",""
"795","36731","D13F","","","","","","","","","","","","","","","","","","","","","","",""
"796","36746","1A14","","","","","","","","","","","","","","","","","","","","","","",""
"797","36763","C4A7","","","","","","","","","","","","","","","","","","","","","","",""
"798","36778","FBA7","","","","","","","","","","","","","","","","","","","","","","",""
"799","36792","4555","","","","","","","","","","","","","","","","","","","","","","",""
"800","36809","8E94","","","","","","","","","","","","","","","","","","","","","","",""
"801","36825","D69B","","","","","","","","","","","","","","","","","","","","","","",""
"802","36844","208E","","","","","","","","","","","","","","","","","","","","","","",""
"803","36859","7910","","","","","","","","","","","","","","","","","","","","","","",""
"804","36874","B434","","","","","","","","","","","","","","","","","","","","","","",""
"805","36889","FB8C","","","","","","","","","","","","","","","","","","","","","","",""
"806","36904","99EA","","","","","","","","","","","","","","","","","","","","","","",""
"807","36921","E312","","","","","","","","","","","","","","","","","","","","","","",""
"808","36936","2C95","","","","","","","","","","","","","","","","","","","","","","",""
"809","36952","8A33","","","","","","","","","","","","","","","","","","","","","","",""
"810","36968","B524","","","","","","","","","","","","","","","","","","","","","","",""
"811","36983","FE3F","","","","","","","","","","","","","","","","","","","","","","",""
"812","37001","482C","","","","","","","","","","","","","","","","","","","","","","",""
"813","37033","9125","","","","","","","","","","","","","","","","","","","","","","",""
"814","37048","D973","","","","","","","","","","","","","","","","","","","","","","",""
"815","37066","234F","","","","","","","","","","","","","","","","","","","","","","",""
"816","37081","6BDC","","","","","","","","","","","","","","","","","","","","","","",""
"817","37095","B5BB","","","","","","","","","","","","","","","","","","","","","","",""
"818","37110","F6EA","","","","","","","","","","","","","","","","","","","","","","",""
"819","37129","36BC","","","","","","","","","","","","","","","","","","","","","","",""
"820","37147","79E9","","","","","","","","","","","","","","","","","","","","","","",""
"821","37160","C71E","","","","","","","","","","","","","","","","","","","","","","",""
"822","37177","41F7","","","","","","","","","","","","","","","","","","","","","","",""
"823","37191","718A","","","","","","","","","","","","","","","","","","","","","","",""
"824","37208","0E97","","","","","","","","","","","","","","","","","","","","","","",""
"825","37225","5882","","","","","","","","","","","","","","","","","","","","","","",""
"826","37240","A110","","","","","","","","","","","","","","","","","","","","","","",""
"827","37254","03E6","","","","","","","","","","","","","","","","","","","","","","",""
"828","37272","2AF7","","","","","","","","","","","","","","","","","","","","","","",""
"829","37288","740C","","","","","","","","","","","","","","","","","","","","","","",""
"830","37303","9DDD","","","","","","","","","","","","","","","","","","","","","","",""
"831","37335","E64F","","","","","","","","","","","","","","","","","","","","","","",""
"832","37353","2FCE","","","","","","","","","","","","","","","","","","","","","","",""
"833","37366","B4B5","","","","","","","","","","","","","","","","","","","","","","",""
"834","37383","D284","","","","","","","","","","","","","","","","","","","","","","",""
"835","37399","202F","","","","","","","","","","","","","","","","","","","","","","",""
"836","37416","69C9","","","","","","","","","","","","","","","","","","","","","","",""
"837","37430","B369","","","","","","","","","","","","","","","","","","","","","","",""
"838","37448","FB2A","","","","","","","","","","","","","","","","","","","","","","",""
"839","37462","44DE","","","","","","","","","","","","","","","","","","","","","","",""
"840","37480","8DC8","","","","","","","","","","","","","","","","","","","","","","",""
"841","37497","D63A","","","","","","","","","","","","","","","","","","","","","","",""
"842","37511","61F5","","","","","","","","","","","","","","","","","","","","","","",""
"843","37527","AACF","","","","","","","","","","","","","","","","","","","","","","",""
"844","37542","F400","","","","","","","","","","","","","","","","","","","","","","",""
"845","37558","3D5F","","","","","","","","","","","","","","","","","","","","","","",""
"846","37574","7AC7","","","","","","","","","","","","","","","","","","","","","","",""
"847","37590","C3F4","","","","","","","","","","","","","","","","","","","","","","",""
"848","37607","095F","","","","","","","","","","","","","","","","","","","","","","",""
"849","37638","5678","","","","","","","","","","","","","","","","","","","","","","",""
"850","37653","9FCC","","","","","","","","","","","","","","","","","","","","","","",""
"851","37670","E9C6","","","","","","","","","","","","","","","","","","","","","","",""
"852","37685","322B","","","","","","","","","","","","","","","","","","","","","","",""
"853","37700","7B9A","","","","","","","","","","","","","","","","","","","","","","",""
"854","37718","A7A5","","","","","","","","","","","","","","","","","","","","","","",""
"855","37733","D473","","","","","","","","","","","","","","","","","","","","","","",""
"856","37748","1D67","","","","","","","","","","","","","","","","","","","","","","",""
"857","37764","66E6","","","","","","","","","","","","","","","","","","","","","","",""
"858","37782","17E1","","","","","","","","","","","","","","","","","","","","","","",""
"859","37798","480D","","","","","","","","","","","","","","","","","","","","","","",""
"860","37813","EA07","","","","","","","","","","","","","","","","","","","","","","",""
"861","37829","3129","","","","","","","","","","","","","","","","","","","","","","",""
"862","37846","6F10","","","","","","","","","","","","","","","","","","","","","","",""
"863","37861","C476","","","","","","","","","","","","","","","","","","","","","","",""
"864","37878","0753","","","","","","","","","","","","","","","","","","","","","","",""
"865","37894","4CB3","","","","","","","","","","","","","","","","","","","","","","",""
"866","37909","8DF2","","","","","","","","","","","","","","","","","","","","","","",""
"867","37940","CF44","","","","","","","","","","","","","","","","","","","","","","",""
"868","37957","14D0","","","","","","","","","","","","","","","","","","","","","","",""
"869","37971","5EEC","","","","","","","","","","","","","","","","","","","","","","",""
"870","37989","D315","","","","","","","","","","","","","","","","","","","","","","",""
"871","38003","0E43","","","","","","","","","","","","","","","","","","","","","","",""
"872","38019","573A","","","","","","","","","","","","","","","","","","","","","","",""
"873","38037","A3B3","","","","","","","","","","","","","","","","","","","","","","",""
"874","38052","E9A8","","","","","","","","","","","","","","","","","","","","","","",""
"875","38068","3337","","","","","","","","","","","","","","","","","","","","","","",""
"876","38084","8081","","","","","","","","","","","","","","","","","","","","","","",""
"877","38099","B8F4","","","","","","","","","","","","","","","","","","","","","","",""
"878","38114","461F","","","","","","","","","","","","","","","","","","","","","","",""
"879","38130","918B","","","","","","","","","","","","","","","","","","","","","","",""
"880","38148","D7FB","","","","","","","","","","","","","","","","","","","","","","",""
"881","38163","2213","","","","","","","","","","","","","","","","","","","","","","",""
"882","38178","942B","","","","","","","","","","","","","","","","","","","","","","",""
"883","38195","C0C4","","","","","","","","","","","","","","","","","","","","","","",""
"884","38212","0A04","","","","","","","","","","","","","","","","","","","","","","",""
"885","38245","537E","","","","","","","","","","","","","","","","","","","","","","",""
"886","38258","9C25","","","","","","","","","","","","","","","","","","","","","","",""
"887","38275","E511","","","","","","","","","","","","","","","","","","","","","","",""
"888","38292","1066","","","","","","","","","","","","","","","","","","","","","","",""
"889","38306","5A65","","","","","","","","","","","","","","","","","","","","","","",""
"890","38324","A29E","","","","","","","","","","","","","","","","","","","","","","",""
"891","38338","CCC3","","","","","","","","","","","","","","","","","","","","","","",""
"892","38353","FE28","","","","","","","","","","","","","","","","","","","","","","",""
"893","38371","4625","","","","","","","","","","","","","","","","","","","","","","",""
"894","38386","8F36","","","","","","","","","","","","","","","","","","","","","","",""
"895","38401","4095","","","","","","","","","","","","","","","","","","","","","","",""
"896","38421","C80F","","","","","","","","","","","","","","","","","","","","","","",""
"897","38436","11A3","","","","","","","","","","","","","","","","","","","","","","",""
"898","38450","59F5","","","","","","","","","","","","","","","","","","","","","","",""
"899","38467","A321","","","","","","","","","","","","","","","","","","","","","","",""
"900","38483","F061","","","","","","","","","","","","","","","","","","","","","","",""
"901","38499","2A02","","","","","","","","","","","","","","","","","","","","","","",""
"902","38516","72A0","","","","","","","","","","","","","","","","","","","","","","",""
"903","38546","BB43","","","","","","","","","","","","","","","","","","","","","","",""
"904","38564","058F","","","","","","","","","","","","","","","","","","","","","","",""
"905","38579","4919","","","","","","","","","","","","","","","","","","","","","","",""
"906","38594","96F6","","","","","","","","","","","","","","","","","","","","","","",""
"907","38611","F708","","","","","","","","","","","","","","","","","","","","","","",""
"908","38625","28FB","","","","","","","","","","","","","","","","","","","","","","",""
"909","38642","7613","","","","","","","","","","","","","","","","","","","","","","",""
"910","38656","BFE9","","","","","","","","","","","","","","","","","","","","","","",""
"911","38673","0458","","","","","","","","","","","","","","","","","","","","","","",""
"912","38691","51D0","","","","","","","","","","","","","","","","","","","","","","",""
"913","38706","9BA3","","","","","","","","","","","","","","","","","","","","","","",""
"914","38719","38C3","","","","","","","","","","","","","","","","","","","","","","",""
"915","38738","7A8C","","","","","","","","","","","","","","","","","","","","","","",""
"916","38753","B8E3","","","","","","","","","","","","","","","","","","","","","","",""
"917","38770","010B","","","","","","","","","","","","","","","","","","","","","","",""
"918","38785","7032","","","","","","","","","","","","","","","","","","","","","","",""
"919","38803","9B9C","","","","","","","","","","","","","","","","","","","","","","",""
"920","38818","ED74","","","","","","","","","","","","","","","","","","","","","","",""
"921","38849","369C","","","","","","","","","","","","","","","","","","","","","","",""
"922","38863","80D6","","","","","","","","","","","","","","","","","","","","","","",""
"923","38879","C92C","","","","","","","","","","","","","","","","","","","","","","",""
"924","38896","125D","","","","","","","","","","","","","","","","","","","","","","",""
"925","38913","68A7","","","","","","","","","","","","","","","","","","","","","","",""
"926","38928","A664","","","","","","","","","","","","","","","","","","","","","","",""
"927","38945","CF18","","","","","","","","","","","","","","","","","","","","","","",""
"928","38958","187E","","","","","","","","","","","","","","","","","","","","","","",""
"929","38977","613C","","","","","","","","","","","","","","","","","","","","","","",""
"930","38992","AA91","","","","","","","","","","","","","","","","","","","","","","",""
"931","39009","2BA5","","","","","","","","","","","","","","","","","","","","","","",""
"932","39023","A1BE","","","","","","","","","","","","","","","","","","","","","","",""
"933","39040","E6A6","","","","","","","","","","","","","","","","","","","","","","",""
"934","39056","33A9","","","","","","","","","","","","","","","","","","","","","","",""
"935","39070","7CD0","","","","","","","","","","","","","","","","","","","","","","",""
"936","39087","BB3B","","","","","","","","","","","","","","","","","","","","","","",""
"937","39105","0321","","","","","","","","","","","","","","","","","","","","","","",""
"938","39118","4B8B","","","","","","","","","","","","","","","","","","","","","","",""
"939","39151","8E74","","","","","","","","","","","","","","","","","","","","","","",""
"940","39165","CB98","","","","","","","","","","","","","","","","","","","","","","",""
"941","39182","1462","","","","","","","","","","","","","","","","","","","","","","",""
"942","39199","5D9A","","","","","","","","","","","","","","","","","","","","","","",""
"943","39215","A6E0","","","","","","","","","","","","","","","","","","","","","","",""
"944","39230","F011","","","","","","","","","","","","","","","","","","","","","","",""
"945","39245","3948","","","","","","","","","","","","","","","","","","","","","","",""
"946","39262","8329","","","","","","","","","","","","","","","","","","","","","","",""
"947","39280","CBDA","","","","","","","","","","","","","","","","","","","","","","",""
"948","39296","10A3","","","","","","","","","","","","","","","","","","","","","","",""
"949","39311","5ECE","","","","","","","","","","","","","","","","","","","","","","",""
"950","39326","FCED","","","","","","","","","","","","","","","","","","","","","","",""
"951","39344","2A84","","","","","","","","","","","","","","","","","","","","","","",""
"952","39357","5879","","","","","","","","","","","","","","","","","","","","","","",""
"953","39375","A0ED","","","","","","","","","","","","","","","","","","","","","","",""
"954","39390","DF9C","","","","","","","","","","","","","","","","","","","","","","",""
"955","39406","909E","","","","","","","","","","","","","","","","","","","","","","",""
"956","39421","BFBC","","","","","","","","","","","","","","","","","","","","","","",""
"957","39453","0F21","","","","","","","","","","","","","","","","","","","","","","",""
"958","39470","5B18","","","","","","","","","","","","","","","","","","","","","","",""
"959","39487","9D0B","","","","","","","","","","","","","","","","","","","","","","",""
"960","39501","EA7C","","","","","","","","","","","","","","","","","","","","","","",""
"961","39519","37C3","","","","","","","","","","","","","","","","","","","","","","",""
"962","39534","7019","","","","","","","","","","","","","","","","","","","","","","",""
"963","39549","C641","","","","","","","","","","","","","","","","","","","","","","",""
"964","39567","07D8","","","","","","","","","","","","","","","","","","","","","","",""
"965","39581","4991","","","","","","","","","","","","","","","","","","","","","","",""
"966","39597","8EC9","","","","","","","","","","","","","","","","","","","","","","",""
"967","39611","D8CA","","","","","","","","","","","","","","","","","","","","","","",""
"968","39629","8DAF","","","","","","","","","","","","","","","","","","","","","","",""
"969","39646","D6B1","","","","","","","","","","","","","","","","","","","","","","",""
"970","39661","2325","","","","","","","","","","","","","","","","","","","","","","",""
"971","39677","66CD","","","","","","","","","","","","","","","","","","","","","","",""
"972","39693","A4EE","","","","","","","","","","","","","","","","","","","","","","",""
"973","39708","F1AD","","","","","","","","","","","","","","","","","","","","","","",""
"974","39726","37E2","","","","","","","","","","","","","","","","","","","","","","",""
"975","39757","8080","","","","","","","","","","","","","","","","","","","","","","",""
"976","39773","A61C","","","","","","","","","","","","","","","","","","","","","","",""
"977","39788","FCED","","","","","","","","","","","","","","","","","","","","","","",""
"978","39806","4138","","","","","","","","","","","","","","","","","","","","","","",""
"979","39819","8AF4","","","","","","","","","","","","","","","","","","","","","","",""
"980","39836","1057","","","","","","","","","","","","","","","","","","","","","","",""
"981","39853","3E31","","","","","","","","","","","","","","","","","","","","","","",""
"982","39867","8763","","","","","","","","","","","","","","","","","","","","","","",""
"983","39884","D11D","","","","","","","","","","","","","","","","","","","","","","",""
"984","39900","19A7","","","","","","","","","","","","","","","","","","","","","","",""
"985","39915","627E","","","","","","","","","","","","","","","","","","","","","","",""
"986","39932","015B","","","","","","","","","","","","","","","","","","","","","","",""
"987","39946","4A93","","","","","","","","","","","","","","","","","","","","","","",""
"988","39964","773C","","","","","","","","","","","","","","","","","","","","","","",""
"989","39977","88B1","","","","","","","","","","","","","","","","","","","","","","",""
"990","39996","C00E","","","","","","","","","","","","","","","","","","","","","","",""
"991","40010","0E89","","","","","","","","","","","","","","","","","","","","","","",""
"992","40027","B5EA","","","","","","","","","","","","","","","","","","","","","","",""
"993","40058","F051","","","","","","","","","","","","","","","","","","","","","","",""
"994","40074","3927","","","","","","","","","","","","","","","","","","","","","","",""
"995","40090","8306","","","","","","","","","","","","","","","","","","","","","","",""
"996","40105","E0B9","","","","","","","","","","","","","","","","","","","","","","",""
"997","40123","15FD","","","","","","","","","","","","","","","","","","","","","","",""
"998","40136","6F27","","","","","","","","","","","","","","","","","","","","","","",""
"999","40157","A904","","","","","","","","","","","","","","","","","","","","","","",""
"1000","40170","F16B","","","","","","","","","","","","","","","","","","","","","","",""
"1001","40186","3A41","","","","","","","","","","","","","","","","","","","","","","",""
"1002","40202","8378","","","","","","","","","","","","","","","","","","","","","","",""
"1003","40220","CD2D","","","","","","","","","","","","","","","","","","","","","","",""
"1004","40234","650E","","","","","","","","","","","","","","","","","","","","","","",""
"1005","40252","B390","","","","","","","","","","","","","","","","","","","","","","",""
"1006","40265","FC15","","","","","","","","","","","","","","","","","","","","","","",""
"1007","40282","4578","","","","","","","","","","","","","","","","","","","","","","",""
"1008","40299","823F","","","","","","","","","","","","","","","","","","","","","","",""
"1009","40312","CB6E","","","","","","","","","","","","","","","","","","","","","","",""
"1010","40331","14CC","","","","","","","","","","","","","","","","","","","","","","",""
"1011","40362","5E84","","","","","","","","","","","","","","","","","","","","","","",""
"1012","40376","CCCB","","","","","","","","","","","","","","","","","","","","","","",""
"1013","40396","0232","","","","","","","","","","","","","","","","","","","","","","",""
"1014","40410","4B74","","","","","","","","","","","","","","","","","","","","","","",""
"1015","40423","9511","","","","","","","","","","","","","","","","","","","","","","",""
"1016","40442","DEFB","","","","","","","","","","","","","","","","","","","","","","",""
"1017","40456","17F4","","","","","","","","","","","","","","","","","","","","","","",""
"1018","40474","611C","","","","","","","","","","","","","","","","","","","","","","",""
"1019","40489","A626","","","","","","","","","","","","","","","","","","","","","","",""
"1020","40503","F3AB","","","","","","","","","","","","","","","","","","","","","","",""
"1021","40520","3C1C","","","","","","","","","","","","","","","","","","","","","","",""
"1022","40536","E854","","","","","","","","","","","","","","","","","","","","","","",""
"1023","40552","2445","","","","","","","","","","","","","","","","","","","","","","",""
"1024","40569","6D5D","","","","","","","","","","","","","","","","","","","","","","",""
"1025","40585","B6BD","","","","","","","","","","","","","","","","","","","","","","",""
"1026","40602","F38F","","","","","","","","","","","","","","","","","","","","","","",""
"1027","40618","3D76","","","","","","","","","","","","","","","","","","","","","","",""
"1028","40635","AAFB","","","","","","","","","","","","","","","","","","","","","","",""
"1029","40665","CBC6","","","","","","","","","","","","","","","","","","","","","","",""
"1030","40682","14C2","","","","","","","","","","","","","","","","","","","","","","",""
"1031","40696","5E8A","","","","","","","","","","","","","","","","","","","","","","",""
"1032","40711","A6FD","","","","","","","","","","","","","","","","","","","","","","",""
"1033","40729","EB36","","","","","","","","","","","","","","","","","","","","","","",""
"1034","40743","391D","","","","","","","","","","","","","","","","","","","","","","",""
"1035","40757","8522","","","","","","","","","","","","","","","","","","","","","","",""
"1036","40777","CBE1","","","","","","","","","","","","","","","","","","","","","","",""
"1037","40792","0DC9","","","","","","","","","","","","","","","","","","","","","","",""
"1038","40807","4D22","","","","","","","","","","","","","","","","","","","","","","",""
"1039","40825","93AA","","","","","","","","","","","","","","","","","","","","","","",""
"1040","40839","5EAE","","","","","","","","","","","","","","","","","","","","","","",""
"1041","40854","9A97","","","","","","","","","","","","","","","","","","","","","","",""
"1042","40872","E3C4","","","","","","","","","","","","","","","","","","","","","","",""
"1043","40887","2EB0","","","","","","","","","","","","","","","","","","","","","","",""
"1044","40902","69CB","","","","","","","","","","","","","","","","","","","","","","",""
"1045","40919","B331","","","","","","","","","","","","","","","","","","","","","","",""
"1046","40935","FF2E","","","","","","","","","","","","","","","","","","","","","","",""
"1047","40968","4118","","","","","","","","","","","","","","","","","","","","","","",""
"1048","40982","8EDB","","","","","","","","","","","","","","","","","","","","","","",""
"1049","40998","9C30","","","","","","","","","","","","","","","","","","","","","","",""
"1050","41014","E912","","","","","","","","","","","","","","","","","","","","","","",""
"1051","41031","2E3B","","","","","","","","","","","","","","","","","","","","","","",""
"1052","41047","780D","","","","","","","","","","","","","","","","","","","","","","",""
"1053","41061","E1B2","","","","","","","","","","","","","","","","","","","","","","",""
"1054","41077","218F","","","","","","","","","","","","","","","","","","","","","","",""
"1055","41096","6B71","","","","","","","","","","","","","","","","","","","","","","",""
"1056","41111","B645","","","","","","","","","","","","","","","","","","","","","","",""
"1057","41126","FD5E","","","","","","","","","","","","","","","","","","","","","","",""
"1058","41142","9C21","","","","","","","","","","","","","","","","","","","","","","",""
"1059","41158","E3EB","","","","","","","","","","","","","","","","","","","","","","",""
"1060","41173","2CF9","","","","","","","","","","","","","","","","","","","","","","",""
"1061","41188","4AF1","","","","","","","","","","","","","","","","","","","","","","",""
"1062","41206","6B72","","","","","","","","","","","","","","","","","","","","","","",""
"1063","41220","B1BF","","","","","","","","","","","","","","","","","","","","","","",""
"1064","41237","FB63","","","","","","","","","","","","","","","","","","","","","","",""
"1065","41269","D5AB","","","","","","","","","","","","","","","","","","","","","","",""
"1066","41288","FDE1","","","","","","","","","","","","","","","","","","","","","","",""
"1067","41303","46F1","","","","","","","","","","","","","","","","","","","","","","",""
"1068","41318","9085","","","","","","","","","","","","","","","","","","","","","","",""
"1069","41334","D897","","","","","","","","","","","","","","","","","","","","","","",""
"1070","41350","22A7","","","","","","","","","","","","","","","","","","","","","","",""
"1071","41364","7EEE","","","","","","","","","","","","","","","","","","","","","","",""
"1072","41383","B361","","","","","","","","","","","","","","","","","","","","","","",""
"1073","41399","FB56","","","","","","","","","","","","","","","","","","","","","","",""
"1074","41415","44B5","","","","","","","","","","","","","","","","","","","","","","",""
"1075","41429","8DC9","","","","","","","","","","","","","","","","","","","","","","",""
"1076","41444","0CEC","","","","","","","","","","","","","","","","","","","","","","",""
"1077","41459","97D2","","","","","","","","","","","","","","","","","","","","","","",""
"1078","41478","CA6C","","","","","","","","","","","","","","","","","","","","","","",""
"1079","41492","122C","","","","","","","","","","","","","","","","","","","","","","",""
"1080","41507","4E8E","","","","","","","","","","","","","","","","","","","","","","",""
"1081","41526","9780","","","","","","","","","","","","","","","","","","","","","","",""
"1082","41540","C1DF","","","","","","","","","","","","","","","","","","","","","","",""
"1083","41573","0BBF","","","","","","","","","","","","","","","","","","","","","","",""
"1084","41589","540E","","","","","","","","","","","","","","","","","","","","","","",""
"1085","41605","9CA8","","","","","","","","","","","","","","","","","","","","","","",""
"1086","41621","E705","","","","","","","","","","","","","","","","","","","","","","",""
"1087","41637","2F20","","","","","","","","","","","","","","","","","","","","","","",""
"1088","41650","785F","","","","","","","","","","","","","","","","","","","","","","",""
"1089","41668","E3DC","","","","","","","","","","","","","","","","","","","","","","",""
"1090","41686","17C5","","","","","","","","","","","","","","","","","","","","","","",""
"1091","41700","6584","","","","","","","","","","","","","","","","","","","","","","",""
"1092","41718","AEB3","","","","","","","","","","","","","","","","","","","","","","",""
"1093","41731","F8FC","","","","","","","","","","","","","","","","","","","","","","",""
"1094","41750","9745","","","","","","","","","","","","","","","","","","","","","","",""
"1095","41763","EDC8","","","","","","","","","","","","","","","","","","","","","","",""
"1096","41779","295A","","","","","","","","","","","","","","","","","","","","","","",""
"1097","41795","72A0","","","","","","","","","","","","","","","","","","","","","","",""
"1098","41812","B021","","","","","","","","","","","","","","","","","","","","","","",""
"1099","41828","F953","","","","","","","","","","","","","","","","","","","","","","",""
"1100","41842","41FB","","","","","","","","","","","","","","","","","","","","","","",""
"1101","41874","A5D4","","","","","","","","","","","","","","","","","","","","","","",""
"1102","41890","D853","","","","","","","","","","","","","","","","","","","","","","",""
"1103","41906","2332","","","","","","","","","","","","","","","","","","","","","","",""
"1104","41923","61B7","","","","","","","","","","","","","","","","","","","","","","",""
"1105","41940","B762","","","","","","","","","","","","","","","","","","","","","","",""
"1106","41953","FEE9","","","","","","","","","","","","","","","","","","","","","","",""
"1107","41972","4924","","","","","","","","","","","","","","","","","","","","","","",""
"1108","41986","934D","","","","","","","","","","","","","","","","","","","","","","",""
"1109","42001","DAB0","","","","","","","","","","","","","","","","","","","","","","",""
"1110","42017","1C71","","","","","","","","","","","","","","","","","","","","","","",""
"1111","42033","5C56","","","","","","","","","","","","","","","","","","","","","","",""
"1112","42047","F6F3","","","","","","","","","","","","","","","","","","","","","","",""
"1113","42066","6826","","","","","","","","","","","","","","","","","","","","","","",""
"1114","42084","A453","","","","","","","","","","","","","","","","","","","","","","",""
"1115","42100","ECCF","","","","","","","","","","","","","","","","","","","","","","",""
"1116","42113","2CF4","","","","","","","","","","","","","","","","","","","","","","",""
"1117","42132","749B","","","","","","","","","","","","","","","","","","","","","","",""
"1118","42147","B26B","","","","","","","","","","","","","","","","","","","","","","",""
"1119","42180","071D","","","","","","","","","","","","","","","","","","","","","","",""
"1120","42195","52D1","","","","","","","","","","","","","","","","","","","","","","",""
"1121","42211","9A6C","","","","","","","","","","","","","","","","","","","","","","",""
"1122","42225","C255","","","","","","","","","","","","","","","","","","","","","","",""
"1123","42242","0D75","","","","","","","","","","","","","","","","","","","","","","",""
"1124","42257","54BD","","","","","","","","","","","","","","","","","","","","","","",""
"1125","42274","9DEA","","","","","","","","","","","","","","","","","","","","","","",""
"1126","42287","268B","","","","","","","","","","","","","","","","","","","","","","",""
"1127","42305","443F","","","","","","","","","","","","","","","","","","","","","","",""
"1128","42321","8D4D","","","","","","","","","","","","","","","","","","","","","","",""
"1129","42337","D6E6","","","","","","","","","","","","","","","","","","","","","","",""
"1130","42352","748A","","","","","","","","","","","","","","","","","","","","","","",""
"1131","42368","BDDB","","","","","","","","","","","","","","","","","","","","","","",""
"1132","42383","029E","","","","","","","","","","","","","","","","","","","","","","",""
"1133","42401","5058","","","","","","","","","","","","","","","","","","","","","","",""
"1134","42418","850C","","","","","","","","","","","","","","","","","","","","","","",""
"1135","42431","C4B4","","","","","","","","","","","","","","","","","","","","","","",""
"1136","42449","0C09","","","","","","","","","","","","","","","","","","","","","","",""
"1137","42480","5562","","","","","","","","","","","","","","","","","","","","","","",""
"1138","42496","A1C0","","","","","","","","","","","","","","","","","","","","","","",""
"1139","42511","E6F0","","","","","","","","","","","","","","","","","","","","","","",""
"1140","42528","2F9B","","","","","","","","","","","","","","","","","","","","","","",""
"1141","42545","7983","","","","","","","","","","","","","","","","","","","","","","",""
"1142","42558","C79E","","","","","","","","","","","","","","","","","","","","","","",""
"1143","42574","0C0D","","","","","","","","","","","","","","","","","","","","","","",""
"1144","42590","7AEF","","","","","","","","","","","","","","","","","","","","","","",""
"1145","42606","BF1D","","","","","","","","","","","","","","","","","","","","","","",""
"1146","42623","073C","","","","","","","","","","","","","","","","","","","","","","",""
"1147","42638","3174","","","","","","","","","","","","","","","","","","","","","","",""
"1148","42655","B53C","","","","","","","","","","","","","","","","","","","","","","",""
"1149","42672","FE12","","","","","","","","","","","","","","","","","","","","","","",""
"1150","42686","8311","","","","","","","","","","","","","","","","","","","","","","",""
"1151","42702","BAA9","","","","","","","","","","","","","","","","","","","","","","",""
"1152","42718","F88A","","","","","","","","","","","","","","","","","","","","","","",""
"1153","42733","4152","","","","","","","","","","","","","","","","","","","","","","",""
"1154","42750","8A75","","","","","","","","","","","","","","","","","","","","","","",""
"1155","42782","D3B6","","","","","","","","","","","","","","","","","","","","","","",""
"1156","42800","FD35","","","","","","","","","","","","","","","","","","","","","","",""
"1157","42814","47CE","","","","","","","","","","","","","","","","","","","","","","",""
"1158","42830","8F8C","","","","","","","","","","","","","","","","","","","","","","",""
"1159","42847","D214","","","","","","","","","","","","","","","","","","","","","","",""
"1160","42862","0D23","","","","","","","","","","","","","","","","","","","","","","",""
"1161","42878","519C","","","","","","","","","","","","","","","","","","","","","","",""
"1162","42895","9F28","","","","","","","","","","","","","","","","","","","","","","",""
"1163","42910","36A2","","","","","","","","","","","","","","","","","","","","","","",""
"1164","42925","6F15","","","","","","","","","","","","","","","","","","","","","","",""
"1165","42943","B71E","","","","","","","","","","","","","","","","","","","","","","",""
"1166","42957","54CB","","","","","","","","","","","","","","","","","","","","","","",""
"1167","42974","9E10","","","","","","","","","","","","","","","","","","","","","","",""
"1168","42988","E777","","","","","","","","","","","","","","","","","","","","","","",""
"1169","43008","3091","","","","","","","","","","","","","","","","","","","","","","",""
"1170","43022","6CC2","","","","","","","","","","","","","","","","","","","","","","",""
"1171","43036","9DB5","","","","","","","","","","","","","","","","","","","","","","",""
"1172","43052","C973","","","","","","","","","","","","","","","","","","","","","","",""
"1173","43085","1262","","","","","","","","","","","","","","","","","","","","","","",""
"1174","43100","B15C","","","","","","","","","","","","","","","","","","","","","","",""
"1175","43115","DF16","","","","","","","","","","","","","","","","","","","","","","",""
"1176","43132","2D03","","","","","","","","","","","","","","","","","","","","","","",""
"1177","43150","78EF","","","","","","","","","","","","","","","","","","","","","","",""
"1178","43163","C1FC","","","","","","","","","","","","","","","","","","","","","","",""
"1179","43179","082D","","","","","","","","","","","","","","","","","","","","","","",""
"1180","43195","5541","","","","","","","","","","","","","","","","","","","","","","",""
"1181","43214","9CC3","","","","","","","","","","","","","","","","","","","","","","",""
"1182","43231","E60E","","","","","","","","","","","","","","","","","","","","","","",""
"1183","43243","142D","","","","","","","","","","","","","","","","","","","","","","",""
"1184","43263","75C2","","","","","","","","","","","","","","","","","","","","","","",""
"1185","43274","BE13","","","","","","","","","","","","","","","","","","","","","","",""
"1186","43292","6300","","","","","","","","","","","","","","","","","","","","","","",""
"1187","43307","A07B","","","","","","","","","","","","","","","","","","","","","","",""
"1188","43323","DDD2","","","","","","","","","","","","","","","","","","","","","","",""
"1189","43339","2147","","","","","","","","","","","","","","","","","","","","","","",""
"1190","43357","7058","","","","","","","","","","","","","","","","","","","","","","",""
"1191","43388","C82C","","","","","","","","","","","","","","","","","","","","","","",""
"1192","43404","02B3","","","","","","","","","","","","","","","","","","","","","","",""
"1193","43421","5652","","","","","","","","","","","","","","","","","","","","","","",""
"1194","43436","9399","","","","","","","","","","","","","","","","","","","","","","",""
"1195","43452","DD69","","","","","","","","","","","","","","","","","","","","","","",""
"1196","43468","260D","","","","","","","","","","","","","","","","","","","","","","",""
"1197","43485","705A","","","","","","","","","","","","","","","","","","","","","","",""
"1198","43500","B868","","","","","","","","","","","","","","","","","","","","","","",""
"1199","43513","19E9","","","","","","","","","","","","","","","","","","","","","","",""
"1200","43532","4D0A","","","","","","","","","","","","","","","","","","","","","","",""
"1201","43548","9621","","","","","","","","","","","","","","","","","","","","","","",""
"1202","43563","3500","","","","","","","","","","","","","","","","","","","","","","",""
"1203","43582","78E9","","","","","","","","","","","","","","","","","","","","","","",""
"1204","43595","C76E","","","","","","","","","","","","","","","","","","","","","","",""
"1205","43610","0FFC","","","","","","","","","","","","","","","","","","","","","","",""
"1206","43626","4E8D","","","","","","","","","","","","","","","","","","","","","","",""
"1207","43643","ADEF","","","","","","","","","","","","","","","","","","","","","","",""
"1208","43659","F0EE","","","","","","","","","","","","","","","","","","","","","","",""
"1209","43692","3557","","","","","","","","","","","","","","","","","","","","","","",""
"1210","43707","7E8B","","","","","","","","","","","","","","","","","","","","","","",""
"1211","43724","D1B3","","","","","","","","","","","","","","","","","","","","","","",""
"1212","43737","0F6A","","","","","","","","","","","","","","","","","","","","","","",""
"1213","43755","5930","","","","","","","","","","","","","","","","","","","","","","",""
"1214","43770","A1CF","","","","","","","","","","","","","","","","","","","","","","",""
"1215","43786","EC35","","","","","","","","","","","","","","","","","","","","","","",""
"1216","43802","3449","","","","","","","","","","","","","","","","","","","","","","",""
"1217","43819","7E0E","","","","","","","","","","","","","","","","","","","","","","",""
"1218","43832","C232","","","","","","","","","","","","","","","","","","","","","","",""
"1219","43850","0FF8","","","","","","","","","","","","","","","","","","","","","","",""
"1220","43865","8EFE","","","","","","","","","","","","","","","","","","","","","","",""
"1221","43881","D77A","","","","","","","","","","","","","","","","","","","","","","",""
"1222","43898","2143","","","","","","","","","","","","","","","","","","","","","","",""
"1223","43912","9CFC","","","","","","","","","","","","","","","","","","","","","","",""
"1224","43929","B975","","","","","","","","","","","","","","","","","","","","","","",""
"1225","43946","0275","","","","","","","","","","","","","","","","","","","","","","",""
"1226","43960","4C2E","","","","","","","","","","","","","","","","","","","","","","",""
"1227","43993","94A9","","","","","","","","","","","","","","","","","","","","","","",""
"1228","44010","DD84","","","","","","","","","","","","","","","","","","","","","","",""
"1229","44024","26D0","","","","","","","","","","","","","","","","","","","","","","",""
"1230","44040","7085","","","","","","","","","","","","","","","","","","","","","","",""
"1231","44056","B94C","","","","","","","","","","","","","","","","","","","","","","",""
"1232","44074","F5B5","","","","","","","","","","","","","","","","","","","","","","",""
"1233","44088","39A4","","","","","","","","","","","","","","","","","","","","","","",""
"1234","44106","8156","","","","","","","","","","","","","","","","","","","","","","",""
"1235","44121","CAD0","","","","","","","","","","","","","","","","","","","","","","",""
"1236","44136","13E9","","","","","","","","","","","","","","","","","","","","","","",""
"1237","44153","5D15","","","","","","","","","","","","","","","","","","","","","","",""
"1238","44167","FBE6","","","","","","","","","","","","","","","","","","","","","","",""
"1239","44184","448F","","","","","","","","","","","","","","","","","","","","","","",""
"1240","44200","8DD5","","","","","","","","","","","","","","","","","","","","","","",""
"1241","44216","D789","","","","","","","","","","","","","","","","","","","","","","",""
"1242","44232","1482","","","","","","","","","","","","","","","","","","","","","","",""
"1243","44247","5DDE","","","","","","","","","","","","","","","","","","","","","","",""
"1244","44263","8B34","","","","","","","","","","","","","","","","","","","","","","",""
"1245","44295","BAC0","","","","","","","","","","","","","","","","","","","","","","",""
"1246","44310","FEF8","","","","","","","","","","","","","","","","","","","","","","",""
"1247","44328","4C71","","","","","","","","","","","","","","","","","","","","","","",""
"1248","44343","F574","","","","","","","","","","","","","","","","","","","","","","",""
"1249","44359","2EA5","","","","","","","","","","","","","","","","","","","","","","",""
"1250","44376","7803","","","","","","","","","","","","","","","","","","","","","","",""
"1251","44391","C0A2","","","","","","","","","","","","","","","","","","","","","","",""
"1252","44406","09F9","","","","","","","","","","","","","","","","","","","","","","",""
"1253","44423","533C","","","","","","","","","","","","","","","","","","","","","","",""
"1254","44438","9D05","","","","","","","","","","","","","","","","","","","","","","",""
"1255","44454","E641","","","","","","","","","","","","","","","","","","","","","","",""
"1256","44471","7BE8","","","","","","","","","","","","","","","","","","","","","","",""
"1257","44489","B9A5","","","","","","","","","","","","","","","","","","","","","","",""
"1258","44505","0266","","","","","","","","","","","","","","","","","","","","","","",""
"1259","44519","7B9C","","","","","","","","","","","","","","","","","","","","","","",""
"1260","44536","9A03","","","","","","","","","","","","","","","","","","","","","","",""
"1261","44550","E7A5","","","","","","","","","","","","","","","","","","","","","","",""
"1262","44567","3176","","","","","","","","","","","","","","","","","","","","","","",""
"1263","44599","7ACD","","","","","","","","","","","","","","","","","","","","","","",""
"1264","44613","C2D3","","","","","","","","","","","","","","","","","","","","","","",""
"1265","44630","0C83","","","","","","","","","","","","","","","","","","","","","","",""
"1266","44644","555A","","","","","","","","","","","","","","","","","","","","","","",""
"1267","44663","9DD5","","","","","","","","","","","","","","","","","","","","","","",""
"1268","44678","CE10","","","","","","","","","","","","","","","","","","","","","","",""
"1269","44692","1688","","","","","","","","","","","","","","","","","","","","","","",""
"1270","44711","5F41","","","","","","","","","","","","","","","","","","","","","","",""
"1271","44727","A99E","","","","","","","","","","","","","","","","","","","","","","",""
"1272","44742","26E8","","","","","","","","","","","","","","","","","","","","","","",""
"1273","44758","5E4D","","","","","","","","","","","","","","","","","","","","","","",""
"1274","44773","F8D9","","","","","","","","","","","","","","","","","","","","","","",""
"1275","44791","47FE","","","","","","","","","","","","","","","","","","","","","","",""
"1276","44804","8EC8","","","","","","","","","","","","","","","","","","","","","","",""
"1277","44818","DA93","","","","","","","","","","","","","","","","","","","","","","",""
"1278","44839","17DA","","","","","","","","","","","","","","","","","","","","","","",""
"1279","44854","6077","","","","","","","","","","","","","","","","","","","","","","",""
"1280","44868","8F69","","","","","","","","","","","","","","","","","","","","","","",""
"1281","44898","9C40","","","","","","","","","","","","","","","","","","","","","","",""
"1282","44918","E588","","","","","","","","","","","","","","","","","","","","","","",""
"1283","44930","2E58","","","","","","","","","","","","","","","","","","","","","","",""
"1284","44951","DAAE","","","","","","","","","","","","","","","","","","","","","","",""
"1285","44964","10EC","","","","","","","","","","","","","","","","","","","","","","",""
"1286","44980","5A00","","","","","","","","","","","","","","","","","","","","","","",""
"1287","44997","A359","","","","","","","","","","","","","","","","","","","","","","",""
"1288","45010","ECD9","","","","","","","","","","","","","","","","","","","","","","",""
"1289","45028","2E3B","","","","","","","","","","","","","","","","","","","","","","",""
"1290","45043","7F95","","","","","","","","","","","","","","","","","","","","","","",""
"1291","45058","D7C4","","","","","","","","","","","","","","","","","","","","","","",""
"1292","45075","66A6","","","","","","","","","","","","","","","","","","","","","","",""
"1293","45093","AF1F","","","","","","","","","","","","","","","","","","","","","","",""
"1294","45108","F84B","","","","","","","","","","","","","","","","","","","","","","",""
"1295","45124","421A","","","","","","","","","","","","","","","","","","","","","","",""
"1296","45140","9481","","","","","","","","","","","","","","","","","","","","","","",""
"1297","45156","C57E","","","","","","","","","","","","","","","","","","","","","","",""
"1298","45171","0E92","","","","","","","","","","","","","","","","","","","","","","",""
"1299","45201","5855","","","","","","","","","","","","","","","","","","","","","","",""
"1300","45218","A066","","","","","","","","","","","","","","","","","","","","","","",""
"1301","45235","EA56","","","","","","","","","","","","","","","","","","","","","","",""
"1302","45251","35C1","","","","","","","","","","","","","","","","","","","","","","",""
"1303","45265","78C1","","","","","","","","","","","","","","","","","","","","","","",""
"1304","45281","C567","","","","","","","","","","","","","","","","","","","","","","",""
"1305","45299","071F","","","","","","","","","","","","","","","","","","","","","","",""
"1306","45316","45AC","","","","","","","","","","","","","","","","","","","","","","",""
"1307","45333","8E2C","","","","","","","","","","","","","","","","","","","","","","",""
"1308","45346","D75A","","","","","","","","","","","","","","","","","","","","","","",""
"1309","45362","50EF","","","","","","","","","","","","","","","","","","","","","","",""
"1310","45380","D42C","","","","","","","","","","","","","","","","","","","","","","",""
"1311","45394","1E35","","","","","","","","","","","","","","","","","","","","","","",""
"1312","45409","66C0","","","","","","","","","","","","","","","","","","","","","","",""
"1313","45429","AF32","","","","","","","","","","","","","","","","","","","","","","",""
"1314","45441","0478","","","","","","","","","","","","","","","","","","","","","","",""
"1315","45459","356E","","","","","","","","","","","","","","","","","","","","","","",""
"1316","45474","7F34","","","","","","","","","","","","","","","","","","","","","","",""
"1317","45505","C313","","","","","","","","","","","","","","","","","","","","","","",""
"1318","45522","12BF","","","","","","","","","","","","","","","","","","","","","","",""
"1319","45539","5ABF","","","","","","","","","","","","","","","","","","","","","","",""
"1320","45555","A440","","","","","","","","","","","","","","","","","","","","","","",""
"1321","45571","17A7","","","","","","","","","","","","","","","","","","","","","","",""
"1322","45586","35E3","","","","","","","","","","","","","","","","","","","","","","",""
"1323","45600","8112","","","","","","","","","","","","","","","","","","","","","","",""
"1324","45617","CACC","","","","","","","","","","","","","","","","","","","","","","",""
"1325","45634","112E","","","","","","","","","","","","","","","","","","","","","","",""
"1326","45649","5C1A","","","","","","","","","","","","","","","","","","","","","","",""
"1327","45665","A7AC","","","","","","","","","","","","","","","","","","","","","","",""
"1328","45683","4393","","","","","","","","","","","","","","","","","","","","","","",""
"1329","45697","84BD","","","","","","","","","","","","","","","","","","","","","","",""
"1330","45714","C34D","","","","","","","","","","","","","","","","","","","","","","",""
"1331","45728","04DF","","","","","","","","","","","","","","","","","","","","","","",""
"1332","45745","4923","","","","","","","","","","","","","","","","","","","","","","",""
"1333","45762","95D5","","","","","","","","","","","","","","","","","","","","","","",""
"1334","45776","DC03","","","","","","","","","","","","","","","","","","","","","","",""
"1335","45808","24E7","","","","","","","","","","","","","","","","","","","","","","",""
"1336","45824","6EC7","","","","","","","","","","","","","","","","","","","","","","",""
"1337","45841","B764","","","","","","","","","","","","","","","","","","","","","","",""
"1338","45858","00AE","","","","","","","","","","","","","","","","","","","","","","",""
"1339","45872","4CB6","","","","","","","","","","","","","","","","","","","","","","",""
"1340","45888","9331","","","","","","","","","","","","","","","","","","","","","","",""
"1341","45905","DC7A","","","","","","","","","","","","","","","","","","","","","","",""
"1342","45922","0538","","","","","","","","","","","","","","","","","","","","","","",""
"1343","45936","34CB","","","","","","","","","","","","","","","","","","","","","","",""
"1344","45953","7DBC","","","","","","","","","","","","","","","","","","","","","","",""
"1345","45968","23FD","","","","","","","","","","","","","","","","","","","","","","",""
"1346","45983","B10A","","","","","","","","","","","","","","","","","","","","","","",""
"1347","45999","FA41","","","","","","","","","","","","","","","","","","","","","","",""
"1348","46017","42C9","","","","","","","","","","","","","","","","","","","","","","",""
"1349","46030","8CDE","","","","","","","","","","","","","","","","","","","","","","",""
"1350","46047","CAD9","","","","","","","","","","","","","","","","","","","","","","",""
"1351","46062","14CB","","","","","","","","","","","","","","","","","","","","","","",""
"1352","46079","5D5A","","","","","","","","","","","","","","","","","","","","","","",""
"1353","46112","9F86","","","","","","","","","","","","","","","","","","","","","","",""
"1354","46126","FD29","","","","","","","","","","","","","","","","","","","","","","",""
"1355","46144","43B2","","","","","","","","","","","","","","","","","","","","","","",""
"1356","46159","8CE4","","","","","","","","","","","","","","","","","","","","","","",""
"1357","46174","EA43","","","","","","","","","","","","","","","","","","","","","","",""
"1358","46191","1875","","","","","","","","","","","","","","","","","","","","","","",""
"1359","46208","61B4","","","","","","","","","","","","","","","","","","","","","","",""
"1360","46224","A68D","","","","","","","","","","","","","","","","","","","","","","",""
"1361","46241","F3C7","","","","","","","","","","","","","","","","","","","","","","",""
"1362","46255","3CB7","","","","","","","","","","","","","","","","","","","","","","",""
"1363","46270","875D","","","","","","","","","","","","","","","","","","","","","","",""
"1364","46285","241B","","","","","","","","","","","","","","","","","","","","","","",""
"1365","46304","5412","","","","","","","","","","","","","","","","","","","","","","",""
"1366","46319","9C1B","","","","","","","","","","","","","","","","","","","","","","",""
"1367","46336","E4E8","","","","","","","","","","","","","","","","","","","","","","",""
"1368","46351","2258","","","","","","","","","","","","","","","","","","","","","","",""
"1369","46366","916D","","","","","","","","","","","","","","","","","","","","","","",""
"1370","46384","D236","","","","","","","","","","","","","","","","","","","","","","",""
"1371","46415","1D84","","","","","","","","","","","","","","","","","","","","","","",""
"1372","46430","675B","","","","","","","","","","","","","","","","","","","","","","",""
"1373","46447","ADCE","","","","","","","","","","","","","","","","","","","","","","",""
"1374","46463","F24B","","","","","","","","","","","","","","","","","","","","","","",""
"1375","46476","4327","","","","","","","","","","","","","","","","","","","","","","",""
"1376","46494","8E6C","","","","","","","","","","","","","","","","","","","","","","",""
"1377","46508","D547","","","","","","","","","","","","","","","","","","","","","","",""
"1378","46524","01FE","","","","","","","","","","","","","","","","","","","","","","",""
"1379","46542","5134","","","","","","","","","","","","","","","","","","","","","","",""
"1380","46556","9550","","","","","","","","","","","","","","","","","","","","","","",""
"1381","46574","DE95","","","","","","","","","","","","","","","","","","","","","","",""
"1382","46590","90E2","","","","","","","","","","","","","","","","","","","","","","",""
"1383","46606","D9E7","","","","","","","","","","","","","","","","","","","","","","",""
"1384","46622","2364","","","","","","","","","","","","","","","","","","","","","","",""
"1385","46636","6C80","","","","","","","","","","","","","","","","","","","","","","",""
"1386","46652","A93B","","","","","","","","","","","","","","","","","","","","","","",""
"1387","46667","0618","","","","","","","","","","","","","","","","","","","","","","",""
"1388","46683","34E4","","","","","","","","","","","","","","","","","","","","","","",""
"1389","46718","85B6","","","","","","","","","","","","","","","","","","","","","","",""
"1390","46734","CE48","","","","","","","","","","","","","","","","","","","","","","",""
"1391","46748","18FF","","","","","","","","","","","","","","","","","","","","","","",""
"1392","46764","60BB","","","","","","","","","","","","","","","","","","","","","","",""
"1393","46781","AA9B","","","","","","","","","","","","","","","","","","","","","","",""
"1394","46798","0D4A","","","","","","","","","","","","","","","","","","","","","","",""
"1395","46812","39C8","","","","","","","","","","","","","","","","","","","","","","",""
"1396","46830","82EF","","","","","","","","","","","","","","","","","","","","","","",""
"1397","46845","CC8B","","","","","","","","","","","","","","","","","","","","","","",""
"1398","46859","1530","","","","","","","","","","","","","","","","","","","","","","",""
"1399","46874","5DFB","","","","","","","","","","","","","","","","","","","","","","",""
"1400","46892","FCE0","","","","","","","","","","","","","","","","","","","","","","",""
"1401","46908","45EE","","","","","","","","","","","","","","","","","","","","","","",""
"1402","46924","8281","","","","","","","","","","","","","","","","","","","","","","",""
"1403","46940","C5A3","","","","","","","","","","","","","","","","","","","","","","",""
"1404","46956","01BB","","","","","","","","","","","","","","","","","","","","","","",""
"1405","46973","4B4E","","","","","","","","","","","","","","","","","","","","","","",""
"1406","46988","CCBF","","","","","","","","","","","","","","","","","","","","","","",""
"1407","47023","F7DA","","","","","","","","","","","","","","","","","","","","","","",""
"1408","47035","40E7","","","","","","","","","","","","","","","","","","","","","","",""
"1409","47053","9042","","","","","","","","","","","","","","","","","","","","","","",""
"1410","47069","D325","","","","","","","","","","","","","","","","","","","","","","",""
"1411","47083","1BFB","","","","","","","","","","","","","","","","","","","","","","",""
"1412","47098","752A","","","","","","","","","","","","","","","","","","","","","","",""
"1413","47117","AF13","","","","","","","","","","","","","","","","","","","","","","",""
"1414","47131","F7CC","","","","","","","","","","","","","","","","","","","","","","",""
"1415","47145","45E4","","","","","","","","","","","","","","","","","","","","","","",""
"1416","47162","8AA4","","","","","","","","","","","","","","","","","","","","","","",""
"1417","47179","CE38","","","","","","","","","","","","","","","","","","","","","","",""
"1418","47195","9555","","","","","","","","","","","","","","","","","","","","","","",""
"1419","47210","BC8A","","","","","","","","","","","","","","","","","","","","","","",""
"1420","47224","0435","","","","","","","","","","","","","","","","","","","","","","",""
"1421","47242","4C99","","","","","","","","","","","","","","","","","","","","","","",""
"1422","47258","898C","","","","","","","","","","","","","","","","","","","","","","",""
"1423","47273","D2C7","","","","","","","","","","","","","","","","","","","","","","",""
"1424","47292","1C74","","","","","","","","","","","","","","","","","","","","","","",""
"1425","47322","654C","","","","","","","","","","","","","","","","","","","","","","",""
"1426","47337","ADE5","","","","","","","","","","","","","","","","","","","","","","",""
"1427","47356","F3F8","","","","","","","","","","","","","","","","","","","","","","",""
"1428","47370","2DF9","","","","","","","","","","","","","","","","","","","","","","",""
"1429","47385","78EF","","","","","","","","","","","","","","","","","","","","","","",""
"1430","47403","C6B2","","","","","","","","","","","","","","","","","","","","","","",""
"1431","47416","0498","","","","","","","","","","","","","","","","","","","","","","",""
"1432","47432","52AB","","","","","","","","","","","","","","","","","","","","","","",""
"1433","47450","A032","","","","","","","","","","","","","","","","","","","","","","",""
"1434","47466","EA4B","","","","","","","","","","","","","","","","","","","","","","",""
"1435","47481","30A6","","","","","","","","","","","","","","","","","","","","","","",""
"1436","47498","CFE8","","","","","","","","","","","","","","","","","","","","","","",""
"1437","47515","1944","","","","","","","","","","","","","","","","","","","","","","",""
"1438","47529","40C4","","","","","","","","","","","","","","","","","","","","","","",""
"1439","47546","6E92","","","","","","","","","","","","","","","","","","","","","","",""
"1440","47561","AD74","","","","","","","","","","","","","","","","","","","","","","",""
"1441","47578","F59A","","","","","","","","","","","","","","","","","","","","","","",""
"1442","47593","9A1D","","","","","","","","","","","","","","","","","","","","","","",""
"1443","47626","D57D","","","","","","","","","","","","","","","","","","","","","","",""
"1444","47639","1EA5","","","","","","","","","","","","","","","","","","","","","","",""
"1445","47655","5F15","","","","","","","","","","","","","","","","","","","","","","",""
"1446","47673","B11B","","","","","","","","","","","","","","","","","","","","","","",""
"1447","47689","FA6C","","","","","","","","","","","","","","","","","","","","","","",""
"1448","47704","4476","","","","","","","","","","","","","","","","","","","","","","",""
"1449","47720","8CE1","","","","","","","","","","","","","","","","","","","","","","",""
"1450","47736","D61B","","","","","","","","","","","","","","","","","","","","","","",""
"1451","47751","17D3","","","","","","","","","","","","","","","","","","","","","","",""
"1452","47768","568B","","","","","","","","","","","","","","","","","","","","","","",""
"1453","47784","9ED6","","","","","","","","","","","","","","","","","","","","","","",""
"1454","47801","6BB4","","","","","","","","","","","","","","","","","","","","","","",""
"1455","47817","9F77","","","","","","","","","","","","","","","","","","","","","","",""
"1456","47832","E886","","","","","","","","","","","","","","","","","","","","","","",""
"1457","47847","3201","","","","","","","","","","","","","","","","","","","","","","",""
"1458","47862","6E7C","","","","","","","","","","","","","","","","","","","","","","",""
"1459","47878","B2C4","","","","","","","","","","","","","","","","","","","","","","",""
"1460","47897","008E","","","","","","","","","","","","","","","","","","","","","","",""
"1461","47927","4A5F","","","","","","","","","","","","","","","","","","","","","","",""
"1462","47944","9353","","","","","","","","","","","","","","","","","","","","","","",""
"1463","47959","C1A0","","","","","","","","","","","","","","","","","","","","","","",""
"1464","47975","09F7","","","","","","","","","","","","","","","","","","","","","","",""
"1465","47991","52C9","","","","","","","","","","","","","","","","","","","","","","",""
"1466","48009","9C03","","","","","","","","","","","","","","","","","","","","","","",""
"1467","48022","0980","","","","","","","","","","","","","","","","","","","","","","",""
"1468","48039","4E88","","","","","","","","","","","","","","","","","","","","","","",""
"1469","48054","97D6","","","","","","","","","","","","","","","","","","","","","","",""
"1470","48072","E197","","","","","","","","","","","","","","","","","","","","","","",""
"1471","48088","2A4C","","","","","","","","","","","","","","","","","","","","","","",""
"1472","48101","C9A8","","","","","","","","","","","","","","","","","","","","","","",""
"1473","48117","0DCB","","","","","","","","","","","","","","","","","","","","","","",""
"1474","48134","5B95","","","","","","","","","","","","","","","","","","","","","","",""
"1475","48153","8ADC","","","","","","","","","","","","","","","","","","","","","","",""
"1476","48166","AB3C","","","","","","","","","","","","","","","","","","","","","","",""
"1477","48181","D3BB","","","","","","","","","","","","","","","","","","","","","","",""
"1478","48200","1D51","","","","","","","","","","","","","","","","","","","","","","",""
"1479","48230","D09F","","","","","","","","","","","","","","","","","","","","","","",""
"1480","48244","021D","","","","","","","","","","","","","","","","","","","","","","",""
"1481","48263","4B41","","","","","","","","","","","","","","","","","","","","","","",""
"1482","48278","94F7","","","","","","","","","","","","","","","","","","","","","","",""
"1483","48296","DD75","","","","","","","","","","","","","","","","","","","","","","",""
"1484","48310","264B","","","","","","","","","","","","","","","","","","","","","","",""
"1485","48325","7A53","","","","","","","","","","","","","","","","","","","","","","",""
"1486","48343","B968","","","","","","","","","","","","","","","","","","","","","","",""
"1487","48358","020D","","","","","","","","","","","","","","","","","","","","","","",""
"1488","48373","45FF","","","","","","","","","","","","","","","","","","","","","","",""
"1489","48389","9503","","","","","","","","","","","","","","","","","","","","","","",""
"1490","48405","32E7","","","","","","","","","","","","","","","","","","","","","","",""
"1491","48420","9693","","","","","","","","","","","","","","","","","","","","","","",""
"1492","48436","C63D","","","","","","","","","","","","","","","","","","","","","","",""
"1493","48454","0F50","","","","","","","","","","","","","","","","","","","","","","",""
"1494","48469","4CB3","","","","","","","","","","","","","","","","","","","","","","",""
"1495","48487","9557","","","","","","","","","","","","","","","","","","","","","","",""
"1496","48500","DE23","","","","","","","","","","","","","","","","","","","","","","",""
"1497","48532","3173","","","","","","","","","","","","","","","","","","","","","","",""
"1498","48548","7149","","","","","","","","","","","","","","","","","","","","","","",""
"1499","48564","BA90","","","","","","","","","","","","","","","","","","","","","","",""
"1500","48581","FCC4","","","","","","","","","","","","","","","","","","","","","","",""
"1501","48598","3A2A","","","","","","","","","","","","","","","","","","","","","","",""
"1502","48613","7E2A","","","","","","","","","","","","","","","","","","","","","","",""
"1503","48627","CBE0","","","","","","","","","","","","","","","","","","","","","","",""
"1504","48643","4CB3","","","","","","","","","","","","","","","","","","","","","","",""
"1505","48660","83C3","","","","","","","","","","","","","","","","","","","","","","",""
"1506","48676","CBC0","","","","","","","","","","","","","","","","","","","","","","",""
"1507","48693","1448","","","","","","","","","","","","","","","","","","","","","","",""
"1508","48707","B2B1","","","","","","","","","","","","","","","","","","","","","","",""
"1509","48724","07A7","","","","","","","","","","","","","","","","","","","","","","",""
"1510","48740","45F9","","","","","","","","","","","","","","","","","","","","","","",""
"1511","48756","8F1C","","","","","","","","","","","","","","","","","","","","","","",""
"1512","48770","AACD","","","","","","","","","","","","","","","","","","","","","","",""
"1513","48788","F37F","","","","","","","","","","","","","","","","","","","","","","",""
"1514","48804","3BE9","","","","","","","","","","","","","","","","","","","","","","",""
"1515","48836","BA6A","","","","","","","","","","","","","","","","","","","","","","",""
"1516","48852","DCA3","","","","","","","","","","","","","","","","","","","","","","",""
"1517","48867","2A62","","","","","","","","","","","","","","","","","","","","","","",""
"1518","48883","73F9","","","","","","","","","","","","","","","","","","","","","","",""
"1519","48898","BD85","","","","","","","","","","","","","","","","","","","","","","",""
"1520","48916","0561","","","","","","","","","","","","","","","","","","","","","","",""
"1521","48931","4F19","","","","","","","","","","","","","","","","","","","","","","",""
"1522","48945","97E1","","","","","","","","","","","","","","","","","","","","","","",""
"1523","48963","E079","","","","","","","","","","","","","","","","","","","","","","",""
"1524","48977","2352","","","","","","","","","","","","","","","","","","","","","","",""
"1525","48995","4175","","","","","","","","","","","","","","","","","","","","","","",""
"1526","49011","DCE3","","","","","","","","","","","","","","","","","","","","","","",""
"1527","49025","2BA5","","","","","","","","","","","","","","","","","","","","","","",""
"1528","49042","7138","","","","","","","","","","","","","","","","","","","","","","",""
"1529","49058","BA79","","","","","","","","","","","","","","","","","","","","","","",""
"1530","49074","F49F","","","","","","","","","","","","","","","","","","","","","","",""
"1531","49088","4232","","","","","","","","","","","","","","","","","","","","","","",""
"1532","49106","8A43","","","","","","","","","","","","","","","","","","","","","","",""
"1533","49138","D473","","","","","","","","","","","","","","","","","","","","","","",""
"1534","49153","2222","","","","","","","","","","","","","","","","","","","","","","",""
"1535","49168","66A9","","","","","","","","","","","","","","","","","","","","","","",""
"1536","49187","8EDD","","","","","","","","","","","","","","","","","","","","","","",""
"1537","49201","BC0A","","","","","","","","","","","","","","","","","","","","","","",""
"1538","49219","0573","","","","","","","","","","","","","","","","","","","","","","",""
"1539","49233","4DB6","","","","","","","","","","","","","","","","","","","","","","",""
"1540","49248","FA7C","","","","","","","","","","","","","","","","","","","","","","",""
"1541","49268","2DDA","","","","","","","","","","","","","","","","","","","","","","",""
"1542","49283","7934","","","","","","","","","","","","","","","","","","","","","","",""
"1543","49296","C264","","","","","","","","","","","","","","","","","","","","","","",""
"1544","49314","591C","","","","","","","","","","","","","","","","","","","","","","",""
"1545","49330","AA01","","","","","","","","","","","","","","","","","","","","","","",""
"1546","49344","F1EE","","","","","","","","","","","","","","","","","","","","","","",""
"1547","49361","3C2C","","","","","","","","","","","","","","","","","","","","","","",""
"1548","49378","72CF","","","","","","","","","","","","","","","","","","","","","","",""
"1549","49392","B001","","","","","","","","","","","","","","","","","","","","","","",""
"1550","49407","F8BD","","","","","","","","","","","","","","","","","","","","","","",""
"1551","49441","42A8","","","","","","","","","","","","","","","","","","","","","","",""
"1552","49455","CE77","","","","","","","","","","","","","","","","","","","","","","",""
"1553","49473","0E18","","","","","","","","","","","","","","","","","","","","","","",""
"1554","49486","5745","","","","","","","","","","","","","","","","","","","","","","",""
"1555","49503","A08E","","","","","","","","","","","","","","","","","","","","","","",""
"1556","49518","E9CB","","","","","","","","","","","","","","","","","","","","","","",""
"1557","49535","3311","","","","","","","","","","","","","","","","","","","","","","",""
"1558","49551","7D6C","","","","","","","","","","","","","","","","","","","","","","",""
"1559","49569","BE92","","","","","","","","","","","","","","","","","","","","","","",""
"1560","49585","0EDA","","","","","","","","","","","","","","","","","","","","","","",""
"1561","49600","3CD1","","","","","","","","","","","","","","","","","","","","","","",""
"1562","49613","BB6B","","","","","","","","","","","","","","","","","","","","","","",""
"1563","49632","054F","","","","","","","","","","","","","","","","","","","","","","",""
"1564","49648","97E0","","","","","","","","","","","","","","","","","","","","","","",""
"1565","49664","D0EF","","","","","","","","","","","","","","","","","","","","","","",""
"1566","49680","0DBE","","","","","","","","","","","","","","","","","","","","","","",""
"1567","49694","577C","","","","","","","","","","","","","","","","","","","","","","",""
"1568","49711","9FF8","","","","","","","","","","","","","","","","","","","","","","",""
"1569","49743","E8D9","","","","","","","","","","","","","","","","","","","","","","",""
"1570","49759","3C26","","","","","","","","","","","","","","","","","","","","","","",""
"1571","49776","7C0D","","","","","","","","","","","","","","","","","","","","","","",""
"1572","49790","C543","","","","","","","","","","","","","","","","","","","","","","",""
"1573","49807","ED0A","","","","","","","","","","","","","","","","","","","","","","",""
"1574","49823","FF1C","","","","","","","","","","","","","","","","","","","","","","",""
"1575","49836","47EF","","","","","","","","","","","","","","","","","","","","","","",""
"1576","49855","91B5","","","","","","","","","","","","","","","","","","","","","","",""
"1577","49871","43E0","","","","","","","","","","","","","","","","","","","","","","",""
"1578","49886","756B","","","","","","","","","","","","","","","","","","","","","","",""
"1579","49902","BE7A","","","","","","","","","","","","","","","","","","","","","","",""
"1580","49920","5CB6","","","","","","","","","","","","","","","","","","","","","","",""
"1581","49935","A5DB","","","","","","","","","","","","","","","","","","","","","","",""
"1582","49951","FFF5","","","","","","","","","","","","","","","","","","","","","","",""
"1583","49965","3922","","","","","","","","","","","","","","","","","","","","","","",""
"1584","49982","760E","","","","","","","","","","","","","","","","","","","","","","",""
"1585","49998","BFBD","","","","","","","","","","","","","","","","","","","","","","",""
"1586","50013","0839","","","","","","","","","","","","","","","","","","","","","","",""
"1587","50046","4C6F","","","","","","","","","","","","","","","","","","","","","","",""
"1588","50062","9A6B","","","","","","","","","","","","","","","","","","","","","","",""
"1589","50078","0D40","","","","","","","","","","","","","","","","","","","","","","",""
"1590","50092","3395","","","","","","","","","","","","","","","","","","","","","","",""
"1591","50110","7B78","","","","","","","","","","","","","","","","","","","","","","",""
"1592","50128","C3F5","","","","","","","","","","","","","","","","","","","","","","",""
"1593","50142","0CE2","","","","","","","","","","","","","","","","","","","","","","",""
"1594","50157","5617","","","","","","","","","","","","","","","","","","","","","","",""
"1595","50174","A956","","","","","","","","","","","","","","","","","","","","","","",""
"1596","50190","E949","","","","","","","","","","","","","","","","","","","","","","",""
"1597","50204","3289","","","","","","","","","","","","","","","","","","","","","","",""
"1598","50221","BDB1","","","","","","","","","","","","","","","","","","","","","","",""
"1599","50239","066C","","","","","","","","","","","","","","","","","","","","","","",""
"1600","50253","7A95","","","","","","","","","","","","","","","","","","","","","","",""
"1601","50268","B012","","","","","","","","","","","","","","","","","","","","","","",""
"1602","50285","F19F","","","","","","","","","","","","","","","","","","","","","","",""
"1603","50300","3B58","","","","","","","","","","","","","","","","","","","","","","",""
"1604","50315","84D2","","","","","","","","","","","","","","","","","","","","","","",""
"1605","50350","CCB3","","","","","","","","","","","","","","","","","","","","","","",""
"1606","50368","1667","","","","","","","","","","","","","","","","","","","","","","",""
"1607","50381","695A","","","","","","","","","","","","","","","","","","","","","","",""
"1608","50397","A917","","","","","","","","","","","","","","","","","","","","","","",""
"1609","50413","D02A","","","","","","","","","","","","","","","","","","","","","","",""
"1610","50429","1A21","","","","","","","","","","","","","","","","","","","","","","",""
"1611","50445","6227","","","","","","","","","","","","","","","","","","","","","","",""
"1612","50463","AAFD","","","","","","","","","","","","","","","","","","","","","","",""
"1613","50478","3278","","","","","","","","","","","","","","","","","","","","","","",""
"1614","50492","55FF","","","","","","","","","","","","","","","","","","","","","","",""
"1615","50506","9F04","","","","","","","","","","","","","","","","","","","","","","",""
"1616","50522","3D35","","","","","","","","","","","","","","","","","","","","","","",""
"1617","50539","8667","","","","","","","","","","","","","","","","","","","","","","",""
"1618","50555","D0B5","","","","","","","","","","","","","","","","","","","","","","",""
"1619","50572","18D5","","","","","","","","","","","","","","","","","","","","","","",""
"1620","50586","5525","","","","","","","","","","","","","","","","","","","","","","",""
"1621","50601","9800","","","","","","","","","","","","","","","","","","","","","","",""
"1622","50618","D51E","","","","","","","","","","","","","","","","","","","","","","",""
"1623","50651","1DE9","","","","","","","","","","","","","","","","","","","","","","",""
"1624","50667","671E","","","","","","","","","","","","","","","","","","","","","","",""
"1625","50683","B3E6","","","","","","","","","","","","","","","","","","","","","","",""
"1626","50697","F9C2","","","","","","","","","","","","","","","","","","","","","","",""
"1627","50716","4537","","","","","","","","","","","","","","","","","","","","","","",""
"1628","50731","8F08","","","","","","","","","","","","","","","","","","","","","","",""
"1629","50746","D588","","","","","","","","","","","","","","","","","","","","","","",""
"1630","50762","1A2E","","","","","","","","","","","","","","","","","","","","","","",""
"1631","50778","6AC8","","","","","","","","","","","","","","","","","","","","","","",""
"1632","50797","B380","","","","","","","","","","","","","","","","","","","","","","",""
"1633","50811","FCF0","","","","","","","","","","","","","","","","","","","","","","",""
"1634","50826","5F66","","","","","","","","","","","","","","","","","","","","","","",""
"1635","50841","A7F6","","","","","","","","","","","","","","","","","","","","","","",""
"1636","50857","F150","","","","","","","","","","","","","","","","","","","","","","",""
"1637","50874","9453","","","","","","","","","","","","","","","","","","","","","","",""
"1638","50891","C563","","","","","","","","","","","","","","","","","","","","","","",""
"1639","50905","0F04","","","","","","","","","","","","","","","","","","","","","","",""
"1640","50920","57C5","","","","","","","","","","","","","","","","","","","","","","",""
"1641","50953","A0E8","","","","","","","","","","","","","","","","","","","","","","",""
"1642","50970","EA3C","","","","","","","","","","","","","","","","","","","","","","",""
"1643","50985","340F","","","","","","","","","","","","","","","","","","","","","","",""
"1644","51000","73EF","","","","","","","","","","","","","","","","","","","","","","",""
"1645","51017","C5EE","","","","","","","","","","","","","","","","","","","","","","",""
"1646","51032","07A0","","","","","","","","","","","","","","","","","","","","","","",""
"1647","51048","463D","","","","","","","","","","","","","","","","","","","","","","",""
"1648","51065","8EB3","","","","","","","","","","","","","","","","","","","","","","",""
"1649","51080","D88A","","","","","","","","","","","","","","","","","","","","","","",""
"1650","51097","59BC","","","","","","","","","","","","","","","","","","","","","","",""
"1651","51113","883F","","","","","","","","","","","","","","","","","","","","","","",""
"1652","51129","273F","","","","","","","","","","","","","","","","","","","","","","",""
"1653","51144","6FA4","","","","","","","","","","","","","","","","","","","","","","",""
"1654","51162","B8CC","","","","","","","","","","","","","","","","","","","","","","",""
"1655","51176","0208","","","","","","","","","","","","","","","","","","","","","","",""
"1656","51191","3F6A","","","","","","","","","","","","","","","","","","","","","","",""
"1657","51208","8846","","","","","","","","","","","","","","","","","","","","","","",""
"1658","51224","B058","","","","","","","","","","","","","","","","","","","","","","",""
"1659","51256","FF75","","","","","","","","","","","","","","","","","","","","","","",""
"1660","51271","4717","","","","","","","","","","","","","","","","","","","","","","",""
"1661","51288","90A3","","","","","","","","","","","","","","","","","","","","","","",""
"1662","51304","FEA5","","","","","","","","","","","","","","","","","","","","","","",""
"1663","51321","43B1","","","","","","","","","","","","","","","","","","","","","","",""
"1664","51336","8CCE","","","","","","","","","","","","","","","","","","","","","","",""
"1665","51351","D6BB","","","","","","","","","","","","","","","","","","","","","","",""
"1666","51368","1F54","","","","","","","","","","","","","","","","","","","","","","",""
"1667","51384","68B8","","","","","","","","","","","","","","","","","","","","","","",""
"1668","51399","B26D","","","","","","","","","","","","","","","","","","","","","","",""
"1669","51416","FB28","","","","","","","","","","","","","","","","","","","","","","",""
"1670","51431","7F42","","","","","","","","","","","","","","","","","","","","","","",""
"1671","51451","89DE","","","","","","","","","","","","","","","","","","","","","","",""
"1672","51464","CD42","","","","","","","","","","","","","","","","","","","","","","",""
"1673","51479","1ACF","","","","","","","","","","","","","","","","","","","","","","",""
"1674","51494","C08F","","","","","","","","","","","","","","","","","","","","","","",""
"1675","51513","F328","","","","","","","","","","","","","","","","","","","","","","",""
"1676","51528","3B0E","","","","","","","","","","","","","","","","","","","","","","",""
"1677","51559","83B6","","","","","","","","","","","","","","","","","","","","","","",""
"1678","51575","CC73","","","","","","","","","","","","","","","","","","","","","","",""
"1679","51589","15AA","","","","","","","","","","","","","","","","","","","","","","",""
"1680","51607","6A64","","","","","","","","","","","","","","","","","","","","","","",""
"1681","51624","A861","","","","","","","","","","","","","","","","","","","","","","",""
"1682","51637","F0C2","","","","","","","","","","","","","","","","","","","","","","",""
"1683","51655","3B33","","","","","","","","","","","","","","","","","","","","","","",""
"1684","51671","8354","","","","","","","","","","","","","","","","","","","","","","",""
"1685","51687","CC84","","","","","","","","","","","","","","","","","","","","","","",""
"1686","51703","3ACF","","","","","","","","","","","","","","","","","","","","","","",""
"1687","51717","609B","","","","","","","","","","","","","","","","","","","","","","",""
"1688","51732","03F3","","","","","","","","","","","","","","","","","","","","","","",""
"1689","51751","4D59","","","","","","","","","","","","","","","","","","","","","","",""
"1690","51767","9584","","","","","","","","","","","","","","","","","","","","","","",""
"1691","51780","DEE4","","","","","","","","","","","","","","","","","","","","","","",""
"1692","51798","25C6","","","","","","","","","","","","","","","","","","","","","","",""
"1693","51814","65AA","","","","","","","","","","","","","","","","","","","","","","",""
"1694","51832","A764","","","","","","","","","","","","","","","","","","","","","","",""
"1695","51862","E608","","","","","","","","","","","","","","","","","","","","","","",""
"1696","51879","2E2D","","","","","","","","","","","","","","","","","","","","","","",""
"1697","51893","76F7","","","","","","","","","","","","","","","","","","","","","","",""
"1698","51909","E8D0","","","","","","","","","","","","","","","","","","","","","","",""
"1699","51926","1922","","","","","","","","","","","","","","","","","","","","","","",""
"1700","51942","6233","","","","","","","","","","","","","","","","","","","","","","",""
"1701","51956","A750","","","","","","","","","","","","","","","","","","","","","","",""
"1702","51974","F477","","","","","","","","","","","","","","","","","","","","","","",""
"1703","51991","3D3F","","","","","","","","","","","","","","","","","","","","","","",""
"1704","52004","8800","","","","","","","","","","","","","","","","","","","","","","",""
"1705","52020","E4A2","","","","","","","","","","","","","","","","","","","","","","",""
"1706","52037","6F2F","","","","","","","","","","","","","","","","","","","","","","",""
"1707","52052","B8C9","","","","","","","","","","","","","","","","","","","","","","",""
"1708","52070","012C","","","","","","","","","","","","","","","","","","","","","","",""
"1709","52085","4A3E","","","","","","","","","","","","","","","","","","","","","","",""
"1710","52098","ABD1","","","","","","","","","","","","","","","","","","","","","","",""
"1711","52115","D1C5","","","","","","","","","","","","","","","","","","","","","","",""
"1712","52133","1ACD","","","","","","","","","","","","","","","","","","","","","","",""
"1713","52162","6481","","","","","","","","","","","","","","","","","","","","","","",""
"1714","52180","ACF1","","","","","","","","","","","","","","","","","","","","","","",""
"1715","52195","F150","","","","","","","","","","","","","","","","","","","","","","",""
"1716","52212","3F20","","","","","","","","","","","","","","","","","","","","","","",""
"1717","52228","8811","","","","","","","","","","","","","","","","","","","","","","",""
"1718","52245","D34F","","","","","","","","","","","","","","","","","","","","","","",""
"1719","52259","134E","","","","","","","","","","","","","","","","","","","","","","",""
"1720","52274","4FF7","","","","","","","","","","","","","","","","","","","","","","",""
"1721","52291","98DC","","","","","","","","","","","","","","","","","","","","","","",""
"1722","52306","E1FE","","","","","","","","","","","","","","","","","","","","","","",""
"1723","52322","3162","","","","","","","","","","","","","","","","","","","","","","",""
"1724","52340","CB28","","","","","","","","","","","","","","","","","","","","","","",""
"1725","52356","1497","","","","","","","","","","","","","","","","","","","","","","",""
"1726","52371","3C73","","","","","","","","","","","","","","","","","","","","","","",""
"1727","52388","863B","","","","","","","","","","","","","","","","","","","","","","",""
"1728","52404","C8E2","","","","","","","","","","","","","","","","","","","","","","",""
"1729","52420","0894","","","","","","","","","","","","","","","","","","","","","","",""
"1730","52436","5628","","","","","","","","","","","","","","","","","","","","","","",""
"1731","52468","7D52","","","","","","","","","","","","","","","","","","","","","","",""
"1732","52482","A9ED","","","","","","","","","","","","","","","","","","","","","","",""
"1733","52499","F1EE","","","","","","","","","","","","","","","","","","","","","","",""
"1734","52513","3BEC","","","","","","","","","","","","","","","","","","","","","","",""
"1735","52530","E413","","","","","","","","","","","","","","","","","","","","","","",""
"1736","52545","1A53","","","","","","","","","","","","","","","","","","","","","","",""
"1737","52561","6406","","","","","","","","","","","","","","","","","","","","","","",""
"1738","52579","AD1E","","","","","","","","","","","","","","","","","","","","","","",""
"1739","52594","F53A","","","","","","","","","","","","","","","","","","","","","","",""
"1740","52609","3F3D","","","","","","","","","","","","","","","","","","","","","","",""
"1741","52625","87C2","","","","","","","","","","","","","","","","","","","","","","",""
"1742","52642","2571","","","","","","","","","","","","","","","","","","","","","","",""
"1743","52659","60E7","","","","","","","","","","","","","","","","","","","","","","",""
"1744","52673","A508","","","","","","","","","","","","","","","","","","","","","","",""
"1745","52691","EDC8","","","","","","","","","","","","","","","","","","","","","","",""
"1746","52705","2CA0","","","","","","","","","","","","","","","","","","","","","","",""
"1747","52723","BB30","","","","","","","","","","","","","","","","","","","","","","",""
"1748","52737","FA5C","","","","","","","","","","","","","","","","","","","","","","",""
"1749","52767","4376","","","","","","","","","","","","","","","","","","","","","","",""
"1750","52785","8D4B","","","","","","","","","","","","","","","","","","","","","","",""
"1751","52803","D5EF","","","","","","","","","","","","","","","","","","","","","","",""
"1752","52817","1F35","","","","","","","","","","","","","","","","","","","","","","",""
"1753","52832","686E","","","","","","","","","","","","","","","","","","","","","","",""
"1754","52850","B23D","","","","","","","","","","","","","","","","","","","","","","",""
"1755","52867","FB04","","","","","","","","","","","","","","","","","","","","","","",""
"1756","52880","2847","","","","","","","","","","","","","","","","","","","","","","",""
"1757","52898","57DE","","","","","","","","","","","","","","","","","","","","","","",""
"1758","52913","9996","","","","","","","","","","","","","","","","","","","","","","",""
"1759","52928","E977","","","","","","","","","","","","","","","","","","","","","","",""
"1760","52944","C733","","","","","","","","","","","","","","","","","","","","","","",""
"1761","52960","0EEE","","","","","","","","","","","","","","","","","","","","","","",""
"1762","52976","5982","","","","","","","","","","","","","","","","","","","","","","",""
"1763","52994","A07E","","","","","","","","","","","","","","","","","","","","","","",""
"1764","53008","DCC8","","","","","","","","","","","","","","","","","","","","","","",""
"1765","53025","3320","","","","","","","","","","","","","","","","","","","","","","",""
"1766","53040","6FE0","","","","","","","","","","","","","","","","","","","","","","",""
"1767","53072","B915","","","","","","","","","","","","","","","","","","","","","","",""
"1768","53088","E73F","","","","","","","","","","","","","","","","","","","","","","",""
"1769","53104","F4DF","","","","","","","","","","","","","","","","","","","","","","",""
"1770","53120","3DCF","","","","","","","","","","","","","","","","","","","","","","",""
"1771","53135","F000","","","","","","","","","","","","","","","","","","","","","","",""
"1772","53151","1A78","","","","","","","","","","","","","","","","","","","","","","",""
"1773","53169","67A5","","","","","","","","","","","","","","","","","","","","","","",""
"1774","53183","B16C","","","","","","","","","","","","","","","","","","","","","","",""
"1775","53200","FDBC","","","","","","","","","","","","","","","","","","","","","","",""
"1776","53214","42B9","","","","","","","","","","","","","","","","","","","","","","",""
"1777","53230","8C80","","","","","","","","","","","","","","","","","","","","","","",""
"1778","53247","2C46","","","","","","","","","","","","","","","","","","","","","","",""
"1779","53263","7574","","","","","","","","","","","","","","","","","","","","","","",""
"1780","53279","C13D","","","","","","","","","","","","","","","","","","","","","","",""
"1781","53293","0767","","","","","","","","","","","","","","","","","","","","","","",""
"1782","53312","4387","","","","","","","","","","","","","","","","","","","","","","",""
"1783","53326","B5D9","","","","","","","","","","","","","","","","","","","","","","",""
"1784","53342","D895","","","","","","","","","","","","","","","","","","","","","","",""
"1785","53375","20F2","","","","","","","","","","","","","","","","","","","","","","",""
"1786","53390","6617","","","","","","","","","","","","","","","","","","","","","","",""
"1787","53408","B5DD","","","","","","","","","","","","","","","","","","","","","","",""
"1788","53422","FC16","","","","","","","","","","","","","","","","","","","","","","",""
"1789","53439","46F3","","","","","","","","","","","","","","","","","","","","","","",""
"1790","53454","9BE8","","","","","","","","","","","","","","","","","","","","","","",""
"1791","53469","D87A","","","","","","","","","","","","","","","","","","","","","","",""
"1792","53486","1A51","","","","","","","","","","","","","","","","","","","","","","",""
"1793","53503","5B89","","","","","","","","","","","","","","","","","","","","","","",""
"1794","53516","A0ED","","","","","","","","","","","","","","","","","","","","","","",""
"1795","53535","E9F0","","","","","","","","","","","","","","","","","","","","","","",""
"1796","53551","A5F9","","","","","","","","","","","","","","","","","","","","","","",""
"1797","53566","EE97","","","","","","","","","","","","","","","","","","","","","","",""
"1798","53582","3A41","","","","","","","","","","","","","","","","","","","","","","",""
"1799","53596","8090","","","","","","","","","","","","","","","","","","","","","","",""
"1800","53613","B7F8","","","","","","","","","","","","","","","","","","","","","","",""
"1801","53631","05EE","","","","","","","","","","","","","","","","","","","","","","",""
"1802","53646","5BCE","","","","","","","","","","","","","","","","","","","","","","",""
"1803","53677","9B7C","","","","","","","","","","","","","","","","","","","","","","",""
"1804","53694","C43B","","","","","","","","","","","","","","","","","","","","","","",""
"1805","53707","0FA3","","","","","","","","","","","","","","","","","","","","","","",""
"1806","53723","555C","","","","","","","","","","","","","","","","","","","","","","",""
"1807","53739","9EA5","","","","","","","","","","","","","","","","","","","","","","",""
"1808","53756","3191","","","","","","","","","","","","","","","","","","","","","","",""
"1809","53773","4EB3","","","","","","","","","","","","","","","","","","","","","","",""
"1810","53789","9671","","","","","","","","","","","","","","","","","","","","","","",""
"1811","53804","DFBB","","","","","","","","","","","","","","","","","","","","","","",""
"1812","53823","28ED","","","","","","","","","","","","","","","","","","","","","","",""
"1813","53836","7121","","","","","","","","","","","","","","","","","","","","","","",""
"1814","53854","0C0A","","","","","","","","","","","","","","","","","","","","","","",""
"1815","53867","5912","","","","","","","","","","","","","","","","","","","","","","",""
"1816","53885","9A73","","","","","","","","","","","","","","","","","","","","","","",""
"1817","53900","D87B","","","","","","","","","","","","","","","","","","","","","","",""
"1818","53916","145C","","","","","","","","","","","","","","","","","","","","","","",""
"1819","53933","3EC1","","","","","","","","","","","","","","","","","","","","","","",""
"1820","53947","D422","","","","","","","","","","","","","","","","","","","","","","",""
"1821","53979","0B55","","","","","","","","","","","","","","","","","","","","","","",""
"1822","53994","53B7","","","","","","","","","","","","","","","","","","","","","","",""
"1823","54010","9D12","","","","","","","","","","","","","","","","","","","","","","",""
"1824","54028","E646","","","","","","","","","","","","","","","","","","","","","","",""
"1825","54043","2E64","","","","","","","","","","","","","","","","","","","","","","",""
"1826","54059","959E","","","","","","","","","","","","","","","","","","","","","","",""
"1827","54078","C084","","","","","","","","","","","","","","","","","","","","","","",""
"1828","54089","08EB","","","","","","","","","","","","","","","","","","","","","","",""
"1829","54108","4D99","","","","","","","","","","","","","","","","","","","","","","",""
"1830","54123","9B57","","","","","","","","","","","","","","","","","","","","","","",""
"1831","54139","E38C","","","","","","","","","","","","","","","","","","","","","","",""
"1832","54154","9476","","","","","","","","","","","","","","","","","","","","","","",""
"1833","54172","CEB9","","","","","","","","","","","","","","","","","","","","","","",""
"1834","54186","1730","","","","","","","","","","","","","","","","","","","","","","",""
"1835","54202","66B5","","","","","","","","","","","","","","","","","","","","","","",""
"1836","54217","A442","","","","","","","","","","","","","","","","","","","","","","",""
"1837","54234","E737","","","","","","","","","","","","","","","","","","","","","","",""
"1838","54251","4576","","","","","","","","","","","","","","","","","","","","","","",""
"1839","54281","8035","","","","","","","","","","","","","","","","","","","","","","",""
"1840","54299","C8AC","","","","","","","","","","","","","","","","","","","","","","",""
"1841","54315","0CC0","","","","","","","","","","","","","","","","","","","","","","",""
"1842","54329","4117","","","","","","","","","","","","","","","","","","","","","","",""
"1843","54348","7EBE","","","","","","","","","","","","","","","","","","","","","","",""
"1844","54362","ECA1","","","","","","","","","","","","","","","","","","","","","","",""
"1845","54377","47CB","","","","","","","","","","","","","","","","","","","","","","",""
"1846","54394","7273","","","","","","","","","","","","","","","","","","","","","","",""
"1847","54411","BDF7","","","","","","","","","","","","","","","","","","","","","","",""
"1848","54426","0179","","","","","","","","","","","","","","","","","","","","","","",""
"1849","54440","4F54","","","","","","","","","","","","","","","","","","","","","","",""
"1850","54459","0AFA","","","","","","","","","","","","","","","","","","","","","","",""
"1851","54474","3BD1","","","","","","","","","","","","","","","","","","","","","","",""
"1852","54489","7FB7","","","","","","","","","","","","","","","","","","","","","","",""
"1853","54506","C22F","","","","","","","","","","","","","","","","","","","","","","",""
"1854","54523","F2EA","","","","","","","","","","","","","","","","","","","","","","",""
"1855","54536","3B8E","","","","","","","","","","","","","","","","","","","","","","",""
"1856","54554","B21D","","","","","","","","","","","","","","","","","","","","","","",""
"1857","54585","E44E","","","","","","","","","","","","","","","","","","","","","","",""
"1858","54600","306B","","","","","","","","","","","","","","","","","","","","","","",""
"1859","54616","7AD6","","","","","","","","","","","","","","","","","","","","","","",""
"1860","54634","C357","","","","","","","","","","","","","","","","","","","","","","",""
"1861","54647","0B23","","","","","","","","","","","","","","","","","","","","","","",""
"1862","54665","3581","","","","","","","","","","","","","","","","","","","","","","",""
"1863","54681","AD1B","","","","","","","","","","","","","","","","","","","","","","",""
"1864","54695","E8B8","","","","","","","","","","","","","","","","","","","","","","",""
"1865","54713","3138","","","","","","","","","","","","","","","","","","","","","","",""
"1866","54726","7A7E","","","","","","","","","","","","","","","","","","","","","","",""
"1867","54744","C49C","","","","","","","","","","","","","","","","","","","","","","",""
"1868","54759","6D81","","","","","","","","","","","","","","","","","","","","","","",""
"1869","54776","A0F8","","","","","","","","","","","","","","","","","","","","","","",""
"1870","54793","E971","","","","","","","","","","","","","","","","","","","","","","",""
"1871","54807","2DF8","","","","","","","","","","","","","","","","","","","","","","",""
"1872","54825","6F29","","","","","","","","","","","","","","","","","","","","","","",""
"1873","54837","B75A","","","","","","","","","","","","","","","","","","","","","","",""
"1874","54855","01C5","","","","","","","","","","","","","","","","","","","","","","",""
"1875","54887","7776","","","","","","","","","","","","","","","","","","","","","","",""
"1876","54903","9D17","","","","","","","","","","","","","","","","","","","","","","",""
"1877","54921","E5DD","","","","","","","","","","","","","","","","","","","","","","",""
"1878","54936","2F1B","","","","","","","","","","","","","","","","","","","","","","",""
"1879","54951","770F","","","","","","","","","","","","","","","","","","","","","","",""
"1880","54969","C8C3","","","","","","","","","","","","","","","","","","","","","","",""
"1881","54983","2994","","","","","","","","","","","","","","","","","","","","","","",""
"1882","54998","541C","","","","","","","","","","","","","","","","","","","","","","",""
"1883","55014","A1A8","","","","","","","","","","","","","","","","","","","","","","",""
"1884","55031","EECA","","","","","","","","","","","","","","","","","","","","","","",""
"1885","55047","2F07","","","","","","","","","","","","","","","","","","","","","","",""
"1886","55064","B2B4","","","","","","","","","","","","","","","","","","","","","","",""
"1887","55081","27F5","","","","","","","","","","","","","","","","","","","","","","",""
"1888","55095","682C","","","","","","","","","","","","","","","","","","","","","","",""
"1889","55111","A39E","","","","","","","","","","","","","","","","","","","","","","",""
"1890","55127","DA77","","","","","","","","","","","","","","","","","","","","","","",""
"1891","55143","1D04","","","","","","","","","","","","","","","","","","","","","","",""
"1892","55159","6B73","","","","","","","","","","","","","","","","","","","","","","",""
"1893","55192","E635","","","","","","","","","","","","","","","","","","","","","","",""
"1894","55204","143F","","","","","","","","","","","","","","","","","","","","","","",""
"1895","55221","5DB9","","","","","","","","","","","","","","","","","","","","","","",""
"1896","55237","A5F2","","","","","","","","","","","","","","","","","","","","","","",""
"1897","55254","F035","","","","","","","","","","","","","","","","","","","","","","",""
"1898","55268","3755","","","","","","","","","","","","","","","","","","","","","","",""
"1899","55286","9FD8","","","","","","","","","","","","","","","","","","","","","","",""
"1900","55301","C4A2","","","","","","","","","","","","","","","","","","","","","","",""
"1901","55316","1231","","","","","","","","","","","","","","","","","","","","","","",""
"1902","55334","60B2","","","","","","","","","","","","","","","","","","","","","","",""
"1903","55348","AA5D","","","","","","","","","","","","","","","","","","","","","","",""
"1904","55365","3087","","","","","","","","","","","","","","","","","","","","","","",""
"1905","55383","A57E","","","","","","","","","","","","","","","","","","","","","","",""
"1906","55399","DD26","","","","","","","","","","","","","","","","","","","","","","",""
"1907","55414","2156","","","","","","","","","","","","","","","","","","","","","","",""
"1908","55430","68DB","","","","","","","","","","","","","","","","","","","","","","",""
"1909","55446","A694","","","","","","","","","","","","","","","","","","","","","","",""
"1910","55459","F3F6","","","","","","","","","","","","","","","","","","","","","","",""
"1911","55493","4AD7","","","","","","","","","","","","","","","","","","","","","","",""
"1912","55509","88D4","","","","","","","","","","","","","","","","","","","","","","",""
"1913","55525","CB2A","","","","","","","","","","","","","","","","","","","","","","",""
"1914","55541","1091","","","","","","","","","","","","","","","","","","","","","","",""
"1915","55556","6605","","","","","","","","","","","","","","","","","","","","","","",""
"1916","55575","A63C","","","","","","","","","","","","","","","","","","","","","","",""
"1917","55590","DADC","","","","","","","","","","","","","","","","","","","","","","",""
"1918","55605","4F12","","","","","","","","","","","","","","","","","","","","","","",""
"1919","55620","7777","","","","","","","","","","","","","","","","","","","","","","",""
"1920","55636","C0C1","","","","","","","","","","","","","","","","","","","","","","",""
"1921","55653","0DEF","","","","","","","","","","","","","","","","","","","","","","",""
"1922","55667","A847","","","","","","","","","","","","","","","","","","","","","","",""
"1923","55683","16B2","","","","","","","","","","","","","","","","","","","","","","",""
"1924","55699","4069","","","","","","","","","","","","","","","","","","","","","","",""
"1925","55716","8903","","","","","","","","","","","","","","","","","","","","","","",""
"1926","55732","C6B1","","","","","","","","","","","","","","","","","","","","","","",""
"1927","55748","0D41","","","","","","","","","","","","","","","","","","","","","","",""
"1928","55765","50A5","","","","","","","","","","","","","","","","","","","","","","",""
"1929","55794","9E90","","","","","","","","","","","","","","","","","","","","","","",""
"1930","55810","06E7","","","","","","","","","","","","","","","","","","","","","","",""
"1931","55828","3649","","","","","","","","","","","","","","","","","","","","","","",""
"1932","55844","7C92","","","","","","","","","","","","","","","","","","","","","","",""
"1933","55859","C93B","","","","","","","","","","","","","","","","","","","","","","",""
"1934","55874","0E56","","","","","","","","","","","","","","","","","","","","","","",""
"1935","55891","5820","","","","","","","","","","","","","","","","","","","","","","",""
"1936","55907","B2F3","","","","","","","","","","","","","","","","","","","","","","",""
"1937","55925","EA98","","","","","","","","","","","","","","","","","","","","","","",""
"1938","55939","320B","","","","","","","","","","","","","","","","","","","","","","",""
"1939","55956","7689","","","","","","","","","","","","","","","","","","","","","","",""
"1940","55970","064B","","","","","","","","","","","","","","","","","","","","","","",""
"1941","55987","75D6","","","","","","","","","","","","","","","","","","","","","","",""
"1942","56002","A3FB","","","","","","","","","","","","","","","","","","","","","","",""
"1943","56018","F1C6","","","","","","","","","","","","","","","","","","","","","","",""
"1944","56036","2D98","","","","","","","","","","","","","","","","","","","","","","",""
"1945","56049","79E8","","","","","","","","","","","","","","","","","","","","","","",""
"1946","56067","BF0B","","","","","","","","","","","","","","","","","","","","","","",""
"1947","56099","083C","","","","","","","","","","","","","","","","","","","","","","",""
"1948","56115","7751","","","","","","","","","","","","","","","","","","","","","","",""
"1949","56132","A0BA","","","","","","","","","","","","","","","","","","","","","","",""
"1950","56144","E118","","","","","","","","","","","","","","","","","","","","","","",""
"1951","56162","21F0","","","","","","","","","","","","","","","","","","","","","","",""
"1952","56180","680A","","","","","","","","","","","","","","","","","","","","","","",""
"1953","56194","B037","","","","","","","","","","","","","","","","","","","","","","",""
"1954","56208","3189","","","","","","","","","","","","","","","","","","","","","","",""
"1955","56226","5C5C","","","","","","","","","","","","","","","","","","","","","","",""
"1956","56241","A374","","","","","","","","","","","","","","","","","","","","","","",""
"1957","56257","E6D8","","","","","","","","","","","","","","","","","","","","","","",""
"1958","56273","893C","","","","","","","","","","","","","","","","","","","","","","",""
"1959","56289","D2A9","","","","","","","","","","","","","","","","","","","","","","",""
"1960","56305","1DC7","","","","","","","","","","","","","","","","","","","","","","",""
"1961","56321","6595","","","","","","","","","","","","","","","","","","","","","","",""
"1962","56337","9B4E","","","","","","","","","","","","","","","","","","","","","","",""
"1963","56351","DC26","","","","","","","","","","","","","","","","","","","","","","",""
"1964","56367","2257","","","","","","","","","","","","","","","","","","","","","","",""
"1965","56400","6B79","","","","","","","","","","","","","","","","","","","","","","",""
"1966","56416","B770","","","","","","","","","","","","","","","","","","","","","","",""
"1967","56433","FDFA","","","","","","","","","","","","","","","","","","","","","","",""
"1968","56447","47E3","","","","","","","","","","","","","","","","","","","","","","",""
"1969","56464","9329","","","","","","","","","","","","","","","","","","","","","","",""
"1970","56481","0736","","","","","","","","","","","","","","","","","","","","","","",""
"1971","56497","31D4","","","","","","","","","","","","","","","","","","","","","","",""
"1972","56514","7F3E","","","","","","","","","","","","","","","","","","","","","","",""
"1973","56530","CB27","","","","","","","","","","","","","","","","","","","","","","",""
"1974","56543","126F","","","","","","","","","","","","","","","","","","","","","","",""
"1975","56560","5B07","","","","","","","","","","","","","","","","","","","","","","",""
"1976","56577","F8F8","","","","","","","","","","","","","","","","","","","","","","",""
"1977","56592","4238","","","","","","","","","","","","","","","","","","","","","","",""
"1978","56610","860A","","","","","","","","","","","","","","","","","","","","","","",""
"1979","56626","C1C0","","","","","","","","","","","","","","","","","","","","","","",""
"1980","56638","0024","","","","","","","","","","","","","","","","","","","","","","",""
"1981","56656","4B65","","","","","","","","","","","","","","","","","","","","","","",""
"1982","56671","920E","","","","","","","","","","","","","","","","","","","","","","",""
"1983","56704","DB43","","","","","","","","","","","","","","","","","","","","","","",""
"1984","56720","2732","","","","","","","","","","","","","","","","","","","","","","",""
"1985","56736","696E","","","","","","","","","","","","","","","","","","","","","","",""
"1986","56750","B704","","","","","","","","","","","","","","","","","","","","","","",""
"1987","56768","2FF2","","","","","","","","","","","","","","","","","","","","","","",""
"1988","56784","6095","","","","","","","","","","","","","","","","","","","","","","",""
"1989","56799","A6C1","","","","","","","","","","","","","","","","","","","","","","",""
"1990","56816","F00E","","","","","","","","","","","","","","","","","","","","","","",""
"1991","56832","3BE1","","","","","","","","","","","","","","","","","","","","","","",""
"1992","56848","8284","","","","","","","","","","","","","","","","","","","","","","",""
"1993","56863","CC55","","","","","","","","","","","","","","","","","","","","","","",""
"1994","56878","69B5","","","","","","","","","","","","","","","","","","","","","","",""
"1995","56897","AB92","","","","","","","","","","","","","","","","","","","","","","",""
"1996","56911","EB58","","","","","","","","","","","","","","","","","","","","","","",""
"1997","56927","3206","","","","","","","","","","","","","","","","","","","","","","",""
"1998","56943","7044","","","","","","","","","","","","","","","","","","","","","","",""
"1999","56958","B5A7","","","","","","","","","","","","","","","","","","","","","","",""
"2000","56975","0571","","","","","","","","","","","","","","","","","","","","","","",""
"2001","57005","4BF4","","","","","","","","","","","","","","","","","","","","","","",""
"2002","57023","956E","","","","","","","","","","","","","","","","","","","","","","",""
"2003","57038","1DC0","","","","","","","","","","","","","","","","","","","","","","",""
"2004","57054","3F26","","","","","","","","","","","","","","","","","","","","","","",""
"2005","57069","899C","","","","","","","","","","","","","","","","","","","","","","",""
"2006","57085","D18D","","","","","","","","","","","","","","","","","","","","","","",""
"2007","57102","1B92","","","","","","","","","","","","","","","","","","","","","","",""
"2008","57118","629C","","","","","","","","","","","","","","","","","","","","","","",""
"2009","57134","C050","","","","","","","","","","","","","","","","","","","","","","",""
"2010","57150","F7B2","","","","","","","","","","","","","","","","","","","","","","",""
"2011","57167","3FB9","","","","","","","","","","","","","","","","","","","","","","",""
"2012","57182","CB4A","","","","","","","","","","","","","","","","","","","","","","",""
"2013","57197","0ED0","","","","","","","","","","","","","","","","","","","","","","",""
"2014","57212","3DA0","","","","","","","","","","","","","","","","","","","","","","",""
"2015","57228","D222","","","","","","","","","","","","","","","","","","","","","","",""
"2016","57244","01B6","","","","","","","","","","","","","","","","","","","","","","",""
"2017","57261","2638","","","","","","","","","","","","","","","","","","","","","","",""
"2018","57275","6FA3","","","","","","","","","","","","","","","","","","","","","","",""
"2019","57308","B750","","","","","","","","","","","","","","","","","","","","","","",""
"2020","57323","009E","","","","","","","","","","","","","","","","","","","","","","",""
"2021","57339","8892","","","","","","","","","","","","","","","","","","","","","","",""
"2022","57357","B458","","","","","","","","","","","","","","","","","","","","","","",""
"2023","57373","FCB9","","","","","","","","","","","","","","","","","","","","","","",""
"2024","57389","4604","","","","","","","","","","","","","","","","","","","","","","",""
"2025","57405","8F27","","","","","","","","","","","","","","","","","","","","","","",""
"2026","57420","D757","","","","","","","","","","","","","","","","","","","","","","",""
"2027","57438","3388","","","","","","","","","","","","","","","","","","","","","","",""
"2028","57450","6483","","","","","","","","","","","","","","","","","","","","","","",""
"2029","57468","B199","","","","","","","","","","","","","","","","","","","","","","",""
"2030","57485","5060","","","","","","","","","","","","","","","","","","","","","","",""
"2031","57501","9887","","","","","","","","","","","","","","","","","","","","","","",""
"2032","57516","C2EF","","","","","","","","","","","","","","","","","","","","","","",""
"2033","57531","3618","","","","","","","","","","","","","","","","","","","","","","",""
"2034","57546","68C4","","","","","","","","","","","","","","","","","","","","","","",""
"2035","57565","B14D","","","","","","","","","","","","","","","","","","","","","","",""
"2036","57579","FA7F","","","","","","","","","","","","","","","","","","","","","","",""
"2037","57611","43DE","","","","","","","","","","","","","","","","","","","","","","",""
"2038","57629","8BF0","","","","","","","","","","","","","","","","","","","","","","",""
"2039","57644","E7BF","","","","","","","","","","","","","","","","","","","","","","",""
"2040","57658","1557","","","","","","","","","","","","","","","","","","","","","","",""
"2041","57674","5DD0","","","","","","","","","","","","","","","","","","","","","","",""
"2042","57692","A25B","","","","","","","","","","","","","","","","","","","","","","",""
"2043","57706","E03E","","","","","","","","","","","","","","","","","","","","","","",""
"2044","57724","2529","","","","","","","","","","","","","","","","","","","","","","",""
"2045","57741","69AB","","","","","","","","","","","","","","","","","","","","","","",""
"2046","57754","F6ED","","","","","","","","","","","","","","","","","","","","","","",""
"2047","57768","264B","","","","","","","","","","","","","","","","","","","","","","",""
"2048","57786","ACDA","","","","","","","","","","","","","","","","","","","","","","",""
"2049","57803","F5B2","","","","","","","","","","","","","","","","","","","","","","",""
"2050","57819","3E13","","","","","","","","","","","","","","","","","","","","","","",""
"2051","57835","AEBA","","","","","","","","","","","","","","","","","","","","","","",""
"2052","57850","E1FB","","","","","","","","","","","","","","","","","","","","","","",""
"2053","57865","252C","","","","","","","","","","","","","","","","","","","","","","",""
"2054","57882","73B2","","","","","","","","","","","","","","","","","","","","","","",""
"2055","57913","BCF7","","","","","","","","","","","","","","","","","","","","","","",""
"2056","57931","FAD3","","","","","","","","","","","","","","","","","","","","","","",""
"2057","57946","2AE2","","","","","","","","","","","","","","","","","","","","","","",""
"2058","57964","9F8A","","","","","","","","","","","","","","","","","","","","","","",""
"2059","57977","DDF7","","","","","","","","","","","","","","","","","","","","","","",""
"2060","57995","250B","","","","","","","","","","","","","","","","","","","","","","",""
"2061","58007","6D36","","","","","","","","","","","","","","","","","","","","","","",""
"2062","58025","B68B","","","","","","","","","","","","","","","","","","","","","","",""
"2063","58040","FEB0","","","","","","","","","","","","","","","","","","","","","","",""
"2064","58058","5A98","","","","","","","","","","","","","","","","","","","","","","",""
"2065","58074","8899","","","","","","","","","","","","","","","","","","","","","","",""
"2066","58088","2702","","","","","","","","","","","","","","","","","","","","","","",""
"2067","58106","704C","","","","","","","","","","","","","","","","","","","","","","",""
"2068","58121","B8BF","","","","","","","","","","","","","","","","","","","","","","",""
"2069","58139","2532","","","","","","","","","","","","","","","","","","","","","","",""
"2070","58153","405F","","","","","","","","","","","","","","","","","","","","","","",""
"2071","58168","8C8B","","","","","","","","","","","","","","","","","","","","","","",""
"2072","58182","D5E4","","","","","","","","","","","","","","","","","","","","","","",""
"2073","58216","1F8C","","","","","","","","","","","","","","","","","","","","","","",""
"2074","58233","6731","","","","","","","","","","","","","","","","","","","","","","",""
"2075","58247","B06F","","","","","","","","","","","","","","","","","","","","","","",""
"2076","58266","1463","","","","","","","","","","","","","","","","","","","","","","",""
"2077","58278","444A","","","","","","","","","","","","","","","","","","","","","","",""
"2078","58295","8D86","","","","","","","","","","","","","","","","","","","","","","",""
"2079","58312","D5EE","","","","","","","","","","","","","","","","","","","","","","",""
"2080","58326","1F40","","","","","","","","","","","","","","","","","","","","","","",""
"2081","58343","675A","","","","","","","","","","","","","","","","","","","","","","",""
"2082","58361","C213","","","","","","","","","","","","","","","","","","","","","","",""
"2083","58376","FD02","","","","","","","","","","","","","","","","","","","","","","",""
"2084","58389","9008","","","","","","","","","","","","","","","","","","","","","","",""
"2085","58407","D24C","","","","","","","","","","","","","","","","","","","","","","",""
"2086","58422","1E94","","","","","","","","","","","","","","","","","","","","","","",""
"2087","58439","67FA","","","","","","","","","","","","","","","","","","","","","","",""
"2088","58456","D6C3","","","","","","","","","","","","","","","","","","","","","","",""
"2089","58473","0ADA","","","","","","","","","","","","","","","","","","","","","","",""
"2090","58486","4DFE","","","","","","","","","","","","","","","","","","","","","","",""
"2091","58522","9C78","","","","","","","","","","","","","","","","","","","","","","",""
"2092","58535","E5D2","","","","","","","","","","","","","","","","","","","","","","",""
"2093","58551","2DED","","","","","","","","","","","","","","","","","","","","","","",""
"2094","58566","901F","","","","","","","","","","","","","","","","","","","","","","",""
"2095","58582","BFF8","","","","","","","","","","","","","","","","","","","","","","",""
"2096","58600","087A","","","","","","","","","","","","","","","","","","","","","","",""
"2097","58613","4C01","","","","","","","","","","","","","","","","","","","","","","",""
"2098","58630","95AB","","","","","","","","","","","","","","","","","","","","","","",""
"2099","58645","BF55","","","","","","","","","","","","","","","","","","","","","","",""
"2100","58662","1252","","","","","","","","","","","","","","","","","","","","","","",""
"2101","58679","9958","","","","","","","","","","","","","","","","","","","","","","",""
"2102","58693","1564","","","","","","","","","","","","","","","","","","","","","","",""
"2103","58710","5A04","","","","","","","","","","","","","","","","","","","","","","",""
"2104","58726","A331","","","","","","","","","","","","","","","","","","","","","","",""
"2105","58743","EBB7","","","","","","","","","","","","","","","","","","","","","","",""
"2106","58758","3A46","","","","","","","","","","","","","","","","","","","","","","",""
"2107","58772","7422","","","","","","","","","","","","","","","","","","","","","","",""
"2108","58790","BD88","","","","","","","","","","","","","","","","","","","","","","",""
"2109","58821","05E5","","","","","","","","","","","","","","","","","","","","","","",""
"2110","58837","502C","","","","","","","","","","","","","","","","","","","","","","",""
"2111","58854","9748","","","","","","","","","","","","","","","","","","","","","","",""
"2112","58872","ED95","","","","","","","","","","","","","","","","","","","","","","",""
"2113","58888","19D0","","","","","","","","","","","","","","","","","","","","","","",""
"2114","58900","66EC","","","","","","","","","","","","","","","","","","","","","","",""
"2115","58918","B031","","","","","","","","","","","","","","","","","","","","","","",""
"2116","58934","FC21","","","","","","","","","","","","","","","","","","","","","","",""
"2117","58950","41A2","","","","","","","","","","","","","","","","","","","","","","",""
"2118","58964","8BAE","","","","","","","","","","","","","","","","","","","","","","",""
"2119","58981","00B8","","","","","","","","","","","","","","","","","","","","","","",""
"2120","58996","7BC4","","","","","","","","","","","","","","","","","","","","","","",""
"2121","59013","C507","","","","","","","","","","","","","","","","","","","","","","",""
"2122","59029","0E3E","","","","","","","","","","","","","","","","","","","","","","",""
"2123","59045","56AA","","","","","","","","","","","","","","","","","","","","","","",""
"2124","59060","A9DE","","","","","","","","","","","","","","","","","","","","","","",""
"2125","59077","D9F8","","","","","","","","","","","","","","","","","","","","","","",""
"2126","59091","2335","","","","","","","","","","","","","","","","","","","","","","",""
"2127","59125","66EF","","","","","","","","","","","","","","","","","","","","","","",""
"2128","59138","B4DA","","","","","","","","","","","","","","","","","","","","","","",""
"2129","59157","FD0F","","","","","","","","","","","","","","","","","","","","","","",""
"2130","59172","27D0","","","","","","","","","","","","","","","","","","","","","","",""
"2131","59188","A0C1","","","","","","","","","","","","","","","","","","","","","","",""
"2132","59204","DD2A","","","","","","","","","","","","","","","","","","","","","","",""
"2133","59220","1D46","","","","","","","","","","","","","","","","","","","","","","",""
"2134","59236","5B7C","","","","","","","","","","","","","","","","","","","","","","",""
"2135","59251","A45E","","","","","","","","","","","","","","","","","","","","","","",""
"2136","59269","EC62","","","","","","","","","","","","","","","","","","","","","","",""
"2137","59282","61FA","","","","","","","","","","","","","","","","","","","","","","",""
"2138","59299","E5DF","","","","","","","","","","","","","","","","","","","","","","",""
"2139","59318","2F84","","","","","","","","","","","","","","","","","","","","","","",""
"2140","59333","78C0","","","","","","","","","","","","","","","","","","","","","","",""
"2141","59348","BAD2","","","","","","","","","","","","","","","","","","","","","","",""
"2142","59365","FC5A","","","","","","","","","","","","","","","","","","","","","","",""
"2143","59380","6EC9","","","","","","","","","","","","","","","","","","","","","","",""
"2144","59395","958E","","","","","","","","","","","","","","","","","","","","","","",""
"2145","59428","DCA2","","","","","","","","","","","","","","","","","","","","","","",""
"2146","59443","25C1","","","","","","","","","","","","","","","","","","","","","","",""
"2147","59461","6DFA","","","","","","","","","","","","","","","","","","","","","","",""
"2148","59473","B729","","","","","","","","","","","","","","","","","","","","","","",""
"2149","59491","1D98","","","","","","","","","","","","","","","","","","","","","","",""
"2150","59508","49BD","","","","","","","","","","","","","","","","","","","","","","",""
"2151","59524","904C","","","","","","","","","","","","","","","","","","","","","","",""
"2152","59538","D8B6","","","","","","","","","","","","","","","","","","","","","","",""
"2153","59555","21F1","","","","","","","","","","","","","","","","","","","","","","",""
"2154","59569","6B29","","","","","","","","","","","","","","","","","","","","","","",""
"2155","59588","B46F","","","","","","","","","","","","","","","","","","","","","","",""
"2156","59601","5199","","","","","","","","","","","","","","","","","","","","","","",""
"2157","59618","936E","","","","","","","","","","","","","","","","","","","","","","",""
"2158","59633","D121","","","","","","","","","","","","","","","","","","","","","","",""
"2159","59650","19E1","","","","","","","","","","","","","","","","","","","","","","",""
"2160","59665","58E7","","","","","","","","","","","","","","","","","","","","","","",""
"2161","59682","A230","","","","","","","","","","","","","","","","","","","","","","",""
"2162","59699","EB67","","","","","","","","","","","","","","","","","","","","","","",""
"2163","59728","34A7","","","","","","","","","","","","","","","","","","","","","","",""
"2164","59747","7DEB","","","","","","","","","","","","","","","","","","","","","","",""
"2165","59760","F4A5","","","","","","","","","","","","","","","","","","","","","","",""
"2166","59778","23AE","","","","","","","","","","","","","","","","","","","","","","",""
"2167","59794","6CA1","","","","","","","","","","","","","","","","","","","","","","",""
"2168","59808","B5EE","","","","","","","","","","","","","","","","","","","","","","",""
"2169","59827","FF31","","","","","","","","","","","","","","","","","","","","","","",""
"2170","59840","43F3","","","","","","","","","","","","","","","","","","","","","","",""
"2171","59857","91AF","","","","","","","","","","","","","","","","","","","","","","",""
"2172","59874","DAE1","","","","","","","","","","","","","","","","","","","","","","",""
"2173","59888","242E","","","","","","","","","","","","","","","","","","","","","","",""
"2174","59904","AE59","","","","","","","","","","","","","","","","","","","","","","",""
"2175","59920","F723","","","","","","","","","","","","","","","","","","","","","","",""
"2176","59936","405D","","","","","","","","","","","","","","","","","","","","","","",""
"2177","59954","89B0","","","","","","","","","","","","","","","","","","","","","","",""
"2178","59969","C8A7","","","","","","","","","","","","","","","","","","","","","","",""
"2179","59984","11E3","","","","","","","","","","","","","","","","","","","","","","",""
"2180","60000","5B2B","","","","","","","","","","","","","","","","","","","","","","",""
"2181","60032","D40B","","","","","","","","","","","","","","","","","","","","","","",""
"2182","60050","0335","","","","","","","","","","","","","","","","","","","","","","",""
"2183","60064","4C44","","","","","","","","","","","","","","","","","","","","","","",""
"2184","60079","9110","","","","","","","","","","","","","","","","","","","","","","",""
"2185","60095","DEC7","","","","","","","","","","","","","","","","","","","","","","",""
"2186","60112","27E6","","","","","","","","","","","","","","","","","","","","","","",""
"2187","60130","7126","","","","","","","","","","","","","","","","","","","","","","",""
"2188","60144","BA7D","","","","","","","","","","","","","","","","","","","","","","",""
"2189","60162","03B8","","","","","","","","","","","","","","","","","","","","","","",""
"2190","60178","4570","","","","","","","","","","","","","","","","","","","","","","",""
"2191","60191","8399","","","","","","","","","","","","","","","","","","","","","","",""
"2192","60207","1FF8","","","","","","","","","","","","","","","","","","","","","","",""
"2193","60225","6922","","","","","","","","","","","","","","","","","","","","","","",""
"2194","60238","B26C","","","","","","","","","","","","","","","","","","","","","","",""
"2195","60255","FC02","","","","","","","","","","","","","","","","","","","","","","",""
"2196","60270","3B36","","","","","","","","","","","","","","","","","","","","","","",""
"2197","60288","C903","","","","","","","","","","","","","","","","","","","","","","",""
"2198","60301","D68B","","","","","","","","","","","","","","","","","","","","","","",""
"2199","60335","24AD","","","","","","","","","","","","","","","","","","","","","","",""
"2200","60350","6CD3","","","","","","","","","","","","","","","","","","","","","","",""
"2201","60366","B7D6","","","","","","","","","","","","","","","","","","","","","","",""
"2202","60384","FF44","","","","","","","","","","","","","","","","","","","","","","",""
"2203","60399","47C4","","","","","","","","","","","","","","","","","","","","","","",""
"2204","60414","91DF","","","","","","","","","","","","","","","","","","","","","","",""
"2205","60431","DA41","","","","","","","","","","","","","","","","","","","","","","",""
"2206","60444","1D31","","","","","","","","","","","","","","","","","","","","","","",""
"2207","60461","5A57","","","","","","","","","","","","","","","","","","","","","","",""
"2208","60479","A31E","","","","","","","","","","","","","","","","","","","","","","",""
"2209","60496","ED69","","","","","","","","","","","","","","","","","","","","","","",""
"2210","60509","8B03","","","","","","","","","","","","","","","","","","","","","","",""
"2211","60524","D762","","","","","","","","","","","","","","","","","","","","","","",""
"2212","60542","18AB","","","","","","","","","","","","","","","","","","","","","","",""
"2213","60558","69F6","","","","","","","","","","","","","","","","","","","","","","",""
"2214","60573","A445","","","","","","","","","","","","","","","","","","","","","","",""
"2215","60591","F318","","","","","","","","","","","","","","","","","","","","","","",""
"2216","60607","3AF3","","","","","","","","","","","","","","","","","","","","","","",""
"2217","60638","8456","","","","","","","","","","","","","","","","","","","","","","",""
"2218","60654","AEBA","","","","","","","","","","","","","","","","","","","","","","",""
"2219","60669","DDAA","","","","","","","","","","","","","","","","","","","","","","",""
"2220","60688","269E","","","","","","","","","","","","","","","","","","","","","","",""
"2221","60703","6F86","","","","","","","","","","","","","","","","","","","","","","",""
"2222","60717","17B9","","","","","","","","","","","","","","","","","","","","","","",""
"2223","60734","4F3F","","","","","","","","","","","","","","","","","","","","","","",""
"2224","60749","9AB8","","","","","","","","","","","","","","","","","","","","","","",""
"2225","60765","E34B","","","","","","","","","","","","","","","","","","","","","","",""
"2226","60779","2C90","","","","","","","","","","","","","","","","","","","","","","",""
"2227","60798","6A6D","","","","","","","","","","","","","","","","","","","","","","",""
"2228","60814","13B1","","","","","","","","","","","","","","","","","","","","","","",""
"2229","60829","5C97","","","","","","","","","","","","","","","","","","","","","","",""
"2230","60844","9E10","","","","","","","","","","","","","","","","","","","","","","",""
"2231","60859","DB99","","","","","","","","","","","","","","","","","","","","","","",""
"2232","60876","1A6D","","","","","","","","","","","","","","","","","","","","","","",""
"2233","60892","63A4","","","","","","","","","","","","","","","","","","","","","","",""
"2234","60907","E864","","","","","","","","","","","","","","","","","","","","","","",""
"2235","60941","0FEE","","","","","","","","","","","","","","","","","","","","","","",""
"2236","60957","598E","","","","","","","","","","","","","","","","","","","","","","",""
"2237","60972","A1EA","","","","","","","","","","","","","","","","","","","","","","",""
"2238","60987","EB76","","","","","","","","","","","","","","","","","","","","","","",""
"2239","61003","34F4","","","","","","","","","","","","","","","","","","","","","","",""
"2240","61020","7BC0","","","","","","","","","","","","","","","","","","","","","","",""
"2241","61034","BFE9","","","","","","","","","","","","","","","","","","","","","","",""
"2242","61052","0D6B","","","","","","","","","","","","","","","","","","","","","","",""
"2243","61068","3ACE","","","","","","","","","","","","","","","","","","","","","","",""
"2244","61084","844A","","","","","","","","","","","","","","","","","","","","","","",""
"2245","61100","CD09","","","","","","","","","","","","","","","","","","","","","","",""
"2246","61114","7C3D","","","","","","","","","","","","","","","","","","","","","","",""
"2247","61132","B661","","","","","","","","","","","","","","","","","","","","","","",""
"2248","61146","FF25","","","","","","","","","","","","","","","","","","","","","","",""
"2249","61163","47B4","","","","","","","","","","","","","","","","","","","","","","",""
"2250","61179","868F","","","","","","","","","","","","","","","","","","","","","","",""
"2251","61195","CD9A","","","","","","","","","","","","","","","","","","","","","","",""
"2252","61210","178E","","","","","","","","","","","","","","","","","","","","","","",""
"2253","61243","6028","","","","","","","","","","","","","","","","","","","","","","",""
"2254","61257","AA2B","","","","","","","","","","","","","","","","","","","","","","",""
"2255","61277","CF5D","","","","","","","","","","","","","","","","","","","","","","",""
"2256","61290","03DD","","","","","","","","","","","","","","","","","","","","","","",""
"2257","61307","4BD0","","","","","","","","","","","","","","","","","","","","","","",""
"2258","61324","94E7","","","","","","","","","","","","","","","","","","","","","","",""
"2259","61337","475E","","","","","","","","","","","","","","","","","","","","","","",""
"2260","61351","785B","","","","","","","","","","","","","","","","","","","","","","",""
"2261","61371","C1F0","","","","","","","","","","","","","","","","","","","","","","",""
"2262","61386","0A57","","","","","","","","","","","","","","","","","","","","","","",""
"2263","61403","53CB","","","","","","","","","","","","","","","","","","","","","","",""
"2264","61421","0808","","","","","","","","","","","","","","","","","","","","","","",""
"2265","61433","3C27","","","","","","","","","","","","","","","","","","","","","","",""
"2266","61450","8566","","","","","","","","","","","","","","","","","","","","","","",""
"2267","61466","CD82","","","","","","","","","","","","","","","","","","","","","","",""
"2268","61480","0B5B","","","","","","","","","","","","","","","","","","","","","","",""
"2269","61500","5064","","","","","","","","","","","","","","","","","","","","","","",""
"2270","61516","9BCF","","","","","","","","","","","","","","","","","","","","","","",""
"2271","61545","0874","","","","","","","","","","","","","","","","","","","","","","",""
"2272","61562","31E7","","","","","","","","","","","","","","","","","","","","","","",""
"2273","61578","7BD9","","","","","","","","","","","","","","","","","","","","","","",""
"2274","61591","C8A5","","","","","","","","","","","","","","","","","","","","","","",""
"2275","61609","0EDB","","","","","","","","","","","","","","","","","","","","","","",""
"2276","61626","5860","","","","","","","","","","","","","","","","","","","","","","",""
"2277","61641","A439","","","","","","","","","","","","","","","","","","","","","","",""
"2278","61657","E84C","","","","","","","","","","","","","","","","","","","","","","",""
"2279","61672","3103","","","","","","","","","","","","","","","","","","","","","","",""
"2280","61689","75F4","","","","","","","","","","","","","","","","","","","","","","",""
"2281","61706","B0D7","","","","","","","","","","","","","","","","","","","","","","",""
"2282","61721","8165","","","","","","","","","","","","","","","","","","","","","","",""
"2283","61737","B242","","","","","","","","","","","","","","","","","","","","","","",""
"2284","61754","032A","","","","","","","","","","","","","","","","","","","","","","",""
"2285","61768","4BA2","","","","","","","","","","","","","","","","","","","","","","",""
"2286","61784","8E5E","","","","","","","","","","","","","","","","","","","","","","",""
"2287","61800","D37F","","","","","","","","","","","","","","","","","","","","","","",""
"2288","61817","1BBB","","","","","","","","","","","","","","","","","","","","","","",""
"2289","61847","66EE","","","","","","","","","","","","","","","","","","","","","","",""
"2290","61864","AC39","","","","","","","","","","","","","","","","","","","","","","",""
"2291","61879","D4B3","","","","","","","","","","","","","","","","","","","","","","",""
"2292","61894","21A2","","","","","","","","","","","","","","","","","","","","","","",""
"2293","61912","670B","","","","","","","","","","","","","","","","","","","","","","",""
"2294","61926","B075","","","","","","","","","","","","","","","","","","","","","","",""
"2295","61942","340D","","","","","","","","","","","","","","","","","","","","","","",""
"2296","61959","57FA","","","","","","","","","","","","","","","","","","","","","","",""
"2297","61974","A18B","","","","","","","","","","","","","","","","","","","","","","",""
"2298","61994","E4FC","","","","","","","","","","","","","","","","","","","","","","",""
"2299","62005","3489","","","","","","","","","","","","","","","","","","","","","","",""
"2300","62023","D1F7","","","","","","","","","","","","","","","","","","","","","","",""
"2301","62040","1B05","","","","","","","","","","","","","","","","","","","","","","",""
"2302","62056","6389","","","","","","","","","","","","","","","","","","","","","","",""
"2303","62071","8A40","","","","","","","","","","","","","","","","","","","","","","",""
"2304","62087","BBA2","","","","","","","","","","","","","","","","","","","","","","",""
"2305","62104","03DE","","","","","","","","","","","","","","","","","","","","","","",""
"2306","62118","4D2A","","","","","","","","","","","","","","","","","","","","","","",""
"2307","62150","B844","","","","","","","","","","","","","","","","","","","","","","",""
"2308","62166","DE61","","","","","","","","","","","","","","","","","","","","","","",""
"2309","62185","27D9","","","","","","","","","","","","","","","","","","","","","","",""
"2310","62199","709F","","","","","","","","","","","","","","","","","","","","","","",""