"","","","","","","","","Instead of pressing the A button on the title screen, press Start instead","","","","","","Instead of pressing the A button on the title screen, press L instead","","",""
"#","Intro Time ms (GBA)","MONO/LR","MONO/L=A","MONO/HELP","STEREO/LR","STEREO/L=A","STEREO/HELP","MONO/LR, Start","MONO/L=A, Start","MONO/HELP, Start","STEREO/LR, Start","STEREO/L=A, Start","STEREO/HELP, Start","MONO/L=A, L","STEREO/L=A, L","",""
"1","33752","A04D","A040","A052","A082","A088","A08C","A048","A038","A03E","A07A","A080","A07E","A041","A079","",""
"2","33768","EC93","EC94","ECA6","EC98","EC9C","ECA0","EC8E","EC8C","EC92","EC90","EC94","EC92","EC95","EC8D","",""
"3","33784","3681","3670","3682","3696","3698","369C","367C","3668","366E","368E","3690","368E","3671","3699","",""
"4","33808","7F19","7F16","7F18","7F0E","7F0E","7F12","7F14","7F0E","7F04","7F06","7F06","7F04","7F07","7F0F","",""
"5","33824","C8F9","C8F4","C906","C91A","C918","C91C","C8F4","C8EC","C8F2","C912","C910","C90E","C8F5","C919","",""
"6","33840","118D","1186","1198","118E","118A","118E","1188","117E","1184","1186","1182","1180","1187","118B","",""
"7","33856","3F8D","3F84","3F96","3FAE","3FA8","3FAC","3F88","3F7C","3F82","3FA6","3FA0","3F9E","3F85","3FA9","",""
"8","33872","9671","9666","9678","968C","9694","9698","966C","965E","9664","9684","968C","967A","9667","9685","",""
"9","33888","D498","D48B","D49D","D49D","D493","D497","D493","D483","D489","D495","D48B","D489","D48C","D494","",""
"10","33904","1E5F","1E60","1E72","1E7E","1E82","1E86","1E5A","1E58","1E5E","1E76","1E7A","1E78","1E61","1E83","",""
"11","33920","91B6","91B5","91C7","91B9","91BB","91BF","91B1","91AD","91B3","91B1","91B3","91B1","91B6","91BC","",""
"12","33936","CED1","CECE","CEE0","CEEE","CEEE","CEF2","CEDC","CEC6","CECC","CEE6","CEE6","CEE4","CECF","CEEF","",""
"13","33952","16E9","16E4","16E6","16E6","16E4","16E8","16E4","16DC","16D2","16DE","16DC","16DA","16D5","16E5","",""
"14","33976","5F9A","5F93","5FA5","5F97","5F93","5F97","5F95","5F8B","5F91","5F8F","5F8B","5F89","5F94","5F94","",""
"15","33992","A8DC","A8D3","A8E5","A8D9","A8D3","A8D7","A8D7","A8CB","A8D1","A8D1","A8CB","A8C9","A8D4","A8D4","",""
"16","34008","EE34","EE29","EE3B","EE51","EE49","EE4D","EE2F","EE21","EE27","EE49","EE41","EE3F","EE2A","EE4A","",""
"17","34024","3B66","3B59","3B6B","3B63","3B69","3B6D","3B61","3B51","3B57","3B5B","3B61","3B4F","3B5A","3B5A","",""
"18","34040","849E","848F","84A1","8499","849D","84A1","8499","8487","848D","8491","8495","8493","8490","849E","",""
"19","34056","CDDC","CDDB","CDDD","CDD7","CDD9","CDDD","CDD7","CDD3","CDC9","CDCF","CDD1","CDCF","CDCC","CDDA","",""
"20","34072","FBF8","FBF5","FC07","FBF3","FC03","FC07","FBF3","FBED","FBF3","FBEB","FBFB","FBE9","FBF6","FBF4","",""
"21","34088","08AC","08A7","08B9","08B1","08AF","08B3","08A7","089F","08A5","08A9","08A7","08A5","08A8","08B0","",""
"22","34104","5240","5239","524B","525F","525B","525F","523B","5231","5237","5257","5253","5251","523A","525C","",""
"23","34120","9954","994B","995D","995D","9957","995B","994F","9943","9949","9955","994F","994D","994C","9958","",""
"24","34136","49B2","49A7","49B9","49E5","49ED","49F1","49AD","499F","49A5","49DD","49E5","49D3","49A8","49DE","",""
"25","34160","7CF8","7CFB","7CFD","7D33","7D39","7D3D","7CF3","7CF3","7CE9","7D2B","7D31","7D1F","7CEC","7D2A","",""
"26","34176","C607","C608","C60A","C63C","C640","C644","C602","C600","C5F6","C634","C638","C636","C5F9","C641","",""
"27","34192","0EFE","0EED","0EFF","0EF3","0EF5","0EF9","0EF9","0EE5","0EEB","0EEB","0EED","0EEB","0EEE","0EF6","",""
"28","34208","5A37","5A34","5A36","5AA0","5AA0","5AA4","5A32","5A2C","5A22","5A98","5A98","5A96","5A25","5AA1","",""
"29","34224","9F7E","9F89","9F8B","9F87","9F85","9F89","9F89","9F81","9F77","9F7F","9F7D","9F7B","9F7A","9F86","",""
"30","34240","0326","032F","0331","0369","0365","0369","0331","0327","031D","0361","035D","035B","0320","0366","",""
"31","34256","2FD1","2FC8","2FDA","300E","3008","300C","2FCC","2FC0","2FC6","3006","3000","2FFE","2FC9","3009","",""
"32","34272","7D8B","7D80","7D92","7DC2","7DCA","7DCE","7D86","7D78","7D7E","7DBA","7DC2","7DB0","7D81","7DBB","",""
"33","34288","C747","C73A","C74C","C778","C77E","C782","C742","C732","C738","C770","C776","C774","C73B","C77F","",""
"34","34304","0FD1","0FC2","0FD4","0FD2","0FC6","0FCA","0FCC","0FBA","0FC0","0FCA","0FBE","0FBC","0FC3","0FC7","",""
"35","34328","5921","5920","5932","595C","595E","5962","592C","5918","591E","5954","5956","5954","5921","595F","",""
"36","34344","A261","A25E","A270","A2A4","A2A4","A2A8","A25C","A256","A25C","A29C","A29C","A28A","A25F","A295","",""
"37","34360","081A","0815","0827","0857","0855","0859","0815","080D","0813","084F","084D","084B","0816","0856","",""
"38","34376","38CD","38C6","38D8","3904","3900","3904","38C8","38BE","38C4","38FC","38F8","38F6","38C7","3901","",""
"39","34392","81EB","81E2","81F4","821C","8226","822A","81E6","81DA","81E0","8214","821E","821C","81E3","8227","",""
"40","34408","CAC2","CAC7","CAD9","CAC3","CACB","CACF","CACD","CABF","CAC5","CABB","CAC3","CAC1","CAC8","CACC","",""
"41","34424","1447","143A","144C","1482","1478","147C","1442","1432","1438","147A","1470","146E","143B","1479","",""
"42","34440","5DEA","5DEB","5DFD","5E29","5E2D","5E31","5DF5","5DE3","5DE9","5E21","5E25","5E23","5DEC","5E2E","",""
"43","34456","A4B5","A4B4","A4B6","A4BC","A4BE","A4C2","A4B0","A4AC","A4A2","A4B4","A4B6","A4A4","A4A5","A4AF","",""
"44","34472","ED22","ED0F","ED21","ED19","ED19","ED1D","ED1D","ED07","ED0D","ED11","ED11","ED0F","ED10","ED1A","",""
"45","34488","365D","3658","365A","3654","3652","3656","3658","3650","3646","364C","364A","3648","3649","3653","",""
"46","34512","73B4","73BD","73BF","73BB","73B7","73BB","73BF","73B5","73AB","73B3","73AF","73AD","73AE","73B8","",""
"47","34528","B642","B649","B64B","B649","B653","B657","B64D","B641","B637","B641","B64B","B639","B63A","B644","",""
"48","34544","FF16","FF0B","FF1D","FF17","FF0F","FF13","FF11","FF03","FF09","FF0F","FF07","FF05","FF0C","FF10","",""
"49","34560","4859","485C","485E","4854","485A","485E","4854","4854","484A","484C","4852","4850","484D","485B","",""
"50","34576","C7C4","C7C5","C7C7","C7F9","C7FD","C801","C7BF","C7BD","C7B3","C7F1","C7F5","C7F3","C7B6","C7FE","",""
"51","34592","F43B","F43A","F44C","F47A","F47C","F480","F436","F432","F438","F472","F474","F472","F43B","F47D","",""
"52","34608","3D5C","3D59","3D5B","3D95","3D95","3D99","3D57","3D51","3D47","3D8D","3D8D","3D8B","3D4A","3D86","",""
"53","34624","8632","862D","862F","862B","8629","862D","862D","8625","861B","8623","8621","861F","861E","862A","",""
"54","34640","CFB4","CFAD","CFBF","CFF7","CFF3","CFF7","CFAF","CFA5","CFAB","CFEF","CFEB","CFE9","CFAE","CFF4","",""
"55","34656","194D","1944","1956","198A","1984","1988","1948","193C","1942","1982","197C","197A","1945","1985","",""
"56","34680","76C7","76BC","76CE","76C4","76CC","76D0","76C2","76B4","76BA","76BC","76C4","76C2","76BD","76BD","",""
"57","34696","AA74","AA77","AA89","AA81","AA77","AA7B","AA7F","AA6F","AA75","AA79","AA6F","AA6D","AA78","AA78","",""
"58","34712","F397","F388","F39A","F394","F398","F39C","F392","F380","F386","F38C","F390","F37E","F389","F389","",""
"59","34728","1D04","1D03","1D05","1D01","1D03","1D07","1CFF","1CFB","1CF1","1CF9","1CFB","1CF9","1CF4","1D04","",""
"60","34744","667B","6678","668A","6678","6678","667C","6676","6670","6676","6670","6670","666E","6679","6679","",""
"61","34760","AAFD","AAF8","AB0A","AB04","AB02","AB06","AB08","AAF0","AAF6","AAFC","AAFA","AAF8","AAF9","AB03","",""
"62","34776","F879","F872","F874","F87A","F876","F87A","F874","F86A","F860","F872","F86E","F86C","F863","F877","",""
"63","34792","7F49","7F50","7F52","7F84","7F8E","7F92","7F54","7F48","7F3E","7F7C","7F86","7F84","7F41","7F7F","",""
"64","34808","A338","A32D","A33F","A36D","A375","A379","A333","A325","A32B","A365","A36D","A36B","A32E","A366","",""
"65","34824","EC58","EC4B","EC5D","EC87","EC8D","EC91","EC53","EC43","EC49","EC7F","EC85","EC83","EC4C","EC8E","",""
"66","34848","35F1","35E2","35F4","362A","362E","3632","35EC","35DA","35E0","3622","3626","3614","35E3","361F","",""
"67","34864","7EA3","7EA2","7EA4","7EBC","7EBE","7EC2","7E9E","7E9A","7E90","7EB4","7EB6","7EB4","7E93","7EBF","",""
"68","34880","C754","C751","C763","C777","C777","C77B","C74F","C749","C74F","C76F","C76F","C76D","C752","C768","",""
"69","34896","109B","1096","1098","10BE","10BC","10C0","1096","108E","1084","10B6","10B4","10B2","1087","10AD","",""
"70","34912","5A63","5A5C","5A6E","5A80","5A7C","5A80","5A5E","5A54","5A5A","5A78","5A74","5A72","5A5D","5A7D","",""
"71","34928","A321","A318","A32A","A33E","A348","A34C","A31C","A310","A316","A336","A340","A32E","A319","A339","",""
"72","34944","E44F","E444","E456","E44C","E454","E458","E44A","E43C","E442","E444","E44C","E44A","E445","E445","",""
"73","34960","23CD","23C0","23D2","23E4","23EA","23EE","23C8","23B8","23BE","23DC","23E2","23E0","23C1","23EB","",""
"74","34976","6B59","6B4A","6B5C","6B54","6B58","6B5C","6B54","6B42","6B48","6B4C","6B50","6B3E","6B4B","6B49","",""
"75","34992","B5A5","B5A4","B5A6","B5BA","B5BC","B5C0","B5A0","B59C","B592","B5B2","B5B4","B5B2","B595","B5BD","",""
"76","35008","F93F","F93C","F94E","F944","F944","F948","F94A","F934","F93A","F93C","F93C","F93A","F93D","F945","",""
"77","35032","4710","470B","470D","470F","470D","4711","470B","4703","46F9","4707","4705","4703","46FC","470E","",""
"78","35048","902C","9025","9037","902F","902B","902F","9027","901D","9023","9027","9023","9021","9026","902C","",""
"79","35064","DA14","DA0B","DA1D","DA31","DA2B","DA2F","DA0F","DA03","DA09","DA29","DA23","DA21","DA0C","DA2C","",""
"80","35080","22BF","22B4","22C6","22BC","22B4","22B8","22BA","22AC","22B2","22B4","22AC","22AA","22B5","22B5","",""
"81","35096","6C09","6C0C","6C0E","6C06","6C0C","6C10","6C04","6C04","6BFA","6BFE","6C04","6C02","6BFD","6C0D","",""
"82","35112","B5C3","B5B4","B5C6","B5DC","B5E0","B5E4","B5BE","B5AC","B5B2","B5D4","B5D8","B5D6","B5B5","B5D1","",""
"83","35128","FE73","FE72","FE74","FE6C","FE6E","FE72","FE6E","FE6A","FE60","FE64","FE66","FE64","FE63","FE6F","",""
"84","35144","2A28","2A25","2A27","2A21","2A21","2A25","2A23","2A1D","2A13","2A19","2A19","2A17","2A16","2A22","",""
"85","35160","574B","5746","5758","5744","5752","5756","5746","573E","5744","573C","574A","5738","5747","5743","",""
"86","35176","A061","A05A","A06C","A064","A060","A064","A05C","A052","A058","A05C","A058","A056","A05B","A061","",""
"87","35192","E926","E91D","E92F","E923","E92D","E931","E921","E915","E91B","E91B","E925","E913","E91E","E91E","",""
"88","35216","9996","998B","999D","99A9","99B1","99B5","9991","9983","9989","99A1","99A9","99A7","998C","99B2","",""
"89","35232","CADE","CAE1","CAF3","CAE1","CAE7","CAEB","CAE9","CAD9","CADF","CAD9","CADF","CADD","CAE2","CAE8","",""
"90","35248","1788","1789","178B","178B","178F","1793","1783","1781","1777","1783","1787","1785","177A","1780","",""
"91","35264","541B","540A","541C","542E","5430","5434","5416","5402","5408","5426","5428","5426","540B","5431","",""
"92","35280","AD30","AD2D","AD3F","AD33","AD33","AD37","AD2B","AD25","AD2B","AD2B","AD2B","AD29","AD2E","AD34","",""
"93","35296","F331","F33C","F33E","F334","F342","F346","F33C","F334","F32A","F32C","F33A","F328","F32D","F333","",""
"94","35312","3CA4","3C9D","3C9F","3C97","3CA3","3CA7","3C9F","3C95","3C8B","3C8F","3C9B","3C99","3C8E","3C94","",""
"95","35328","8A16","8A0D","8A1F","8A2F","8A29","8A2D","8A11","8A05","8A0B","8A27","8A21","8A1F","8A0E","8A2A","",""
"96","35344","CFDF","CFD4","CFE6","CFF8","D000","D004","CFDA","CFCC","CFD2","CFF0","CFF8","CFE6","CFD5","CFF1","",""
"97","35360","10B8","10AB","10BD","10B1","10B7","10BB","10B3","10A3","10A9","10A9","10AF","10AD","10AC","10A8","",""
"98","35376","522F","5230","5242","5238","523C","5240","523A","5228","522E","5230","5234","5232","5231","522D","",""
"99","35400","97B2","97B1","97B3","97B5","97B7","97BB","97AD","97A9","979F","97AD","97AF","979D","97A2","97A8","",""
"100","35416","E125","E122","E134","E122","E132","E136","E120","E11A","E120","E11A","E12A","E118","E123","E123","",""
"101","35432","550A","5505","5517","5507","5505","5509","5505","54FD","5503","54FF","54FD","54FB","5506","5506","",""
"102","35448","9197","91A0","91A2","91B8","91B4","91B8","91A2","9198","918E","91B0","91AC","91AA","9191","91B5","",""
"103","35464","DAE1","DAE8","DAEA","DB06","DB10","DB14","DAEC","DAE0","DAD6","DAFE","DB08","DAF6","DAD9","DB01","",""
"104","35480","2693","2688","269A","2688","2690","2694","268E","2680","2686","2680","2688","2686","2689","2681","",""
"105","35496","6CAB","6CAE","6CB0","6CB0","6CB6","6CBA","6CA6","6CA6","6C9C","6CA8","6CAE","6C9C","6C9F","6CA7","",""
"106","35512","A863","A864","A866","A868","A86C","A870","A85E","A85C","A852","A860","A864","A852","A855","A85D","",""
"107","35528","FF36","FF35","FF37","FF3B","FF3D","FF41","FF31","FF2D","FF23","FF33","FF35","FF23","FF26","FF2E","",""
"108","35552","4C99","4C96","4C98","4CB4","4CB4","4CB8","4C94","4C8E","4C84","4CAC","4CAC","4CAA","4C87","4CA5","",""
"109","35568","9249","9244","9246","9264","9262","9266","9244","923C","9232","925C","925A","9258","9235","9263","",""
"110","35584","BEDB","BED4","BEE6","BED6","BEE2","BEE6","BED6","BECC","BED2","BECE","BEDA","BED8","BED5","BED3","",""
"111","35600","0B91","0B98","0B9A","0B9C","0B96","0B9A","0B9C","0B90","0B86","0B94","0B8E","0B8C","0B89","0B97","",""
"112","35616","513E","5143","5145","5149","5141","5145","5149","513B","5131","5141","5139","5137","5134","5142","",""
"113","35632","9AB9","9AAC","9ABE","9AB4","9ABA","9ABE","9AB4","9AA4","9AAA","9AAC","9AB2","9AB0","9AAD","9AAB","",""
"114","35648","198E","197F","1991","19C3","19C7","19CB","1989","1977","197D","19BB","19BF","19BD","1980","19B8","",""
"115","35664","4531","4530","4542","4570","4572","4576","452C","4528","452E","4568","456A","4568","4531","4573","",""
"116","35680","8E63","8E60","8E72","8E9C","8E9C","8EA0","8E5E","8E58","8E5E","8E94","8E94","8E92","8E61","8E9D","",""
"117","35704","D802","D7FD","D80F","D845","D843","D847","D7FD","D7F5","D7FB","D83D","D83B","D839","D7FE","D834","",""
"118","35720","2190","2189","219B","21CD","21C9","21CD","218B","2181","2187","21C5","21C1","21BF","218A","21CA","",""
"119","35736","6975","697C","697E","6992","699C","69A0","6970","6974","696A","698A","6994","6992","696D","699D","",""
"120","35752","9559","954E","9560","9570","9578","957C","9554","9546","954C","9568","9570","955E","954F","9569","",""
"121","35768","D97F","D972","D984","D9A4","D99A","D99E","D97A","D96A","D970","D99C","D992","D990","D973","D99B","",""
"122","35784","26F7","26E8","26FA","26EC","26F0","26F4","26F2","26E0","26E6","26E4","26E8","26E6","26E9","26F1","",""
"123","35800","56D9","56C8","56DA","56EE","56F0","56F4","56D4","56C0","56C6","56E6","56E8","56E6","56C9","56F1","",""
"124","35816","81A8","8195","81A7","81A7","81A7","81AB","81A3","818D","8193","819F","819F","818D","8196","8198","",""
"125","35832","CAAA","CAA5","CAA7","CAA3","CAA1","CAA5","CAA5","CA9D","CA93","CA9B","CA99","CA97","CA96","CAA2","",""
"126","35848","1490","1489","148B","14A9","14A5","14A9","148B","1481","1477","14A1","149D","149B","147A","14A6","",""
"127","35864","BA88","BA7F","BA91","BA81","BA8B","BA8F","BA83","BA77","BA7D","BA79","BA83","BA81","BA80","BA7C","",""
"128","35888","F5E8","F5DD","F5EF","F5E1","F5E9","F5ED","F5E3","F5D5","F5DB","F5D9","F5E1","F5DF","F5DE","F5DA","",""
"129","35904","3EFB","3EFE","3F10","3F04","3F0A","3F0E","3F06","3EF6","3EFC","3EFC","3F02","3EF0","3EFF","3EFB","",""
"130","35920","88DD","88DE","88E0","88F0","88F4","88F8","88D8","88D6","88CC","88E8","88EC","88EA","88CF","88F5","",""
"131","35936","D174","D173","D185","D177","D179","D17D","D16F","D16B","D171","D16F","D171","D16F","D174","D17A","",""
"132","35952","1ABC","1AB9","1ACB","1ABF","1ABF","1AC3","1AB7","1AB1","1AB7","1AB7","1AB7","1AB5","1ABA","1AC0","",""
"133","35968","7498","7493","74A5","74BB","74B9","74BD","7493","748B","7491","74B3","74B1","74AF","7494","74BA","",""
"134","35984","AD5D","AD56","AD68","AD60","AD5C","AD60","AD58","AD4E","AD54","AD58","AD54","AD52","AD57","AD5D","",""
"135","36000","F686","F67D","F68F","F689","F683","F687","F681","F675","F67B","F681","F67B","F679","F67E","F684","",""
"136","36016","3B99","3B9E","3BA0","3BB6","3BBE","3BC2","3B94","3B96","3B8C","3BAE","3BB6","3BA4","3B8F","3BAF","",""
"137","36032","8910","8913","8915","8917","891D","8921","890B","890B","8901","890F","8915","8903","8904","890E","",""
"138","36056","D236","D237","D249","D237","D23B","D23F","D241","D22F","D235","D22F","D233","D231","D238","D23C","",""
"139","36072","1C01","1C00","1C02","1C16","1C18","1C1C","1BFC","1BF8","1BEE","1C0E","1C10","1C0E","1BF1","1C19","",""
"140","36088","7A06","7A03","7A15","7A0B","7A0B","7A0F","7A01","79FB","7A01","7A03","7A03","7A01","7A04","7A0C","",""
"141","36104","B172","B16D","B17F","B177","B175","B179","B16D","B165","B16B","B16F","B16D","B16B","B16E","B176","",""
"142","36120","FB13","FB0C","FB1E","FB38","FB34","FB38","FB0E","FB04","FB0A","FB30","FB2C","FB2A","FB0D","FB35","",""
"143","36136","43DF","43D6","43E8","43D4","43DE","43E2","43DA","43CE","43D4","43CC","43D6","43D4","43D7","43CF","",""
"144","36152","8D0D","8D12","8D14","8D12","8D1A","8D1E","8D18","8D0A","8D00","8D0A","8D12","8D00","8D03","8D0B","",""
"145","36168","D64C","D64F","D651","D64B","D651","D655","D647","D647","D63D","D643","D649","D647","D640","D652","",""
"146","36184","2025","2026","2038","2048","204C","2050","2020","201E","2024","2040","2044","2032","2027","203D","",""
"147","36200","695A","6959","696B","697D","697F","6983","6955","6951","6957","6975","6977","6975","695A","6980","",""
"148","36216","B24D","B24A","B25C","B250","B250","B254","B248","B242","B248","B248","B248","B246","B24B","B251","",""
"149","36240","F3B9","F3B4","F3C6","F3BC","F3BA","F3BE","F3C4","F3AC","F3B2","F3B4","F3B2","F3B0","F3B5","F3BB","",""
"150","36256","31FE","3207","3209","3201","320D","3211","3209","31FF","31F5","31F9","3205","31F3","31F8","31FE","",""
"151","36272","71AE","71A5","71B7","71AB","71A5","71A9","71A9","719D","71A3","71A3","719D","719B","71A6","71A6","",""
"152","36288","C499","C48E","C4A0","C4AA","C4B2","C4B6","C494","C486","C48C","C4A2","C4AA","C4A8","C48F","C4B3","",""
"153","36304","3DFC","3DFF","3E01","3E1D","3E23","3E27","3DF7","3DF7","3DED","3E15","3E1B","3E19","3DF0","3E24","",""
"154","36320","7231","7232","7234","7232","7236","723A","722C","722A","7220","722A","722E","722C","7223","7237","",""
"155","36336","BB55","BB54","BB56","BB56","BB58","BB5C","BB50","BB4C","BB42","BB4E","BB50","BB4E","BB45","BB49","",""
"156","36352","0477","0474","0486","0478","0478","047C","0472","046C","0472","0470","0470","046E","0475","0479","",""
"157","36368","4DBE","4DB9","4DCB","4DBF","4DCD","4DD1","4DC9","4DB1","4DB7","4DB7","4DC5","4DB3","4DBA","4DBE","",""
"158","36384","971C","9715","9727","971D","9719","971D","9717","970D","9713","9715","9711","970F","9716","971A","",""
"159","36408","EC8F","EC96","EC98","ECAA","ECB4","ECB8","EC9A","EC8E","EC84","ECA2","ECAC","ECAA","EC87","ECA5","",""
"160","36424","2B74","2B69","2B7B","2B8F","2B97","2B9B","2B6F","2B61","2B67","2B87","2B8F","2B7D","2B6A","2B88","",""
"161","36440","7402","73F5","7407","73FD","7403","7407","73FD","73ED","73F3","73F5","73FB","73F9","73F6","7404","",""
"162","36456","9CC3","9CB4","9CC6","9CBE","9CC2","9CC6","9CBE","9CAC","9CB2","9CB6","9CBA","9CB8","9CB5","9CB3","",""
"163","36472","E685","E684","E686","E680","E682","E686","E680","E67C","E672","E678","E67A","E678","E675","E683","",""
"164","36488","2EFF","2EFC","2EFE","2F04","2F04","2F08","2EFA","2EF4","2EEA","2EFC","2EFC","2EEA","2EED","2EF5","",""
"165","36504","AAF4","AAEF","AB01","AB2D","AB3B","AB3F","AAFF","AAE7","AAED","AB25","AB33","AB21","AAF0","AB2C","",""
"166","36520","C8E9","C8E2","C8E4","C91C","C918","C91C","C8E4","C8DA","C8D0","C914","C910","C90E","C8D3","C919","",""
"167","36536","1678","167F","1681","16B5","16BF","16C3","1683","1677","166D","16AD","16B7","16B5","1670","16B0","",""
"168","36552","6036","603B","603D","606D","6075","6079","6031","6033","6029","6065","606D","606B","602C","6076","",""
"169","36576","A8AD","A8A0","A8B2","A8C4","A8CA","A8CE","A8A8","A898","A89E","A8BC","A8C2","A8C0","A8A1","A8BB","",""
"170","36592","F19D","F18E","F1A0","F1AE","F1B2","F1B6","F198","F186","F18C","F1A6","F1AA","F1A8","F18F","F1B3","",""
"171","36608","3ADF","3ACE","3AE0","3B00","3B02","3B06","3ADA","3AC6","3ACC","3AF8","3AFA","3AE8","3ACF","3AF3","",""
"172","36624","849F","849C","84AE","84B8","84B8","84BC","849A","8494","849A","84B0","84B0","84AE","849D","84B9","",""
"173","36640","CD59","CD54","CD66","CD72","CD80","CD84","CD54","CD4C","CD52","CD6A","CD78","CD66","CD55","CD71","",""
"174","36656","0E67","0E60","0E72","0E60","0E6C","0E70","0E62","0E58","0E5E","0E58","0E64","0E52","0E61","0E5D","",""
"175","36672","4DD3","4DCA","4DDC","4DE6","4DF0","4DF4","4DCE","4DC2","4DC8","4DDE","4DE8","4DE6","4DCB","4DF1","",""
"176","36688","968D","9692","9694","96AA","96B2","96B6","9688","968A","9680","96A2","96AA","96A8","9683","96B3","",""
"177","36704","DEBD","DEB0","DEC2","DEB4","DEBA","DEBE","DEB8","DEA8","DEAE","DEAC","DEB2","DEB0","DEB1","DEBB","",""
"178","36720","2965","2966","2978","298C","2990","2994","2970","295E","2964","2984","2988","2986","2967","2981","",""
"179","36744","7130","711F","7131","7121","7123","7127","712B","7117","711D","7119","711B","7119","7120","7124","",""
"180","36760","BA76","BA73","BA75","BA71","BA71","BA75","BA71","BA6B","BA61","BA69","BA69","BA67","BA64","BA72","",""
"181","36776","FFD3","FFCE","FFD0","FFEC","FFEA","FFEE","FFCE","FFC6","FFBC","FFE4","FFE2","FFE0","FFBF","FFEB","",""
"182","36792","4CFF","4CF8","4D0A","4CF8","4D04","4D08","4CFA","4CF0","4CF6","4CF0","4CFC","4CEA","4CF9","4CF5","",""
"183","36808","962F","9626","9638","9638","9632","9636","962A","961E","9624","9630","962A","9628","9627","9633","",""
"184","36824","DFED","DFE2","DFF4","E006","E00E","E012","DFE8","DFDA","DFE0","DFFE","E006","DFF4","DFE3","DFFF","",""
"185","36840","28A9","28AC","28BE","28B2","28B8","28BC","28B4","28A4","28AA","28AA","28B0","289E","28AD","28A9","",""
"186","36856","71F9","71FA","720C","7202","7206","720A","7204","71F2","71F8","71FA","71FE","71FC","71FB","71F7","",""
"187","36872","9F55","9F54","9F66","9F5E","9F60","9F64","9F60","9F4C","9F52","9F56","9F58","9F56","9F55","9F61","",""
"188","36888","CE3A","CE37","CE49","CE3D","CE3D","CE41","CE35","CE2F","CE35","CE35","CE35","CE33","CE38","CE3E","",""
"189","36904","172F","172A","173C","172C","173A","173E","172A","1722","1728","1724","1732","1720","172B","172B","",""
"190","36928","600A","6003","6015","6007","6013","6017","6005","5FFB","6001","5FFF","600B","5FF9","6004","6004","",""
"191","36944","1202","11F9","120B","1219","1223","1227","11FD","11F1","11F7","1211","121B","1209","11FA","1214","",""
"192","36960","42DA","42DF","42E1","42E1","42E9","42ED","42E5","42D7","42CD","42D9","42E1","42CF","42D0","42DA","",""
"193","36976","9070","9063","9075","9087","908D","9091","906B","905B","9061","907F","9085","9083","9064","908E","",""
"194","36992","DC1C","DC0D","DC1F","DC13","DC17","DC1B","DC17","DC05","DC0B","DC0B","DC0F","DC0D","DC0E","DC18","",""
"195","37008","2012","2011","2023","2019","201B","201F","200D","2009","200F","2011","2013","2001","2012","200C","",""
"196","37024","5DDC","5DD9","5DEB","5DE3","5DE3","5DE7","5DE7","5DD1","5DD7","5DDB","5DDB","5DD9","5DDA","5DE4","",""
"197","37040","B523","B51E","B530","B544","B542","B546","B51E","B516","B51C","B53C","B53A","B538","B51F","B543","",""
"198","37056","01F8","0201","0203","0219","0225","0229","0203","01F9","01EF","0211","021D","021B","01F2","0216","",""
"199","37072","473D","4734","4746","473E","4748","474C","4738","472C","4732","4736","4740","472E","4735","4739","",""
"200","37088","88CA","88CF","88D1","88CB","88D3","88D7","88C5","88C7","88BD","88C3","88CB","88B9","88C0","88C4","",""
"201","37104","CA34","CA37","CA39","CA35","CA3B","CA3F","CA2F","CA2F","CA25","CA2D","CA33","CA21","CA28","CA2C","",""
"202","37128","0FBE","0FBF","0FD1","0FBF","0FC3","0FC7","0FC9","0FB7","0FBD","0FB7","0FBB","0FB9","0FC0","0FC4","",""
"203","37144","593D","593C","593E","593E","5940","5944","5938","5934","592A","5936","5938","5926","592D","5931","",""
"204","37160","C9B7","C9B4","C9B6","C9B8","C9B8","C9BC","C9B2","C9AC","C9A2","C9B0","C9B0","C9AE","C9A5","C9B9","",""
"205","37176","05C8","05C3","05C5","0603","0601","0605","05C3","05BB","05B1","05FB","05F9","05F7","05B4","0602","",""
"206","37192","4A1D","4A16","4A28","4A18","4A24","4A28","4A18","4A0E","4A14","4A10","4A1C","4A0A","4A17","4A15","",""
"207","37208","A1CC","A1D3","A1D5","A211","A20B","A20F","A1D7","A1CB","A1C1","A209","A203","A201","A1C4","A20C","",""
"208","37224","DF9A","DF8F","DFA1","E003","E00B","E00F","DF95","DF87","DF8D","DFFB","E003","E001","DF90","E00C","",""
"209","37240","2542","2545","2557","254B","2551","2555","254D","253D","2543","2543","2549","2537","2546","2542","",""
"210","37264","7C67","7C58","7C6A","7C9A","7C9E","7CA2","7C62","7C50","7C56","7C92","7C96","7C94","7C59","7C9F","",""
"211","37280","B05F","B05E","B060","B09C","B09E","B0A2","B05A","B056","B04C","B094","B096","B084","B04F","B08F","",""
"212","37296","0332","032F","0331","0369","0369","036D","032D","0327","031D","0361","0361","035F","0320","036A","",""
"213","37312","2FEA","2FE5","2FF7","2FF1","2FEF","2FF3","2FF5","2FDD","2FE3","2FE9","2FE7","2FE5","2FE6","2FF0","",""
"214","37328","8732","872B","872D","8763","875F","8763","872D","8723","8719","875B","8757","8755","871C","8760","",""
"215","37344","C398","C38F","C3A1","C3D3","C3DD","C3E1","C393","C387","C38D","C3CB","C3D5","C3C3","C390","C3CE","",""
"216","37360","0DE0","0DD5","0DE7","0E15","0E1D","0E21","0DDB","0DCD","0DD3","0E0D","0E15","0E13","0DD6","0E0E","",""
"217","37376","67E5","67D8","67EA","6824","681A","681E","67E0","67D0","67D6","681C","6812","6810","67D9","681B","",""
"218","37392","9B2A","9B2B","9B3D","9B63","9B67","9B6B","9B35","9B23","9B29","9B5B","9B5F","9B5D","9B2C","9B68","",""
"219","37408","E473","E472","E484","E4B0","E4B2","E4B6","E46E","E46A","E470","E4A8","E4AA","E4A8","E473","E4B3","",""
"220","37424","2E1B","2E18","2E2A","2E62","2E62","2E66","2E26","2E10","2E16","2E5A","2E5A","2E48","2E19","2E53","",""
"221","37448","76C1","76BC","76CE","76D8","76E6","76EA","76BC","76B4","76BA","76D0","76DE","76CC","76BD","76D7","",""
"222","37464","BF99","BF92","BFA4","BFBA","BFB6","BFBA","BF94","BF8A","BF90","BFB2","BFAE","BFAC","BF93","BFB7","",""
"223","37480","0A33","0A2A","0A3C","0A66","0A70","0A74","0A2E","0A22","0A28","0A5E","0A68","0A66","0A2B","0A71","",""
"224","37496","5214","5219","521B","5237","523F","5243","520F","5211","5207","522F","5237","5225","520A","5230","",""
"225","37512","9AAA","9A9D","9AAF","9A9D","9AA3","9AA7","9AA5","9A95","9A9B","9A95","9A9B","9A99","9A9E","9AA4","",""
"226","37528","C4C6","C4B7","C4C9","C4D9","C4DD","C4E1","C4C1","C4AF","C4B5","C4D1","C4D5","C4D3","C4B8","C4DE","",""
"227","37544","BC54","BC53","BC65","BC51","BC53","BC57","BC4F","BC4B","BC51","BC49","BC4B","BC49","BC54","BC54","",""
"228","37560","05CA","05C7","05C9","05CB","05CB","05CF","05C5","05BF","05B5","05C3","05C3","05C1","05B8","05BC","",""
"229","37576","4EC6","4EC1","4ED3","4EF1","4EEF","4EF3","4EC1","4EB9","4EBF","4EE9","4EE7","4EE5","4EC2","4EE0","",""
"230","37592","3940","3939","393B","393B","3937","393B","393B","3931","3927","3933","392F","392D","392A","3938","",""
"231","37616","6B4C","6B53","6B55","6B55","6B4F","6B53","6B57","6B4B","6B41","6B4D","6B47","6B45","6B44","6B50","",""
"232","37632","B455","B45A","B45C","B45E","B456","B45A","B450","B452","B448","B456","B44E","B44C","B44B","B457","",""
"233","37648","FE41","FE44","FE46","FE64","FE5A","FE5E","FE3C","FE3C","FE32","FE5C","FE52","FE50","FE35","FE5B","",""
"234","37664","5132","5133","5135","516F","5173","5177","512D","512B","5121","5167","516B","5159","5124","5164","",""
"235","37680","9156","9155","9167","918D","918F","9193","9151","914D","9153","9185","9187","9185","9156","9190","",""
"236","37696","F4D2","F4CF","F4E1","F513","F513","F517","F4CD","F4C7","F4CD","F50B","F50B","F4F9","F4D0","F504","",""
"237","37712","249A","2495","2497","24D5","24E5","24E9","2495","248D","2483","24CD","24DD","24DB","2486","24D6","",""
"238","37728","6DD9","6DE2","6DE4","6E30","6E2C","6E30","6DE4","6DDA","6DD0","6E28","6E24","6E22","6DD3","6E2D","",""
"239","37744","B5D6","B5DD","B5DF","B5FB","B605","B609","B5E1","B5D5","B5CB","B5F3","B5FD","B5EB","B5CE","B5F6","",""
"240","37760","FF5D","FF62","FF64","FF7C","FF74","FF78","FF58","FF5A","FF50","FF74","FF6C","FF6A","FF53","FF75","",""
"241","37784","43B9","43AC","43BE","43D2","43D8","43DC","43B4","43A4","43AA","43CA","43D0","43CE","43AD","43D9","",""
"242","37800","90BE","90BF","90C1","90B7","90BB","90BF","90B9","90B7","90AD","90AF","90B3","90B1","90B0","90BC","",""
"243","37816","F3D2","F3D1","F3E3","F3FB","F3FD","F401","F3DD","F3C9","F3CF","F3F3","F3F5","F3F3","F3D2","F3EE","",""
"244","37832","2137","2124","2136","212A","212A","212E","2132","211C","2122","2122","2122","2120","2125","212B","",""
"245","37848","6A31","6A2C","6A3E","6A2E","6A3C","6A40","6A2C","6A24","6A2A","6A26","6A34","6A22","6A2D","6A2D","",""
"246","37864","B4A3","B49C","B49E","B4C0","B4BC","B4C0","B49E","B494","B48A","B4B8","B4B4","B4B2","B48D","B4BD","",""
"247","37880","FCAC","FCA3","FCA5","FCA9","FCA3","FCA7","FCA7","FC9B","FC91","FCA1","FC9B","FC99","FC94","FCA4","",""
"248","37896","45D9","45DE","45E0","45E6","45DE","45E2","45E4","45D6","45CC","45DE","45D6","45D4","45CF","45DF","",""
"249","37912","8F2A","8F2D","8F2F","8F27","8F2D","8F31","8F25","8F25","8F1B","8F1F","8F25","8F23","8F1E","8F2E","",""
"250","37928","D8F6","D8F7","D909","D91D","D921","D925","D901","D8EF","D8F5","D915","D919","D907","D8F8","D912","",""
"251","37944","2C19","2C08","2C1A","2C4A","2C4C","2C50","2C14","2C00","2C06","2C42","2C44","2C42","2C09","2C4D","",""
"252","37968","48F4","48F1","48F3","492F","492F","4933","48EF","48E9","48DF","4927","4927","4915","48E2","4920","",""
"253","37984","895B","8956","8968","89DA","89D8","89DC","8956","894E","8954","89D2","89D0","89CE","8957","89C9","",""
"254","38000","CF74","CF7D","CF7F","CF93","CF9F","CFA3","CF7F","CF75","CF6B","CF8B","CF97","CF95","CF6E","CF90","",""
"255","38016","6155","614C","615E","616E","6168","616C","6150","6144","614A","6166","6160","615E","614D","6169","",""
"256","38032","8CD5","8CDA","8CDC","8CFE","8CF6","8CFA","8CD0","8CD2","8CC8","8CF6","8CEE","8CEC","8CCB","8CF7","",""
"257","38048","DAED","DAF0","DAF2","DB0A","DB10","DB14","DAE8","DAE8","DADE","DB02","DB08","DB06","DAE1","DB01","",""
"258","38064","23AB","239C","23AE","23C8","23CC","23D0","23A6","2394","239A","23C0","23C4","23C2","239D","23BD","",""
"259","38080","6C70","6C6F","6C81","6C6D","6C6F","6C73","6C6B","6C67","6C6D","6C65","6C67","6C65","6C70","6C70","",""
"260","38096","B690","B68D","B68F","B6A7","B6B7","B6BB","B68B","B685","B67B","B69F","B6AF","B69D","B67E","B6A8","",""
"261","38112","FFBC","FFB7","FFC9","FFDD","FFDB","FFDF","FFB7","FFAF","FFB5","FFD5","FFD3","FFD1","FFB8","FFDC","",""
"262","38128","62CB","62C4","62C6","62CC","62C8","62CC","62C6","62BC","62B2","62C4","62C0","62BE","62B5","62C9","",""
"263","38152","92A0","9297","92A9","92C1","92BB","92BF","929B","928F","9295","92B9","92B3","92B1","9298","92BC","",""
"264","38168","DA95","DA8A","DA9C","DA96","DA8E","DA92","DA90","DA82","DA88","DA8E","DA86","DA84","DA8B","DA8F","",""
"265","38184","23DE","23E1","23E3","23E5","23DB","23DF","23D9","23D9","23CF","23DD","23D3","23D1","23D2","23DC","",""
"266","38200","6CF5","6CF6","6D08","6CFC","6D00","6D04","6D00","6CEE","6CF4","6CF4","6CF8","6CF6","6CF7","6CF1","",""
"267","38216","B6C5","B6C4","B6C6","B6E6","B6E8","B6EC","B6C0","B6BC","B6B2","B6DE","B6E0","B6CE","B6B5","B6D9","",""
"268","38232","2FC9","2FC6","2FD8","3044","3044","3048","2FC4","2FBE","2FC4","303C","303C","302A","2FC7","3035","",""
"269","38248","4E61","4E5C","4E6E","4EA6","4EA4","4EA8","4E5C","4E54","4E5A","4E9E","4E9C","4E9A","4E5D","4E95","",""
"270","38264","97E1","97DA","97DC","9810","981C","9820","97DC","97D2","97C8","9808","9814","9802","97CB","980D","",""
"271","38280","DBBE","DBC5","DBC7","DBED","DBE7","DBEB","DBC9","DBBD","DBB3","DBE5","DBDF","DBDD","DBB6","DBE8","",""
"272","38296","2957","294C","295E","2966","296E","2972","2952","2944","294A","295E","2966","2964","294D","296F","",""
"273","38320","727E","7271","7283","729D","72A3","72A7","7279","7269","726F","7295","729B","7289","7272","7294","",""
"274","38336","BC36","BC37","BC39","BC49","BC4D","BC51","BC31","BC2F","BC25","BC41","BC45","BC43","BC28","BC4E","",""
"275","38352","0514","0513","0515","0535","0537","053B","050F","050B","0501","052D","052F","052D","0504","0528","",""
"276","38368","4D8B","4D9A","4D9C","4D8C","4D9E","4DA2","4D86","4D92","4D88","4D84","4D96","4D94","4D8B","4D8F","",""
"277","38384","9073","906E","9080","908E","908C","9090","906E","9066","906C","9086","9084","9082","906F","908D","",""
"278","38400","CE98","CE91","CEA3","CEBD","CEB9","CEBD","CE93","CE89","CE8F","CEB5","CEB1","CEAF","CE92","CEBA","",""
"279","38416","1660","1657","1669","165F","1669","166D","165B","164F","1655","1657","1661","164F","1658","165A","",""
"280","38432","60A1","6096","60A8","60BA","60C2","60C6","609C","608E","6094","60B2","60BA","60B8","6097","60C3","",""
"281","38448","A8DC","A8DF","A8F1","A8E5","A8EB","A8EF","A8E7","A8D7","A8DD","A8DD","A8E3","A8D1","A8E0","A8DC","",""
"282","38464","F224","F215","F227","F227","F21B","F21F","F21F","F20D","F213","F21F","F213","F211","F216","F21C","",""
"283","38480","3C23","3C22","3C34","3C44","3C46","3C4A","3C1E","3C1A","3C20","3C3C","3C3E","3C3C","3C23","3C37","",""
"284","38504","8498","8495","8497","8499","8499","849D","8493","848D","8483","8491","8491","848F","8486","848A","",""
"285","38520","CDCF","CDCA","CDCC","CDD0","CDCE","CDD2","CDCA","CDC2","CDB8","CDC8","CDC6","CDC4","CDBB","CDCF","",""
"286","38536","1330","1329","133B","1351","134D","1351","132B","1321","1327","1349","1345","1343","132A","134E","",""
"287","38552","604B","6042","6054","604C","6046","604A","6046","603A","6040","6044","603E","603C","6043","6047","",""
"288","38568","A988","A98D","A98F","A989","A991","A995","A993","A985","A97B","A981","A989","A987","A97E","A992","",""
"289","38584","F2E2","F2D5","F2E7","F2E3","F2E9","F2ED","F2DD","F2CD","F2D3","F2DB","F2E1","F2CF","F2D6","F2DA","",""
"290","38600","1B92","1B93","1BA5","1B9D","1BA1","1BA5","1B9D","1B8B","1B91","1B95","1B99","1B87","1B94","1B92","",""
"291","38616","4A8E","4A8D","4A9F","4A93","4A95","4A99","4A99","4A85","4A8B","4A8B","4A8D","4A8B","4A8E","4A96","",""
"292","38632","938A","9387","9399","938D","938D","9391","9395","937F","9385","9385","9385","9383","9388","938E","",""
"293","38648","DCF9","DCF4","DCF6","DD06","DD14","DD18","DCF4","DCEC","DCE2","DCFE","DD0C","DCFA","DCE5","DD05","",""
"294","38664","88FE","8907","8909","890B","8907","890B","8909","88FF","88F5","8903","88FF","88FD","88F8","8908","",""
"295","38688","BEED","BEE4","BEF6","BEEA","BEF4","BEF8","BEE8","BEDC","BEE2","BEE2","BEEC","BEDA","BEE5","BEE5","",""
"296","38704","0A64","0A69","0A6B","0A81","0A89","0A8D","0A5F","0A61","0A57","0A79","0A81","0A7F","0A5A","0A8A","",""
"297","38720","52F3","52F6","52F8","52F0","52F6","52FA","52EE","52EE","52E4","52E8","52EE","52EC","52E7","52F7","",""
"298","38736","9CA3","9C94","9CA6","9CA0","9CA4","9CA8","9C9E","9C8C","9C92","9C98","9C9C","9C8A","9C95","9C95","",""
"299","38752","E636","E635","E637","E64D","E64F","E653","E631","E62D","E623","E645","E647","E645","E626","E650","",""
"300","38768","2F7D","2F7A","2F8C","2FA4","2FA4","2FA8","2F88","2F72","2F78","2F9C","2F9C","2F9A","2F7B","2FA5","",""
"301","38784","6CD4","6CCF","6CE1","6CCB","6CD9","6CDD","6CCF","6CC7","6CCD","6CC3","6CD1","6CBF","6CD0","6CCA","",""
"302","38800","C15C","C155","C167","C163","C15F","C163","C157","C14D","C153","C15B","C157","C155","C156","C160","",""
"303","38816","030E","0315","0317","0315","031F","0323","0319","030D","0303","030D","0317","0305","0306","0310","",""
"304","38832","411F","4124","4126","4126","411E","4122","411A","411C","4112","411E","4116","4114","4115","411F","",""
"305","38856","8A12","8A15","8A17","8A19","8A1F","8A23","8A0D","8A0D","8A03","8A11","8A17","8A05","8A06","8A10","",""
"306","38864","D3E9","D3EA","D3EC","D3FA","D3FE","D402","D3E4","D3E2","D3D8","D3F2","D3F6","D3F4","D3DB","D3FF","",""
"307","38880","4F14","4F13","4F15","4F4F","4F51","4F55","4F0F","4F0B","4F01","4F47","4F49","4F47","4F04","4F52","",""
"308","38896","783A","7837","7839","786F","786F","7873","7835","782F","7825","7867","7867","7865","7828","7870","",""
"309","38920","C149","C144","C156","C186","C184","C188","C144","C13C","C142","C17E","C17C","C17A","C145","C185","",""
"310","38936","0A22","0A1B","0A2D","0A1F","0A2B","0A2F","0A1D","0A13","0A19","0A17","0A23","0A21","0A1C","0A1C","",""
"311","38952","53A1","5398","53AA","53D8","53D2","53D6","539C","5390","5396","53D0","53CA","53C8","5399","53D3","",""
"312","38968","9D2F","9D24","9D36","9D60","9D68","9D6C","9D2A","9D1C","9D22","9D58","9D60","9D5E","9D25","9D69","",""
"313","38984","E40E","E401","E413","E40F","E415","E419","E409","E3F9","E3FF","E407","E40D","E3FB","E402","E406","",""
"314","39000","2C66","2C67","2C69","2C67","2C6B","2C6F","2C61","2C5F","2C55","2C5F","2C63","2C61","2C58","2C5C","",""
"315","39016","7592","7591","75A3","7593","7595","7599","759D","7589","758F","758B","758D","758B","7592","7596","",""
"316","39032","A071","A06E","A080","A072","A072","A076","A06C","A066","A06C","A06A","A06A","A068","A06F","A073","",""
"317","39048","EE50","EE4B","EE5D","EE51","EE5F","EE63","EE5B","EE43","EE49","EE49","EE57","EE45","EE4C","EE50","",""
"318","39064","3723","371C","371E","3714","3720","3724","371E","3714","370A","370C","3718","3716","370D","3711","",""
"319","39080","8047","804E","8050","8048","8052","8056","8042","8046","803C","8040","804A","8038","803F","8043","",""
"320","39096","00E8","00DD","00EF","0123","012B","012F","00E3","00D5","00DB","011B","0123","0111","00DE","011C","",""
"321","39112","37D8","37CB","37DD","3807","380D","3811","37D3","37C3","37C9","37FF","3805","3803","37CC","380E","",""
"322","39128","80F4","80F5","80F7","812D","8131","8135","80EF","80ED","80E3","8125","8129","8127","80E6","8122","",""
"323","39144","CAA5","CAA4","CAB6","CAE8","CAEA","CAEE","CAA0","CA9C","CAA2","CAE0","CAE2","CAD0","CAA5","CADB","",""
"324","39160","133B","1338","134A","135E","135E","1362","1346","1330","1336","1356","1356","1354","1339","135F","",""
"325","39176","5C0F","5C0A","5C1C","5C2A","5C28","5C2C","5C0A","5C02","5C08","5C22","5C20","5C1E","5C0B","5C29","",""
"326","39192","A5BB","A5B4","A5C6","A5D6","A5E2","A5E6","A5B6","A5AC","A5B2","A5CE","A5DA","A5D8","A5B5","A5D3","",""
"327","39208","CFA5","CF9C","CFAE","CFBA","CFC4","CFC8","CFA0","CF94","CF9A","CFB2","CFBC","CFBA","CF9D","CFC5","",""
"328","39224","1A28","1A2D","1A2F","1A61","1A69","1A6D","1A23","1A25","1A1B","1A59","1A61","1A5F","1A1E","1A5A","",""
"329","39240","4575","4568","457A","456E","4574","4578","4570","4560","4566","4566","456C","456A","4569","4575","",""
"330","39264","7408","7409","741B","742B","742F","7433","7403","7401","7407","7423","7427","7425","740A","7430","",""
"331","39280","B89A","B899","B89B","B8B7","B8B9","B8BD","B895","B891","B887","B8AF","B8B1","B8AF","B88A","B8BA","",""
"332","39296","067D","067A","067C","0694","06A4","06A8","0678","0672","0668","068C","069C","068A","066B","0695","",""
"333","39312","BDAA","BDA5","BDB7","BDE5","BDE3","BDE7","BDA5","BD9D","BDA3","BDDD","BDDB","BDD9","BDA6","BDE4","",""
"334","39328","E857","E850","E862","E896","E892","E896","E852","E848","E84E","E88E","E88A","E888","E851","E893","",""
"335","39344","316D","3164","3176","31AA","31A4","31A8","3168","315C","3162","31A2","319C","319A","3165","31A5","",""
"336","39360","7A57","7A4C","7A5E","7A54","7A5C","7A60","7A52","7A44","7A4A","7A4C","7A54","7A42","7A4D","7A4D","",""
"337","39376","C3BB","C3AE","C3C0","C3F2","C3F8","C3FC","C3B6","C3A6","C3AC","C3EA","C3F0","C3EE","C3AF","C3E9","",""
"338","39392","0D60","0D51","0D63","0D91","0D95","0D99","0D5B","0D49","0D4F","0D89","0D8D","0D8B","0D52","0D96","",""
"339","39408","74F9","74F8","750A","7534","7536","753A","74F4","74F0","74F6","752C","752E","752C","74F9","7537","",""
"340","39424","9FD1","9FCE","9FE0","A016","A016","A01A","9FCC","9FC6","9FCC","A00E","A00E","9FFC","9FCF","A007","",""
"341","39440","E8F4","E8EF","E8F1","E923","E931","E935","E8EF","E8E7","E8DD","E91B","E929","E917","E8E0","E922","",""
"342","39456","31D2","31CB","31DD","31D1","31CD","31D1","31CD","31C3","31C9","31C9","31C5","31C3","31CC","31CE","",""
"343","39480","7D03","7D0A","7D0C","7D80","7D7A","7D7E","7D0E","7D02","7CF8","7D78","7D72","7D70","7CFB","7D7B","",""
"344","39496","C258","C25D","C25F","C25F","C257","C25B","C253","C255","C24B","C257","C24F","C24D","C24E","C258","",""
"345","39512","2D98","2D8B","2D9D","2DC9","2DCF","2DD3","2D93","2D83","2D89","2DC1","2DC7","2DC5","2D8C","2DD0","",""
"346","39528","5037","5028","503A","5062","5066","506A","5032","5020","5026","505A","505E","505C","5029","5067","",""
"347","39544","9E06","9E05","9E07","9E3B","9E4F","9E53","9E01","9DFD","9DF3","9E33","9E35","9E45","9DF6","9E50","",""
"348","39560","E9A2","E99F","E9A1","E9D1","E9D1","E9D5","E99D","E997","E98D","E9C9","E9C9","E9C7","E990","E9D2","",""
"349","39584","339A","33A5","33A7","33A3","33A1","33A5","33A5","339D","3393","339B","3399","3397","3396","33A2","",""
"350","39600","7B7A","7B73","7B85","7BB7","7BB3","7BB7","7B75","7B6B","7B71","7BAF","7BAB","7BA9","7B74","7BB4","",""
"351","39616","C4B6","C4BD","C4BF","C4FB","C4F5","C4F9","C4C1","C4B5","C4AB","C4F3","C4ED","C4EB","C4AE","C4F6","",""
"352","39632","1032","1027","1039","1061","1069","106D","102D","101F","1025","1059","1061","105F","1028","106A","",""
"353","39648","552E","5521","5533","552D","5523","5527","5529","5519","551F","5525","551B","5519","5522","5524","",""
"354","39664","9604","95F5","9607","9603","9607","960B","95FF","95ED","95F3","95FB","95FF","95ED","95F6","95F8","",""
"355","39680","B7B5","B7B4","B7C6","B7B4","B7B6","B7BA","B7B0","B7AC","B7B2","B7AC","B7AE","B7AC","B7B5","B7B7","",""
"356","39704","FEFF","FEFC","FF0E","FEFE","FEFE","FF02","FEFA","FEF4","FEFA","FEF6","FEF6","FEF4","FEFD","FEFF","",""
"357","39720","47DF","47DA","47EC","47DE","47EC","47F0","47DA","47D2","47D8","47D6","47E4","47D2","47DB","47DD","",""
"358","39736","EBF9","EBF2","EC04","EC6C","EC68","EC6C","EBF4","EBEA","EBF0","EC64","EC60","EC5E","EBF3","EC69","",""
"359","39752","1ADD","1AD4","1AD6","1B0A","1B14","1B18","1AD8","1ACC","1AC2","1B02","1B0C","1B0A","1AC5","1B05","",""
"360","39768","6461","6456","6468","6498","6490","6494","645C","644E","6454","6490","6488","6486","6457","6491","",""
"361","39784","A62C","A61F","A631","A643","A649","A64D","A627","A617","A61D","A63B","A641","A63F","A620","A64A","",""
"362","39808","F7B9","F7AA","F7BC","F7B0","F7B4","F7B8","F7B4","F7A2","F7A8","F7A8","F7AC","F7AA","F7AB","F7B5","",""
"363","39824","3F96","3F85","3F97","3FC7","3FC9","3FCD","3F91","3F7D","3F83","3FBF","3FC1","3FBF","3F86","3FCA","",""
"364","39840","88BD","88BA","88CC","88F8","88F8","88FC","88C8","88B2","88B8","88F0","88F0","88EE","88BB","88F9","",""
"365","39856","D3F2","D3ED","D3FF","D433","D431","D435","D3ED","D3E5","D3EB","D42B","D429","D427","D3EE","D432","",""
"366","39872","1A64","1A6D","1A6F","1A89","1A85","1A89","1A6F","1A65","1A5B","1A81","1A7D","1A7B","1A5E","1A86","",""
"367","39888","4242","4239","424B","423B","4245","4249","423D","4231","4237","4233","423D","422B","423A","4236","",""
"368","39904","6D38","6D2D","6D3F","6D2F","6D37","6D3B","6D33","6D25","6D2B","6D27","6D2F","6D2D","6D2E","6D38","",""
"369","39920","B487","B48A","B49C","B48E","B494","B498","B492","B482","B488","B486","B48C","B48A","B48B","B485","",""
"370","39936","FD71","FD72","FD74","FD78","FD6C","FD70","FD6C","FD6A","FD60","FD70","FD64","FD62","FD63","FD6D","",""
"371","39960","9615","9614","9626","9656","9658","965C","9610","960C","9612","964E","9650","963E","9615","9649","",""
"372","39976","BE65","BE62","BE64","BEA0","BEA0","BEA4","BE60","BE5A","BE50","BE98","BE98","BE86","BE53","BE91","",""
"373","39992","0992","098D","099F","0A01","0A0F","0A13","098D","0985","098B","09F9","0A07","09F5","098E","0A00","",""
"374","40008","5070","5069","507B","508F","508B","508F","506B","5061","5067","5087","5083","5081","506A","508C","",""
"375","40024","9956","994D","995F","996F","9969","996D","9951","9945","994B","9967","9961","995F","994E","996A","",""
"376","40040","DDFA","DDFF","DE01","DE23","DE1B","DE1F","DE05","DDF7","DDED","DE1B","DE13","DE11","DDF0","DE1C","",""
"377","40056","2C4F","2C42","2C54","2C62","2C68","2C6C","2C4A","2C3A","2C40","2C5A","2C60","2C5E","2C43","2C59","",""
"378","40080","7501","7502","7504","751E","7522","7526","74FC","74FA","74F0","7516","751A","7518","74F3","7523","",""
"379","40096","BDB0","BDAF","BDB1","BDAD","BDAF","BDB3","BDAB","BDA7","BD9D","BDA5","BDA7","BDA5","BDA0","BDB0","",""
"380","40112","C9C6","C9C3","C9D5","C9ED","C9ED","C9F1","C9C1","C9BB","C9C1","C9E5","C9E5","C9D3","C9C4","C9DE","",""
"381","40128","086F","086A","086C","088A","0888","088C","086A","0862","0858","0882","0880","087E","085B","0889","",""
"382","40144","4F28","4F21","4F23","4F1D","4F29","4F2D","4F23","4F19","4F0F","4F15","4F21","4F0F","4F12","4F1A","",""
"383","40160","998D","9984","9996","99AC","99A6","99AA","9988","997C","9982","99A4","999E","999C","9985","99A7","",""
"384","40176","060F","0614","0616","060E","0616","061A","060A","060C","0602","0606","060E","060C","0605","0607","",""
"385","40192","4AEC","4AEF","4B01","4AF9","4AEF","4AF3","4AF7","4AE7","4AED","4AF1","4AE7","4AE5","4AF0","4AF0","",""
"386","40208","9424","9415","9427","9421","9425","9429","941F","940D","9413","9419","941D","940B","9416","9416","",""
"387","40232","DDFA","DDF9","DE0B","DE11","DE13","DE17","DDF5","DDF1","DDF7","DE09","DE0B","DE09","DDFA","DE14","",""
"388","40248","26F6","26F3","26F5","26ED","26ED","26F1","26F1","26EB","26E1","26E5","26E5","26E3","26E4","26EE","",""
"389","40264","7072","706D","707F","7099","7097","709B","706D","7065","706B","7091","708F","708D","706E","7088","",""
"390","40280","B92B","B924","B936","B922","B92E","B932","B926","B91C","B922","B91A","B926","B924","B925","B91F","",""
"391","40296","FE19","FE10","FE22","FE0C","FE16","FE1A","FE14","FE08","FE0E","FE04","FE0E","FE0C","FE11","FE17","",""
"392","40312","4BAB","4BA0","4BB2","4BAE","4BA6","4BAA","4BA6","4B98","4B9E","4BA6","4B9E","4B9C","4BA1","4BA7","",""
"393","40328","5A12","5A05","5A17","5A0F","5A05","5A09","5A0D","59FD","5A03","5A07","59FD","59FB","5A06","5A06","",""
"394","40344","8513","8514","8516","850A","850E","8512","850E","850C","8502","8502","8506","8504","8505","850F","",""
"395","40360","CDA2","CDA1","CDB3","CDA9","CDAB","CDAF","CD9D","CD99","CD9F","CDA1","CDA3","CD91","CDA2","CD9C","",""
"396","40376","1705","1702","1704","1716","1716","171A","1700","16FA","16F0","170E","170E","170C","16F3","1717","",""
"397","40392","B967","B972","B974","B974","B972","B976","B972","B96A","B960","B96C","B96A","B968","B963","B973","",""
"398","40416","F2C8","F2C1","F2D3","F2C5","F2D1","F2D5","F2C3","F2B9","F2BF","F2BD","F2C9","F2C7","F2C2","F2C2","",""
"399","40432","3E89","3E80","3E92","3EA6","3EA0","3EA4","3E84","3E78","3E7E","3E9E","3E98","3E96","3E81","3EA1","",""
"400","40448","873A","873F","8741","8737","873F","8743","8735","8737","872D","872F","8737","8735","8730","8740","",""
"401","40464","CE5B","CE5E","CE60","CE58","CE5E","CE62","CE56","CE56","CE4C","CE50","CE56","CE54","CE4F","CE5F","",""
"402","40480","19C1","19C2","19D4","19BE","19C2","19C6","19BC","19BA","19C0","19B6","19BA","19B8","19C3","19C3","",""
"403","40496","6464","6463","6475","649D","649F","64A3","645F","645B","6461","6495","6497","6495","6464","64A0","",""
"404","40512","AC33","AC30","AC42","AC3C","AC3C","AC40","AC2E","AC28","AC2E","AC34","AC34","AC22","AC31","AC2D","",""
"405","40528","F57F","F57A","F58C","F588","F586","F58A","F57A","F572","F578","F580","F57E","F57C","F57B","F587","",""
"406","40544","3079","3072","3084","3072","307E","3082","3074","306A","3070","306A","3076","3074","3073","306F","",""
"407","40560","7568","756F","7571","7571","756B","756F","7563","7567","755D","7569","7563","7561","7560","756C","",""
"408","40584","BE44","BE39","BE4B","BE3D","BE45","BE49","BE3F","BE31","BE37","BE35","BE3D","BE3B","BE3A","BE36","",""
"409","40600","0807","07FA","080C","081A","0820","0824","0802","07F2","07F8","0812","0818","0816","07FB","0821","",""
"410","40616","99C6","99C7","99D9","9A03","9A07","9A0B","99D1","99BF","99C5","99FB","99FF","99FD","99C8","9A08","",""
"411","40632","D4FC","D4FB","D50D","D523","D525","D529","D507","D4F3","D4F9","D51B","D51D","D50B","D4FC","D516","",""
"412","40648","1E3B","1E38","1E4A","1E5C","1E5C","1E60","1E46","1E30","1E36","1E54","1E54","1E52","1E39","1E5D","",""
"413","40664","67E3","67DE","67F0","67FE","67FC","6800","67DE","67D6","67DC","67F6","67F4","67F2","67DF","67FD","",""
"414","40680","B009","B002","B014","B004","B010","B014","B004","AFFA","B000","AFFC","B008","AFF6","B003","B001","",""
"415","40696","FA01","F9F8","FA0A","FA14","FA1E","FA22","F9FC","F9F0","F9F6","FA0C","FA16","FA14","F9F9","FA0F","",""
"416","40712","428B","4280","4292","428E","4286","428A","4286","4278","427E","4286","427E","427C","4281","4287","",""
"417","40728","8D7C","8D7F","8D81","8DB9","8DBF","8DC3","8D77","8D77","8D6D","8DB1","8DB7","8DB5","8D70","8DB0","",""
"418","40744","D5B3","D5B4","D5B6","D5B0","D5B4","D5B8","D5AE","D5AC","D5A2","D5A8","D5AC","D5AA","D5A5","D5B5","",""
"419","40768","28C3","28B2","28C4","28C0","28C2","28C6","28BE","28AA","28B0","28B8","28BA","28A8","28B3","28B3","",""
"420","40784","50A2","509F","50B1","50A9","50A9","50AD","509D","5097","509D","50A1","50A1","509F","50A0","509A","",""
"421","40800","9240","923B","924D","924B","9249","924D","924B","9233","9239","9243","9241","923F","923C","924A","",""
"422","40816","E2D8","E2D1","E2E3","E2DD","E2D9","E2DD","E2D3","E2C9","E2CF","E2D5","E2D1","E2CF","E2D2","E2DA","",""
"423","40832","81C0","81B7","81C9","81EF","81F9","81FD","81BB","81AF","81B5","81E7","81F1","81EF","81B8","81EA","",""
"424","40848","B541","B546","B548","B57A","B582","B586","B53C","B53E","B534","B572","B57A","B578","B537","B573","",""
"425","40864","FE71","FE74","FE76","FEB4","FEAA","FEAE","FE6C","FE6C","FE62","FEAC","FEA2","FEA0","FE65","FEAB","",""
"426","40880","482F","4830","4832","486C","4870","4874","482A","4828","481E","4864","4868","4856","4821","4861","",""
"427","40896","90BA","90B9","90BB","90D7","90D9","90DD","90B5","90B1","90A7","90CF","90D1","90CF","90AA","90DA","",""
"428","40912","D99C","D989","D99B","D9B3","D9B3","D9B7","D997","D981","D987","D9AB","D9AB","D9A9","D98A","D9A4","",""
"429","40936","22D4","22CF","22E1","22EF","22FD","2301","22CF","22C7","22CD","22E7","22F5","22E3","22D0","22EE","",""
"430","40952","6C8D","6C86","6C98","6CA2","6C9E","6CA2","6C88","6C7E","6C84","6C9A","6C96","6C94","6C87","6C9F","",""
"431","40968","B553","B55A","B55C","B578","B582","B586","B55E","B552","B548","B570","B57A","B568","B54B","B573","",""
"432","40984","E2BD","E2C2","E2C4","E2C2","E2CA","E2CE","E2B8","E2BA","E2B0","E2BA","E2C2","E2B0","E2B3","E2BB","",""
"433","41000","0EF3","0EE6","0EF8","0F0C","0F12","0F16","0EEE","0EDE","0EE4","0F04","0F0A","0EF8","0EE7","0F03","",""
"434","41016","5689","568A","569C","5690","5694","5698","5694","5682","5688","5688","568C","568A","568B","5695","",""
"435","41032","DEF9","DEF8","DEFA","DF1A","DF1C","DF20","DEF4","DEF0","DEE6","DF12","DF14","DF12","DEE9","DF0D","",""
"436","41048","13AA","13A7","13A9","13AB","13AB","13AF","13A5","139F","1395","13A3","13A3","13A1","1398","13AC","",""
"437","41064","6174","616F","6171","616F","616D","6171","616F","6167","615D","6167","6165","6163","6160","616E","",""
"438","41080","AAB0","AAA9","AABB","AAB3","AAAF","AAB3","AAAB","AAA1","AAA7","AAAB","AAA7","AAA5","AAAA","AAB0","",""
"439","41096","F486","F47D","F48F","F493","F49D","F4A1","F481","F475","F47B","F48B","F495","F493","F47E","F49E","",""
"440","41120","50FA","50EF","5101","5131","5139","513D","50F5","50E7","50ED","5129","5131","511F","50F0","512A","",""
"441","41136","86B3","86B6","86C8","86F4","86FA","86FE","86BE","86AE","86B4","86EC","86F2","86E0","86B7","86EB","",""
"442","41152","DFF1","DFE2","DFF4","E02C","E020","E024","DFEC","DFDA","DFE0","E024","E018","E016","DFE3","E021","",""
"443","41168","19D5","19D4","19D6","1A0A","1A0C","1A10","19D0","19CC","19C2","1A02","1A04","1A02","19C5","1A0D","",""
"444","41184","6227","6224","6236","624C","624C","6250","6232","621C","6222","6244","6244","6242","6225","624D","",""
"445","41200","AB20","AB1B","AB2D","AB3F","AB3D","AB41","AB1B","AB13","AB19","AB37","AB35","AB33","AB1C","AB3E","",""
"446","41216","F435","F42E","F440","F454","F450","F454","F430","F426","F42C","F44C","F448","F446","F42F","F451","",""
"447","41232","3DFF","3E06","3E08","3E1C","3E26","3E2A","3DFA","3DFE","3DF4","3E14","3E1E","3E0C","3DF7","3E17","",""
"448","41248","9B87","9B8C","9B8E","9BAE","9BA6","9BAA","9B82","9B84","9B7A","9BA6","9B9E","9B9C","9B7D","9BA7","",""
"449","41264","D4E7","D4EA","D4FC","D50E","D514","D518","D4F2","D4E2","D4E8","D506","D50C","D4FA","D4EB","D505","",""
"450","41288","1CE7","1CE8","1CFA","1CE8","1CEC","1CF0","1CE2","1CE0","1CE6","1CE0","1CE4","1CE2","1CE9","1CED","",""
"451","41304","6198","6197","61A9","61A3","61A5","61A9","6193","618F","6195","619B","619D","618B","6198","6196","",""
"452","41320","B07F","B07C","B08E","B09A","B0AA","B0AE","B07A","B074","B07A","B092","B0A2","B090","B07D","B09B","",""
"453","41336","F8AE","F8A9","F8AB","F8A3","F8A1","F8A5","F8A9","F8A1","F897","F89B","F899","F897","F89A","F8A2","",""
"454","41352","41F6","41EF","4201","41F5","41F1","41F5","41F1","41E7","41ED","41ED","41E9","41E7","41F0","41F2","",""
"455","41368","8B49","8B40","8B42","8B48","8B42","8B46","8B44","8B38","8B2E","8B40","8B3A","8B38","8B31","8B43","",""
"456","41384","D501","D4F6","D508","D51A","D512","D516","D4FC","D4EE","D4F4","D512","D50A","D508","D4F7","D513","",""
"457","41400","42D9","42CC","42DE","430C","4312","4316","42D4","42C4","42CA","4304","430A","4308","42CD","4313","",""
"458","41416","78D3","78C4","78D6","7900","7904","7908","78CE","78BC","78C2","78F8","78FC","78FA","78C5","7905","",""
"459","41440","C202","C201","C203","C239","C23B","C23F","C1FD","C1F9","C1EF","C231","C233","C231","C1F2","C23C","",""
"460","41456","0BBB","0BB8","0BCA","0BF6","0BF6","0BFA","0BC6","0BB0","0BB6","0BEE","0BEE","0BEC","0BB9","0BF7","",""
"461","41472","4B45","4B40","4B52","4B64","4B72","4B76","4B50","4B38","4B3E","4B5C","4B6A","4B58","4B41","4B63","",""
"462","41488","8499","84A2","84A4","84B2","84BE","84C2","84A4","849A","8490","84AA","84B6","84B4","8493","84AF","",""
"463","41504","CF11","CF08","CF1A","CF54","CF60","CF64","CF0C","CF00","CF06","CF4C","CF58","CF56","CF09","CF61","",""
"464","41520","16EE","16F3","1705","171B","1713","1717","16F9","16EB","16F1","1713","170B","1709","16F4","1714","",""
"465","41536","5F7D","5F80","5F82","5F7A","5F80","5F84","5F78","5F78","5F6E","5F72","5F78","5F76","5F71","5F81","",""
"466","41552","A54B","A53C","A54E","A568","A56C","A570","A546","A534","A53A","A560","A564","A562","A53D","A55D","",""
"467","41568","F20E","F20D","F20F","F205","F207","F20B","F209","F205","F1FB","F1FD","F1FF","F1FD","F1FE","F208","",""
"468","41584","3B44","3B41","3B53","3B49","3B49","3B4D","3B3F","3B39","3B3F","3B41","3B41","3B3F","3B42","3B4A","",""
"469","41600","85A1","859C","859E","85B6","85C4","85C8","859C","8594","858A","85AE","85BC","85AA","858D","85B5","",""
"470","41624","C63D","C636","C648","C642","C63E","C642","C638","C62E","C634","C63A","C636","C634","C637","C63F","",""
"471","41640","0494","048B","049D","0493","049D","04A1","048F","0483","0489","048B","0495","0483","048C","048E","",""
"472","41656","4D5D","4D52","4D64","4D5C","4D54","4D58","4D58","4D4A","4D50","4D54","4D4C","4D4A","4D53","4D55","",""
"473","41672","971B","971E","9720","972E","9734","9738","9716","9716","970C","9726","972C","972A","970F","9735","",""
"474","41688","1938","1939","193B","1973","1977","197B","1933","1931","1927","196B","196F","195D","192A","1968","",""
"475","41704","3E95","3E84","3E96","3ECA","3ECC","3ED0","3E90","3E7C","3E82","3EC2","3EC4","3EC2","3E85","3ECD","",""
"476","41720","87A8","8795","87A7","87D7","87D7","87DB","8791","878D","8793","87CF","87CF","87CD","8796","87D8","",""
"477","41736","D162","D15D","D15F","D19B","D199","D19D","D15D","D155","D14B","D193","D191","D18F","D14E","D19A","",""
"478","41752","1AC7","1AC0","1AD2","1AFA","1B06","1B0A","1AC2","1AB8","1ABE","1AF2","1AFE","1AEC","1AC1","1AF7","",""
"479","41768","6298","629F","62A1","62BB","62C5","62C9","62A3","6297","628D","62B3","62BD","62BB","6290","62B6","",""
"480","41792","AC58","AC4D","AC5F","AC75","AC6D","AC83","AC53","AC45","AC4B","AC6D","AC65","AC63","AC4E","AC6E","",""
"481","41808","F096","F099","F09B","F0BB","F0C1","F0C5","F091","F091","F087","F0B3","F0B9","F0A7","F08A","F0B2","",""
"482","41824","3DBC","3DAD","3DBF","3DB1","3DB5","3DB9","3DB7","3DA5","3DAB","3DA9","3DAD","3DAB","3DAE","3DB6","",""
"483","41840","8087","8086","8098","80AC","80AE","80B2","8092","807E","8084","80A4","80A6","80A4","8087","80AF","",""
"484","41856","BDB8","BDB5","BDC7","BDB7","BDB7","BDBB","BDB3","BDAD","BDB3","BDAF","BDAF","BDAD","BDB6","BDB8","",""
"485","41872","068F","068A","068C","0682","0690","0694","068A","0682","0678","067A","0688","0676","067B","0681","",""
"486","41888","50ED","50E6","50E8","5104","5100","5104","50E8","50DE","50D4","50FC","50F8","50F6","50D7","5101","",""
"487","41904","990E","9915","9917","9915","990F","9913","9919","990D","9903","990D","9907","9905","9906","9910","",""
"488","41920","E236","E23B","E24D","E23B","E243","E247","E241","E233","E239","E233","E23B","E239","E23C","E234","",""
"489","41936","2B77","2B7A","2B7C","2B7C","2B82","2B86","2B72","2B72","2B68","2B74","2B7A","2B68","2B6B","2B73","",""
"490","41952","7552","7543","7555","7561","7565","7569","754D","753B","7541","7559","755D","755B","7544","7566","",""
"491","41976","BE0B","BE0A","BE1C","BE0A","BE0C","BE10","BE06","BE02","BE08","BE02","BE04","BE02","BE0B","BE0D","",""
"492","41992","0741","073E","0740","0740","0740","0744","073C","0736","072C","0738","0738","0736","072F","0741","",""
"493","42008","5145","5140","5152","5164","5162","5166","5140","5138","513E","515C","515A","5158","5141","5163","",""
"494","42024","99B9","99B2","99C4","99B8","99B4","99B8","99B4","99AA","99B0","99B0","99AC","99AA","99B3","99B5","",""
"495","42040","E310","E317","E319","E30F","E319","E31D","E31B","E30F","E305","E307","E311","E30F","E308","E31A","",""
"496","42056","0C7C","0C81","0C83","0C95","0C9D","0CA1","0C77","0C79","0C6F","0C8D","0C95","0C93","0C72","0C8E","",""
"497","42072","3F56","3F59","3F5B","3F59","3F5F","3F63","3F51","3F51","3F47","3F51","3F57","3F45","3F4A","3F50","",""
"498","42088","8855","8846","8858","8856","885A","885E","8850","883E","8844","884E","8852","8840","8847","884B","",""
"499","42104","D1B3","D1B2","D1C4","D1CE","D1D0","D1D4","D1AE","D1AA","D1B0","D1C6","D1C8","D1C6","D1B3","D1D1","",""
"500","42120","7DD0","7DBD","7DCF","7DCB","7DCB","7DCF","7DCB","7DB5","7DBB","7DC3","7DC3","7DC1","7DBE","7DCC","",""
"501","42136","B3B8","B3B3","B3B5","B3B3","B3B1","B3B5","B3B3","B3AB","B3A1","B3AB","B3A9","B3A7","B3A4","B3B2","",""
"502","42160","FF33","FF2C","FF2E","FF4E","FF4A","FF4E","FF2E","FF24","FF1A","FF46","FF42","FF40","FF1D","FF4B","",""
"503","42176","497C","4973","4985","4977","4971","4975","4977","496B","4971","496F","4969","4967","4974","4972","",""
"504","42192","8F3B","8F40","8F42","8F36","8F3E","8F42","8F36","8F38","8F2E","8F2E","8F36","8F34","8F31","8F3F","",""
"505","42208","DA7F","DA72","DA84","DA7A","DA80","DA84","DA7A","DA6A","DA70","DA72","DA78","DA76","DA73","DA81","",""
"506","42224","25DA","25DB","25ED","25FF","2603","2607","25E5","25D3","25D9","25F7","25FB","25E9","25DC","25F4","",""
"507","42240","6D71","6D70","6D82","6D96","6D98","6D9C","6D6C","6D68","6D6E","6D8E","6D90","6D8E","6D71","6D99","",""
"508","42256","B668","B665","B667","B66D","B66D","B671","B663","B65D","B653","B665","B665","B653","B656","B65E","",""
"509","42272","F9A3","F99E","F9B0","F9A8","F9A6","F9AA","F99E","F996","F99C","F9A0","F99E","F99C","F99F","F997","",""
"510","42288","360D","3606","3608","3602","360E","3612","3608","35FE","35F4","35FA","3606","35F4","35F7","35FF","",""
"511","42304","73A2","73A9","73AB","73A7","73A1","73A5","739D","73A1","7397","739F","7399","7397","739A","73A2","",""
"512","42320","C8A7","C8AC","C8BE","C8C6","C8CE","C8D2","C8B2","C8A4","C8AA","C8BE","C8C6","C8C4","C8AD","C8BF","",""
"513","42344","368E","3691","3693","36AD","36B3","36B7","3689","3689","367F","36A5","36AB","36A9","3682","36B4","",""
"514","42360","7401","73F2","7404","7400","7404","7408","73FC","73EA","73F0","73F8","73FC","73EA","73F3","73F5","",""
"515","42376","BD11","BD00","BD12","BD0E","BD10","BD14","BD0C","BCF8","BCFE","BD06","BD08","BD06","BD01","BD01","",""
"516","42392","07F4","07F1","07F3","07F1","07F1","07F5","07EF","07E9","07DF","07E9","07E9","07E7","07E2","07F2","",""
"517","42408","4F82","4F7D","4F8F","4F7F","4F8D","4F91","4F7D","4F75","4F7B","4F77","4F85","4F73","4F7E","4F7E","",""
"518","42424","98EF","98E8","98FA","98EC","98E8","98EC","98EA","98E0","98E6","98E4","98E0","98DE","98E9","98E9","",""
"519","42440","E459","E450","E462","E470","E46A","E46E","E454","E448","E44E","E468","E462","E460","E451","E46B","",""
"520","42456","2BE2","2BD7","2BE9","2C09","2C01","2C05","2BDD","2BCF","2BD5","2C01","2BF9","2BF7","2BD8","2C02","",""
"521","42472","748B","748E","7490","7492","7488","748C","7486","7486","747C","748A","7480","747E","747F","7489","",""
"522","42488","A550","A551","A553","A557","A54B","A54F","A54B","A549","A53F","A54F","A543","A541","A542","A54C","",""
"523","42512","ED98","ED87","ED99","ED8F","ED91","ED95","ED93","ED7F","ED85","ED87","ED89","ED87","ED88","ED92","",""
"524","42528","35FE","35FB","360D","35FF","35FF","3603","35F9","35F3","35F9","35F7","35F7","35F5","35FC","3600","",""
"525","42544","B39B","B396","B398","B3B0","B3AE","B3B2","B396","B38E","B384","B3A8","B3A6","B3A4","B387","B3AF","",""
"526","42560","DEAB","DEB4","DEB6","DEE4","DEF0","DEF4","DEB6","DEAC","DEA2","DEDC","DEE8","DEE6","DEA5","DEE1","",""
"527","42576","2B4D","2B54","2B56","2B70","2B6A","2B6E","2B58","2B4C","2B42","2B68","2B62","2B60","2B45","2B6B","",""
"528","42592","7486","747B","748D","74A1","7499","749D","7481","7473","7479","7499","7491","748F","747C","749A","",""
"529","42608","BCB6","BCA9","BCBB","BCB1","BCB7","BCBB","BCB1","BCA1","BCA7","BCA9","BCAF","BC9D","BCAA","BCA8","",""
"530","42624","06A1","06A2","06A4","06B6","06BA","06BE","069C","069A","0690","06AE","06B2","06B0","0693","06BB","",""
"531","42640","4F24","4F23","4F35","4F29","4F2B","4F2F","4F2F","4F1B","4F21","4F21","4F23","4F21","4F24","4F2C","",""
"532","42664","9999","9996","9998","99A6","99B6","99BA","9994","998E","9984","999E","99AE","999C","9987","99A7","",""
"533","42680","E1A9","E1A4","E1A6","E1A6","E1A4","E1A8","E1A4","E19C","E192","E19E","E19C","E19A","E195","E1A5","",""
"534","42696","0F14","0F0D","0F1F","0F11","0F1D","0F21","0F0F","0F05","0F0B","0F09","0F15","0F03","0F0E","0F0E","",""
"535","42712","3DF7","3DEE","3DF0","3DEE","3DF8","3DFC","3DF2","3DE6","3DDC","3DE6","3DF0","3DDE","3DDF","3DE9","",""
"536","42728","8705","870A","870C","8706","870E","8712","8700","8702","86F8","86FE","8706","86F4","86FB","86FF","",""
"537","42744","CFC1","CFC4","CFC6","CFC2","CFC8","CFCC","CFBC","CFBC","CFB2","CFBA","CFC0","CFBE","CFB5","CFB9","",""
"538","42760","5B0D","5AFE","5B10","5B48","5B4C","5B50","5B08","5AF6","5AFC","5B40","5B44","5B42","5AFF","5B3D","",""
"539","42776","90D5","90D4","90D6","90FA","90FC","9100","90D0","90CC","90C2","90F2","90F4","90E2","90C5","90ED","",""
"540","42792","D9E6","D9E3","D9F5","DA05","DA15","DA19","D9F1","D9DB","D9E1","D9FD","DA0D","D9FB","D9E4","DA06","",""
"541","42816","1F7D","1F78","1F7A","1FAA","1FB8","1FBC","1F78","1F70","1F66","1FA2","1FB0","1F9E","1F69","1FA9","",""
"542","42832","6C4D","6C46","6C48","6C4A","6C46","6C4A","6C48","6C3E","6C34","6C42","6C3E","6C3C","6C37","6C47","",""
"543","42848","BFF2","BFE9","BFFB","C00F","C019","C01D","BFED","BFE1","BFE7","C007","C011","C00F","BFEA","C00A","",""
"544","42864","FE10","FE05","FE17","FE2D","FE35","FE39","FE0B","FDFD","FE03","FE25","FE2D","FE1B","FE06","FE26","",""
"545","42880","5B7A","5B6D","5B7F","5B97","5B9D","5BA1","5B75","5B65","5B6B","5B8F","5B95","5B83","5B6E","5B8E","",""
"546","42896","90B9","90AA","90BC","90D6","90DA","90DE","90B4","90A2","90A8","90CE","90D2","90D0","90AB","90CB","",""
"547","42912","D9CE","D9CD","D9DF","D9FB","D9FD","DA01","D9D9","D9C5","D9CB","D9F3","D9F5","D9E3","D9CE","D9EE","",""
"548","42928","22E3","22E0","22F2","22EA","22EA","22EE","22DE","22D8","22DE","22E2","22E2","22E0","22E1","22DB","",""
"549","42944","6C3B","6C36","6C48","6C5C","6C5A","6C5E","6C36","6C2E","6C34","6C54","6C52","6C50","6C37","6C5B","",""
"550","42960","B5AE","B5A7","B5A9","B5BF","B5CB","B5CF","B5A9","B59F","B595","B5B7","B5C3","B5C1","B598","B5BC","",""
"551","42984","15F0","15F7","15F9","162B","1635","1639","15FB","15EF","15E5","1623","162D","162B","15E8","1626","",""
"552","43000","4942","4937","4949","495D","4965","4969","493D","492F","4935","4955","495D","494B","4938","4956","",""
"553","43016","933C","932F","9341","9377","937D","9381","9337","9327","932D","936F","9375","9373","9330","937E","",""
"554","43032","DC03","DBF4","DC06","DC1E","DC22","DC26","DBFE","DBEC","DBF2","DC16","DC1A","DC18","DBF5","DC13","",""
"555","43048","2428","2427","2439","242D","242F","2433","2423","241F","2425","2425","2427","2425","2428","2430","",""
"556","43064","671E","671B","671D","673D","673D","6741","6719","6713","6709","6735","6735","6733","670C","673E","",""
"557","43080","B731","B73C","B73E","B754","B752","B756","B73C","B734","B72A","B74C","B74A","B748","B72D","B753","",""
"558","43096","00AD","00A6","00A8","00C4","00D0","00D4","00A8","009E","0094","00BC","00C8","00B6","0097","00C1","",""
"559","43112","492B","4922","4934","4922","492C","4930","4926","491A","4920","491A","4924","4912","4923","491D","",""
"560","43128","A6FD","A6F2","A704","A714","A71C","A720","A6F8","A6EA","A6F0","A70C","A714","A712","A6F3","A70D","",""
"561","43152","E5BD","E5C0","E5C2","E5E4","E5DA","E5DE","E5B8","E5B8","E5AE","E5DC","E5D2","E5D0","E5B1","E5DB","",""
"562","43168","2DE1","2DD2","2DE4","2DD8","2DDC","2DE0","2DDC","2DCA","2DD0","2DD0","2DD4","2DD2","2DD3","2DDD","",""
"563","43184","781F","781E","7820","7846","7848","784C","781A","7816","780C","783E","7840","782E","780F","7839","",""
"564","43200","C4A5","C4A2","C4A4","C4B6","C4B6","C4BA","C4A0","C49A","C490","C4AE","C4AE","C4AC","C493","C4B7","",""
"565","43216","08B0","08AB","08BD","08EB","08E9","08ED","08AB","08A3","08A9","08E3","08E1","08DF","08AC","08EA","",""
"566","43232","50C1","50BA","50CC","50D6","50D2","50D6","50BC","50B2","50B8","50CE","50CA","50C8","50BB","50D3","",""
"567","43248","99EB","99F2","99F4","9A0A","9A14","9A18","99F6","99EA","99E0","9A02","9A0C","99FA","99E3","9A05","",""
"568","43264","E2F4","E2F9","E2FB","E30D","E315","E319","E2EF","E2F1","E2E7","E305","E30D","E30B","E2EA","E306","",""
"569","43280","2B50","2B53","2B65","2B59","2B5F","2B63","2B5B","2B4B","2B51","2B51","2B57","2B45","2B54","2B50","",""
"570","43296","882C","882D","882F","886F","8863","8867","8827","8825","881B","8867","885B","8859","881E","8864","",""
"571","43320","BA0D","BA0C","BA1E","BA4A","BA4C","BA50","BA08","BA04","BA0A","BA42","BA44","BA42","BA0D","BA4D","",""
"572","43336","07AE","07AB","07BD","07EF","07EF","07F3","07B9","07A3","07A9","07E7","07E7","07E5","07AC","07F0","",""
"573","43352","30F4","30EF","3101","3129","3137","313B","30EF","30E7","30ED","3121","312F","311D","30F0","3128","",""
"574","43368","79C6","79BF","79D1","79DF","79EB","79EF","79C1","79B7","79BD","79D7","79E3","79D1","79C0","79DC","",""
"575","43384","C21C","C213","C215","C233","C22D","C231","C217","C20B","C201","C22B","C225","C223","C204","C22E","",""
"576","43400","0B63","0B58","0B6A","0B8A","0B82","0B86","0B5E","0B50","0B56","0B82","0B7A","0B78","0B59","0B83","",""
"577","43416","8D80","8D73","8D85","8DB1","8DB7","8DBB","8D7B","8D6B","8D71","8DA9","8DAF","8DAD","8D74","8DB8","",""
"578","43432","B24D","B24E","B260","B288","B28C","B290","B258","B246","B24C","B280","B284","B282","B24F","B28D","",""
"579","43448","FB60","FB5F","FB71","FBA5","FBA7","FBAB","FB5B","FB57","FB5D","FB9D","FB9F","FB8D","FB60","FB98","",""
"580","43464","4522","451F","4531","455B","455B","455F","451D","4517","451D","4553","4553","4551","4520","455C","",""
"581","43480","8D87","8D92","8D94","8DB0","8DAE","8DB2","8D92","8D8A","8D80","8DA8","8DA6","8DA4","8D83","8DAF","",""
"582","43496","D669","D662","D674","D67C","D688","D68C","D664","D65A","D660","D674","D680","D66E","D663","D679","",""
"583","43520","2115","210C","211E","2150","214A","214E","2110","2104","210A","2148","2142","2140","210D","214B","",""
"584","43536","68FF","6904","6906","691A","6922","6926","68FA","68FC","68F2","6912","691A","6918","68F5","6923","",""
"585","43552","B179","B17C","B17E","B174","B17A","B17E","B174","B174","B16A","B16C","B172","B170","B16D","B17B","",""
"586","43568","EFD2","EFD3","EFD5","EFED","EFF1","EFF5","EFCD","EFCB","EFC1","EFE5","EFE9","EFE7","EFC4","EFF2","",""
"587","43584","3186","3185","3187","318B","318D","3191","3181","317D","3173","3183","3185","3173","3176","317E","",""
"588","43600","7A59","7A56","7A68","7A52","7A62","7A66","7A54","7A4E","7A54","7A4A","7A5A","7A48","7A57","7A53","",""
"589","43616","C49C","C497","C4A9","C4BF","C4BD","C4C1","C497","C48F","C495","C4B7","C4B5","C4B3","C498","C4BE","",""
"590","43632","14D4","14CD","14DF","14D7","14D3","14D7","14CF","14C5","14CB","14CF","14CB","14C9","14CE","14D4","",""
"591","43648","53B9","53B0","53C2","53BA","53B4","53B8","53B4","53A8","53AE","53B2","53AC","53AA","53B1","53B5","",""
"592","43664","9C60","9C65","9C67","9C61","9C69","9C6D","9C6B","9C5D","9C53","9C59","9C61","9C5F","9C56","9C6A","",""
"593","43688","E625","E628","E62A","E640","E646","E64A","E620","E620","E616","E638","E63E","E63C","E619","E637","",""
"594","43704","2EE6","2EE7","2EE9","2EE1","2EE5","2EE9","2EE1","2EDF","2ED5","2ED9","2EDD","2EDB","2ED8","2EE6","",""
"595","43720","7819","7818","782A","7814","7816","781A","7814","7810","7816","780C","780E","780C","7819","7817","",""
"596","43736","E973","E970","E982","E99E","E99E","E9A2","E97E","E968","E96E","E996","E996","E994","E971","E99F","",""
"597","43752","2852","284D","284F","284D","284B","284F","284D","2845","283B","2845","2843","2841","283E","284C","",""
"598","43768","71CF","71C8","71DA","71CA","71D6","71DA","71CA","71C0","71C6","71C2","71CE","71CC","71C9","71C7","",""
"599","43784","9F4B","9F42","9F54","9F60","9F6A","9F6E","9F46","9F3A","9F40","9F58","9F62","9F60","9F43","9F6B","",""
"600","43800","CE43","CE48","CE4A","CE62","CE5A","CE5E","CE3E","CE40","CE36","CE5A","CE52","CE50","CE39","CE5B","",""
"601","43816","11F2","11E5","11F7","11F1","11E7","11EB","11ED","11DD","11E3","11E9","11DF","11DD","11E6","11E8","",""
"602","43832","608A","608B","608D","60A3","60A7","60AB","6085","6083","6079","609B","609F","609D","607C","60A8","",""
"603","43848","F5A9","F598","F5AA","F5A2","F5A4","F5A8","F5A4","F590","F596","F59A","F59C","F59A","F599","F5A5","",""
"604","43872","2506","2503","2505","24FF","24FF","2503","2501","24FB","24F1","24F7","24F7","24F5","24F4","2500","",""
"605","43888","6EA1","6E9C","6E9E","6EBA","6EB8","6EBC","6E9C","6E94","6E8A","6EB2","6EB0","6EAE","6E8D","6EB9","",""
"606","43904","B72C","B735","B737","B735","B731","B735","B737","B72D","B723","B72D","B729","B727","B726","B732","",""
"607","43920","008B","0092","0094","0094","008E","0092","0096","008A","0080","008C","0086","0084","0083","008F","",""
"608","43936","49D3","49C8","49DA","49CC","49D4","49D8","49CE","49C0","49C6","49C4","49CC","49BA","49C9","49C5","",""
"609","43952","9384","9377","9389","9397","939D","93A1","937F","936F","9375","938F","9395","9393","9378","939E","",""
"610","43968","DCD9","DCDA","DCDC","DCFC","DD00","DD04","DCD4","DCD2","DCC8","DCF4","DCF8","DCE6","DCCB","DCF1","",""
"611","43984","2580","257F","2581","2583","2585","2589","257B","2577","256D","257B","257D","256B","2570","2576","",""
"612","44000","6754","6751","6763","6757","6757","675B","674F","6749","674F","674F","674F","674D","6752","6758","",""
"613","44016","A5CB","A5C6","A5C8","A5CE","A5CC","A5D0","A5C6","A5BE","A5B4","A5C6","A5C4","A5C2","A5B7","A5BD","",""
"614","44040","EE5D","EE56","EE68","EE60","EE5C","EE60","EE58","EE4E","EE54","EE58","EE54","EE52","EE57","EE5D","",""
"615","44056","5AE3","5ADA","5AEC","5B00","5AFA","5AFE","5ADE","5AD2","5AD8","5AF8","5AF2","5AF0","5ADB","5AFB","",""
"616","44072","93A3","9398","93AA","93C0","93B8","93BC","939E","9390","9396","93B8","93B0","93AE","9399","93B9","",""
"617","44088","E350","E343","E355","E34D","E353","E357","E34B","E33B","E341","E345","E34B","E349","E344","E344","",""
"618","44104","2C90","2C91","2C93","2C8D","2C91","2C95","2C8B","2C89","2C7F","2C85","2C89","2C87","2C82","2C92","",""
"619","44120","75C1","75C0","75C2","75BE","75C0","75C4","75BC","75B8","75AE","75B6","75B8","75B6","75B1","75C1","",""
"620","44136","BEFD","BEFA","BF0C","BF0A","BF0A","BF0E","BF08","BEF2","BEF8","BF02","BF02","BF00","BEFB","BEFB","",""
"621","44152","0854","084F","0861","0851","084F","0853","084F","0847","084D","0849","0847","0845","0850","0850","",""
"622","44168","5219","5212","5224","5232","523E","5242","5214","520A","5210","522A","5236","5224","5213","522F","",""
"623","44184","9B45","9B3C","9B4E","9B5E","9B68","9B6C","9B40","9B34","9B3A","9B56","9B60","9B5E","9B3D","9B69","",""
"624","44208","C9ED","C9E2","C9F4","C9E6","C9EE","C9F2","C9E8","C9DA","C9E0","C9DE","C9E6","C9E4","C9E3","C9EF","",""
"625","44224","1376","1369","137B","136F","1375","1379","1371","1361","1367","1367","136D","136B","136A","1366","",""
"626","44240","5C2F","5C30","5C42","5C38","5C3C","5C40","5C3A","5C28","5C2E","5C30","5C34","5C22","5C31","5C2D","",""
"627","44256","A56A","A569","A56B","A563","A565","A569","A565","A561","A557","A55B","A55D","A55B","A55A","A566","",""
"628","44272","F3C5","F3C2","F3D4","F3EA","F3EA","F3EE","F3C0","F3BA","F3C0","F3E2","F3E2","F3D0","F3C3","F3DB","",""
"629","44288","3648","3643","3655","366D","366B","366F","3643","363B","3641","3665","3663","3661","3644","365C","",""
"630","44304","811F","8118","811A","8114","8120","8124","811A","8110","8106","810C","8118","8106","8109","8111","",""
"631","44320","C3A2","C399","C3AB","C3A7","C3A1","C3A5","C39D","C391","C397","C39F","C399","C397","C39A","C3A2","",""
"632","44336","139F","13A4","13A6","13A4","13AC","13B0","13AA","139C","1392","139C","13A4","1392","1395","139D","",""
"633","44352","5AD5","5AC8","5ADA","5ACA","5AD0","5AD4","5AD0","5AC0","5AC6","5AC2","5AC8","5AC6","5AC9","5AD1","",""
"634","44376","A609","A60A","A61C","A60E","A612","A616","A614","A602","A608","A606","A60A","A608","A60B","A613","",""
"635","44392","EF6E","EF6D","EF6F","EF71","EF73","EF77","EF69","EF65","EF5B","EF69","EF6B","EF59","EF5E","EF64","",""
"636","44408","38A3","38A0","38B2","38A6","38A6","38AA","389E","3898","389E","389E","389E","389C","38A1","38A7","",""
"637","44424","660B","6606","6608","65FE","660C","6610","6606","65FE","65F4","65F6","6604","65F2","65F7","65FD","",""
"638","44440","94F9","94F2","9504","94FC","94F8","94FC","94F4","94EA","94F0","94F4","94F0","94EE","94F3","94F9","",""
"639","44456","DE80","DE87","DE89","DEA7","DEA1","DEA5","DE8B","DE7F","DE75","DE9F","DE99","DE97","DE78","DEA2","",""
"640","44472","275F","2764","2766","2780","2788","278C","276A","275C","2752","2778","2780","277E","2755","2789","",""
"641","44488","DA8D","DA80","DA92","DAAE","DAA4","DAA8","DA88","DA78","DA7E","DAA6","DA9C","DA9A","DA81","DAA5","",""
"642","44504","0A63","0A54","0A66","0A7E","0A82","0A86","0A5E","0A4C","0A52","0A76","0A7A","0A78","0A55","0A83","",""
"643","44520","57F4","57F3","5805","5843","5845","5849","57FF","57EB","57F1","583B","583D","582B","57F4","5836","",""
"644","44544","A0BB","A0B8","A0BA","A0DA","A0DA","A0DE","A0B6","A0B0","A0A6","A0D2","A0D2","A0D0","A0A9","A0DB","",""
"645","44560","E597","E592","E5A4","E5B0","E5AE","E5B2","E592","E58A","E590","E5A8","E5A6","E5A4","E593","E5AF","",""
"646","44576","27B3","27AC","27AE","27CC","27C8","27CC","27AE","27A4","279A","27C4","27C0","27BE","279D","27C9","",""
"647","44592","7B68","7B6F","7B71","7B71","7B6B","7B6F","7B63","7B67","7B5D","7B69","7B63","7B61","7B60","7B6C","",""
"648","44608","D572","D567","D579","D58B","D593","D597","D56D","D55F","D565","D583","D58B","D589","D568","D594","",""
"649","44624","0E2D","0E30","0E42","0E36","0E3C","0E40","0E38","0E28","0E2E","0E2E","0E34","0E22","0E31","0E2D","",""
"650","44640","5843","5844","5856","586C","5870","5874","583E","583C","5842","5864","5868","5856","5845","5861","",""
"651","44656","A167","A166","A168","A180","A182","A186","A162","A15E","A154","A178","A17A","A178","A157","A183","",""
"652","44672","EA1C","EA19","EA2B","EA3F","EA3F","EA43","EA17","EA11","EA17","EA37","EA37","EA35","EA1A","EA30","",""
"653","44688","3425","3420","3422","3438","3446","344A","3420","3418","340E","3430","343E","342C","3411","3437","",""
"654","44712","9679","9672","9684","969C","9698","969C","9674","966A","9670","9694","9690","968E","9673","9699","",""
"655","44728","C7EE","C7F5","C7F7","C811","C81B","C81F","C7E9","C7ED","C7E3","C809","C813","C801","C7E6","C80C","",""
"656","44744","10EE","10E3","10F5","1101","1109","110D","10E9","10DB","10E1","10F9","1101","10FF","10E4","110A","",""
"657","44760","5B58","5B4B","5B5D","5B7B","5B71","5B75","5B53","5B43","5B49","5B73","5B69","5B67","5B4C","5B72","",""
"658","44776","A4A7","A4A8","A4AA","A4E4","A4E8","A4EC","A4A2","A4A0","A496","A4DC","A4E0","A4DE","A499","A4D9","",""
"659","44792","ECE1","ECE0","ECE2","ECFE","ED00","ED04","ECDC","ECD8","ECCE","ECF6","ECF8","ECF6","ECD1","ED01","",""
"660","44808","36CB","36C8","36CA","36C8","36C8","36CC","36C6","36C0","36B6","36C0","36C0","36BE","36B9","36C9","",""
"661","44824","7441","744C","744E","746E","746C","7470","744C","7444","743A","7466","7464","7462","743D","746D","",""
"662","44840","C7F5","C7EE","C7F0","C7F2","C7EE","C7F2","C7F0","C7E6","C7DC","C7EA","C7E6","C7E4","C7DF","C7EF","",""
"663","44856","0A98","0A8F","0AA1","0AB5","0ABF","0AC3","0A93","0A87","0A8D","0AAD","0AB7","0AB5","0A90","0AB0","",""
"664","44872","48D0","48D5","48D7","48DD","48D5","48D9","48DB","48CD","48C3","48D5","48CD","48CB","48C6","48D6","",""
"665","44896","9120","9123","9125","9137","913D","9141","911B","911B","9111","912F","9135","9133","9114","913E","",""
"666","44912","DB0A","DAFB","DB0D","DB21","DB25","DB29","DB05","DAF3","DAF9","DB19","DB1D","DB1B","DAFC","DB26","",""
"667","44928","46D5","46D4","46E6","46FC","46FE","4702","46E0","46CC","46D2","46F4","46F6","46F4","46D5","46FF","",""
"668","44944","789C","7899","789B","78B3","78B3","78B7","7897","7891","7887","78AB","78AB","78A9","788A","78B4","",""
"669","44960","C186","C181","C193","C1AD","C1AB","C1AF","C181","C179","C17F","C1A5","C1A3","C1A1","C182","C1AC","",""
"670","44976","1637","1640","1642","165E","165A","165E","1642","1638","162E","1656","1652","1650","1631","165B","",""
"671","44992","54AC","54A3","54B5","54D3","54CD","54D1","54A7","549B","54A1","54CB","54C5","54C3","54A4","54CE","",""
"672","45008","9D70","9D75","9D77","9D91","9D89","9D8D","9D6B","9D6D","9D63","9D89","9D81","9D7F","9D66","9D8A","",""
"673","45024","F2A8","F29B","F2AD","F2C9","F2BF","F2C3","F2A3","F293","F299","F2C1","F2B7","F2B5","F29C","F2C0","",""
"674","45040","3005","2FF6","3008","3026","301A","301E","3000","2FEE","2FF4","301E","3012","3010","2FF7","301B","",""
"675","45056","784E","785F","7871","784F","7863","7867","7859","7857","785D","7847","785B","7859","7860","7864","",""
"676","45080","B7AB","B7A8","B7BA","B7CC","B7CC","B7D0","B7A6","B7A0","B7A6","B7C4","B7C4","B7C2","B7A9","B7CD","",""
"677","45096","15EC","15E7","15F9","15ED","15EB","15EF","15E7","15DF","15E5","15E5","15E3","15E1","15E8","15EC","",""
"678","45112","54E7","54F0","54F2","550C","5508","550C","54F2","54E8","54DE","5504","5500","54FE","54E1","5509","",""
"679","45128","9ECA","9ED1","9ED3","9EE9","9EF3","9EF7","9ED5","9EC9","9EBF","9EE1","9EEB","9EE9","9EC2","9EF4","",""
"680","45144","0EC8","0EBD","0ECF","0EFB","0F03","0F07","0EC3","0EB5","0EBB","0EF3","0EFB","0EF9","0EBE","0F04","",""
"681","45160","2AE3","2AE6","2AE8","2B20","2B26","2B2A","2ADE","2ADE","2AD4","2B18","2B1E","2B0C","2AD7","2B17","",""
"682","45176","73DE","73DF","73E1","7415","7419","741D","73D9","73D7","73CD","740D","7411","740F","73D0","741A","",""
"683","45192","BDA3","BDA2","BDA4","BDD4","BDD6","BDDA","BD9E","BD9A","BD90","BDCC","BDCE","BDCC","BD93","BDD7","",""
"684","45208","060C","0609","061B","0627","0637","063B","0607","0601","0607","061F","062F","061D","060A","0628","",""
"685","45224","4EF7","4EF2","4F04","4F16","4F14","4F18","4F02","4EEA","4EF0","4F0E","4F0C","4F0A","4EF3","4F15","",""
"686","45248","984E","9847","9859","9867","9873","9877","9849","983F","9845","985F","986B","9859","9848","9864","",""
"687","45264","E1F1","E1F8","E1FA","E214","E20E","E212","E1EC","E1F0","E1E6","E20C","E206","E204","E1E9","E20F","",""
"688","45280","2AFF","2B04","2B06","2B22","2B2A","2B2E","2B0A","2AFC","2AF2","2B1A","2B22","2B20","2AF5","2B1B","",""
"689","45296","6CD6","6CD9","6CDB","6CF9","6CFF","6D03","6CD1","6CD1","6CC7","6CF1","6CF7","6CE5","6CCA","6CF0","",""
"690","45312","AA1D","AA0E","AA20","AA1A","AA1E","AA22","AA18","AA06","AA0C","AA12","AA16","AA04","AA0F","AA0F","",""
"691","45328","EE6A","EE59","EE6B","EE6B","EE6D","EE71","EE65","EE51","EE57","EE63","EE65","EE53","EE5A","EE5E","",""
"692","45344","1CD0","1CBD","1CCF","1CE1","1CF1","1CF5","1CCB","1CB5","1CBB","1CD9","1CE9","1CD7","1CBE","1CE2","",""
"693","45360","9EEC","9EE7","9EF9","9EF7","9EF5","9EF9","9ED5","9EDF","9EE5","9EEF","9EED","9EEB","9EE8","9EE6","",""
"694","45376","DED5","DECE","DEE0","DEDA","DED6","DEDA","DED0","DEC6","DECC","DED2","DECE","DECC","DECF","DED7","",""
"695","45400","281D","2814","2826","2816","2820","2824","2818","280C","2812","280E","2818","2806","2815","2811","",""
"696","45416","71D8","71DD","71DF","71FB","71F3","71F7","71D3","71D5","71CB","71F3","71EB","71E9","71CE","71F4","",""
"697","45432","BAA3","BAA6","BAA8","BAA6","BAAC","BAB0","BA9E","BA9E","BA94","BA9E","BAA4","BA92","BA97","BA9D","",""
"698","45448","03D2","03C3","03D5","03C5","03C9","03CD","03CD","03BB","03C1","03BD","03C1","03BF","03C4","03CA","",""
"699","45464","4D85","4D84","4D96","4DA8","4DAA","4DAE","4D90","4D7C","4D82","4DA0","4DA2","4DA0","4D85","4DAB","",""
"700","45480","964F","964C","965E","9652","9652","9656","964A","9644","964A","964A","964A","9648","964D","9653","",""
"701","45496","DF92","DF8D","DF8F","DF95","DF93","DF97","DF8D","DF85","DF7B","DF8D","DF8B","DF89","DF7E","DF84","",""
"702","45512","0581","058A","058C","0584","0590","0594","058C","0582","0578","057C","0588","0576","057B","0581","",""
"703","45528","2A22","2A19","2A2B","2A39","2A43","2A47","2A1D","2A11","2A17","2A31","2A3B","2A29","2A1A","2A34","",""
"704","45544","71D8","71DD","71DF","71DF","71E7","71EB","71E3","71D5","71CB","71D7","71DF","71CD","71CE","71D8","",""
"705","45560","E525","E518","E52A","E536","E53C","E540","E520","E510","E516","E52E","E534","E532","E519","E52D","",""
"706","45576","19D2","19D3","19D5","19D3","19D7","19DB","19CD","19CB","19C1","19CB","19CF","19CD","19C4","19D8","",""
"707","45600","6C6D","6C6C","6C7E","6C6E","6C70","6C74","6C68","6C64","6C6A","6C66","6C68","6C66","6C6D","6C71","",""
"708","45616","B5C0","B5BD","B5BF","B5E1","B5E1","B5E5","B5BB","B5B5","B5AB","B5D9","B5D9","B5D7","B5AE","B5E2","",""
"709","45632","FE70","FE6B","FE7D","FE71","FE7F","FE83","FE7B","FE63","FE69","FE69","FE77","FE65","FE6C","FE70","",""
"710","45648","47C8","47D1","47D3","47C9","47D5","47D9","47D3","47C9","47BF","47C1","47CD","47CB","47C2","47C6","",""
"711","45664","90F8","90EF","9101","90F9","9103","9107","90F3","90E7","90ED","90F1","90FB","90E9","90F0","90F4","",""
"712","45680","DAF2","DAE7","DAF9","DB0D","DB05","DB09","DAED","DADF","DAE5","DB05","DAFD","DAFB","DAE8","DB06","",""
"713","45696","240B","23FE","2410","2426","242C","2430","2406","23F6","23FC","241E","2424","2422","23FF","242D","",""
"714","45712","6CB0","6CB1","6CB3","6CAB","6CAF","6CB3","6CAB","6CA9","6C9F","6CA3","6CA7","6CA5","6CA2","6CB0","",""
"715","45728","B5FC","B5FB","B5FD","B5F7","B5F9","B5FD","B5F7","B5F3","B5E9","B5EF","B5F1","B5EF","B5EC","B5FA","",""
"716","45744","FF47","FF34","FF46","FF42","FF42","FF46","FF42","FF2C","FF32","FF3A","FF3A","FF38","FF35","FF43","",""
"717","45768","4883","487E","4880","487E","487C","4880","487E","4876","486C","4876","4874","4872","486F","487D","",""
"718","45784","E3C2","E3CB","E3CD","E441","E43D","E441","E3CD","E3C3","E3B9","E439","E435","E433","E3BC","E43E","",""
"719","45800","07AB","07A2","07A4","07E4","07DE","07E2","07A6","079A","0790","07DC","07D6","07D4","0793","07DF","",""
"720","45816","5127","511C","512E","515A","5162","5166","5122","5114","511A","5152","515A","5158","511D","5153","",""
"721","45832","951C","950F","9521","952F","9535","9539","9517","9507","950D","9527","952D","952B","9510","9536","",""
"722","45848","E2B8","E2A9","E2BB","E2AB","E2AF","E2B3","E2B3","E2A1","E2A7","E2A3","E2A7","E2A5","E2AA","E2B0","",""
"723","45864","2C40","2C3F","2C41","2C7D","2C7F","2C83","2C3B","2C37","2C2D","2C75","2C77","2C75","2C30","2C70","",""
"724","45880","757B","7578","758A","75B2","75C2","75C6","7576","7570","7576","75AA","75BA","75A8","7579","75B3","",""
"725","45896","BF08","BF03","BF05","BF39","BF47","BF4B","BF03","BEFB","BEF1","BF31","BF3F","BF2D","BEF4","BF38","",""
"726","45912","0721","071A","072C","0742","073E","0742","071C","0712","0718","073A","0736","0734","071B","073F","",""
"727","45936","473C","4743","4745","4747","4741","4745","4747","473B","4731","473F","4739","4737","4734","4742","",""
"728","45952","6770","6765","6777","6775","676D","6771","676B","675D","6763","676D","6765","6763","6766","676E","",""
"729","45968","B063","B066","B068","B068","B06E","B072","B05E","B05E","B054","B060","B066","B054","B057","B05F","",""
"730","45984","F937","F938","F93A","F93C","F940","F944","F932","F930","F926","F934","F938","F926","F929","F931","",""
"731","46000","717E","717D","717F","71AD","71AF","71B3","7179","7175","716B","71A5","71A7","71A5","716E","71B0","",""
"732","46016","ADC1","ADBE","ADC0","ADFA","ADFA","ADFE","ADBC","ADB6","ADAC","ADF2","ADF2","ADF0","ADAF","ADEB","",""
"733","46032","F90C","F907","F909","F979","F977","F97B","F907","F8FF","F8F5","F971","F96F","F96D","F8F8","F978","",""
"734","46048","3FFD","3FF6","3FF8","401A","4016","401A","3FF8","3FEE","3FE4","4012","400E","400C","3FE7","4017","",""
"735","46064","88ED","88E4","88F6","8904","88FE","8902","88E8","88DC","88E2","88FC","88F6","88F4","88E5","88FF","",""
"736","46080","CDA4","CDA9","CDAB","CDCB","CDC3","CDC7","CD9F","CDA1","CD97","CDC3","CDBB","CDB9","CD9A","CDC4","",""
"737","46104","FFE9","FFEC","FFFE","000A","0010","0014","FFF4","FFE4","FFEA","0002","0008","FFF6","FFED","0001","",""
"738","46120","4906","48F7","4909","4925","4929","492D","4901","48EF","48F5","491D","4921","490F","48F8","491A","",""
"739","46136","912A","9129","912B","9129","912B","912F","9125","9121","9117","9121","9123","9121","911A","912C","",""
"740","46152","BF8E","BF8B","BF9D","BFB7","BFB7","BFBB","BF89","BF83","BF89","BFAF","BFAF","BFAD","BF8C","BFA8","",""
"741","46168","EE7B","EE76","EE88","EE9E","EE9C","EEA0","EE76","EE6E","EE74","EE96","EE94","EE92","EE77","EE9D","",""
"742","46184","3673","366C","366E","3666","3672","3676","366E","3664","365A","365E","366A","3668","365D","3663","",""
"743","46200","8046","803D","804F","8069","8063","8067","8041","8035","803B","8061","805B","8059","803E","8064","",""
"744","46216","478D","4782","4794","4790","4788","478C","4788","477A","4780","4788","4780","477E","4783","4789","",""
"745","46232","7DCB","7DCE","7DD0","7DCE","7DD4","7DD8","7DC6","7DC6","7DBC","7DC6","7DCC","7DBA","7DBF","7DC5","",""
"746","46248","C6D2","C6D3","C6E5","C6D5","C6D9","C6DD","C6DD","C6CB","C6D1","C6CD","C6D1","C6CF","C6D4","C6DA","",""
"747","46272","10A7","10A6","10B8","10C4","10C6","10CA","10B2","109E","10A4","10BC","10BE","10BC","10A7","10C7","",""
"748","46288","5991","598E","5990","598E","598E","5992","598C","5986","597C","5986","5986","5984","597F","598F","",""
"749","46304","A322","A31D","A32F","A34F","A34D","A351","A32D","A315","A31B","A347","A345","A343","A31E","A33E","",""
"750","46320","FB6F","FB68","FB7A","FB6C","FB68","FB6C","FB6A","FB60","FB66","FB64","FB60","FB5E","FB69","FB69","",""
"751","46336","302D","3034","3036","302A","3034","3038","3028","302C","3022","3022","302C","302A","3025","3035","",""
"752","46352","7E0C","7E01","7E13","7E09","7E11","7E15","7E07","7DF9","7DFF","7E01","7E09","7E07","7E02","7E02","",""
"753","46368","C728","C71B","C72D","C71F","C725","C729","C723","C713","C719","C717","C71D","C71B","C71C","C726","",""
"754","46384","1089","107A","108C","108A","107E","1082","1084","1072","1078","1082","1076","1074","107B","107F","",""
"755","46400","59A9","59A8","59BA","59AA","59AC","59B0","59A4","59A0","59A6","59A2","59A4","59A2","59A9","59AD","",""
"756","46416","A36C","A369","A37B","A387","A387","A38B","A377","A361","A367","A37F","A37F","A37D","A36A","A388","",""
"757","46432","0BE0","0BDB","0BDD","0BDB","0BD9","0BDD","0BDB","0BD3","0BC9","0BD3","0BD1","0BCF","0BCC","0BDA","",""
"758","46456","39A8","39A1","39B3","39A3","39AF","39B3","39A3","3999","399F","399B","39A7","3995","39A2","39A0","",""
"759","46472","8515","851C","851E","8540","853A","853E","8520","8514","850A","8538","8532","8530","850D","853B","",""
"760","46488","CF83","CF78","CF8A","CF7E","CF76","CF7A","CF7E","CF70","CF76","CF76","CF6E","CF6C","CF79","CF77","",""
"761","46504","151A","150D","151F","1515","151B","151F","1515","1505","150B","150D","1513","1501","150E","150C","",""
"762","46520","603F","6040","6052","604A","604E","6052","604A","6038","603E","6042","6046","6034","6041","603F","",""
"763","46536","B2FA","B2F9","B2FB","B32F","B331","B335","B2F5","B2F1","B2E7","B327","B329","B327","B2EA","B332","",""
"764","46552","F3C0","F3AD","F3BF","F3B5","F3B5","F3B9","F3BB","F3A5","F3AB","F3AD","F3AD","F3AB","F3AE","F3B6","",""
"765","46568","3CF0","3CEB","3CED","3CE5","3CF3","3CF7","3CEB","3CE3","3CD9","3CDD","3CEB","3CD9","3CDC","3CE4","",""
"766","46584","7362","735B","735D","7357","7363","7367","735D","7353","7349","734F","735B","7349","734C","7354","",""
"767","46600","BE77","BE6E","BE80","BE7C","BE76","BE7A","BE72","BE66","BE6C","BE74","BE6E","BE6C","BE6F","BE77","",""
"768","46624","05A7","059C","05AE","05AC","05A4","05A8","05A2","0594","059A","05A4","059C","059A","059D","05A5","",""
"769","46640","4F68","4F6B","4F6D","4F87","4F8D","4F91","4F63","4F63","4F59","4F7F","4F85","4F73","4F5C","4F7E","",""
"770","46656","C823","C824","C826","C842","C846","C84A","C81E","C81C","C812","C83A","C83E","C83C","C815","C837","",""
"771","46672","FFE4","FFD3","FFE5","FFE3","FFE5","FFE9","FFDF","FFCB","FFD1","FFDB","FFDD","FFCB","FFD4","FFD6","",""
"772","46688","4906","48F3","4905","4905","4905","4909","4901","48EB","48F1","48FD","48FD","48EB","48F4","48F6","",""
"773","46704","93E3","93DE","93F0","93E2","93E0","93E4","93DE","93D6","93DC","93DA","93D8","93D6","93DF","93E1","",""
"774","46720","DB6B","DB74","DB76","DB7A","DB76","DB7A","DB76","DB6C","DB62","DB72","DB6E","DB6C","DB65","DB77","",""
"775","46736","24C4","24BB","24CD","24C1","24CB","24CF","24BF","24B3","24B9","24B9","24C3","24B1","24BC","24BC","",""
"776","46752","7687","767C","768E","769E","76A6","76AA","7682","7674","767A","7696","769E","768C","767D","7697","",""
"777","46768","B8ED","B8F0","B902","B914","B91A","B91E","B8F8","B8E8","B8EE","B90C","B912","B900","B8F1","B90B","",""
"778","46784","01CE","01BF","01D1","01C5","01C9","01CD","01C9","01B7","01BD","01BD","01C1","01BF","01C0","01CA","",""
"779","46808","2BEE","2BED","2BFF","2BF5","2BF7","2BFB","2BE9","2BE5","2BEB","2BED","2BEF","2BED","2BEE","2BE8","",""
"780","46824","73D9","73D6","73D8","73D0","73D0","73D4","73D4","73CE","73C4","73C8","73C8","73C6","73C7","73D1","",""
"781","46840","B14C","B157","B159","B153","B151","B155","B157","B14F","B145","B14B","B149","B147","B148","B152","",""
"782","46856","065B","0654","0666","066C","0678","067C","0656","064C","0652","0664","0670","066E","0655","0669","",""
"783","46872","7EAD","7EA4","7EB6","7EE8","7EE2","7EE6","7EA8","7E9C","7EA2","7EE0","7EDA","7ED8","7EA5","7EE3","",""
"784","46888","A162","A167","A169","A197","A19F","A1A3","A15D","A15F","A155","A18F","A197","A195","A158","A1A0","",""
"785","46904","EA83","EA86","EA88","EAC2","EAC8","EACC","EA7E","EA7E","EA74","EABA","EAC0","EAAE","EA77","EAB9","",""
"786","46920","3413","3414","3426","344C","3450","3454","340E","340C","3412","3444","3448","3446","3415","3451","",""
"787","46936","7CB5","7CB4","7CC6","7CDE","7CE0","7CE4","7CC0","7CAC","7CB2","7CD6","7CD8","7CD6","7CB5","7CD1","",""
"788","46952","C5A0","C59D","C59F","C5B3","C5B3","C5B7","C59B","C595","C58B","C5AB","C5AB","C5A9","C58E","C5B4","",""
"789","46976","0EEA","0EE5","0EE7","0F01","0EFF","0F03","0EE5","0EDD","0ED3","0EF9","0EF7","0EF5","0ED6","0F00","",""
"790","46992","5872","587B","587D","5893","588F","5893","587D","5873","5869","588B","5887","5885","586C","5890","",""
"791","47008","A166","A15D","A16F","A187","A181","A185","A161","A155","A15B","A17F","A179","A177","A15E","A182","",""
"792","47024","C855","C85A","C85C","C856","C85E","C862","C860","C852","C848","C84E","C856","C854","C84B","C85F","",""
"793","47040","0837","083A","083C","0862","0858","085C","0832","0832","0828","085A","0850","084E","082B","0859","",""
"794","47056","4F2D","4F1E","4F30","4F2C","4F30","4F34","4F28","4F16","4F1C","4F24","4F28","4F16","4F1F","4F21","",""
"795","47072","A677","A666","A678","A6B0","A6B2","A6B6","A672","A65E","A664","A6A8","A6AA","A698","A667","A6A3","",""
"796","47088","E0EF","E0EC","E0FE","E10C","E10C","E110","E0FA","E0E4","E0EA","E104","E104","E102","E0ED","E10D","",""
"797","47104","2F0E","2F09","2F1B","2F1F","2F2D","2F31","2F09","2F01","2F07","2F17","2F25","2F13","2F0A","2F1E","",""
"798","47120","7841","783A","783C","7850","785C","7860","783C","7832","7828","7848","7854","7842","782B","784D","",""
"799","47144","C05E","C065","C067","C05D","C067","C06B","C059","C05D","C053","C055","C05F","C05D","C056","C058","",""
"800","47160","0A53","0A58","0A6A","0A7C","0A74","0A78","0A5E","0A50","0A56","0A74","0A6C","0A6A","0A59","0A75","",""
"801","47176","52E4","52E7","52F9","52ED","52F3","52F7","52EF","52DF","52E5","52E5","52EB","52D9","52E8","52E4","",""
"802","47192","9DE8","9DE9","9DEB","9E1B","9E1F","9E23","9DE3","9DE1","9DD7","9E13","9E17","9E15","9DDA","9E20","",""
"803","47208","E560","E55F","E571","E563","E565","E569","E56B","E557","E55D","E55B","E55D","E55B","E560","E566","",""
"804","47224","13AA","13A7","13A9","13AD","13AD","13B1","13A5","139F","1395","13A5","13A5","1393","1398","139E","",""
"805","47240","3E4A","3E45","3E57","3E47","3E55","3E59","3E45","3E3D","3E43","3E3F","3E4D","3E3B","3E46","3E46","",""
"806","47256","8749","8752","8754","874A","8756","875A","8754","874A","8740","8742","874E","873C","8743","8747","",""
"807","47272","D023","D01A","D02C","D024","D01E","D022","D01E","D012","D018","D01C","D016","D014","D01B","D01F","",""
"808","47288","5740","5735","5747","5731","5739","573D","573B","572D","5733","5729","5731","572F","5736","573A","",""
"809","47304","9170","9163","9175","9161","9167","916B","916B","915B","9161","9159","915F","915D","9164","9168","",""
"810","47320","DA01","DA02","DA14","DA02","DA06","DA0A","DA0C","D9FA","DA00","D9FA","D9FE","D9FC","DA03","DA07","",""
"811","47336","1B6E","1B5D","1B6F","1B99","1B9B","1B9F","1B69","1B55","1B5B","1B91","1B93","1B91","1B5E","1B9C","",""
"812","47360","6C85","6C82","6C94","6C80","6C90","6C94","6C80","6C7A","6C80","6C78","6C88","6C76","6C83","6C81","",""
"813","47376","B5D8","B5D3","B5D5","B5D3","B5D1","B5D5","B5D3","B5CB","B5C1","B5CB","B5C9","B5C7","B5C4","B5D2","",""
"814","47392","FF1D","FF16","FF18","FF18","FF14","FF18","FF18","FF0E","FF04","FF10","FF0C","FF0A","FF07","FF15","",""
"815","47408","4849","4840","4852","4844","484E","4852","4844","4838","483E","483C","4846","4844","4841","484F","",""
"816","47424","9224","9219","922B","923F","9247","924B","921F","9211","9217","9237","923F","922D","921A","9238","",""
"817","47440","D356","D349","D35B","D351","D357","D35B","D351","D341","D347","D349","D34F","D33D","D34A","D348","",""
"818","47456","1179","117A","118C","117E","1182","1186","1184","1172","1178","1176","117A","1178","117B","1183","",""
"819","47472","5A4C","5A4B","5A5D","5A4B","5A4D","5A51","5A57","5A43","5A49","5A43","5A45","5A43","5A4C","5A4E","",""
"820","47488","A383","A380","A392","A382","A382","A386","A37E","A378","A37E","A37A","A37A","A378","A381","A383","",""
"821","47504","57C5","57D0","57D2","580E","580C","5810","57D0","57C8","57BE","5806","5804","5802","57C1","57FD","",""
"822","47520","8D5E","8D57","8D69","8D77","8D83","8D87","8D59","8D4F","8D55","8D6F","8D7B","8D69","8D58","8D74","",""
"823","47536","D77D","D774","D786","D7C6","D7C0","D7C4","D778","D76C","D772","D7BE","D7B8","D7B6","D775","D7C1","",""
"824","47560","2020","2025","2037","2049","2051","2055","202B","201D","2023","2041","2049","2037","2026","2042","",""
"825","47576","685E","6851","6863","6857","685D","6861","6859","6849","684F","684F","6855","6853","6852","685E","",""
"826","47592","AB3E","AB3F","AB51","AB67","AB6B","AB6F","AB49","AB37","AB3D","AB5F","AB63","AB51","AB40","AB5C","",""
"827","47608","FB5F","FB5E","FB70","FB82","FB84","FB88","FB6A","FB56","FB5C","FB7A","FB7C","FB7A","FB5F","FB75","",""
"828","47624","44DA","44D7","44D9","44ED","44FD","4501","44D5","44CF","44C5","44E5","44F5","44E3","44C8","44EE","",""
"829","47640","8D5A","8D55","8D57","8D4D","8D5B","8D5F","8D55","8D4D","8D43","8D45","8D53","8D41","8D46","8D4C","",""
"830","47656","BEA3","BE9C","BE9E","BEB6","BEC2","BEC6","BE9E","BE94","BE8A","BEAE","BEBA","BEA8","BE8D","BEB3","",""
"831","47672","15C7","15CE","15D0","15F4","15EE","15F2","15D2","15C6","15BC","15EC","15E6","15E4","15BF","15EF","",""
"832","47688","53F5","53EA","53FC","53F2","53EA","53EE","53F0","53E2","53E8","53EA","53E2","53E0","53EB","53EB","",""
"833","47712","9DC4","9DB7","9DC9","9DDB","9DE1","9DE5","9DBF","9DAF","9DB5","9DD3","9DD9","9DD7","9DB8","9DE2","",""
"834","47728","167A","166B","167D","1689","168D","1691","1675","1663","1669","1681","1685","1683","166C","168E","",""
"835","47744","4BF6","4BF5","4BF7","4C0F","4C11","4C15","4BF1","4BED","4BE3","4C07","4C09","4C07","4BE6","4C12","",""
"836","47760","9730","972D","973F","9743","9753","9757","972B","9725","972B","973B","974B","9739","972E","9744","",""
"837","47776","E0ED","E0E8","E0EA","E10A","E108","E10C","E0E8","E0E0","E0D6","E102","E100","E0FE","E0D9","E0F9","",""
"838","47792","27F1","27EA","27FC","2808","2814","2818","27EC","27E2","27E8","2800","280C","27FA","27EB","2805","",""
"839","47808","72DF","72D6","72E8","7306","7300","7304","72DA","72CE","72D4","72FE","72F8","72F6","72D7","7301","",""
"840","47824","9DDF","9DE4","9DE6","9E00","9E08","9E0C","9DEA","9DDC","9DD2","9DF8","9E00","9DEE","9DD5","9DF9","",""
"841","47840","DEEE","DEF1","DEF3","DEED","DEF3","DEF7","DEE9","DEE9","DEDF","DEE5","DEEB","DEE9","DEE2","DEF4","",""
"842","47856","2F79","2F7A","2F7C","2F78","2F7C","2F80","2F74","2F72","2F68","2F70","2F74","2F72","2F6B","2F7D","",""
"843","47872","5D1E","5D1D","5D2F","5D1D","5D1F","5D23","5D29","5D15","5D1B","5D15","5D17","5D15","5D1E","5D20","",""
"844","47888","87F3","87F0","87F2","87EC","87EC","87F0","87EE","87E8","87DE","87E4","87E4","87E2","87E1","87ED","",""
"845","47912","D0FB","D0F6","D0F8","D0F8","D0F6","D0FA","D0F6","D0EE","D0E4","D0F0","D0EE","D0EC","D0E7","D0F7","",""
"846","47928","19C3","19BC","19CE","19C4","19D0","19D4","19BE","19B4","19BA","19BC","19C8","19B6","19BD","19C1","",""
"847","47944","C3E8","C3DF","C3F1","C403","C3FD","C401","C3E3","C3D7","C3DD","C3FB","C3F5","C3F3","C3E0","C3FE","",""
"848","47960","FB60","FB55","FB67","FB73","FB7B","FB7F","FB5B","FB4D","FB53","FB6B","FB73","FB71","FB56","FB7C","",""
"849","47976","44FD","4500","4502","453A","4540","4544","44F8","44F8","44EE","4532","4538","4526","44F1","4531","",""
"850","47992","8E45","8E36","8E48","8E5C","8E60","8E64","8E40","8E2E","8E34","8E54","8E58","8E56","8E37","8E51","",""
"851","48008","D654","D643","D655","D64B","D64D","D651","D64F","D63B","D641","D643","D645","D643","D644","D64E","",""
"852","48024","2032","202F","2041","2053","2053","2057","203D","2027","202D","204B","204B","2049","2030","2054","",""
"853","48040","7A5E","7A59","7A5B","7A97","7A95","7A99","7A59","7A51","7A47","7A8F","7A8D","7A8B","7A4A","7A96","",""
"854","48056","B23C","B235","B247","B235","B241","B245","B237","B22D","B233","B22D","B239","B227","B236","B232","",""
"855","48080","FB3D","FB44","FB46","FB46","FB40","FB44","FB48","FB3C","FB32","FB3E","FB38","FB36","FB35","FB41","",""
"856","48096","3D94","3D99","3D9B","3D9D","3D95","3D99","3D8F","3D91","3D87","3D95","3D8D","3D8B","3D8A","3D96","",""
"857","48112","8DF5","8DE8","8DFA","8DEC","8DF2","8DF6","8DF0","8DE0","8DE6","8DE4","8DEA","8DE8","8DE9","8DF3","",""
"858","48128","D70D","D70E","D720","D70E","D712","D716","D708","D706","D70C","D706","D70A","D708","D70F","D713","",""
"859","48144","2052","2051","2053","2053","2055","2059","204D","2049","203F","204B","204D","204B","2042","2046","",""
"860","48160","80B7","80B4","80B6","80D8","80D8","80DC","80B2","80AC","80A2","80D0","80D0","80CE","80A5","80C9","",""
"861","48176","B4E0","B4DB","B4ED","B501","B4FF","B503","B4DB","B4D3","B4D9","B4F9","B4F7","B4F5","B4DC","B500","",""
"862","48192","FDF7","FE00","FE02","FE18","FE24","FE28","FE02","FDF8","FDEE","FE10","FE1C","FE0A","FDF1","FE15","",""
"863","48216","47D8","47DF","47E1","4813","481D","4821","47D3","47D7","47CD","480B","4815","4803","47D0","480E","",""
"864","48232","90E4","90D9","90EB","90FF","9107","910B","90DF","90D1","90D7","90F7","90FF","90FD","90DA","9108","",""
"865","48248","D930","D923","D935","D92B","D931","D935","D92B","D91B","D921","D923","D929","D927","D924","D922","",""
"866","48264","230D","230E","2310","2328","232C","2330","2308","2306","22FC","2320","2324","2322","22FF","232D","",""
"867","48280","6B98","6B97","6B99","6B93","6B95","6B99","6B93","6B8F","6B85","6B8B","6B8D","6B8B","6B88","6B96","",""
"868","48296","B5C6","B5C3","B5D5","B5E1","B5E1","B5E5","B5C1","B5BB","B5C1","B5D9","B5D9","B5D7","B5C4","B5E2","",""
"869","48312","F83D","F838","F83A","F872","F870","F874","F838","F830","F826","F86A","F868","F866","F829","F871","",""
"870","48328","3550","3549","355B","356F","356B","356F","354B","3541","3547","3567","3563","3561","354A","356C","",""
"871","48344","7911","7908","791A","7910","791A","791E","790C","7900","7906","7908","7912","7900","7909","790B","",""
"872","48360","C879","C86E","C880","C8B2","C8BA","C8BE","C874","C866","C86C","C8AA","C8B2","C8A0","C86F","C8AB","",""
"873","48384","400F","4012","4024","4032","4038","403C","401A","400A","4010","402A","4030","401E","4013","4029","",""
"874","48400","705F","7050","7062","706C","7070","7074","705A","7048","704E","7064","7068","7066","7051","7071","",""
"875","48416","B973","B972","B974","B98A","B98C","B990","B96E","B96A","B960","B982","B984","B982","B963","B98D","",""
"876","48432","0325","0322","0324","0336","0336","033A","0320","031A","0310","032E","032E","032C","0313","0337","",""
"877","48448","4B50","4B4B","4B4D","4B51","4B4F","4B53","4B4B","4B43","4B39","4B49","4B47","4B45","4B3C","4B40","",""
"878","48464","9533","952C","953E","954E","954A","954E","952E","9524","952A","9546","9542","9540","952D","954B","",""
"879","48480","FB99","FB90","FBA2","FBCE","FBD8","FBDC","FB94","FB88","FB8E","FBC6","FBD0","FBBE","FB91","FBC9","",""
"880","48496","2AAD","2AA2","2AB4","2ACC","2AC4","2AC8","2AA8","2A9A","2AA0","2AC4","2ABC","2ABA","2AA3","2AC5","",""
"881","48512","73C4","73C7","73C9","73DD","73E3","73E7","73BF","73BF","73B5","73D5","73DB","73D9","73B8","73E4","",""
"882","48528","9DA7","9DA8","9DAA","9DBA","9DBE","9DC2","9DA2","9DA0","9D96","9DB2","9DB6","9DB4","9D99","9DBF","",""
"883","48552","E6FB","E6FA","E70C","E718","E71A","E71E","E6F6","E6F2","E6F8","E710","E712","E710","E6FB","E71B","",""
"884","48568","2ECC","2EC9","2EDB","2ED9","2ED9","2EDD","2ED7","2EC1","2EC7","2ED1","2ED1","2EBF","2ECA","2ECA","",""
"885","48584","B377","B372","B384","B3BE","B3BC","B3C0","B382","B36A","B370","B3B6","B3B4","B3B2","B373","B3AD","",""
"886","48600","D21E","D217","D229","D25F","D25B","D25F","D219","D20F","D215","D257","D253","D251","D218","D25C","",""
"887","48616","1FD0","1FD7","1FD9","200B","2015","2019","1FCB","1FCF","1FC5","2003","200D","1FFB","1FC8","2006","",""
"888","48632","6966","696B","696D","69AB","69A3","69A7","6971","6963","6959","69A3","699B","6999","695C","69A4","",""
"889","48648","B21B","B21E","B220","B23A","B240","B244","B216","B216","B20C","B232","B238","B236","B20F","B241","",""
"890","48664","FACF","FAD0","FAE2","FAE8","FAEC","FAF0","FACA","FAC8","FACE","FAE0","FAE4","FAE2","FAD1","FAED","",""
"891","48680","4410","440F","4421","4439","443B","443F","441B","4407","440D","4431","4433","4431","4410","443C","",""
"892","48704","8DE7","8DE4","8DF6","8DFE","8DFE","8E02","8DE2","8DDC","8DE2","8DF6","8DF6","8DF4","8DE5","8DFF","",""
"893","48720","D6A0","D69B","D6AD","D6C7","D6C5","D6C9","D69B","D693","D699","D6BF","D6BD","D6BB","D69C","D6C6","",""
"894","48736","17D1","17CA","17DC","17C8","17D4","17D8","17CC","17C2","17C8","17C0","17CC","17CA","17CB","17C5","",""
"895","48752","5703","56FA","570C","5724","571E","5722","56FE","56F2","56F8","571C","5716","5714","56FB","571F","",""
"896","48768","9FE8","9FED","9FEF","A00D","A005","A009","9FE3","9FE5","9FDB","A005","9FFD","9FFB","9FDE","A006","",""
"897","48784","E7FA","E7ED","E7FF","E7F9","E7EF","E7F3","E7F5","E7E5","E7EB","E7F1","E7E7","E7E5","E7EE","E7F0","",""
"898","48800","32AD","32AE","32C0","32D6","32DA","32DE","32B8","32A6","32AC","32CE","32D2","32C0","32AF","32CB","",""
"899","48816","7A8C","7A8B","7A8D","7A85","7A87","7A8B","7A87","7A83","7A79","7A7D","7A7F","7A7D","7A7C","7A88","",""
"900","48832","C3B6","C3A3","C3B5","C3A9","C3A9","C3AD","C3B1","C39B","C3A1","C3A1","C3A1","C39F","C3A4","C3AA","",""
"901","48848","0924","091F","0931","0935","0943","0947","091F","0917","091D","092D","093B","0929","0920","0934","",""
"902","48864","563C","5635","5647","563D","5639","563D","5637","562D","5633","5635","5631","562F","5636","563A","",""
"903","48888","9F8D","9F84","9F96","9F8E","9F88","9F8C","9F88","9F7C","9F82","9F86","9F80","9F7E","9F85","9F89","",""
"904","48904","E93D","E932","E944","E95E","E956","E95A","E938","E92A","E930","E956","E94E","E94C","E933","E957","",""
"905","48920","31E7","31EA","31FC","31EC","31F2","31F6","31F2","31E2","31E8","31E4","31EA","31E8","31EB","31F3","",""
"906","48936","7B5D","7B5E","7B60","7B62","7B56","7B5A","7B58","7B56","7B4C","7B5A","7B4E","7B4C","7B4F","7B57","",""
"907","48952","A6CA","A6C9","A6DB","A6CF","A6D1","A6D5","A6C5","A6C1","A6C7","A6C7","A6C9","A6C7","A6CA","A6C2","",""
"908","48968","D423","D420","D422","D422","D422","D426","D41E","D418","D40E","D41A","D41A","D418","D411","D423","",""
"909","48984","1D1B","1D16","1D18","1D0E","1D1C","1D20","1D16","1D0E","1D04","1D06","1D14","1D02","1D07","1D0D","",""
"910","49000","660A","6603","6615","6607","6603","6607","6605","65FB","6601","65FF","65FB","65F9","6604","6604","",""
"911","49016","1795","178C","178E","17AC","17A6","17AA","1790","1784","177A","17A4","179E","179C","177D","17A7","",""
"912","49032","47B8","47AD","47BF","47A9","47B1","47B5","47B3","47A5","47AB","47A1","47A9","47A7","47AE","47B2","",""
"913","49048","9527","952A","953C","954C","9552","9556","9532","9522","9528","9544","954A","9548","952B","9543","",""
"914","49072","E0C7","E0B8","E0CA","E0BC","E0C0","E0C4","E0C2","E0B0","E0B6","E0B4","E0B8","E0B6","E0B9","E0C1","",""
"915","49088","26A8","26A7","26A9","26AD","26AF","26B3","26A3","269F","2695","26A5","26A7","2695","2698","26A0","",""
"916","49104","6280","627D","627F","6275","6285","6289","627B","6275","626B","626D","627D","626B","626E","6276","",""
"917","49120","B9F7","B9F2","BA04","BA16","BA14","BA18","B9F2","B9EA","B9F0","BA0E","BA0C","BA0A","B9F3","BA15","",""
"918","49136","06E4","06DD","06DF","0703","06FF","0703","06DF","06D5","06CB","06FB","06F7","06F5","06CE","0700","",""
"919","49152","4C0B","4C02","4C14","4C0A","4C04","4C08","4C06","4BFA","4C00","4C02","4BFC","4BFA","4C03","4C05","",""
"920","49168","8D7F","8D84","8D86","8D7E","8D86","8D8A","8D7A","8D7C","8D72","8D76","8D7E","8D7C","8D75","8D87","",""
"921","49184","CECC","CECF","CED1","CECB","CED1","CED5","CEC7","CEC7","CEBD","CEC3","CEC9","CEC7","CEC0","CED2","",""
"922","49200","146D","145E","1470","146C","1470","1474","1468","1456","145C","1464","1468","1456","145F","1461","",""
"923","49216","5DFC","5DEB","5DFD","5DFB","5DFD","5E01","5DF7","5DE3","5DE9","5DF3","5DF5","5DE3","5DEC","5DEE","",""
"924","49232","D292","D28F","D2A1","D2AB","D2AB","D2AF","D28D","D287","D28D","D2A3","D2A3","D2A1","D290","D2AC","",""
"925","49248","0E6A","0E65","0E67","0E83","0E81","0E85","0E65","0E5D","0E53","0E7B","0E79","0E77","0E56","0E82","",""
"926","49272","56CF","56D8","56DA","56D8","56D4","56D8","56DA","56D0","56C6","56D0","56CC","56CA","56C9","56D5","",""
"927","49288","A33B","A332","A344","A344","A33E","A342","A336","A32A","A330","A33C","A336","A334","A333","A33F","",""
"928","49304","E997","E98C","E99E","E990","E998","E99C","E992","E984","E98A","E988","E990","E98E","E98D","E989","",""
"929","49320","32DF","32D2","32E4","32D8","32DE","32E2","32DA","32CA","32D0","32D0","32D6","32D4","32D3","32DF","",""
"930","49336","8008","8009","800B","802B","801F","8023","8003","8001","7FF7","8023","8017","8015","7FFA","8020","",""
"931","49352","B8BC","B8AB","B8BD","B8D1","B8D3","B8D7","B8B7","B8A3","B8A9","B8C9","B8CB","B8C9","B8AC","B8D4","",""
"932","49368","0E79","0E76","0E78","0E6E","0E6E","0E72","0E74","0E6E","0E64","0E66","0E66","0E64","0E67","0E6F","",""
"933","49384","3B97","3B92","3B94","3B8C","3B9A","3B9E","3B92","3B8A","3B80","3B84","3B92","3B80","3B83","3B8B","",""
"934","49400","885B","8854","8866","8860","885C","8860","8856","884C","8852","8858","8854","8852","8855","885D","",""
"935","49424","CDF3","CDFA","CDFC","CDF8","CE02","CE06","CDFE","CDF2","CDE8","CDF0","CDFA","CDE8","CDEB","CDF3","",""
"936","49440","176F","1774","1776","1774","177C","1780","176A","176C","1762","176C","1774","1762","1765","176D","",""
"937","49456","9320","9313","9325","9351","9357","935B","931B","930B","9311","9349","934F","934D","9314","9358","",""
"938","49472","C06D","C06E","C080","C0A8","C0AC","C0B0","C078","C066","C06C","C0A0","C0A4","C0A2","C06F","C0AD","",""
"939","49488","09AC","09AB","09AD","09E1","09E3","09E7","09A7","09A3","0999","09D9","09DB","09D9","099C","09E4","",""
"940","49504","5335","5332","5344","5374","5374","5378","5330","532A","5330","536C","536C","536A","5333","5375","",""
"941","49520","9BD5","9BD0","9BE2","9BF4","9C02","9C06","9BE0","9BC8","9BCE","9BEC","9BFA","9BE8","9BD1","9BF3","",""
"942","49536","E4C3","E4BC","E4CE","E4DC","E4E8","E4EC","E4BE","E4B4","E4BA","E4D4","E4E0","E4CE","E4BD","E4D9","",""
"943","49552","117D","1184","1186","11BE","11B8","11BC","1188","117C","1172","11B6","11B0","11AE","1175","11B9","",""
"944","49568","59A4","5999","59AB","59C5","59BD","59C1","599F","5991","5997","59BD","59B5","59B3","599A","59BE","",""
"945","49592","A1B1","A1B4","A1B6","A1B2","A1B8","A1BC","A1AC","A1AC","A1A2","A1AA","A1B0","A19E","A1A5","A1A9","",""
"946","49608","CD89","CD8A","CD9C","CDAA","CDAE","CDB2","CD94","CD82","CD88","CDA2","CDA6","CDA4","CD8B","CDAF","",""
"947","49624","FCC4","FCC3","FCC5","FCBF","FCC1","FCC5","FCBF","FCBB","FCB1","FCB7","FCB9","FCB7","FCB4","FCC2","",""
"948","49640","45D5","45D2","45D4","45D4","45D4","45D8","45D0","45CA","45C0","45CC","45CC","45CA","45C3","45D5","",""
"949","49656","8FAD","8FA8","8FBA","8FC6","8FD4","8FD8","8FA8","8FA0","8FA6","8FBE","8FCC","8FBA","8FA9","8FC5","",""
"950","49672","3FE2","3FDB","3FED","401F","401B","401F","3FDD","3FD3","3FD9","4017","4013","4011","3FDC","401C","",""
"951","49688","7275","726C","727E","72AA","72B4","72B8","7270","7264","726A","72A2","72AC","729A","726D","72A5","",""
"952","49704","BB81","BB86","BB88","BBC0","BBB8","BBBC","BB7C","BB7E","BB74","BBB8","BBB0","BBAE","BB77","BBB9","",""
"953","49720","0551","0544","0556","058A","0580","0584","054C","053C","0542","0582","0578","0576","0545","0581","",""
"954","49736","4DB3","4DB4","4DC6","4DDC","4DE0","4DE4","4DBE","4DAC","4DB2","4DD4","4DD8","4DC6","4DB5","4DD1","",""
"955","49760","969E","969D","969F","96B1","96B3","96B7","9699","9695","968B","96A9","96AB","96A9","968E","96B4","",""
"956","49776","EFBC","EFB9","EFBB","EFCF","EFDF","EFE3","EFB7","EFB1","EFA7","EFC7","EFD7","EFC5","EFAA","EFD0","",""
"957","49792","29B5","29B0","29C2","29D2","29D0","29D4","29B0","29A8","29AE","29CA","29C8","29C6","29B1","29D1","",""
"958","49808","72A3","72AC","72AE","72D0","72CC","72D0","72AE","72A4","729A","72C8","72C4","72C2","729D","72CD","",""
"959","49824","BC11","BC18","BC1A","BC3E","BC38","BC3C","BC1C","BC10","BC06","BC36","BC30","BC2E","BC09","BC39","",""
"960","49840","0419","041E","0420","041A","0422","0426","0414","0416","040C","0412","041A","0408","040F","0413","",""
"961","49856","48D8","48CB","48DD","48D7","48CD","48D1","48D3","48C3","48C9","48CF","48C5","48C3","48CC","48CE","",""
"962","49872","97CD","97CE","97D0","97E6","97EA","97EE","97C8","97C6","97BC","97DE","97E2","97E0","97BF","97EB","",""
"963","49888","F534","F533","F545","F537","F539","F53D","F52F","F52B","F531","F52F","F531","F52F","F534","F53A","",""
"964","49912","285E","285B","285D","2861","2861","2865","2859","2853","2849","2859","2859","2857","284C","2852","",""
"965","49928","75C8","75C3","75D5","75C9","75C7","75CB","75C3","75BB","75C1","75C1","75BF","75BD","75C4","75C8","",""
"966","49944","BF93","BF9C","BF9E","BFAE","BFBA","BFBE","BF9E","BF94","BF8A","BFA6","BFB2","BFB0","BF8D","BFAB","",""
"967","49960","0403","03FA","040C","03FE","0408","040C","03FE","03F2","03F8","03F6","0400","03EE","03FB","03F9","",""
"968","49976","517B","5180","5182","5186","517E","5182","5186","5178","516E","517E","5176","5174","5171","517F","",""
"969","49992","9B5B","9B4E","9B60","9B76","9B7C","9B80","9B56","9B46","9B4C","9B6E","9B74","9B62","9B4F","9B6D","",""
"970","50008","E411","E412","E414","E40C","E410","E414","E40C","E40A","E400","E404","E408","E406","E403","E411","",""
"971","50032","2D3D","2D3C","2D4E","2D48","2D4A","2D4E","2D48","2D34","2D3A","2D40","2D42","2D30","2D3D","2D3B","",""
"972","50048","6EF2","6EEF","6F01","6EFD","6EFD","6F01","6EFD","6EE7","6EED","6EF5","6EF5","6EF3","6EF0","6EFE","",""
"973","50064","AE1E","AE19","AE1B","AE2D","AE3B","AE3F","AE19","AE11","AE07","AE25","AE33","AE21","AE0A","AE2C","",""
"974","50080","F604","F5FD","F5FF","F603","F5FF","F603","F5FF","F5F5","F5EB","F5FB","F5F7","F5F5","F5EE","F600","",""
"975","50096","6FD6","6FDD","6FDF","6FFF","6FF9","6FFD","6FE1","6FD5","6FCB","6FF7","6FF1","6FEF","6FCE","6FFA","",""
"976","50112","9ACE","9AC3","9AD5","9AC7","9ACF","9AD3","9AC9","9ABB","9AC1","9ABF","9AC7","9AB5","9AC4","9AC0","",""
"977","50128","ED21","ED14","ED26","ED1A","ED20","ED24","ED1C","ED0C","ED12","ED12","ED18","ED16","ED15","ED21","",""
"978","50144","36E4","36E5","36E7","36FD","3701","3705","36DF","36DD","36D3","36F5","36F9","36F7","36D6","3702","",""
"979","50160","7FAA","7FA9","7FAB","7FA3","7FA5","7FA9","7FA5","7FA1","7F97","7F9B","7F9D","7F9B","7F9A","7FA6","",""
"980","50176","C8E2","C8DF","C8E1","C8DB","C8DB","C8DF","C8DD","C8D7","C8CD","C8D3","C8D3","C8D1","C8D0","C8DC","",""
"981","50200","120D","1208","121A","1216","1214","1218","1218","1200","1206","120E","120C","120A","1209","1215","",""
"982","50216","6811","680A","681C","6824","6830","6834","680C","6802","6808","681C","6828","6816","680B","6821","",""
"983","50232","A6A4","A69B","A6AD","A6C7","A6C1","A6C5","A69F","A693","A699","A6BF","A6B9","A6B7","A69C","A6C2","",""
"984","50248","CEBF","CEC4","CEC6","CEC2","CECA","CECE","CEBA","CEBC","CEB2","CEBA","CEC2","CEB0","CEB5","CEBB","",""
"985","50264","182E","1831","1833","1831","1837","183B","1829","1829","181F","1829","182F","181D","1822","1828","",""
"986","50280","60F1","60F2","60F4","60F4","60F8","60FC","60EC","60EA","60E0","60EC","60F0","60DE","60E3","60E9","",""
"987","50296","AA44","AA33","AA45","AA41","AA43","AA47","AA3F","AA2B","AA31","AA39","AA3B","AA39","AA34","AA34","",""
"988","50312","2C3E","2C3B","2C4D","2CB9","2CB9","2CBD","2C39","2C33","2C39","2CB1","2CB1","2CAF","2C3C","2CAA","",""
"989","50328","4C0C","4C07","4C19","4C51","4C4F","4C53","4C17","4BFF","4C05","4C49","4C47","4C45","4C08","4C50","",""
"990","50344","9597","9590","95A2","95D0","95CC","95D0","9592","9588","958E","95C8","95C4","95C2","9591","95CD","",""
"991","50360","D98A","D981","D993","D9A3","D9AD","D9B1","D985","D979","D97F","D99B","D9A5","D993","D982","D99E","",""
"992","50384","26FF","26F4","2706","2712","271A","271E","26FA","26EC","26F2","270A","2712","2700","26F5","270B","",""
"993","50400","702B","702E","7040","7058","704E","7052","7036","7026","702C","7050","7046","7044","702F","704F","",""
"994","50416","B9E3","B9E4","B9F6","BA04","BA08","BA0C","B9DE","B9DC","B9E2","B9FC","BA00","B9EE","B9E5","B9F9","",""
"995","50432","02CB","02CA","02CC","02EA","02EC","02F0","02C6","02C2","02B8","02E2","02E4","02E2","02BB","02ED","",""
"996","50448","4B3F","4B3C","4B4E","4B3E","4B4E","4B52","4B4A","4B34","4B3A","4B36","4B46","4B34","4B3D","4B3F","",""
"997","50464","8E27","8E22","8E34","8E50","8E4E","8E52","8E22","8E1A","8E20","8E48","8E46","8E44","8E23","8E3F","",""
"998","50480","CC61","CC5A","CC6C","CC84","CC80","CC84","CC5C","CC52","CC58","CC7C","CC78","CC76","CC5B","CC81","",""
"999","50496","1426","141D","142F","1423","142D","1431","1421","1415","141B","141B","1425","1413","141E","141E","",""
"1000","50512","5E62","5E67","5E79","5E89","5E91","5E95","5E6D","5E5F","5E65","5E81","5E89","5E77","5E68","5E82","",""
"1001","50528","A6AC","A69F","A6B1","A6A3","A6A9","A6AD","A6A7","A697","A69D","A69B","A6A1","A69F","A6A0","A6AA","",""
"1002","50544","EFDD","EFCE","EFE0","EFCE","EFD2","EFD6","EFD8","EFC6","EFCC","EFC6","EFCA","EFC8","EFCF","EFD3","",""
"1003","50568","39D8","39D7","39E9","39F7","39F9","39FD","39E3","39CF","39D5","39EF","39F1","39EF","39D8","39FA","",""
"1004","50584","825C","8259","825B","825B","825B","825F","8257","8251","8247","8253","8253","8251","824A","825C","",""
"1005","50600","CB9B","CB96","CB98","CB9A","CB98","CB9C","CB96","CB8E","CB84","CB92","CB90","CB8E","CB87","CB99","",""
"1006","50616","10F1","10EA","10FC","1110","111C","1120","10EC","10E2","10E8","1108","1114","1102","10EB","110D","",""
"1007","50632","5DFD","5DF4","5E06","5DFC","5E06","5E0A","5DF8","5DEC","5DF2","5DF4","5DFE","5DEC","5DF5","5DF7","",""
"1008","50648","A750","A745","A757","A74D","A745","A749","A74B","A73D","A743","A745","A73D","A73B","A746","A746","",""
"1009","50664","F0A3","F096","F0A8","F0A0","F0A6","F0AA","F09E","F08E","F094","F098","F09E","F09C","F097","F097","",""
"1010","50680","1DFA","1DEB","1DFD","1DF1","1DF5","1DF9","1DF5","1DE3","1DE9","1DE9","1DED","1DEB","1DEC","1DF6","",""
"1011","50696","4CDE","4CDD","4CEF","4CDF","4CE1","4CE5","4CD9","4CD5","4CDB","4CD7","4CD9","4CD7","4CDE","4CE2","",""
"1012","50712","95D7","95D4","95D6","95D8","95D8","95DC","95D2","95CC","95C2","95D0","95D0","95CE","95C5","95D9","",""
"1013","50736","DF46","DF41","DF43","DF61","DF5F","DF63","DF41","DF39","DF2F","DF59","DF57","DF55","DF32","DF50","",""
"1014","50752","8FD0","8FC9","8FDB","8FCB","8FC7","8FCB","8FCB","8FC1","8FC7","8FC3","8FBF","8FBD","8FCA","8FC8","",""
"1015","50768","BF67","BF5E","BF70","BF62","BF5C","BF60","BF62","BF56","BF5C","BF5A","BF54","BF52","BF5F","BF5D","",""
"1016","50784","0EBF","0EB4","0EC6","0EDA","0EE2","0EE6","0EBA","0EAC","0EB2","0ED2","0EDA","0ED8","0EB5","0ED3","",""
"1017","50800","5AA0","5AA3","5AB5","5AAB","5AA1","5AA5","5AAB","5A9B","5AA1","5AA3","5A99","5A97","5AA4","5AA2","",""
"1018","50816","9CF3","9CE4","9D08","9CEE","9CF2","9D08","9CEE","9CDC","9CE2","9CE6","9CEA","9CFA","9CE5","9CE3","",""
"1019","50832","EA9E","EA9D","EAAF","EAC3","EAC5","EAC9","EA99","EA95","EA9B","EABB","EABD","EAAB","EA9E","EAB6","",""
"1020","50848","375B","3748","375A","3770","3770","3774","3756","3740","3746","3768","3768","3766","3749","3771","",""
"1021","50864","6F46","6F41","6F53","6F4B","6F49","6F4D","6F41","6F39","6F3F","6F43","6F41","6F3F","6F42","6F4A","",""
"1022","50880","C5E5","C5DE","C5E0","C5DA","C5E6","C5EA","C5E0","C5D6","C5CC","C5D2","C5DE","C5CC","C5CF","C5D7","",""
"1023","50896","0767","075E","0770","076C","0766","076A","0762","0756","075C","0764","075E","075C","075F","0767","",""
"1024","50920","48DA","48CF","48E1","48DF","48D7","48DB","48D5","48C7","48CD","48D7","48CF","48CD","48D0","48D8","",""
"1025","50936","8E73","8E66","8E78","8E68","8E6E","8E72","8E6E","8E5E","8E64","8E60","8E66","8E64","8E67","8E6F","",""
"1026","50952","D858","D859","D86B","D877","D87B","D87F","D863","D851","D857","D86F","D873","D871","D85A","D87C","",""
"1027","50968","5000","4FEF","5001","5039","503B","503F","4FFB","4FE7","4FED","5031","5033","5021","4FF0","502C","",""
"1028","50984","829E","829B","829D","82D1","82D1","82D5","8299","8293","8289","82C9","82C9","82C7","828C","82D2","",""
"1029","51000","CBA5","CBA0","CBA2","CBD2","CBE0","CBE4","CBA0","CB98","CB8E","CBCA","CBD8","CBC6","CB91","CBD1","",""
"1030","51016","1966","195F","1971","199D","19A9","19AD","1961","1957","195D","1995","19A1","198F","1960","199A","",""
"1031","51032","5B80","5B87","5B89","5BA7","5BB1","5BB5","5B8B","5B7F","5B75","5B9F","5BA9","5B97","5B78","5BA2","",""
"1032","51048","A496","A48B","A49D","A4A7","A4AF","A4B3","A491","A483","A489","A49F","A4A7","A4A5","A48C","A4B0","",""
"1033","51072","F2B6","F2A9","F2BB","F2F1","F2E7","F2EB","F2B1","F2A1","F2A7","F2E9","F2DF","F2DD","F2AA","F2E8","",""
"1034","51088","3712","3713","3715","372D","3731","3735","370D","370B","3701","3725","3729","3727","3704","3732","",""
"1035","51104","7F7C","7F6B","7F7D","7F77","7F79","7F7D","7F77","7F63","7F69","7F6F","7F71","7F6F","7F6C","7F7A","",""
"1036","51120","A6EA","A6E7","A6F9","A715","A715","A719","A6F5","A6DF","A6E5","A70D","A70D","A70B","A6E8","A706","",""
"1037","51136","FB6A","FB65","FB77","FB6F","FB6D","FB71","FB65","FB5D","FB63","FB67","FB65","FB63","FB66","FB5E","",""
"1038","51152","40E5","40EE","40F0","40E4","40F0","40F4","40F0","40E6","40DC","40DC","40E8","40E6","40DF","40E1","",""
"1039","51168","8B70","8B67","8B79","8B8F","8B89","8B8D","8B6B","8B5F","8B65","8B87","8B81","8B7F","8B68","8B8A","",""
"1040","51184","0F55","0F4A","0F5C","0F8E","0F86","0F8A","0F50","0F42","0F48","0F86","0F7E","0F7C","0F4B","0F87","",""
"1041","51200","3DE7","3DEA","3DEC","3E1A","3E20","3E24","3DE2","3DE2","3DD8","3E12","3E18","3E16","3DDB","3E21","",""
"1042","51216","871B","871C","871E","8758","875C","8760","8716","8714","870A","8750","8754","8742","870D","874D","",""
"1043","51240","D0D1","D0D0","D0E2","D108","D10A","D10E","D0CC","D0C8","D0CE","D100","D102","D100","D0D1","D10B","",""
"1044","51256","1953","1950","1962","197A","197A","197E","195E","1948","194E","1972","1972","1970","1951","197B","",""
"1045","51272","622F","622A","623C","6244","6252","6256","622A","6222","6228","623C","624A","6238","622B","6243","",""
"1046","51288","AB65","AB5E","AB70","AB8A","AB86","AB8A","AB60","AB56","AB5C","AB82","AB7E","AB7C","AB5F","AB87","",""
"1047","51304","F52B","F522","F534","F53A","F544","F548","F526","F51A","F520","F532","F53C","F53A","F523","F545","",""
"1048","51320","3E44","3E39","3E4B","3E63","3E6B","3E6F","3E3F","3E31","3E37","3E5B","3E63","3E51","3E3A","3E5C","",""
"1049","51336","6BB9","6BAC","6BBE","6BD8","6BCE","6BD2","6BB4","6BA4","6BAA","6BD0","6BC6","6BC4","6BAD","6BCF","",""
"1050","51352","7BD7","7BD8","7BDA","7BDA","7BDE","7BE2","7BD2","7BD0","7BC6","7BD2","7BD6","7BC4","7BC9","7BCF","",""
"1051","51368","BFAC","BFAB","BFBD","BFAD","BFAF","BFB3","BFB7","BFA3","BFA9","BFA5","BFA7","BFA5","BFAC","BFB0","",""
"1052","51384","0F5C","0F59","0F5B","0F77","0F77","0F7B","0F57","0F51","0F47","0F6F","0F6F","0F6D","0F4A","0F78","",""
"1053","51408","B3F1","B3EC","B3FE","B3F6","B3F4","B3F8","B3EC","B3E4","B3EA","B3EE","B3EC","B3EA","B3ED","B3F5","",""
"1054","51424","EFCD","EFC6","EFD8","EFD2","EFCE","EFD2","EFC8","EFBE","EFC4","EFCA","EFC6","EFC4","EFC7","EFCF","",""
"1055","51440","38DC","38E3","38E5","38DF","38E9","38ED","38E7","38DB","38D1","38D7","38E1","38CF","38D4","38DA","",""
"1056","51456","82C0","82B5","82C7","82DD","82D5","82D9","82BB","82AD","82B3","82D5","82CD","82CB","82B6","82D6","",""
"1057","51472","DFCA","DFCD","DFDF","E011","E007","E00B","DFD5","DFC5","DFCB","E009","DFFF","DFFD","DFCE","E008","",""
"1058","51488","15A3","15A4","15B6","15E4","15E8","15EC","159E","159C","15A2","15DC","15E0","15CE","15A5","15D9","",""
"1059","51504","6E71","6E70","6E82","6EAC","6EAE","6EB2","6E6C","6E68","6E6E","6EA4","6EA6","6EA4","6E71","6EAF","",""
"1060","51520","A8B6","A8B3","A8C5","A8FB","A8FB","A8FF","A8C1","A8AB","A8B1","A8F3","A8F3","A8F1","A8B4","A8EC","",""
"1061","51536","F124","F11F","F121","F139","F147","F14B","F11F","F117","F10D","F131","F13F","F12D","F110","F138","",""
"1062","51552","3A03","39FC","39FE","3A12","3A1E","3A22","39FE","39F4","39EA","3A0A","3A16","3A04","39ED","3A0F","",""
"1063","51568","84A6","849D","849F","84DF","84D9","84DD","84A1","8495","848B","84D7","84D1","84CF","848E","84DA","",""
"1064","51592","CC74","CC79","CC7B","CC91","CC99","CC9D","CC6F","CC71","CC67","CC89","CC91","CC8F","CC6A","CC9A","",""
"1065","51608","238E","2391","2393","238B","2391","2395","2389","2389","237F","2383","2389","2387","2382","2392","",""
"1066","51624","599B","599C","59AE","59C2","59C6","59CA","59A6","5994","599A","59BA","59BE","59BC","599D","59B7","",""
"1067","51640","A638","A637","A639","A633","A635","A639","A633","A62F","A625","A62B","A62D","A62B","A628","A636","",""
"1068","51656","EF8F","EF8C","EF9E","EF98","EF98","EF9C","EF8A","EF84","EF8A","EF90","EF90","EF7E","EF8D","EF89","",""
"1069","51672","39D3","39CE","39D0","39EC","39EA","39EE","39CE","39C6","39BC","39E4","39E2","39E0","39BF","39EB","",""
"1070","51688","81F7","81F0","8202","8200","81FC","8200","81F2","81E8","81EE","81F8","81F4","81F2","81F1","81FD","",""
"1071","51704","CB3C","CB33","CB45","CB35","CB3F","CB43","CB37","CB2B","CB31","CB2D","CB37","CB35","CB34","CB30","",""
"1072","51720","1495","148A","149C","148E","1496","149A","1490","1482","1488","1486","148E","148C","148B","1487","",""
"1073","51744","5E47","5E3A","5E4C","5E5A","5E60","5E64","5E42","5E32","5E38","5E52","5E58","5E56","5E3B","5E51","",""
"1074","51760","CBEB","CBDC","CBEE","CC28","CC1C","CC20","CBE6","CBD4","CBDA","CC20","CC14","CC12","CBDD","CC1D","",""
"1075","51776","01EA","01E9","01EB","0221","0223","0227","01E5","01E1","01D7","0219","021B","0219","01DA","0224","",""
"1076","51792","4B1F","4B1C","4B2E","4B60","4B60","4B64","4B1A","4B14","4B1A","4B58","4B58","4B56","4B1D","4B51","",""
"1077","51808","94C6","94C1","94D3","9501","94FF","9503","94C1","94B9","94BF","94F9","94F7","94F5","94C2","9500","",""
"1078","51824","DF47","DF40","DF52","DF7C","DF88","DF8C","DF42","DF38","DF3E","DF74","DF80","DF7E","DF41","DF79","",""
"1079","51840","17AE","17A5","17B7","17C3","17CD","17D1","17A9","179D","17A3","17BB","17C5","17C3","17A6","17CE","",""
"1080","51856","6145","613A","614C","6164","615C","6160","6140","6132","6138","615C","6154","6152","613B","615D","",""
"1081","51872","A570","A573","A575","A589","A58F","A593","A56B","A56B","A561","A581","A587","A585","A564","A590","",""
"1082","51888","F2B2","F2B3","F2B5","F2BB","F2AF","F2B3","F2AD","F2AB","F2A1","F2B3","F2A7","F2A5","F2A4","F2B0","",""
"1083","51912","3CF5","3CF4","3CF6","3D0E","3D10","3D14","3CF0","3CEC","3CE2","3D06","3D08","3D06","3CE5","3D11","",""
"1084","51928","8518","8515","8527","851B","851B","851F","8523","850D","8513","8513","8513","8511","8516","851C","",""
"1085","51944","DE09","DE04","DE16","DE0A","DE08","DE0C","DE04","DDFC","DE02","DE02","DE00","DDFE","DE05","DE09","",""
"1086","51960","18D2","18CB","18DD","18F3","18FF","1903","18CD","18C3","18C9","18EB","18F7","18E5","18CC","18F0","",""
"1087","51976","60DC","60E3","60E5","60DD","60E7","60EB","60E7","60DB","60D1","60D5","60DF","60DD","60D4","60D8","",""
"1088","51992","AA3B","AA30","AA42","AA3C","AA44","AA48","AA36","AA28","AA2E","AA34","AA3C","AA2A","AA31","AA35","",""
"1089","52008","F35A","F34D","F35F","F35B","F361","F365","F355","F345","F34B","F353","F359","F347","F34E","F352","",""
"1090","52024","3D2D","3D2E","3D30","3D48","3D4C","3D50","3D28","3D26","3D1C","3D40","3D44","3D32","3D1F","3D3D","",""
"1091","52040","A9B2","A9B1","A9B3","A9E7","A9E9","A9ED","A9AD","A9A9","A99F","A9DF","A9E1","A9DF","A9A2","A9EA","",""
"1092","52056","CB78","CB75","CB87","CBB7","CBB7","CBBB","CB73","CB6D","CB73","CBAF","CBAF","CBAD","CB76","CBA8","",""
"1093","52080","167F","167A","168C","16F2","1700","1704","168A","1672","1678","16EA","16F8","16E6","167B","16F1","",""
"1094","52096","5D93","5D8C","5D9E","5DB6","5DB2","5DB6","5D8E","5D84","5D8A","5DAE","5DAA","5DA8","5D8D","5DB3","",""
"1095","52112","A658","A64F","A661","A665","A66F","A673","A653","A647","A64D","A65D","A667","A665","A650","A670","",""
"1096","52128","EAED","EAE2","EAF4","EB0A","EB12","EB16","EAE8","EADA","EAE0","EB02","EB0A","EAF8","EAE3","EB03","",""
"1097","52144","394A","394D","395F","396B","3971","3975","3955","3945","394B","3963","3969","3967","394E","3962","",""
"1098","52160","8460","8451","8463","847F","8483","8487","845B","8449","844F","8477","847B","8469","8452","8474","",""
"1099","52176","CAB3","CAB2","CAB4","CAB2","CAB4","CAB8","CAAE","CAAA","CAA0","CAAA","CAAC","CAAA","CAA3","CAA5","",""
"1100","52192","0D7A","0D77","0D89","0D93","0DA3","0DA7","0D75","0D6F","0D75","0D8B","0D9B","0D89","0D78","0D94","",""
"1101","52208","4DED","4DE8","4DFA","4E0A","4E08","4E0C","4DE8","4DE0","4DE6","4E02","4E00","4DFE","4DE9","4E09","",""
"1102","52224","9373","936C","936E","936A","9366","936A","936E","9364","935A","9362","935E","935C","935D","9367","",""
"1103","52240","DDBE","DDB5","DDC7","DDDF","DDD9","DDDD","DDB9","DDAD","DDB3","DDD7","DDD1","DDCF","DDB6","DDDA","",""
"1104","52264","55C1","55B6","55C8","55C2","55BA","55BE","55BC","55AE","55B4","55BA","55B2","55B0","55B7","55BB","",""
"1105","52280","8E0A","8DFD","8E0F","8E09","8E0F","8E13","8E05","8DF5","8DFB","8E01","8E07","8DF5","8DFE","8E00","",""
"1106","52296","D73C","D73D","D73F","D73B","D73F","D743","D737","D735","D72B","D733","D737","D735","D72E","D730","",""
"1107","52312","232C","232B","233D","2355","2357","235B","2337","2323","2329","234D","234F","233D","232C","2348","",""
"1108","52328","69D4","69D1","69E3","69CD","69DD","69E1","69CF","69C9","69CF","69C5","69D5","69C3","69D2","69CE","",""
"1109","52344","B384","B37F","B381","B39D","B39B","B39F","B37F","B377","B36D","B395","B393","B391","B370","B39C","",""
"1110","52360","FE63","FE5C","FE5E","FE5C","FE58","FE5C","FE5E","FE54","FE4A","FE54","FE50","FE4E","FE4D","FE59","",""
"1111","52376","40DC","40D3","40E5","40D5","40DF","40E3","40D7","40CB","40D1","40CD","40D7","40D5","40D4","40D0","",""
"1112","52392","8E98","8E9D","8E9F","8EA1","8E99","8E9D","8E93","8E95","8E8B","8E99","8E91","8E8F","8E8E","8E9A","",""
"1113","52408","9BE8","9BEB","9BFD","9BEB","9BF1","9BF5","9BF3","9BE3","9BE9","9BE3","9BE9","9BE7","9BEC","9BF2","",""
"1114","52432","E7F1","E7E2","E7F4","E7EE","E7F2","E7F6","E7EC","E7DA","E7E0","E7E6","E7EA","E7E8","E7E3","E7E3","",""
"1115","52448","2DF4","2DF3","2E05","2DEF","2DF1","2DF5","2DEF","2DEB","2DF1","2DE7","2DE9","2DE7","2DF4","2DF2","",""
"1116","52464","77C1","77BE","77D0","77D6","77E6","77EA","77BC","77B6","77BC","77CE","77DE","77CC","77BF","77D7","",""
"1117","52480","E08F","E08A","E09C","E094","E092","E096","E08A","E082","E088","E08C","E08A","E088","E08B","E083","",""
"1118","52496","2140","2139","214B","2145","2141","2145","213B","2131","2137","213D","2139","2137","213A","2142","",""
"1119","52512","6B17","6B0E","6B20","6B3C","6B36","6B3A","6B12","6B06","6B0C","6B34","6B2E","6B2C","6B0F","6B37","",""
"1120","52528","B5F5","B5EA","B5FC","B5EA","B5F2","B5F6","B5F0","B5E2","B5E8","B5E2","B5EA","B5E8","B5EB","B5F3","",""
"1121","52544","FD0C","FD0F","FD11","FD11","FD07","FD0B","FD07","FD07","FCFD","FD09","FCFF","FCFD","FD00","FD08","",""
"1122","52560","4645","4646","4648","464A","463E","4642","4640","463E","4634","4642","4636","4634","4637","463F","",""
"1123","52576","9313","9302","9314","9342","9344","9348","930E","92FA","9300","933A","933C","933A","9303","9345","",""
"1124","52592","D8DF","D8DC","D8EE","D8EE","D8EE","D8F2","D8EA","D8D4","D8DA","D8E6","D8E6","D8D4","D8DD","D8DF","",""
"1125","52608","2203","21FE","2200","2202","2200","2204","21FE","21F6","21EC","21FA","21F8","21F6","21EF","2201","",""
"1126","52632","3EF1","3EEA","3EFC","3EF0","3EEC","3EF0","3EEC","3EE2","3EE8","3EE8","3EE4","3EE2","3EEB","3EED","",""
"1127","52648","6B09","6B10","6B12","6B08","6B12","6B16","6B04","6B08","6AFE","6B00","6B0A","6B08","6B01","6B03","",""
"1128","52664","B15F","B164","B166","B15E","B166","B16A","B15A","B15C","B152","B156","B15E","B15C","B155","B157","",""
"1129","52680","FAC7","FABA","FACC","FAE0","FAD6","FADA","FAC2","FAB2","FAB8","FAD8","FACE","FACC","FABB","FAD7","",""
"1130","52696","D464","D455","D467","D497","D49B","D49F","D45F","D44D","D453","D48F","D493","D491","D456","D49C","",""
"1131","52712","FD94","FD93","FDA5","FDD1","FDD3","FDD7","FD8F","FD8B","FD91","FDC9","FDCB","FDC9","FD94","FDD4","",""
"1132","52728","46A3","46A0","46B2","46E8","46E8","46EC","469E","4698","469E","46E0","46E0","46CE","46A1","46D9","",""
"1133","52744","9037","9032","9044","9056","9054","9058","9042","902A","9030","904E","904C","904A","9033","9055","",""
"1134","52760","D863","D85C","D85E","D882","D87E","D882","D85E","D854","D84A","D87A","D876","D874","D84D","D87F","",""
"1135","52776","2256","225D","225F","228F","2299","229D","2261","2255","224B","2287","2291","228F","224E","229A","",""
"1136","52800","7E44","7E39","7E4B","7E3D","7E45","7E49","7E3F","7E31","7E37","7E35","7E3D","7E3B","7E3A","7E36","",""
"1137","52816","B31F","B322","B324","B332","B338","B33C","B31A","B31A","B310","B32A","B330","B32E","B313","B339","",""
"1138","52832","FB37","FB38","FB4A","FB3A","FB3E","FB42","FB42","FB30","FB36","FB32","FB36","FB34","FB39","FB3F","",""
"1139","52848","4473","4472","4484","4476","4478","447C","446E","446A","4470","446E","4470","446E","4473","4479","",""
"1140","52864","8D7E","8D7B","8D8D","8D8B","8D8B","8D8F","8D89","8D73","8D79","8D83","8D83","8D71","8D7C","8D7C","",""
"1141","52880","D247","D242","D254","D248","D246","D24A","D242","D23A","D240","D240","D23E","D23C","D243","D247","",""
"1142","52896","0117","0110","0122","0112","011E","0122","0112","0108","010E","010A","0116","0104","0111","010F","",""
"1143","52912","9091","9088","909A","90C0","90CA","90CE","908C","9080","9086","90B8","90C2","90C0","9089","90BB","",""
"1144","52928","BC3C","BC41","BC43","BC75","BC7D","BC81","BC37","BC39","BC2F","BC6D","BC75","BC73","BC32","BC7E","",""
"1145","52944","054A","054D","054F","058B","0581","0585","0545","0545","053B","0583","0579","0577","053E","0582","",""
"1146","52968","4EFE","4EFF","4F01","4F39","4F3D","4F41","4EF9","4EF7","4EED","4F31","4F35","4F33","4EF0","4F2E","",""
"1147","52984","9796","9795","9797","97B1","97B3","97B7","9791","978D","9783","97A9","97AB","97A9","9786","97B4","",""
"1148","53000","C19C","C199","C19B","C1B1","C1B1","C1B5","C197","C191","C187","C1A9","C1A9","C1A7","C18A","C1B2","",""
"1149","53016","0B0B","0B06","0B18","0B24","0B32","0B36","0B06","0AFE","0B04","0B1C","0B2A","0B18","0B07","0B23","",""
"1150","53032","5446","543F","5441","5459","5455","5459","5441","5437","542D","5451","544D","544B","5430","5456","",""
"1151","53048","9D0D","9D04","9D16","9D30","9D2A","9D2E","9D08","9CFC","9D02","9D28","9D22","9D20","9D05","9D2B","",""
"1152","53064","E5A4","E5A9","E5AB","E5A7","E5AF","E5B3","E59F","E5A1","E597","E59F","E5A7","E595","E59A","E5A0","",""
"1153","53080","3046","3039","304B","305D","3063","3067","3041","3031","3037","3055","305B","3059","303A","3064","",""
"1154","53096","7826","7827","7829","7821","7825","7829","7821","781F","7815","7819","781D","781B","7818","7826","",""
"1155","53112","E2F0","E2EF","E301","E315","E317","E31B","E2EB","E2E7","E2ED","E30D","E30F","E30D","E2F0","E308","",""
"1156","53136","176D","176A","177C","176C","177C","1780","1778","1762","1768","1764","1774","1762","176B","176D","",""
"1157","53152","654D","6548","654A","6546","6544","6548","6548","6540","6536","653E","653C","653A","6539","6545","",""
"1158","53168","AE75","AE6E","AE80","AE72","AE7E","AE82","AE70","AE66","AE6C","AE6A","AE76","AE64","AE6F","AE6F","",""
"1159","53184","F86E","F875","F877","F885","F88F","F893","F869","F86D","F863","F87D","F887","F885","F866","F890","",""
"1160","53200","40FE","40F3","4105","40F5","40FD","4101","40F9","40EB","40F1","40ED","40F5","40F3","40F4","40EE","",""
"1161","53216","8A35","8A38","8A3A","8A3C","8A32","8A36","8A30","8A30","8A26","8A34","8A2A","8A28","8A29","8A33","",""
"1162","53232","E3F5","E3E6","E3F8","E40C","E410","E414","E3F0","E3DE","E3E4","E404","E408","E406","E3E7","E411","",""
"1163","53248","1CDE","1CDD","1CDF","1CD5","1CD7","1CDB","1CD9","1CD5","1CCB","1CCD","1CCF","1CCD","1CCE","1CD8","",""
"1164","53264","662A","6627","6629","6621","6621","6625","6625","661F","6615","6619","6619","6617","6618","6622","",""
"1165","53280","AF44","AF3F","AF51","AF4B","AF49","AF4D","AF4F","AF37","AF3D","AF43","AF41","AF3F","AF40","AF4A","",""
"1166","53296","F883","F87C","F87E","F884","F880","F884","F87E","F874","F86A","F87C","F878","F876","F86D","F881","",""
"1167","53320","41B9","41C0","41C2","41C4","41BE","41C2","41B4","41B8","41AE","41BC","41B6","41B4","41B1","41BF","",""
"1168","53336","A54C","A541","A553","A561","A569","A56D","A547","A539","A53F","A559","A561","A54F","A542","A55A","",""
"1169","53352","D808","D7FB","D80D","D80D","D803","D807","D803","D7F3","D7F9","D805","D7FB","D7F9","D7FC","D804","",""
"1170","53368","22CD","22CE","22D0","22D2","22D6","22DA","22C8","22C6","22BC","22CA","22CE","22BC","22BF","22C7","",""
"1171","53384","6169","6168","616A","618E","6190","6194","6164","6160","6156","6186","6188","6176","6159","6181","",""
"1172","53400","B6FD","B6FA","B70C","B6FC","B6FC","B700","B6F8","B6F2","B6F8","B6F4","B6F4","B6F2","B6FB","B6FD","",""
"1173","53416","FE8B","FE86","FE98","FE84","FE92","FE96","FE86","FE7E","FE84","FE7C","FE8A","FE78","FE87","FE83","",""
"1174","53432","47F2","47EB","47FD","47F5","47F1","47F5","47ED","47E3","47E9","47ED","47E9","47E7","47EC","47F2","",""
"1175","53448","937D","9374","9386","939E","9398","939C","9378","936C","9372","9396","9390","938E","9375","9399","",""
"1176","53464","DAE5","DAEA","DAEC","DB06","DB0E","DB12","DAF0","DAE2","DAD8","DAFE","DB06","DB04","DADB","DB0F","",""
"1177","53488","1C21","1C14","1C26","1C22","1C18","1C1C","1C1C","1C0C","1C12","1C1A","1C10","1C0E","1C15","1C19","",""
"1178","53504","5BF6","5BF7","5BF9","5BF7","5BFB","5BFF","5BF1","5BEF","5BE5","5BEF","5BF3","5BE1","5BE8","5BEC","",""
"1179","53520","A322","A321","A323","A323","A325","A329","A31D","A319","A30F","A31B","A31D","A31B","A312","A326","",""
"1180","53536","EC67","EC54","EC66","EC58","EC68","EC6C","EC62","EC4C","EC52","EC50","EC60","EC4E","EC55","EC59","",""
"1181","53552","5FCC","5FC7","5FC9","5FCD","5FCB","5FCF","5FC7","5FBF","5FB5","5FC5","5FC3","5FC1","5FB8","5FCC","",""
"1182","53568","9946","993F","9951","9961","995D","9961","9941","9937","993D","9959","9955","9953","9940","995E","",""
"1183","53584","E297","E29E","E2A0","E2C2","E2BC","E2C0","E2A2","E296","E28C","E2BA","E2B4","E2B2","E28F","E2BD","",""
"1184","53600","2C94","2C99","2C9B","2C9F","2C97","2C9B","2C8F","2C91","2C87","2C97","2C8F","2C8D","2C8A","2C98","",""
"1185","53616","7446","7449","744B","7441","7447","744B","7441","7441","7437","7439","743F","743D","743A","7448","",""
"1186","53632","B22F","B230","B242","B23A","B22E","B232","B22A","B228","B22E","B232","B226","B224","B231","B22F","",""
"1187","53648","06C0","06BF","06D1","06CB","06CD","06D1","06CB","06B7","06BD","06C3","06C5","06B3","06C0","06BE","",""
"1188","53664","525F","525C","526E","5278","5288","528C","526A","5254","525A","5270","5280","526E","525D","5279","",""
"1189","53680","99D6","99D1","99D3","99E9","99F7","99FB","99D1","99C9","99BF","99E1","99EF","99DD","99C2","99E8","",""
"1190","53704","C1FD","C206","C208","C20A","C206","C20A","C208","C1FE","C1F4","C202","C1FE","C1FC","C1F7","C207","",""
"1191","53720","0D06","0D0D","0D0F","0D11","0D0B","0D0F","0D01","0D05","0CFB","0D09","0D03","0D01","0CFE","0D0C","",""
"1192","53736","5465","545A","546C","5460","5468","546C","5460","5452","5458","5458","5460","544E","545B","5459","",""
"1193","53752","9D8A","9D8D","9D8F","9D85","9D8B","9D8F","9D85","9D85","9D7B","9D7D","9D83","9D81","9D7E","9D8C","",""
"1194","53768","256A","256B","257D","25AF","25A3","25A7","2565","2563","2569","25A7","259B","2599","256C","25A4","",""
"1195","53784","43ED","43EC","43EE","442C","442E","4432","43E8","43E4","43DA","4424","4426","4414","43DD","441F","",""
"1196","53800","8CFA","8CF7","8D09","8D33","8D33","8D37","8CF5","8CEF","8CF5","8D2B","8D2B","8D29","8CF8","8D34","",""
"1197","53816","D6A6","D6A1","D6B3","D6D9","D6E7","D6EB","D6A1","D699","D69F","D6D1","D6DF","D6CD","D6A2","D6D8","",""
"1198","53832","2029","2022","2024","2056","2062","2066","2024","201A","2010","204E","205A","2048","2013","2053","",""
"1199","53848","6800","6807","6809","682D","6827","682B","680B","67FF","67F5","6825","681F","681D","67F8","6828","",""
"1200","53864","B1BD","B1C2","B1D4","B1E4","B1DC","B1E0","B1C8","B1BA","B1C0","B1DC","B1D4","B1D2","B1C3","B1DD","",""
"1201","53888","F5E8","F5DB","F5ED","F5FD","F603","F607","F5E3","F5D3","F5D9","F5F5","F5FB","F5F9","F5DC","F604","",""
"1202","53904","430B","431E","4330","4310","4326","432A","4316","4316","431C","4308","431E","431C","431F","4327","",""
"1203","53920","85E2","85E1","85F3","8607","8609","860D","85DD","85D9","85DF","85FF","8601","85FF","85E2","85FA","",""
"1204","53936","C31A","C317","C319","C319","C319","C31D","C315","C30F","C305","C311","C311","C30F","C308","C30A","",""
"1205","53952","0BCD","0BC8","0BDA","0BD0","0BCE","0BD2","0BC8","0BC0","0BC6","0BC8","0BC6","0BC4","0BC9","0BCF","",""
"1206","53968","563D","5636","5648","5654","5660","5664","5638","562E","5634","564C","5658","5646","5637","5651","",""
"1207","53984","A15B","A152","A164","A162","A15C","A160","A156","A14A","A150","A15A","A154","A152","A153","A15D","",""
"1208","54000","E6AF","E6A4","E6B6","E6B4","E6AC","E6B0","E6AA","E69C","E6A2","E6AC","E6A4","E6A2","E6A5","E6AD","",""
"1209","54016","2F56","2F59","2F6B","2F5B","2F61","2F65","2F61","2F51","2F57","2F53","2F59","2F57","2F5A","2F52","",""
"1210","54032","7931","7932","7944","7950","7954","7958","793C","792A","7930","7948","794C","794A","7933","7955","",""
"1211","54048","C739","C738","C73A","C752","C754","C758","C734","C730","C726","C74A","C74C","C74A","C729","C745","",""
"1212","54064","0BCB","0BC8","0BCA","0BDE","0BDE","0BE2","0BC6","0BC0","0BB6","0BD6","0BD6","0BD4","0BB9","0BDF","",""
"1213","54088","7BE2","7BDD","7BEF","7C39","7C37","7C3B","7BDD","7BD5","7BDB","7C31","7C2F","7C2D","7BDE","7C38","",""
"1214","54104","BDBF","BDB8","BDCA","BDC6","BDC2","BDC6","BDBA","BDB0","BDB6","BDBE","BDBA","BDB8","BDB9","BDC3","",""
"1215","54120","079E","07A5","07A7","07BF","07B9","07BD","0799","079D","0793","07B7","07B1","07AF","0796","07BA","",""
"1216","54136","307A","306F","3081","307B","3083","3087","3075","3067","306D","3073","307B","3069","3070","3074","",""
"1217","54152","610D","6110","6122","6132","6128","612C","6118","6108","610E","612A","6120","611E","6111","6129","",""
"1218","54168","A8DE","A8CF","A8E1","A8D3","A8D7","A8DB","A8D9","A8C7","A8CD","A8CB","A8CF","A8CD","A8D0","A8D8","",""
"1219","54184","F19E","F19D","F1AF","F1A3","F1A5","F1A9","F1A9","F195","F19B","F19B","F19D","F19B","F19E","F1A6","",""
"1220","54200","79ED","79EA","79EC","79EC","79EC","79F0","79E8","79E2","79D8","79E4","79E4","79E2","79DB","79DD","",""
"1221","54216","AE94","AE8F","AEA1","AE8D","AE9B","AE9F","AE8F","AE87","AE8D","AE85","AE93","AE81","AE90","AE8C","",""
"1222","54232","F832","F82B","F83D","F84B","F857","F85B","F82D","F823","F829","F843","F84F","F83D","F82C","F848","",""
"1223","54256","40F1","40E8","40FA","40FA","40F4","40F8","40EC","40E0","40E6","40F2","40EC","40EA","40E9","40F5","",""
"1224","54272","8A1A","8A0F","8A21","8A13","8A1B","8A1F","8A15","8A07","8A0D","8A0B","8A13","8A11","8A10","8A1C","",""
"1225","54288","D36E","D371","D373","D367","D36D","D371","D369","D369","D35F","D35F","D365","D363","D362","D36E","",""
"1226","54304","FCF2","FCE3","FCF5","FCEB","FCEF","FCF3","FCED","FCDB","FCE1","FCE3","FCE7","FCE5","FCE4","FCF0","",""
"1227","54320","4779","4768","477A","47AC","47AE","47B2","4774","4760","4766","47A4","47A6","47A4","4769","47AF","",""
"1228","54336","8F7F","8F7C","8F8E","8F82","8F82","8F86","8F8A","8F74","8F7A","8F7A","8F7A","8F78","8F7D","8F83","",""
"1229","54352","D1C5","D1C0","D1D2","D1C8","D1C6","D1CA","D1D0","D1B8","D1BE","D1C0","D1BE","D1BC","D1C1","D1C7","",""
"1230","54368","0CE7","0CE0","0CE2","0CDA","0CE6","0CEA","0CE2","0CD8","0CCE","0CD2","0CDE","0CDC","0CD1","0CD7","",""
"1231","54384","514E","5155","5157","5151","515B","515F","5159","514D","5143","5149","5153","5151","5146","514C","",""
"1232","54408","9EEA","9EDF","9EF1","9EED","9EE5","9EE9","9EE5","9ED7","9EDD","9EE5","9EDD","9EDB","9EE0","9EE6","",""
"1233","54424","35C8","35BB","35CD","35FF","3605","3609","35C3","35B3","35B9","35F7","35FD","35EB","35BC","35F6","",""
"1234","54440","6D23","6D24","6D26","6D5E","6D62","6D66","6D1E","6D1C","6D12","6D56","6D5A","6D58","6D15","6D63","",""
"1235","54456","B659","B658","B66A","B68E","B690","B694","B654","B650","B656","B686","B688","B686","B659","B691","",""
"1236","54472","0010","000D","000F","003F","003F","0043","000B","0005","FFFB","0037","0037","0035","FFFE","0040","",""
"1237","54488","488B","4886","4898","48AA","48A8","48AC","4886","487E","4884","48A2","48A0","489E","4887","48A9","",""
"1238","54504","9177","9170","9172","9190","918C","9190","9172","9168","915E","9188","9184","9182","9161","918D","",""
"1239","54520","DABA","DAB1","DAC3","DAD3","DADD","DAE1","DAB5","DAA9","DAAF","DACB","DAD5","DAC3","DAB2","DACE","",""
"1240","54536","2465","245A","246C","2478","2480","2484","2460","2452","2458","2470","2478","2476","245B","2471","",""
"1241","54552","6D28","6D2B","6D2D","6D4B","6D51","6D55","6D23","6D23","6D19","6D43","6D49","6D37","6D1C","6D42","",""
"1242","54568","9C55","9C56","9C68","9C58","9C5C","9C60","9C60","9C4E","9C54","9C50","9C54","9C52","9C57","9C5D","",""
"1243","54584","CA9C","CA8B","CA9D","CAB9","CABB","CABF","CA97","CA83","CA89","CAB1","CAB3","CAB1","CA8C","CAAC","",""
"1244","54608","121D","121A","122C","121E","121E","1222","1218","1212","1218","1216","1216","1214","121B","121F","",""
"1245","54624","B105","B100","B112","B13A","B148","B14C","B100","B0F8","B0FE","B132","B140","B12E","B101","B139","",""
"1246","54640","DECE","DEC7","DED9","DEE7","DEE3","DEE7","DEC9","DEBF","DEC5","DEDF","DEDB","DED9","DEC8","DEE4","",""
"1247","54656","2CC5","2CBC","2CCE","2CD8","2CE2","2CE6","2CC0","2CB4","2CBA","2CD0","2CDA","2CC8","2CBD","2CD3","",""
"1248","54672","789C","7891","78A3","78B7","78AF","78B3","7897","7889","788F","78AF","78A7","78A5","7892","78B0","",""
"1249","54688","C0B7","C0BA","C0BC","C0C2","C0B8","C0BC","C0B2","C0B2","C0A8","C0BA","C0B0","C0AE","C0AB","C0B9","",""
"1250","54704","089A","089B","08AD","08BF","08B3","08B7","0895","0893","0899","08B7","08AB","08A9","089C","08B4","",""
"1251","54720","5349","5338","534A","533E","5340","5344","5344","5330","5336","5336","5338","5336","5339","5341","",""
"1252","54744","9E39","9E36","9E38","9E66","9E76","9E7A","9E34","9E2E","9E24","9E5E","9E6E","9E5C","9E27","9E67","",""
"1253","54760","E5D1","E5CC","E5CE","E5CE","E5CC","E5D0","E5CC","E5C4","E5BA","E5C6","E5C4","E5C2","E5BD","E5CD","",""
"1254","54776","13E9","13E2","13F4","13E6","13F2","13F6","13E4","13DA","13E0","13DE","13EA","13D8","13E3","13E3","",""
"1255","54792","21F2","21F9","21FB","21F9","21F3","21F7","21FD","21F1","21E7","21F1","21EB","21E9","21EA","21F4","",""
"1256","54808","6B33","6B38","6B3A","6B3E","6B36","6B3A","6B2E","6B30","6B26","6B36","6B2E","6B2C","6B29","6B37","",""
"1257","54824","B384","B387","B389","B389","B38F","B393","B37F","B37F","B375","B381","B387","B375","B378","B380","",""
"1258","54840","59F5","59F6","59F8","59FA","59FE","5A02","59F0","59EE","59E4","59F2","59F6","59E4","59E7","59EF","",""
"1259","54856","947B","947A","947C","947A","947C","9480","9476","9472","9468","9472","9474","9472","946B","947D","",""
"1260","54872","DD82","DD7F","DD91","DD8B","DD8B","DD8F","DD8D","DD77","DD7D","DD83","DD83","DD81","DD80","DD8C","",""
"1261","54888","20F2","20ED","20EF","2129","2127","212B","20ED","20E5","20DB","2121","211F","211D","20DE","2128","",""
"1262","54912","701B","7014","7016","7012","700E","7012","7016","700C","7002","700A","7006","7004","7005","700F","",""
"1263","54928","C767","C76E","C770","C788","C782","C786","C762","C766","C75C","C780","C77A","C778","C75F","C783","",""
"1264","54944","016A","016F","0171","0185","018D","0191","0175","0167","015D","017D","0185","0183","0160","018E","",""
"1265","54960","554B","553E","5550","5560","5566","556A","5546","5536","553C","5558","555E","554C","553F","5557","",""
"1266","54976","94EC","94ED","94FF","952B","952F","9533","94F7","94E5","94EB","9523","9527","9525","94EE","9530","",""
"1267","54992","DC6B","DC6A","DC7C","DC6A","DC6C","DC70","DC54","DC62","DC68","DC50","DC64","DC62","DC6B","DC6D","",""
"1268","55008","2673","2670","2672","2686","2686","268A","266E","2668","265E","267E","267E","267C","2661","2687","",""
"1269","55024","6EF1","6EEC","6EFE","6EE8","6EF6","6EFA","6EDA","6EE4","6EEA","6ECE","6EEE","6EDC","6EED","6EE7","",""
"1270","55040","B93F","B948","B94A","B960","B95C","B960","B94A","B940","B936","B958","B954","B952","B939","B95D","",""
"1271","55056","1906","190D","190F","1927","1931","1935","1911","1905","18FB","191F","1929","1927","18FE","1922","",""
"1272","55080","4CCA","4CBF","4CD1","4CEB","4CE3","4CE7","4CC5","4CB7","4CBD","4CE3","4CDB","4CD9","4CC0","4CE4","",""
"1273","55096","96D5","96C8","96DA","9710","9716","971A","96D0","96C0","96C6","9708","970E","96FC","96C9","9707","",""
"1274","55112","DF85","DF86","DF98","DFAA","DFAE","DFB2","DF90","DF7E","DF84","DFA2","DFA6","DFA4","DF87","DFAF","",""
"1275","55128","27AE","27AD","27BF","27B3","27B5","27B9","27A9","27A5","27AB","27AB","27AD","27AB","27AE","27A6","",""
"1276","55144","6D07","6CF4","6D06","6D1C","6D1C","6D20","6D02","6CEC","6CF2","6D14","6D14","6D12","6CF5","6D1D","",""
"1277","55160","BA39","BA34","BA46","BA3E","BA3C","BA40","BA44","BA2C","BA32","BA36","BA34","BA32","BA35","BA3D","",""
"1278","55176","0428","0431","0433","044D","0459","045D","0433","0429","041F","0445","0451","043F","0422","044A","",""
"1279","55192","4D42","4D49","4D4B","4D61","4D6B","4D6F","4D4D","4D41","4D37","4D59","4D63","4D51","4D3A","4D5C","",""
"1280","55208","AD98","AD8D","AD9F","ADB7","ADBF","ADC3","AD93","AD85","AD8B","ADAF","ADB7","ADA5","AD8E","ADB0","",""
"1281","55224","F19B","F18E","F1A0","F1D4","F1CA","F1CE","F196","F186","F18C","F1CC","F1C2","F1C0","F18F","F1CB","",""
"1282","55248","350D","34FE","3510","3520","3524","3528","3508","34F6","34FC","3518","351C","351A","34FF","3525","",""
"1283","55264","7F60","7F5F","7F61","7F9D","7F9F","7FA3","7F5B","7F57","7F4D","7F95","7F97","7F85","7F50","7F90","",""
"1284","55280","D0EC","D0E9","D0EB","D103","D103","D107","D0E7","D0E1","D0D7","D0FB","D0FB","D0F9","D0DA","D104","",""
"1285","55296","0F2B","0F26","0F28","0F22","0F20","0F24","0F26","0F1E","0F14","0F1A","0F18","0F16","0F17","0F21","",""
"1286","55312","58F2","58EB","58ED","590D","5909","590D","58ED","58E3","58D9","5905","5901","58FF","58DC","590A","",""
"1287","55328","A18A","A181","A193","A185","A18F","A193","A185","A179","A17F","A17D","A187","A185","A182","A180","",""
"1288","55344","EC31","EC36","EC38","EC56","EC4E","EC52","EC3C","EC2E","EC24","EC4E","EC46","EC44","EC27","EC4F","",""
"1289","55360","348E","3491","3493","34B3","34B9","34BD","3489","3489","347F","34AB","34B1","349F","3482","34AA","",""
"1290","55376","7D3C","7D3D","7D4F","7D41","7D45","7D49","7D37","7D35","7D3B","7D39","7D3D","7D3B","7D3E","7D36","",""
"1291","55392","C1EF","C1EE","C1F0","C1EC","C1EE","C1F2","C1EA","C1E6","C1DC","C1E4","C1E6","C1E4","C1DF","C1EF","",""
"1292","55408","0FC1","0FBE","0FC0","0FB8","0FB8","0FBC","0FBC","0FB6","0FAC","0FB0","0FB0","0FAE","0FAF","0FB9","",""
"1293","55424","394D","3948","394A","3944","3942","3946","3948","3940","3936","393C","393A","3938","3939","3943","",""
"1294","55440","82AE","82A7","82B9","82B5","82B1","82B5","82A9","829F","82A5","82AD","82A9","82A7","82A8","82B2","",""
"1295","55464","CB7F","CB76","CB88","CB86","CB80","CB84","CB7A","CB6E","CB74","CB7E","CB78","CB76","CB77","CB81","",""
"1296","55480","14B3","14A8","14BA","14AA","14B2","14B6","14AE","14A0","14A6","14A2","14AA","14A8","14A9","14B3","",""
"1297","55496","958E","9581","9593","95BF","95C5","95C9","9589","9579","957F","95B7","95BD","95BB","9582","95B6","",""
"1298","55512","B90E","B90F","B921","B949","B94D","B951","B919","B907","B90D","B941","B945","B943","B910","B94E","",""
"1299","55528","0210","020F","0221","0245","0247","024B","020B","0207","020D","023D","023F","023D","0210","0248","",""
"1300","55544","4BCC","4BC9","4BDB","4C0B","4C0B","4C0F","4BC7","4BC1","4BC7","4C03","4C03","4C01","4BCA","4C0C","",""
"1301","55560","944B","9446","9458","946A","9468","946C","9446","943E","9444","9462","9460","945E","9447","9469","",""
"1302","55576","DD2B","DD24","DD36","DD44","DD50","DD54","DD26","DD1C","DD22","DD3C","DD48","DD36","DD25","DD41","",""
"1303","55592","27DC","27D3","27E5","280D","2817","281B","27D7","27CB","27D1","2805","280F","280D","27D4","2808","",""
"1304","55608","6FC0","6FB5","6FC7","6FDB","6FE3","6FE7","6FBB","6FAD","6FB3","6FD3","6FDB","6FC9","6FB6","6FD4","",""
"1305","55632","B849","B83C","B84E","B83E","B844","B848","B844","B834","B83A","B836","B83C","B83A","B83D","B845","",""
"1306","55648","F68A","F67B","F68D","F69F","F6A3","F6A7","F685","F673","F679","F697","F69B","F699","F67C","F6A4","",""
"1307","55664","3850","383F","3851","384F","3851","3855","384B","3837","383D","3847","3849","3837","3840","3842","",""
"1308","55680","8115","8112","8124","811E","811E","8122","8110","810A","8110","8116","8116","8104","8113","810F","",""
"1309","55696","CB69","CB64","CB66","CB7C","CB8A","CB8E","CB64","CB5C","CB52","CB74","CB82","CB70","CB55","CB7B","",""
"1310","55712","139A","13A3","13A5","13A7","13A3","13A7","13A5","139B","1391","139F","139B","1399","1394","13A4","",""
"1311","55728","5CD2","5CC9","5CDB","5CCD","5CD7","5CDB","5CCD","5CC1","5CC7","5CC5","5CCF","5CBD","5CCA","5CC8","",""
"1312","55744","A608","A5FD","A60F","A603","A60B","A60F","A603","A5F5","A5FB","A5FB","A603","A5F1","A5FE","A5FC","",""
"1313","55760","EFE1","EFD4","EFE6","EFF6","EFFC","F000","EFDC","EFCC","EFD2","EFEE","EFF4","EFE2","EFD5","EFED","",""
"1314","55776","388B","388C","389E","3890","3894","3898","3886","3884","388A","3888","388C","388A","388D","3885","",""
"1315","55800","81C7","81C6","81D8","81CC","81CE","81D2","81D2","81BE","81C4","81C4","81C6","81C4","81C7","81CF","",""
"1316","55816","CB8B","CB88","CB9A","CBB0","CBB0","CBB4","CB86","CB80","CB86","CBA8","CBA8","CBA6","CB89","CBA1","",""
"1317","55832","1440","143B","144D","1445","1443","1447","143B","1433","1439","143D","143B","1439","143C","1444","",""
"1318","55848","5DE5","5DDE","5DF0","5DDA","5DE6","5DEA","5DE0","5DD6","5DDC","5DD2","5DDE","5DDC","5DDF","5DD7","",""
"1319","55864","8B7E","8B75","8B87","8B8D","8B97","8B9B","8B79","8B6D","8B73","8B85","8B8F","8B8D","8B76","8B98","",""
"1320","55880","BA73","BA68","BA7A","BA8C","BA94","BA98","BA6E","BA60","BA66","BA84","BA8C","BA7A","BA69","BA85","",""
"1321","55896","FE1D","FE10","FE22","FE14","FE1A","FE1E","FE18","FE08","FE0E","FE0C","FE12","FE10","FE11","FE1B","",""
"1322","55912","4CAD","4CAE","4CC0","4CCE","4CD2","4CD6","4CB8","4CA6","4CAC","4CC6","4CCA","4CC8","4CAF","4CC3","",""
"1323","55928","F4FC","F4FB","F50D","F4FD","F4FF","F503","F4F7","F4F3","F4F9","F4F5","F4F7","F4F5","F4FC","F500","",""
"1324","55944","2E08","2E05","2E07","2E09","2E09","2E0D","2E03","2DFD","2DF3","2E01","2E01","2DEF","2DF6","2DFA","",""
"1325","55968","77AB","77A6","77B8","77C6","77D4","77D8","77A6","779E","77A4","77BE","77CC","77BA","77A7","77C5","",""
"1326","55984","C050","C049","C05B","C04F","C05B","C05F","C04B","C041","C047","C047","C053","C041","C04A","C04C","",""
"1327","56000","099E","09A5","09A7","09A7","09A1","09A5","09A9","099D","0993","099F","0999","0997","0996","09A2","",""
"1328","56016","52EF","52E4","52F6","52EC","52F4","52F8","52EA","52DC","52E2","52E4","52EC","52EA","52E5","52E5","",""
"1329","56032","9CAE","9CA1","9CB3","9CC5","9CCB","9CCF","9CA9","9C99","9C9F","9CBD","9CC3","9CB1","9CA2","9CBC","",""
"1330","56048","E5E5","E5E6","E5E8","E60C","E610","E614","E5E0","E5DE","E5D4","E604","E608","E5F6","E5D7","E601","",""
"1331","56064","2E97","2E96","2EA8","2E9E","2EA0","2EA4","2E92","2E8E","2E94","2E96","2E98","2E96","2E97","2E91","",""
"1332","56080","704F","704C","705E","7056","7056","705A","705A","7044","704A","704E","704E","704C","704D","7057","",""
"1333","56096","AED5","AED0","AEE2","AEDC","AEDA","AEDE","AED0","AEC8","AECE","AED4","AED2","AED0","AED1","AEDB","",""
"1334","56112","F763","F75C","F76E","F76A","F766","F76A","F75E","F754","F75A","F762","F75E","F75C","F75D","F767","",""
"1335","56128","7445","744C","744E","7486","7480","7484","7440","7444","743A","747E","7478","7476","743D","7481","",""
"1336","56144","99A7","999C","99AE","99E2","99EA","99EE","99A2","9994","999A","99DA","99E2","99D0","999D","99DB","",""
"1337","56168","E75F","E762","E764","E794","E79A","E79E","E75A","E75A","E750","E78C","E792","E790","E753","E79B","",""
"1338","56184","312C","312D","312F","316B","315F","3163","3127","3125","311B","3163","3157","3155","311E","3160","",""
"1339","56200","798C","798B","799D","79AF","79B1","79B5","7987","7983","7989","79A7","79A9","79A7","798C","79B2","",""
"1340","56216","C28A","C287","C299","C2A7","C2A7","C2AB","C285","C27F","C285","C29F","C29F","C29D","C288","C2A8","",""
"1341","56232","0BCC","0BC7","0BC9","0BE9","0BE7","0BEB","0BC7","0BBF","0BB5","0BE1","0BDF","0BDD","0BB8","0BE8","",""
"1342","56248","5583","558C","558E","55AA","55A6","55AA","558E","5584","557A","55A2","559E","559C","557D","55A7","",""
"1343","56264","9E3E","9E45","9E47","9E65","9E5F","9E63","9E49","9E3D","9E33","9E5D","9E57","9E55","9E36","9E60","",""
"1344","56280","CCAE","CCB3","CCB5","CCB5","CCBD","CCC1","CCB9","CCAB","CCA1","CCAD","CCB5","CCA3","CCA4","CCAE","",""
"1345","56296","1757","175A","175C","1778","177E","1782","1752","1752","1748","1770","1776","1774","174B","177F","",""
"1346","56312","6011","6012","6014","602C","6030","6034","600C","600A","6000","6024","6028","6026","6003","6031","",""
"1347","56336","A845","A834","A846","A83A","A83C","A840","A840","A82C","A832","A832","A834","A832","A835","A83D","",""
"1348","56352","272A","2717","2729","2769","2769","276D","2725","270F","2715","2761","2761","274F","2718","275A","",""
"1349","56368","5E01","5DFC","5E0E","5E20","5E1E","5E22","5DFC","5DF4","5DFA","5E18","5E16","5E14","5DFD","5E1F","",""
"1350","56384","A93C","A935","A947","A965","A961","A965","A937","A92D","A933","A95D","A959","A957","A936","A962","",""
"1351","56400","EC9C","EC93","EC95","ECD3","ECCD","ECD1","EC97","EC8B","EC81","ECCB","ECC5","ECC3","EC84","ECCE","",""
"1352","56416","3B1E","3B23","3B25","3B25","3B2D","3B31","3B29","3B1B","3B11","3B1D","3B25","3B13","3B14","3B1E","",""
"1353","56432","82ED","82E0","82F2","8304","830A","830E","82E8","82D8","82DE","82FC","8302","8300","82E1","830B","",""
"1354","56448","CD97","CD98","CD9A","CD8E","CD92","CD96","CD92","CD90","CD86","CD86","CD8A","CD88","CD89","CD93","",""
"1355","56464","178D","177C","178E","17A2","17A4","17A8","1788","1774","177A","179A","179C","179A","177D","17A5","",""
"1356","56480","6021","601E","6030","6026","6026","602A","602C","6016","601C","601E","601E","601C","601F","6027","",""
"1357","56496","8E8E","8E89","8E9B","8EB3","8EB1","8EB5","8E89","8E81","8E87","8EAB","8EA9","8EA7","8E8A","8EB2","",""
"1358","56512","9D02","9D0B","9D0D","9D21","9D2D","9D31","9D0D","9D03","9CF9","9D19","9D25","9D23","9CFC","9D1E","",""
"1359","56536","E53C","E533","E545","E53F","E539","E53D","E537","E52B","E531","E537","E531","E52F","E534","E53A","",""
"1360","56552","2E9D","2E92","2EA4","2EB0","2EB8","2EBC","2E98","2E8A","2E90","2EA8","2EB0","2EAE","2E93","2EB9","",""
"1361","56568","DA27","DA1A","DA2C","DA5E","DA64","DA68","DA22","DA12","DA18","DA56","DA5C","DA4A","DA1B","DA55","",""
"1362","56584","10A4","1095","10A7","10C5","10C9","10CD","109F","108D","1093","10BD","10C1","10AF","1096","10BA","",""
"1363","56600","5AA8","5A97","5AA9","5ADD","5ADF","5AE3","5AA3","5A8F","5A95","5AD5","5AD7","5AD5","5A98","5AE0","",""
"1364","56616","A379","A366","A378","A38E","A38E","A392","A374","A35E","A364","A386","A386","A384","A367","A38F","",""
"1365","56632","EB7F","EB7A","EB8C","EB84","EB82","EB86","EB8A","EB72","EB78","EB7C","EB7A","EB78","EB7B","EB83","",""
"1366","56648","2E8E","2E87","2E99","2EB3","2EAF","2EB3","2E89","2E7F","2E85","2EAB","2EA7","2EA5","2E88","2EB0","",""
"1367","56664","7E95","7E8C","7E9E","7EA4","7EAE","7EB2","7E90","7E84","7E8A","7E9C","7EA6","7EA4","7E8D","7EAF","",""
"1368","56680","D7B5","D7BA","D7BC","D7D4","D7DC","D7E0","D7C0","D7B2","D7A8","D7CC","D7D4","D7D2","D7AB","D7DD","",""
"1369","56696","10C0","10B3","10C5","10BF","10B5","10B9","10BB","10AB","10B1","10B7","10AD","10AB","10B4","10B6","",""
"1370","56720","5AE0","5AE1","5AE3","5AFF","5B03","5B07","5ADB","5AD9","5ACF","5AF7","5AFB","5AF9","5AD2","5B04","",""
"1371","56736","A435","A434","A446","A454","A456","A45A","A440","A42C","A432","A44C","A44E","A44C","A435","A457","",""
"1372","56752","EC4E","EC4B","EC4D","EC4D","EC4D","EC51","EC49","EC43","EC39","EC45","EC45","EC43","EC3C","EC4E","",""
"1373","56768","36A4","369F","36B1","36C3","36C1","36C5","369F","3697","369D","36BB","36B9","36B7","36A0","36C2","",""
"1374","56784","9393","939C","939E","93BC","93B8","93BC","939E","9394","938A","93B4","93B0","93AE","938D","93B9","",""
"1375","56800","C53E","C535","C547","C551","C55B","C55F","C539","C52D","C533","C549","C553","C551","C536","C54C","",""
"1376","56816","0E55","0E4A","0E5C","0E72","0E6A","0E6E","0E50","0E42","0E48","0E6A","0E62","0E60","0E4B","0E6B","",""
"1377","56840","5819","580C","581E","582A","5830","5834","5814","5804","580A","5822","5828","5826","580D","5831","",""
"1378","56856","A125","A126","A128","A140","A144","A148","A120","A11E","A114","A138","A13C","A12A","A117","A135","",""
"1379","56872","E9FB","E9EA","E9FC","EA10","EA12","EA16","E9F6","E9E2","E9E8","EA08","EA0A","EA08","E9EB","EA13","",""
"1380","56888","360E","360B","361D","3627","3627","362B","3609","3603","3609","361F","361F","361D","360C","3628","",""
"1381","56904","7741","773C","774E","773E","774C","7750","773C","7734","773A","7736","7744","7732","773D","773D","",""
"1382","56920","C530","C529","C52B","C52D","C529","C52D","C52B","C521","C517","C525","C521","C51F","C51A","C52A","",""
"1383","56936","06DC","06E3","06E5","06D9","06E3","06E7","06D7","06DB","06D1","06D1","06DB","06D9","06D4","06E4","",""
"1384","56952","4521","4516","4528","4528","4520","4524","451C","450E","4514","4520","4518","4516","4517","4521","",""
"1385","56968","8DF4","8DE7","8DF9","8DF5","8DEB","8DEF","8DEF","8DDF","8DE5","8DED","8DE3","8DE1","8DE8","8DEC","",""
"1386","56984","D71B","D71C","D72E","D71C","D720","D724","D726","D714","D71A","D714","D718","D716","D71D","D721","",""
"1387","57008","5053","5042","5054","5074","5076","507A","504E","503A","5040","506C","506E","505C","5043","5067","",""
"1388","57024","7E98","7E95","7EA7","7EB9","7EB9","7EBD","7E93","7E8D","7E93","7EB1","7EB1","7EAF","7E96","7EBA","",""
"1389","57040","C7A8","C7A3","C7A5","C7C9","C7C7","C7CB","C7A3","C79B","C791","C7C1","C7BF","C7BD","C794","C7B8","",""
"1390","57056","1188","1181","1183","11C3","11BF","11C3","1183","1179","116F","11BB","11B7","11B5","1172","11C0","",""
"1391","57072","5A7A","5A71","5A83","5A95","5A9F","5AA3","5A75","5A69","5A6F","5A8D","5A97","5A95","5A72","5A90","",""
"1392","57088","A2BF","A2B4","A2C6","A2BA","A2B2","A2B6","A2BA","A2AC","A2B2","A2B2","A2AA","A2A8","A2B5","A2B3","",""
"1393","57104","03EE","03F1","03F3","0407","040D","0411","03E9","03E9","03DF","03FF","0405","0403","03E2","040E","",""
"1394","57120","35D7","35C8","35DA","35F0","35F4","35F8","35D2","35C0","35C6","35E8","35EC","35EA","35C9","35F5","",""
"1395","57136","7E37","7E36","7E48","7E3A","7E3C","7E40","7E32","7E2E","7E34","7E32","7E34","7E32","7E37","7E3D","",""
"1396","57160","C467","C464","C476","C49E","C49E","C4A2","C462","C45C","C462","C496","C496","C494","C465","C49F","",""
"1397","57176","10C8","10C3","10D5","10D3","10D1","10D5","10C3","10BB","10C1","10CB","10C9","10C7","10C4","10C2","",""
"1398","57192","59EF","59E8","59FA","59F4","59F0","59F4","59EA","59E0","59E6","59EC","59E8","59E6","59E9","59F1","",""
"1399","57208","A4D6","A4CD","A4CF","A509","A503","A507","A4D1","A4C5","A4BB","A501","A4FB","A4F9","A4BE","A504","",""
"1400","57224","163C","1641","1643","1679","1681","1685","1637","1639","162F","1671","1679","1667","1632","1672","",""
"1401","57240","359B","358E","35A0","35D2","35D8","35DC","3596","3586","358C","35CA","35D0","35BE","358F","35C9","",""
"1402","57256","80BA","80BB","80BD","80EB","80EF","80F3","80B5","80B3","80A9","80E3","80E7","80E5","80AC","80F0","",""
"1403","57272","CA70","CA6F","CA81","CAAB","CAAD","CAB1","CA6B","CA67","CA6D","CAA3","CAA5","CAA3","CA70","CAAE","",""
"1404","57288","10E9","10E6","10E8","1104","1104","1108","10E4","10DE","10D4","10FC","10FC","10FA","10D7","1105","",""
"1405","57304","5BCF","5BCA","5BDC","5BE4","5BE2","5BE6","5BCA","5BC2","5BC8","5BDC","5BDA","5BD8","5BCB","5BE3","",""
"1406","57328","A753","A74C","A75E","A778","A774","A778","A74E","A744","A74A","A770","A76C","A76A","A74D","A775","",""
"1407","57344","EED8","EECF","EEE1","EEF7","EEF1","EEF5","EED3","EEC7","EECD","EEEF","EEE9","EEE7","EED0","EEF2","",""
"1408","57360","37D7","37DC","37DE","37F6","37FE","3802","37D2","37D4","37CA","37EE","37F6","37F4","37CD","37EF","",""
"1409","57376","79C2","79B5","79C7","79E1","79E7","79EB","79BD","79AD","79B3","79D9","79DF","79CD","79B6","79D8","",""
"1410","57392","B6D5","B6D6","B6E8","B6DE","B6E2","B6E6","B6D0","B6CE","B6D4","B6D6","B6DA","B6C8","B6D7","B6D3","",""
"1411","57408","F8DE","F8DD","F8EF","F8DB","F8DD","F8E1","F8D9","F8D5","F8DB","F8D3","F8D5","F8D3","F8DE","F8DE","",""
"1412","57424","49FA","49E7","49F9","4A11","4A11","4A15","49F5","49DF","49E5","4A09","4A09","4A07","49E8","4A12","",""
"1413","57440","946A","9465","9477","9471","946F","9473","9465","945D","9463","9469","9467","9465","9466","9470","",""
"1414","57456","DB6C","DB65","DB77","DB6D","DB79","DB7D","DB67","DB5D","DB63","DB65","DB71","DB5F","DB66","DB6A","",""
"1415","57472","2499","24A0","24A2","249E","24A8","24AC","24A4","2498","248E","2496","24A0","248E","2491","2499","",""
"1416","57496","6E7C","6E71","6E83","6E8B","6E93","6E97","6E77","6E69","6E6F","6E83","6E8B","6E89","6E72","6E84","",""
"1417","57512","B716","B719","B72B","B725","B71B","B71F","B721","B711","B717","B71D","B713","B711","B71A","B71C","",""
"1418","57528","0068","0069","006B","0067","006B","006F","0063","0061","0057","005F","0063","0061","005A","006C","",""
"1419","57544","4C58","4C57","4C69","4C77","4C79","4C7D","4C53","4C4F","4C55","4C6F","4C71","4C6F","4C58","4C7A","",""
"1420","57560","92DE","92DB","92ED","92DD","92DD","92E1","92D9","92D3","92D9","92D5","92D5","92D3","92DC","92DE","",""
"1421","57576","DC2B","DC26","DC38","DC2A","DC38","DC3C","DC36","DC1E","DC24","DC22","DC30","DC1E","DC27","DC29","",""
"1422","57592","04EE","04E7","04E9","04ED","04E9","04ED","04E9","04DF","04D5","04E5","04E1","04DF","04D8","04EA","",""
"1423","57608","34C3","34BA","34CC","34D6","34E0","34E4","34BE","34B2","34B8","34CE","34D8","34C6","34BB","34D1","",""
"1424","57624","7CD8","7CDD","7CEF","7CDB","7CE3","7CE7","7CE3","7CD5","7CDB","7CD3","7CDB","7CD9","7CDE","7CE4","",""
"1425","57640","23C0","23C3","23D5","23DD","23E3","23E7","23CB","23BB","23C1","23D5","23DB","23D9","23C4","23E4","",""
"1426","57656","5331","5332","5334","532E","5332","5336","532C","532A","5320","5326","532A","5328","5323","5333","",""
"1427","57680","A591","A580","A592","A58E","A590","A594","A58C","A578","A57E","A586","A588","A576","A581","A581","",""
"1428","57696","EF55","EF52","EF54","EF72","EF72","EF76","EF50","EF4A","EF40","EF6A","EF6A","EF68","EF43","EF73","",""
"1429","57712","35DA","35D5","35E7","35D7","35D5","35D9","35D5","35CD","35D3","35CF","35CD","35CB","35D6","35D6","",""
"1430","57728","8165","815E","8160","8162","815E","8162","8160","8156","814C","815A","8156","8154","814F","815F","",""
"1431","57744","CA87","CA7E","CA90","CA84","CA7E","CA82","CA82","CA76","CA7C","CA7C","CA76","CA74","CA7F","CA7F","",""
"1432","57760","147B","1470","1482","1496","148E","1492","1476","1468","146E","148E","1486","1484","1471","148F","",""
"1433","57776","5D8C","5D8F","5DA1","5DB7","5DAD","5DB1","5D97","5D87","5D8D","5DAF","5DA5","5DA3","5D90","5DAE","",""
"1434","57792","9F2C","9F1D","9F2F","9F27","9F2B","9F2F","9F27","9F15","9F1B","9F1F","9F23","9F21","9F1E","9F1C","",""
"1435","57808","FCC7","FCC6","FCD8","FCD2","FCD4","FCD8","FCD2","FCBE","FCC4","FCCA","FCCC","FCBA","FCC7","FCC5","",""
"1436","57824","4358","4355","4367","4363","4363","4367","4363","434D","4353","435B","435B","4359","4356","4364","",""
"1437","57848","8C95","8C90","8CA2","8C90","8C9E","8CA2","8C90","8C88","8C8E","8C88","8C96","8C84","8C91","8C8F","",""
"1438","57864","EACF","EAC8","EADA","EB4E","EB4A","EB4E","EACA","EAC0","EAC6","EB46","EB42","EB40","EAC9","EB4B","",""
"1439","57880","1829","1820","1832","1862","186C","1870","1824","1818","181E","185A","1864","1852","1821","185D","",""
"1440","57896","61CE","61D3","61D5","6211","6209","620D","61D9","61CB","61C1","6209","6201","61FF","61C4","620A","",""
"1441","57912","A583","A586","A588","A5A6","A5AC","A5C2","A57E","A57E","A574","A59E","A5A4","A5A2","A577","A59D","",""
"1442","57928","F32B","F32C","F32E","F348","F34C","F350","F326","F324","F31A","F340","F344","F342","F31D","F33D","",""
"1443","57944","3C6D","3C6C","3C7E","3C8A","3C8C","3C90","3C68","3C64","3C6A","3C82","3C84","3C82","3C6D","3C8D","",""
"1444","57960","8612","860F","8621","8639","8639","863D","861D","8607","860D","8631","8631","861F","8610","862A","",""
"1445","57976","CED2","CECD","CEDF","CEF9","CEF7","CEFB","CECD","CEC5","CECB","CEF1","CEEF","CEED","CECE","CEE8","",""
"1446","57992","1791","178A","178C","1788","1794","1798","178C","1782","1778","1780","178C","177A","177B","1785","",""
"1447","58008","47BD","47B4","47C6","47DE","47E8","47EC","47B8","47AC","47B2","47D6","47E0","47CE","47B5","47D9","",""
"1448","58032","9123","9128","912A","914E","9146","914A","911E","9120","9116","9146","913E","913C","9119","9147","",""
"1449","58048","D8F0","D8E3","D8F5","D8E5","D8EB","D8EF","D8EB","D8DB","D8E1","D8DD","D8E3","D8E1","D8E4","D8EC","",""
"1450","58064","231D","231E","2330","233C","2340","2344","2328","2316","231C","2334","2338","2336","231F","2341","",""
"1451","58080","90F1","90F0","9102","9100","9102","9106","90FC","90E8","90EE","90F8","90FA","90E8","90F1","90F3","",""
"1452","58096","D1FD","D1EA","D1FC","D1F6","D1F6","D1FA","D1F8","D1E2","D1E8","D1EE","D1EE","D1EC","D1EB","D1F7","",""
"1453","58112","1E13","1E0E","1E20","1E2A","1E28","1E2C","1E0E","1E06","1E0C","1E22","1E20","1E1E","1E0F","1E29","",""
"1454","58128","6681","667A","667C","6678","6674","6678","667C","6672","6668","6670","666C","666A","666B","6675","",""
"1455","58144","AD89","AD80","AD92","AD90","AD8A","AD8E","AD84","AD78","AD7E","AD88","AD82","AD80","AD81","AD8B","",""
"1456","58160","F29C","F291","F2A3","F2B3","F2BB","F2BF","F297","F289","F28F","F2AB","F2B3","F2A1","F292","F2AC","",""
"1457","58176","4241","4244","4246","4248","424E","4252","423C","423C","4232","4240","4246","4234","4235","423F","",""
"1458","58200","8E21","8E22","8E24","8E26","8E2A","8E2E","8E1C","8E1A","8E10","8E1E","8E22","8E10","8E13","8E1B","",""
"1459","58216","D4B7","D4A6","D4B8","D4AC","D4AE","D4B2","D4B2","D49E","D4A4","D4A4","D4A6","D4A4","D4A7","D4AF","",""
"1460","58232","0129","0126","0138","0128","0138","013C","0134","011E","0124","0120","0130","011E","0127","0129","",""
"1461","58248","5011","500C","501E","501A","5018","501C","500C","5004","500A","5012","5010","500E","500D","5009","",""
"1462","58264","9503","94FC","94FE","94FC","94F8","94FC","94FE","94F4","94EA","94F4","94F0","94EE","94ED","94F9","",""
"1463","58280","DE41","DE48","DE4A","DE64","DE5E","DE62","DE4C","DE40","DE36","DE5C","DE56","DE54","DE39","DE5F","",""
"1464","58296","567A","566F","5681","569D","5695","5699","5675","5667","566D","5695","568D","568B","5670","5696","",""
"1465","58312","84DE","84E1","84E3","8501","8507","850B","84D9","84D9","84CF","84F9","84FF","84ED","84D2","84F8","",""
"1466","58328","CDED","CDDE","CDF0","CE00","CE04","CE08","CDE8","CDD6","CDDC","CDF8","CDFC","CDFA","CDDF","CE05","",""
"1467","58352","173B","173A","174C","175E","1760","1764","1746","1732","1738","1756","1758","1756","173B","1761","",""
"1468","58368","6101","60FE","6100","6124","6124","6128","60FC","60F6","60EC","611C","611C","610A","60EF","6115","",""
"1469","58384","AA31","AA2C","AA3E","AA6E","AA6C","AA70","AA2C","AA24","AA2A","AA66","AA64","AA62","AA2D","AA6D","",""
"1470","58400","0422","041B","042D","041F","041B","041F","041D","0413","0419","0417","0413","0411","041C","041C","",""
"1471","58416","3553","354A","355C","3570","356A","356E","354E","3542","3548","3568","3562","3560","354B","356B","",""
"1472","58432","84BB","84C0","84C2","84B8","84C0","84C4","84B6","84B8","84AE","84B0","84B8","84B6","84B1","84C1","",""
"1473","58448","CF0D","CF10","CF12","CF2A","CF30","CF34","CF08","CF08","CEFE","CF22","CF28","CF26","CF01","CF31","",""
"1474","58464","174A","174B","175D","1747","174B","174F","1745","1743","1749","173F","1743","1741","174C","174C","",""
"1475","58480","6072","6071","6083","607F","6081","6085","607D","6069","606F","6077","6079","6067","6072","6072","",""
"1476","58496","AB5C","AB59","AB6B","AB93","ABA3","ABA7","AB57","AB51","AB57","AB8B","AB9B","AB89","AB5A","AB94","",""
"1477","58512","0C4B","0C46","0C58","0C7C","0C8A","0C8E","0C46","0C3E","0C44","0C74","0C82","0C70","0C47","0C7B","",""
"1478","58536","395E","3957","3969","3999","3995","3999","3959","394F","3955","3991","398D","398B","3958","3996","",""
"1479","58552","8290","8287","8299","82C5","82CF","82D3","828B","827F","8285","82BD","82C7","82C5","8288","82D0","",""
"1480","58568","CC31","CC36","CC38","CC70","CC78","CC7C","CC2C","CC2E","CC24","CC68","CC70","CC5E","CC27","CC69","",""
"1481","58584","14DC","14DF","14E1","14FB","1501","1505","14D7","14D7","14CD","14F3","14F9","14F7","14D0","1502","",""
"1482","58600","5DAE","5D9F","5DB1","5DC7","5DBB","5DBF","5DA9","5D97","5D9D","5DBF","5DB3","5DB1","5DA0","5DBC","",""
"1483","58616","AA92","AA91","AA93","AAC5","AAC7","AACB","AA8D","AA89","AA7F","AABD","AABF","AABD","AA82","AAC8","",""
"1484","58632","F031","F02E","F030","F044","F054","F058","F02C","F026","F01C","F03C","F04C","F03A","F01F","F045","",""
"1485","58648","38AD","38A8","38BA","38B0","38AE","38B2","38A8","38A0","38A6","38A8","38A6","38A4","38A9","38AF","",""
"1486","58664","770B","7704","7716","772E","772A","772E","7706","76FC","7702","7726","7722","7720","7705","772B","",""
"1487","58680","B8C1","B8B8","B8CA","B8BE","B8C8","B8CC","B8BC","B8B0","B8B6","B8B6","B8C0","B8AE","B8B9","B8B9","",""
"1488","58704","0177","017C","017E","0178","0180","0184","0182","0174","016A","0170","0178","0176","016D","0181","",""
"1489","58720","4BE1","4BD4","4BE6","4BFC","4C02","4C06","4BDC","4BCC","4BD2","4BF4","4BFA","4BF8","4BD5","4BF3","",""
"1490","58736","CB7A","CB7B","CB7D","CBB9","CBBD","CBC1","CB75","CB73","CB69","CBB1","CBB5","CBA3","CB6C","CBAE","",""
"1491","58752","F787","F786","F798","F7BE","F7C0","F7C4","F782","F77E","F784","F7B6","F7B8","F7B6","F787","F7C1","",""
"1492","58768","4097","4094","40A6","40D8","40D8","40DC","4092","408C","4092","40D0","40D0","40CE","4095","40C9","",""
"1493","58784","8FD5","8FD0","8FD2","9010","900E","9012","8FD0","8FC8","8FBE","9008","9006","9004","8FC1","900F","",""
"1494","58800","D2D4","D2DD","D2DF","D2FF","D2FB","D2FF","D2DF","D2D5","D2CB","D2F7","D2F3","D2F1","D2CE","D2FC","",""
"1495","58816","1BAC","1BB3","1BB5","1BC5","1BCF","1BD3","1BB7","1BAB","1BA1","1BBD","1BC7","1BC5","1BA4","1BD0","",""
"1496","58832","746E","7473","7475","7497","748F","7493","7479","746B","7461","748F","7487","7485","7464","7490","",""
"1497","58848","AECE","AED1","AED3","AEF1","AEE7","AEEB","AEC9","AEC9","AEBF","AEE9","AEDF","AEDD","AEC2","AEE8","",""
"1498","58864","F7CC","F7CD","F7CF","F7EF","F7F3","F7F7","F7C7","F7C5","F7BB","F7E7","F7EB","F7E9","F7BE","F7E4","",""
"1499","58888","469A","4689","469B","46AD","46AF","46B3","4695","4681","4687","46A5","46A7","46A5","468A","46B0","",""
"1500","58904","8947","8944","8956","894E","894E","8952","8952","893C","8942","8946","8946","8944","8945","894F","",""
"1501","58920","CDF5","CDF0","CDF2","CDF0","CDEE","CDF2","CDF0","CDE8","CDDE","CDE8","CDE6","CDE4","CDE1","CDEF","",""
"1502","58936","1CDC","1CD5","1CD7","1CF7","1CF3","1CF7","1CD7","1CCD","1CC3","1CEF","1CEB","1CE9","1CC6","1CF4","",""
"1503","58952","8E63","8E5A","8E6C","8E98","8EA2","8EA6","8E5E","8E52","8E58","8E90","8E9A","8E98","8E5B","8EA3","",""
"1504","58968","AE58","AE5D","AE5F","AE97","AE9F","AEA3","AE63","AE55","AE4B","AE8F","AE97","AE85","AE4E","AE90","",""
"1505","58984","F761","F764","F766","F79A","F7A0","F7A4","F75C","F75C","F752","F792","F798","F796","F755","F7A1","",""
"1506","59000","410C","410D","410F","413F","4143","4147","4107","4105","40FB","4137","413B","4139","40FE","4144","",""
"1507","59016","89A4","89A3","89A5","89C7","89C9","89CD","899F","899B","8991","89BF","89C1","89AF","8994","89BA","",""
"1508","59032","D277","D274","D286","D294","D294","D298","D282","D26C","D272","D28C","D28C","D28A","D275","D295","",""
"1509","59056","1BBF","1BBA","1BCC","1BDC","1BDA","1BDE","1BBA","1BB2","1BB8","1BD4","1BD2","1BD0","1BBB","1BDB","",""
"1510","59072","6578","6571","6583","658F","658B","658F","6573","6569","656F","6587","6583","6581","6572","658C","",""
"1511","59088","AE48","AE4F","AE51","AE6F","AE69","AE6D","AE43","AE47","AE3D","AE67","AE61","AE5F","AE40","AE6A","",""
"1512","59104","F28A","F28F","F2A1","F291","F299","F29D","F295","F287","F28D","F289","F291","F27F","F290","F28A","",""
"1513","59120","2F01","2F04","2F16","2F2C","2F32","2F36","2F0C","2EFC","2F02","2F24","2F2A","2F18","2F05","2F23","",""
"1514","59136","78A6","7897","78A9","789F","78A3","78A7","78A1","788F","7895","7897","789B","7899","7898","7894","",""
"1515","59152","C65B","C64A","C65C","C674","C676","C67A","C656","C642","C648","C66C","C66E","C66C","C64B","C677","",""
"1516","59168","0453","0450","0462","0456","0456","045A","045E","0448","044E","044E","044E","044C","0451","0457","",""
"1517","59184","526C","5267","5279","5269","5267","526B","5267","525F","5265","5261","525F","525D","5268","5268","",""
"1518","59200","9FDF","9FD8","9FEA","9FE0","9FEC","9FF0","9FDA","9FD0","9FD6","9FD8","9FE4","9FD2","9FD9","9FDD","",""
"1519","59224","E9BA","E9B1","E9C3","E9D5","E9CF","E9D3","E9B5","E9A9","E9AF","E9CD","E9C7","E9C5","E9B2","E9D0","",""
"1520","59240","3064","3059","306B","305F","3067","306B","305F","3051","3057","3057","305F","304D","305A","3058","",""
"1521","59256","7B9B","7B9E","7BA0","7B96","7B9C","7BA0","7B96","7B96","7B8C","7B8E","7B94","7B92","7B8F","7B9D","",""
"1522","59272","C578","C569","C57B","C593","C597","C59B","C573","C561","C567","C58B","C58F","C57D","C56A","C588","",""
"1523","59288","0E2F","0E2E","0E40","0E2A","0E2C","0E30","0E2A","0E26","0E2C","0E22","0E24","0E22","0E2F","0E2D","",""
"1524","59304","35C8","35C5","35C7","35C3","35C3","35C7","35C3","35BD","35B3","35BB","35BB","35B9","35B6","35C4","",""
"1525","59320","6386","6381","6383","6381","637F","6383","6381","6379","636F","6379","6377","6375","6372","6380","",""
"1526","59336","AC9A","AC93","AC95","AC8F","AC9B","AC9F","AC95","AC8B","AC81","AC87","AC93","AC81","AC84","AC8C","",""
"1527","59352","F54C","F553","F555","F54B","F555","F559","F547","F54B","F541","F543","F54D","F54B","F544","F546","",""
"1528","59368","9A86","9A7B","9A8D","9A9F","9A97","9A9B","9A81","9A73","9A79","9A97","9A8F","9A8D","9A7C","9A98","",""
"1529","59384","D52E","D531","D543","D537","D53D","D541","D539","D529","D52F","D52F","D535","D523","D532","D52E","",""
"1530","59408","1E5A","1E4B","1E5D","1E53","1E57","1E5B","1E55","1E43","1E49","1E4B","1E4F","1E4D","1E4C","1E58","",""
"1531","59424","5ED5","5ED4","5ED6","5EEE","5EF0","5EF4","5ED0","5ECC","5EC2","5EE6","5EE8","5EE6","5EC5","5EF1","",""
"1532","59440","B0C8","B0C5","B0D7","B0D1","B0D1","B0D5","B0D3","B0BD","B0C3","B0C9","B0C9","B0C7","B0C6","B0D2","",""
"1533","59456","FA20","FA1B","FA1D","FA19","FA17","FA1B","FA1B","FA13","FA09","FA11","FA0F","FA0D","FA0C","FA18","",""
"1534","59472","434F","4348","435A","4348","4354","4358","434A","4340","4346","4340","434C","433A","4349","4345","",""
"1535","59488","8D2D","8D24","8D36","8D44","8D3E","8D42","8D28","8D1C","8D22","8D3C","8D36","8D34","8D25","8D3F","",""
"1536","59504","D663","D658","D66A","D67A","D682","D686","D65E","D650","D656","D672","D67A","D678","D659","D673","",""
"1537","59520","1787","178A","178C","178E","1784","1788","1782","1782","1778","1786","177C","177A","177B","1785","",""
"1538","59536","5636","5627","5639","562D","5631","5635","5631","561F","5625","5625","5629","5627","5628","5632","",""
"1539","59552","9E79","9E78","9E8A","9E80","9E82","9E86","9E84","9E70","9E76","9E78","9E7A","9E78","9E79","9E83","",""
"1540","59576","E7E8","E7D5","E7E7","E7DF","E7DF","E7E3","E7E3","E7CD","E7D3","E7D7","E7D7","E7D5","E7D6","E7E0","",""
"1541","59592","6329","6324","6336","635A","6368","636C","6324","631C","6322","6352","6360","634E","6325","6359","",""
"1542","59608","92E2","92DB","92ED","931D","9319","931D","92DD","92D3","92D9","9315","9311","930F","92DC","931A","",""
"1543","59624","DDFB","DDF2","DE04","DE6A","DE64","DE68","DDF6","DDEA","DDF0","DE62","DE5C","DE5A","DDF3","DE65","",""
"1544","59640","24EE","24E3","24F5","250D","2505","2509","24E9","24DB","24E1","2505","24FD","24FB","24E4","2506","",""
"1545","59656","6DCF","6DD2","6DD4","6DE8","6DEE","6DF2","6DCA","6DCA","6DC0","6DE0","6DE6","6DE4","6DC3","6DEF","",""
"1546","59672","B27F","B280","B282","B2A8","B29C","B2A0","B27A","B278","B26E","B2A0","B294","B292","B271","B29D","",""
"1547","59688","00B9","00B8","00CA","00DC","00DE","00E2","00B4","00B0","00B6","00D4","00D6","00C4","00B9","00CF","",""
"1548","59704","4995","4992","49A4","49BC","49BC","49C0","49A0","498A","4990","49B4","49B4","49B2","4993","49BD","",""
"1549","59720","9214","920F","9221","921B","9219","921D","921F","9207","920D","9213","9211","920F","9210","921A","",""
"1550","59744","C166","C15F","C161","C187","C183","C187","C161","C157","C14D","C17F","C17B","C179","C150","C184","",""
"1551","59760","0ACC","0AD3","0AD5","0AF1","0AFB","0AFF","0AD7","0ACB","0AC1","0AE9","0AF3","0AE1","0AC4","0AEC","",""
"1552","59776","528A","527F","5291","5289","5281","5285","5285","5277","527D","5281","5279","5277","5280","5282","",""
"1553","59792","9CD1","9CD4","9CD6","9CFA","9CF0","9CF4","9CCC","9CCC","9CC2","9CF2","9CE8","9CE6","9CC5","9CF1","",""
"1554","59808","0921","0922","0934","092A","092E","0932","092C","091A","0920","0922","0926","0924","0923","091F","",""
"1555","59824","4E50","4E4F","4E51","4E47","4E49","4E4D","4E4B","4E47","4E3D","4E3F","4E41","4E3F","4E40","4E4A","",""
"1556","59840","978E","978B","979D","9795","9795","9799","9789","9783","9789","978D","978D","978B","978C","9786","",""
"1557","59856","E151","E14C","E14E","E162","E160","E164","E14C","E144","E13A","E15A","E158","E156","E13D","E161","",""
"1558","59872","2A4A","2A43","2A55","2A4B","2A47","2A4B","2A45","2A3B","2A41","2A43","2A3F","2A3D","2A44","2A48","",""
"1559","59888","73DB","73D2","73E4","73FC","73F6","73FA","73D6","73CA","73D0","73F4","73EE","73EC","73D3","73F7","",""
"1560","59904","BC89","BC7E","BC90","BC8A","BC82","BC86","BC84","BC76","BC7C","BC82","BC7A","BC78","BC7F","BC83","",""
"1561","59928","0144","0147","0149","0143","0149","014D","013F","013F","0135","013B","0141","013F","0138","014A","",""
"1562","59944","4F08","4EF9","4F0B","4F07","4EFB","4EFF","4F03","4EF1","4EF7","4EFF","4EF3","4EF1","4EFA","4EFC","",""
"1563","59960","7E46","7E35","7E47","7E3F","7E41","7E45","7E41","7E2D","7E33","7E37","7E39","7E37","7E36","7E42","",""
"1564","59976","AA1F","AA1C","AA2E","AA22","AA22","AA26","AA2A","AA14","AA1A","AA1A","AA1A","AA18","AA1D","AA23","",""
"1565","59992","D37B","D376","D378","D36E","D37C","D380","D376","D36E","D364","D366","D374","D362","D367","D36D","",""
"1566","60008","1D13","1D0C","1D0E","1D20","1D2C","1D30","1D0E","1D04","1CFA","1D18","1D24","1D22","1CFD","1D1D","",""
"1567","60024","CFA1","CF98","CFAA","CFD8","CFE2","CFE6","CF9C","CF90","CF96","CFD0","CFDA","CFD8","CF99","CFD3","",""
"1568","60040","01D7","01CC","01DE","0218","0210","0214","01D2","01C4","01CA","0210","0208","0206","01CD","0211","",""
"1569","60056","4AEF","4AE2","4AF4","4B2A","4B20","4B24","4AEA","4ADA","4AE0","4B22","4B18","4B16","4AE3","4B21","",""
"1570","60072","949F","94A0","94B2","94E4","94E8","94EC","94AA","9498","949E","94DC","94E0","94CE","94A1","94D9","",""
"1571","60096","DD2A","DD29","DD2B","DD4F","DD51","DD55","DD25","DD21","DD17","DD47","DD49","DD37","DD1A","DD42","",""
"1572","60112","260F","260C","260E","261E","261E","2622","260A","2604","25FA","2616","2616","2614","25FD","261F","",""
"1573","60128","7B2F","7B2A","7B2C","7B68","7B66","7B6A","7B2A","7B22","7B18","7B60","7B5E","7B5C","7B1B","7B67","",""
"1574","60144","B8A1","B8AA","B8AC","B8CA","B8C6","B8CA","B8AC","B8A2","B898","B8C2","B8BE","B8BC","B89B","B8C7","",""
"1575","60160","0127","011E","0130","0120","012A","012E","0122","0116","011C","0118","0122","0110","011F","011B","",""
"1576","60176","46D4","46C9","46DB","46ED","46F5","46F9","46CF","46C1","46C7","46E5","46ED","46EB","46CA","46F6","",""
"1577","60192","93AC","939F","93B1","93AF","93A5","93A9","93A7","9397","939D","93A7","939D","939B","93A0","93A6","",""
"1578","60208","DCDA","DCDB","DCDD","DCD7","DCDB","DCDF","DCD5","DCD3","DCC9","DCCF","DCD3","DCD1","DCCC","DCDC","",""
"1579","60224","2730","272F","2741","274D","274F","2753","272B","2727","272D","2745","2747","2745","2730","2750","",""
"1580","60240","8E94","8E91","8EA3","8ECB","8ECB","8ECF","8E8F","8E89","8E8F","8EC3","8EC3","8EC1","8E92","8ECC","",""
"1581","60264","B9AA","B9A5","B9B7","B9EB","B9E9","B9ED","B9A5","B99D","B9A3","B9E3","B9E1","B9DF","B9A6","B9EA","",""
"1582","60280","02C4","02BD","02CF","02FF","02FB","02FF","02BF","02B5","02BB","02F7","02F3","02F1","02BE","02FC","",""
"1583","60296","4C5F","4C66","4C68","4CA4","4C9E","4CA2","4C6A","4C5E","4C54","4C9C","4C96","4C94","4C57","4C9F","",""
"1584","60312","9510","9515","9517","9535","953D","9541","950B","950D","9503","952D","9535","9523","9506","952E","",""
"1585","60328","DDD1","DDD4","DDE6","DDF0","DDF6","DDFA","DDDC","DDCC","DDD2","DDE8","DDEE","DDEC","DDD5","DDE7","",""
"1586","60344","30DB","30CC","30DE","3114","3118","311C","30D6","30C4","30CA","310C","3110","30FE","30CD","3109","",""
"1587","60360","70FD","70EC","70FE","7130","7132","7136","70F8","70E4","70EA","7128","712A","7128","70ED","7133","",""
"1588","60376","BC50","BC4D","BC5F","BCC7","BCC7","BCCB","BC4B","BC45","BC4B","BCBF","BCBF","BCBD","BC4E","BCC8","",""
"1589","60392","FBAA","FBB5","FBB7","FBD1","FBCF","FBD3","FBB5","FBAD","FBA3","FBC9","FBC7","FBC5","FBA6","FBD0","",""
"1590","60408","3978","3981","3983","3993","399F","39A3","3983","3979","396F","398B","3997","3995","3972","3990","",""
"1591","60432","7DDF","7DD6","7DE8","7DFE","7DF8","7DFC","7DDA","7DCE","7DD4","7DF6","7DF0","7DEE","7DD7","7DF9","",""
"1592","60448","CC0F","CC04","CC16","CC22","CC2A","CC2E","CC0A","CBFC","CC02","CC1A","CC22","CC10","CC05","CC1B","",""
"1593","60464","4BD4","4BD7","4BD9","4C0B","4C11","4C15","4BCF","4BCF","4BC5","4C03","4C09","4C07","4BC8","4C12","",""
"1594","60480","81E0","81D1","81E3","8211","8215","8219","81DB","81C9","81CF","8209","820D","820B","81D2","8216","",""
"1595","60496","CAFF","CAFE","CB10","CB48","CB4A","CB4E","CB0A","CAF6","CAFC","CB40","CB42","CB30","CAFF","CB3B","",""
"1596","60512","14C1","14BE","14C0","14F4","14F4","14F8","14BC","14B6","14AC","14EC","14EC","14EA","14AF","14F5","",""
"1597","60528","5D47","5D42","5D54","5D6A","5D68","5D6C","5D42","5D3A","5D40","5D62","5D60","5D5E","5D43","5D69","",""
"1598","60544","A625","A61E","A630","A642","A63E","A642","A620","A616","A61C","A63A","A636","A634","A61F","A63F","",""
"1599","60560","FE35","FE3C","FE3E","FE70","FE7A","FE7E","FE40","FE34","FE2A","FE68","FE72","FE70","FE2D","FE6B","",""
"1600","60576","3963","3958","396A","3998","39A0","39A4","395E","3950","3956","3990","3998","3996","3959","3991","",""
"1601","60592","827E","8281","8283","82BD","82C3","82C7","8279","8279","826F","82B5","82BB","82A9","8272","82B4","",""
"1602","60616","AA8B","AA7C","AA8E","AAC4","AAC8","AACC","AA86","AA74","AA7A","AABC","AAC0","AAAE","AA7D","AAB9","",""
"1603","60632","F434","F433","F445","F471","F473","F477","F43F","F42B","F431","F469","F46B","F469","F434","F474","",""
"1604","60648","3B9A","3B97","3B99","3BB1","3BB1","3BB5","3B95","3B8F","3B85","3BA9","3BA9","3BA7","3B88","3BB2","",""
"1605","60664","B8CC","B8C7","B8D9","B907","B905","B909","B8C7","B8BF","B8C5","B8FF","B8FD","B8FB","B8C8","B906","",""
"1606","60680","DC55","DC4E","DC60","DC94","DC90","DC94","DC50","DC46","DC4C","DC8C","DC88","DC86","DC4F","DC91","",""
"1607","60696","2A09","2A10","2A12","2A42","2A4C","2A50","2A14","2A08","29FE","2A3A","2A44","2A42","2A01","2A4D","",""
"1608","60712","73B5","73AA","73BC","73F0","73E8","73EC","73B0","73A2","73A8","73E8","73E0","73DE","73AB","73E9","",""
"1609","60728","BC46","BC49","BC4B","BC6B","BC71","BC75","BC41","BC41","BC37","BC63","BC69","BC57","BC3A","BC62","",""
"1610","60744","0519","051A","052C","0538","053C","0540","0514","0512","0518","0530","0534","0532","051B","052D","",""
"1611","60760","4E5F","4E5E","4E70","4E7E","4E80","4E84","4E6A","4E56","4E5C","4E76","4E78","4E76","4E5F","4E81","",""
"1612","60784","9818","9815","9827","9831","9831","9835","9813","980D","9813","9829","9829","9827","9816","9832","",""
"1613","60800","E0EF","E0EA","E0FC","E108","E116","E11A","E0EA","E0E2","E0E8","E100","E10E","E0FC","E0EB","E107","",""
"1614","60816","21E9","21E2","21F4","21E2","21EE","21F2","21E4","21DA","21E0","21DA","21E6","21D4","21E3","21DF","",""
"1615","60832","4125","412C","412E","4128","4132","4136","4130","4124","411A","4120","412A","4118","411D","4123","",""
"1616","60848","8A6A","8A5F","8A71","8A81","8A89","8A8D","8A65","8A57","8A5D","8A79","8A81","8A7F","8A60","8A8A","",""
"1617","60864","D31A","D31D","D31F","D33B","D341","D345","D315","D315","D30B","D333","D339","D337","D30E","D342","",""
"1618","60880","21F9","21FA","21FC","223A","223E","2242","21F4","21F2","21E8","2232","2236","2234","21EB","222F","",""
"1619","60896","65A9","6598","65AA","65C4","65C6","65CA","65A4","6590","6596","65BC","65BE","65BC","6599","65C7","",""
"1620","60912","AEF4","AEF1","AEF3","AF09","AF19","AF1D","AEEF","AEE9","AEDF","AF01","AF11","AEFF","AEE2","AF0A","",""
"1621","60928","F4B9","F4B4","F4C6","F4FC","F4FA","F4FE","F4C4","F4AC","F4B2","F4F4","F4F2","F4F0","F4B5","F4FB","",""
"1622","60952","40D9","40D2","40E4","40DC","40D8","40DC","40D4","40CA","40D0","40D4","40D0","40CE","40D3","40D9","",""
"1623","60968","8AA9","8AA0","8AB2","8ACC","8AC6","8ACA","8AA4","8A98","8A9E","8AC4","8ABE","8ABC","8AA1","8AC7","",""
"1624","60984","D336","D33B","D34D","D339","D341","D345","D341","D333","D339","D331","D339","D337","D33C","D342","",""
"1625","61000","21B2","21B5","21B7","21D9","21DF","21E3","21AD","21AD","21A3","21D1","21D7","21C5","21A6","21D0","",""
"1626","61016","666B","665C","666E","6682","6686","668A","6666","6654","665A","667A","667E","667C","665D","6687","",""
"1627","61032","8DFE","8DED","8DFF","8E15","8E17","8E1B","8DF9","8DE5","8DEB","8E0D","8E0F","8E0D","8DEE","8E18","",""
"1628","61048","BBBF","BBBC","BBBE","BBE0","BBE0","BBE4","BBBA","BBB4","BBAA","BBD8","BBD8","BBC6","BBAD","BBD1","",""
"1629","61064","051F","051A","052C","054A","0548","054C","052A","0512","0518","0542","0540","053E","051B","0549","",""
"1630","61080","4CE7","4CE0","4CF2","4CE2","4CEE","4CF2","4CE2","4CD8","4CDE","4CDA","4CE6","4CD4","4CE1","4CDF","",""
"1631","61096","F9A9","F9A0","F9B2","F9DE","F9E8","F9EC","F9A4","F998","F99E","F9D6","F9E0","F9CE","F9A1","F9D9","",""
"1632","61112","2D9A","2D8F","2DA1","2DAF","2DB7","2DBB","2D95","2D87","2D8D","2DA7","2DAF","2DAD","2D90","2DB8","",""
"1633","61136","79C9","79CC","79CE","7A0E","7A14","7A18","79C4","79C4","79BA","7A06","7A0C","79FA","79BD","7A05","",""
"1634","61152","C27B","C26C","C27E","C290","C294","C298","C276","C264","C26A","C288","C28C","C28A","C26D","C295","",""
"1635","61168","0891","0890","08A2","0896","0898","089C","089C","0888","088E","088E","0890","088E","0891","0899","",""
"1636","61184","4DC3","4DC0","4DD2","4DE8","4DE8","4DEC","4DCE","4DB8","4DBE","4DE0","4DE0","4DDE","4DC1","4DE9","",""
"1637","61200","9DBB","9DB6","9DC8","9DDA","9DD8","9DDC","9DC6","9DAE","9DB4","9DD2","9DD0","9DCE","9DB7","9DD9","",""
"1638","61216","E721","E71A","E71C","E742","E73E","E742","E71C","E712","E708","E73A","E736","E734","E70B","E73F","",""
"1639","61232","2FAD","2FA4","2FB6","2FAE","2FB8","2FBC","2FA8","2F9C","2FA2","2FA6","2FB0","2F9E","2FA5","2FA9","",""
"1640","61248","728C","7281","7293","72AD","72A5","72A9","7287","7279","727F","72A5","729D","729B","7282","72A6","",""
"1641","61264","B0C7","B0CA","B0DC","B0E8","B0EE","B0F2","B0D2","B0C2","B0C8","B0E0","B0E6","B0E4","B0CB","B0EF","",""
"1642","61280","F876","F877","F879","F877","F87B","F87F","F871","F86F","F865","F86F","F873","F871","F868","F87C","",""
"1643","61296","42E5","42D4","42E6","42F6","42F8","42FC","42E0","42CC","42D2","42EE","42F0","42EE","42D5","42F9","",""
"1644","61312","CE77","CE64","CE76","CE8A","CE8A","CE8E","CE72","CE5C","CE62","CE82","CE82","CE80","CE65","CE8B","",""
"1645","61328","0DD0","0DCB","0DDD","0DD3","0DD1","0DD5","0DDB","0DC3","0DC9","0DCB","0DC9","0DC7","0DCC","0DD2","",""
"1646","61352","56FA","56F3","56F5","56ED","56F9","56FD","56F5","56EB","56E1","56E5","56F1","56DF","56E4","56EA","",""
"1647","61368","A043","A03A","A04C","A046","A040","A044","A03E","A032","A038","A03E","A038","A036","A03B","A041","",""
"1648","61384","E9C8","E9CD","E9CF","E9CB","E9D3","E9D7","E9D3","E9C5","E9BB","E9C3","E9CB","E9C9","E9BE","E9C4","",""
"1649","61400","3356","3349","335B","3369","336F","3373","3351","3341","3347","3361","3367","3365","334A","3370","",""
"1650","61416","7C8B","7C8C","7C9E","7CA8","7CAC","7CB0","7C96","7C84","7C8A","7CA0","7CA4","7CA2","7C8D","7CAD","",""
"1651","61432","BE4B","BE4A","BE4C","BE4A","BE4C","BE50","BE46","BE42","BE38","BE42","BE44","BE42","BE3B","BE4D","",""
"1652","61448","0E94","0E91","0E93","0E93","0E93","0E97","0E8F","0E89","0E7F","0E8B","0E8B","0E89","0E82","0E84","",""
"1653","61464","3C8A","3C85","3C97","3C89","3C97","3C9B","3C85","3C7D","3C83","3C81","3C8F","3C7D","3C86","3C88","",""
"1654","61480","676A","6763","6775","6769","6775","6779","6765","675B","6761","6761","676D","675B","6764","6766","",""
"1655","61496","B067","B05E","B070","B060","B06A","B06E","B062","B056","B05C","B058","B062","B060","B05F","B05B","",""
"1656","61512","F92D","F922","F934","F92A","F922","F926","F928","F91A","F920","F922","F91A","F918","F923","F923","",""
"1657","61536","8EE3","8EE6","8EE8","8F1C","8F22","8F26","8EDE","8EDE","8ED4","8F14","8F1A","8F18","8ED7","8F23","",""
"1658","61552","C457","C448","C45A","C488","C48C","C490","C452","C440","C446","C480","C484","C482","C449","C48D","",""
"1659","61568","0D6A","0D69","0D7B","0DA5","0DA7","0DAB","0D65","0D61","0D67","0D9D","0D9F","0D9D","0D6A","0DA8","",""
"1660","61584","5724","5721","5733","5769","5769","576D","571F","5719","571F","5761","5761","574F","5722","575A","",""
"1661","61600","9FAF","9FAA","9FBC","9FD4","9FD2","9FD6","9FAA","9FA2","9FA8","9FCC","9FCA","9FC8","9FAB","9FD3","",""
"1662","61616","E894","E88D","E88F","E8A3","E8AF","E8B3","E88F","E885","E87B","E89B","E8A7","E895","E87E","E8A0","",""
"1663","61632","3D1B","3D12","3D24","3D8C","3D96","3D9A","3D16","3D0A","3D10","3D84","3D8E","3D7C","3D13","3D87","",""
"1664","61648","7BB9","7BAE","7BC0","7BF4","7BEC","7BF0","7BB4","7BA6","7BAC","7BEC","7BE4","7BE2","7BAF","7BED","",""
"1665","61664","C56F","C562","C574","C5A4","C5AA","C5AE","C56A","C55A","C560","C59C","C5A2","C5A0","C563","C5AB","",""
"1666","61680","EC0F","EC10","EC22","EC34","EC38","EC3C","EC1A","EC08","EC0E","EC2C","EC30","EC2E","EC11","EC39","",""
"1667","61704","FE5A","FE59","FE5B","FE79","FE7B","FE7F","FE55","FE51","FE47","FE71","FE73","FE61","FE4A","FE6C","",""
"1668","61720","478B","4788","479A","47AA","47AA","47AE","4786","4780","4786","47A2","47A2","47A0","4789","47AB","",""
"1669","61736","9058","9053","9065","9071","907F","9083","9063","904B","9051","9069","9077","9065","9054","9070","",""
"1670","61752","42DA","42D3","42E5","431D","4319","431D","42D5","42CB","42D1","4315","4311","430F","42D4","431A","",""
"1671","61768","7506","74FD","750F","7543","754F","7553","7501","74F5","74FB","753B","7535","7545","74FE","7550","",""
"1672","61784","BE20","BE25","BE27","BE57","BE5F","BE63","BE1B","BE1D","BE13","BE4F","BE57","BE55","BE16","BE60","",""
"1673","61800","07F5","07F8","07FA","0836","083C","0840","07F0","07F0","07E6","082E","0834","0822","07E9","082D","",""
"1674","61816","5065","5056","5068","5086","508A","508E","5060","504E","5054","507E","5082","5070","5057","507B","",""
"1675","61832","9937","9936","9948","9952","9954","9958","9942","992E","9934","994A","994C","994A","9937","9955","",""
"1676","61856","F6BC","F6B9","F6BB","F6F1","F6F1","F6F5","F6B7","F6B1","F6A7","F6E9","F6E9","F6E7","F6AA","F6F2","",""
"1677","61872","2C7B","2C76","2C88","2CBA","2CB8","2CCE","2C76","2C6E","2C74","2CB2","2CB0","2CC0","2C77","2CB9","",""
"1678","61888","77C1","77BA","77CC","7834","7840","7844","77BC","77B2","77B8","782C","7838","7826","77BB","7831","",""
"1679","61904","BEA4","BE9B","BEAD","BEC7","BEC1","BEC5","BE9F","BE93","BE99","BEBF","BEB9","BEB7","BE9C","BEC2","",""
"1680","61920","078E","0783","0795","07A5","07AD","07B1","0789","077B","0781","079D","07A5","0793","0784","079E","",""
"1681","61936","4C18","4C0B","4C1D","4C39","4C3F","4C43","4C13","4C03","4C09","4C31","4C37","4C25","4C0C","4C30","",""
"1682","61952","9A79","9A7A","9A8C","9A9E","9AA2","9AA6","9A84","9A72","9A78","9A96","9A9A","9A88","9A7B","9A93","",""
"1683","61968","0BF5","0BF4","0BF6","0C2E","0C30","0C34","0BF0","0BEC","0BE2","0C26","0C28","0C26","0BE5","0C31","",""
"1684","61984","31AF","31AC","31AE","31E2","31E2","31E6","31AA","31A4","319A","31DA","31DA","31D8","319D","31E3","",""
"1685","62000","7AB9","7AB4","7AC6","7AEE","7AEC","7AF0","7AB4","7AAC","7AB2","7AE6","7AE4","7AE2","7AB5","7AED","",""
"1686","62016","C45B","C454","C466","C49A","C496","C49A","C456","C44C","C452","C492","C48E","C48C","C455","C497","",""
"1687","62040","0D00","0CF7","0D09","0D1F","0D29","0D2D","0CFB","0CEF","0CF5","0D17","0D21","0D0F","0CF8","0D1A","",""
"1688","62056","55CF","55C4","55D6","55E8","55E0","55E4","55CA","55BC","55C2","55E0","55D8","55D6","55C5","55E1","",""
"1689","62072","A8BE","A8B1","A8C3","A8F1","A8F7","A8FB","A8B9","A8A9","A8AF","A8E9","A8EF","A8ED","A8B2","A8F8","",""
"1690","62088","E8F7","E8F8","E8FA","E934","E938","E93C","E8F2","E8F0","E8E6","E92C","E930","E91E","E8E9","E929","",""
"1691","62104","323D","322C","323E","3274","3276","327A","3238","3224","322A","326C","326E","326C","322D","3267","",""
"1692","62120","7465","7462","7464","7496","7496","749A","7460","745A","7450","748E","748E","748C","7453","7497","",""
"1693","62136","B2D3","B2CE","B2D0","B308","B306","B30A","B2CE","B2C6","B2BC","B300","B2FE","B2FC","B2BF","B307","",""
"1694","62152","FA50","FA49","FA5B","FA6F","FA6B","FA6F","FA4B","FA41","FA47","FA67","FA63","FA61","FA4A","FA6C","",""
"1695","62168","71D6","71CD","71DF","7219","7213","7217","71D1","71C5","71CB","7211","720B","7209","71CE","7214","",""
"1696","62184","A37B","A380","A382","A3B8","A3C0","A3C4","A376","A378","A36E","A3B0","A3B8","A3A6","A371","A3B1","",""
"1697","62208","F14D","F150","F162","F18E","F194","F198","F158","F148","F14E","F186","F18C","F18A","F151","F185","",""
"1698","62224","3B0D","3AFE","3B10","3B42","3B46","3B4A","3B08","3AF6","3AFC","3B3A","3B3E","3B3C","3AFF","3B37","",""
"1699","62240","8395","8394","83A6","83B4","83B6","83BA","8390","838C","8392","83AC","83AE","83AC","8395","83B7","",""
"1700","62256","CC6D","CC6A","CC6C","CC80","CC80","CC84","CC68","CC62","CC58","CC78","CC78","CC76","CC5B","CC81","",""
"1701","62272","15B9","15B4","15B6","15D0","15CE","15D2","15B4","15AC","15A2","15C8","15C6","15C4","15A5","15CF","",""
"1702","62288","68B8","68B1","68B3","68F3","68EF","68F3","68B3","68A9","689F","68EB","68E7","68E5","68A2","68F0","",""
"1703","62304","A8CA","A8C1","A8D3","A8FF","A8F9","A8FD","A8C5","A8B9","A8BF","A8F7","A8F1","A8EF","A8C2","A8FA","",""
"1704","62320","CFD8","CFCD","CFDF","D017","D00F","D013","CFD3","CFC5","CFCB","D00F","D007","D005","CFCE","D010","",""
"1705","62336","19D1","19C4","19D6","1A04","1A0A","1A0E","19CC","19BC","19C2","19FC","1A02","1A00","19C5","1A0B","",""
"1706","62352","61D7","61D8","61EA","6204","61F8","61FC","61E2","61D0","61D6","61FC","61F0","61EE","61D9","61F9","",""
"1707","62376","AAB0","AAAF","AAB1","AAD1","AAD3","AAD7","AAAB","AAA7","AA9D","AAC9","AACB","AAB9","AAA0","AAC4","",""
"1708","62392","32AE","32AB","32BD","332D","332D","3331","32B9","32A3","32A9","3325","3325","3323","32AC","332E","",""
"1709","62408","55B7","55B2","55C4","55F0","55EE","55F2","55B2","55AA","55B0","55E8","55E6","55E4","55B3","55EF","",""
"1710","62424","9F1E","9F27","9F29","9F5B","9F67","9F6B","9F29","9F1F","9F15","9F53","9F5F","9F4D","9F18","9F58","",""
"1711","62440","E30E","E305","E317","E32B","E335","E339","E309","E2FD","E303","E323","E32D","E32B","E306","E326","",""
"1712","62456","307D","3094","3096","30B6","30AE","30B2","3088","308C","3082","30AE","30A6","30A4","3073","30AF","",""
"1713","62472","79CA","79DF","79E1","79FD","7A03","7A07","79C5","79D7","79CD","79F5","79FB","79E9","79D0","79F4","",""
"1714","62488","C392","C393","C395","C3A7","C3AB","C3AF","C38D","C38B","C381","C39F","C3A3","C3A1","C384","C3AC","",""
"1715","62504","0C3B","0C4C","0C5E","0C6E","0C70","0C74","0C36","0C32","0C4A","0C54","0C68","0C66","0C4D","0C71","",""
"1716","62520","54D8","54D5","54E7","54D9","54D9","54DD","54D3","54CD","54D3","54D1","54D1","54CF","54D6","54DA","",""
"1717","62544","97B3","97AE","97C0","97CE","97DC","97E0","97AE","97A6","97AC","97C6","97D4","97C2","97AF","97CD","",""
"1718","62560","D5F5","D5EE","D600","D60A","D616","D61A","D5F0","D5E6","D5EC","D602","D60E","D60C","D5EF","D607","",""
"1719","62576","1DAB","1DA2","1DB4","1DAA","1DB4","1DB8","1DA6","1D9A","1DA0","1DA2","1DAC","1D9A","1DA3","1DA5","",""
"1720","62592","67FD","67F2","6804","680E","6816","681A","67F8","67EA","67F0","6806","680E","680C","67F3","6817","",""
"1721","62608","B395","B388","B39A","B396","B39C","B3A0","B390","B380","B386","B38E","B394","B382","B389","B38D","",""
"1722","62624","F98E","F97F","F991","F989","F98D","F991","F989","F977","F97D","F981","F985","F983","F980","F97E","",""
"1723","62640","45BD","45BC","45CE","45D6","45D8","45DC","45B8","45B4","45BA","45CE","45D0","45CE","45BD","45D9","",""
"1724","62656","8E27","8E24","8E36","8E30","8E30","8E34","8E32","8E1C","8E22","8E28","8E28","8E26","8E25","8E31","",""
"1725","62672","D54B","D546","D558","D54E","D54C","D550","D546","D53E","D544","D546","D544","D542","D547","D54D","",""
"1726","62688","1A7F","1A78","1A8A","1AA2","1A9E","1AA2","1A7A","1A70","1A76","1A9A","1A96","1A94","1A79","1A9F","",""
"1727","62704","69EF","69E6","69E8","69E2","69EC","69F0","69EA","69DE","69D4","69DA","69E4","69E2","69D7","69DD","",""
"1728","62728","B339","B32E","B340","B32E","B336","B33A","B334","B326","B32C","B326","B32E","B32C","B32F","B337","",""
"1729","62744","FC6A","FC5D","FC6F","FC5F","FC65","FC69","FC65","FC55","FC5B","FC57","FC5D","FC5B","FC5E","FC66","",""
"1730","62760","2788","2779","278B","2787","278B","278F","2783","2771","2777","277F","2783","2771","277A","277C","",""
"1731","62776","545B","545A","546C","5464","5466","546A","5466","5452","5458","545C","545E","545C","545B","5457","",""
"1732","62792","9D69","9D66","9D68","9D62","9D62","9D66","9D64","9D5E","9D54","9D5A","9D5A","9D58","9D57","9D63","",""
"1733","62808","E6C1","E6BC","E6CE","E6D4","E6E2","E6E6","E6BC","E6B4","E6BA","E6CC","E6DA","E6C8","E6BD","E6D3","",""
"1734","62824","8AB9","8AB2","8AB4","8AB4","8AB0","8AB4","8AB4","8AAA","8AA0","8AAC","8AA8","8AA6","8AA3","8AB1","",""
"1735","62840","C4FB","C4F2","C504","C4F6","C500","C504","C4F6","C4EA","C4F0","C4EE","C4F8","C4F6","C4F3","C4F1","",""
"1736","62856","0EA9","0EAE","0EB0","0ED4","0ECC","0ED0","0EB4","0EA6","0E9C","0ECC","0EC4","0EC2","0E9F","0ECD","",""
"1737","62872","575F","5752","5764","575A","5760","5764","575A","574A","5750","5752","5758","5746","5753","5751","",""
"1738","62888","A0CC","A0CD","A0DF","A0D7","A0CB","A0CF","A0C7","A0C5","A0CB","A0CF","A0C3","A0C1","A0CE","A0CC","",""
"1739","62912","EA69","EA68","EA7A","EA8E","EA90","EA94","EA74","EA60","EA66","EA86","EA88","EA86","EA69","EA81","",""
"1740","62928","33BA","33B7","33B9","33CF","33DF","33E3","33B5","33AF","33A5","33C7","33D7","33C5","33A8","33D0","",""
"1741","62944","7320","731B","732D","7327","7325","7329","731B","7313","7319","731F","731D","731B","731C","7316","",""
"1742","62960","C588","C591","C593","C58F","C58B","C58F","C593","C589","C57F","C587","C583","C581","C582","C58C","",""
"1743","62976","074E","0745","0757","0755","074F","0753","0749","073D","0743","074D","0747","0745","0746","0750","",""
"1744","62992","4597","458C","459E","459E","4596","459A","4592","4584","458A","4596","458E","458C","458D","4597","",""
"1745","63008","8E61","8E64","8E76","8E68","8E6E","8E72","8E6C","8E5C","8E62","8E60","8E66","8E54","8E65","8E5F","",""
"1746","63024","D831","D832","D834","D842","D846","D84A","D82C","D82A","D820","D83A","D83E","D83C","D823","D847","",""
"1747","63040","58B3","58B2","58C4","58F0","58F2","58F6","58AE","58AA","58B0","58E8","58EA","58E8","58B3","58F3","",""
"1748","63064","87F3","87F0","8802","883A","883A","883E","87FE","87E8","87EE","8832","8832","8830","87F1","882B","",""
"1749","63080","D119","D114","D126","D15A","D158","D15C","D114","D10C","D112","D152","D150","D14E","D115","D149","",""
"1750","63096","1AD3","1ACC","1ADE","1B0E","1B0A","1B0E","1ACE","1AC4","1ACA","1B06","1B02","1B00","1ACD","1B0B","",""
"1751","63112","635C","6353","6365","6377","6371","6375","6357","634B","6351","636F","6369","6367","6354","6372","",""
"1752","63128","AC37","AC3C","AC3E","AC4C","AC54","AC58","AC32","AC34","AC2A","AC44","AC4C","AC4A","AC2D","AC55","",""
"1753","63144","F6E1","F6E4","F6E6","F722","F718","F71C","F6DC","F6DC","F6D2","F71A","F710","F70E","F6D5","F719","",""
"1754","63160","3EB6","3EB7","3EB9","3ED7","3EDB","3EDF","3EB1","3EAF","3EA5","3ECF","3ED3","3ED1","3EA8","3ECC","",""
"1755","63176","874A","8749","875B","874B","874D","8751","8745","8741","8747","8743","8745","8743","874A","874E","",""
"1756","63192","B121","B11E","B130","B142","B142","B146","B12C","B116","B11C","B13A","B13A","B138","B11F","B143","",""
"1757","63208","FE1D","FE18","FE1A","FE18","FE16","FE1A","FE18","FE10","FE06","FE10","FE0E","FE0C","FE09","FE17","",""
"1758","63224","46D9","46D2","46E4","46CE","46DA","46DE","46D4","46CA","46D0","46C6","46D2","46D0","46D3","46CB","",""
"1759","63248","913A","9131","9143","914F","9159","915D","9135","9129","912F","9147","9151","914F","9132","914A","",""
"1760","63264","FE3D","FE42","FE44","FE44","FE4C","FE50","FE48","FE3A","FE30","FE3C","FE44","FE32","FE33","FE3D","",""
"1761","63280","4370","4363","4375","4367","436D","4371","436B","435B","4361","435F","4365","4363","4364","436E","",""
"1762","63296","8C8C","8C8D","8C9F","8C93","8C97","8C9B","8C87","8C85","8C8B","8C8B","8C8F","8C7D","8C8E","8C88","",""
"1763","63312","D675","D674","D676","D686","D688","D68C","D670","D66C","D662","D67E","D680","D67E","D665","D689","",""
"1764","63328","1F13","1F10","1F22","1F14","1F14","1F18","1F1E","1F08","1F0E","1F0C","1F0C","1F0A","1F11","1F15","",""
"1765","63344","6875","6870","6872","686A","6868","686C","6870","6868","685E","6862","6860","685E","6861","6869","",""
"1766","63360","B228","B221","B233","B24D","B249","B24D","B223","B219","B21F","B245","B241","B23F","B222","B24A","",""
"1767","63376","FADB","FAE2","FAE4","FAE0","FAEA","FAEE","FAE6","FADA","FAD0","FAD8","FAE2","FAD0","FAD3","FADB","",""
"1768","63392","4465","446A","446C","446A","4472","4476","4470","4462","4458","4462","446A","4458","445B","4463","",""
"1769","63408","7334","7337","7339","7353","7349","734D","732F","732F","7325","734B","7341","733F","7328","734A","",""
"1770","63432","7DC7","7DC8","7DDA","7DE0","7DE4","7DE8","7DC2","7DC0","7DC6","7DD8","7DDC","7DDA","7DC9","7DE5","",""
"1771","63448","C139","C128","C13A","C12C","C12E","C132","C134","C120","C126","C124","C126","C124","C129","C12F","",""
"1772","63464","1049","1046","1048","1060","1060","1064","1044","103E","1034","1058","1058","1056","1037","1061","",""
"1773","63480","BF97","BFA2","BFA4","BFD8","BFD6","BFDA","BFA2","BF9A","BF90","BFD0","BFCE","BFCC","BF93","BFD7","",""
"1774","63496","F145","F13E","F140","F17A","F176","F17A","F140","F136","F12C","F172","F16E","F16C","F12F","F177","",""
"1775","63512","3A47","3A4E","3A50","3A86","3A90","3A94","3A52","3A46","3A3C","3A7E","3A88","3A76","3A3F","3A81","",""
"1776","63528","841E","8413","8425","8451","8459","845D","8419","840B","8411","8449","8451","844F","8414","845A","",""
"1777","63544","CC90","CC93","CC95","CCAD","CCB3","CCB7","CC8B","CC8B","CC81","CCA5","CCAB","CCA9","CC84","CCB4","",""
"1778","63568","156C","156D","156F","158D","1581","1585","1567","1565","155B","1585","1579","1577","155E","1582","",""
"1779","63584","6959","6958","695A","6974","6976","697A","6954","6950","6946","696C","696E","696C","6949","6977","",""
"1780","63600","A885","A882","A894","A8AA","A8AA","A8AE","A890","A87A","A880","A8A2","A8A2","A8A0","A883","A89B","",""
"1781","63616","F12C","F127","F139","F151","F14F","F153","F137","F11F","F125","F149","F147","F145","F128","F150","",""
"1782","63632","39CB","39D4","39D6","39D0","39DC","39E0","39D6","39CC","39C2","39C8","39D4","39C2","39C5","39CD","",""
"1783","63648","846B","8462","8474","848A","8494","8498","8466","845A","8460","8482","848C","847A","8463","8485","",""
"1784","63664","CC3E","CC33","CC45","CC41","CC39","CC3D","CC39","CC2B","CC31","CC39","CC31","CC2F","CC34","CC3A","",""
"1785","63680","39F4","39F7","39F9","3A2B","3A31","3A35","39EF","39EF","39E5","3A23","3A29","3A27","39E8","3A32","",""
"1786","63696","6044","6045","6047","6085","6079","607D","603F","603D","6033","607D","6071","606F","6036","607A","",""
"1787","63712","ADD7","ADD6","ADD8","AE0C","AE0E","AE12","ADD2","ADCE","ADC4","AE04","AE06","AE04","ADC7","AE0F","",""
"1788","63736","F791","F78E","F790","F7D0","F7D0","F7D4","F78C","F786","F77C","F7C8","F7C8","F7B6","F77F","F7C1","",""
"1789","63752","401E","4019","401B","403D","403B","403F","4019","4011","4007","4035","4033","4031","400A","402C","",""
"1790","63768","8900","88F9","890B","8913","891F","8923","88FB","88F1","88F7","890B","8917","8905","88FA","8910","",""
"1791","63784","D23B","D242","D244","D262","D25C","D260","D246","D23A","D230","D25A","D254","D252","D233","D25D","",""
"1792","63800","253B","2530","2542","2566","256E","2572","2536","2528","252E","255E","2566","2564","2531","256F","",""
"1793","63816","6556","6549","655B","658B","6591","6595","6551","6541","6547","6583","6589","6587","654A","6592","",""
"1794","63832","A705","A718","A72A","A756","A75A","A75E","A700","A710","A716","A74E","A752","A750","A719","A74B","",""
"1795","63848","E5B6","E5B5","E5C7","E5F9","E5FB","E5FF","E5C1","E5AD","E5B3","E5F1","E5F3","E5F1","E5B6","E5EC","",""
"1796","63864","2DE4","2DE1","2DF3","2E11","2E11","2E15","2DEF","2DD9","2DDF","2E09","2E09","2DF7","2DE2","2E02","",""
"1797","63880","76B6","76B1","76B3","76C7","76D5","76D9","76B1","76A9","769F","76BF","76CD","76BB","76A2","76C6","",""
"1798","63904","E90C","E905","E917","E97B","E987","E98B","E907","E8FD","E903","E973","E97F","E96D","E906","E978","",""
"1799","63920","18CD","18D4","18D6","1906","1910","1914","18C8","18CC","18C2","18FE","1908","1906","18C5","1901","",""
"1800","63936","625E","6253","6265","629B","6293","6297","6259","624B","6251","6293","628B","6289","6254","6294","",""
"1801","63952","A64F","A642","A654","A66C","A672","A676","A64A","A63A","A640","A664","A66A","A658","A643","A663","",""
"1802","63968","F3D5","F3D6","F3D8","F3EC","F3F0","F3F4","F3D0","F3CE","F3C4","F3E4","F3E8","F3E6","F3C7","F3F1","",""
"1803","63984","3D04","3CF3","3D05","3D15","3D17","3D1B","3CFF","3CEB","3CF1","3D0D","3D0F","3D0D","3CF4","3D18","",""
"1804","64000","86BD","86BA","86BC","86D2","86D2","86D6","86B8","86B2","86A8","86CA","86CA","86C8","86AB","86D3","",""
"1805","64016","E39F","E39A","E39C","E3CC","E3DA","E3DE","E39A","E392","E388","E3C4","E3D2","E3C0","E38B","E3CB","",""
"1806","64032","1988","1981","1993","19BF","19BB","19BF","1983","1979","197F","19B7","19B3","19B1","1982","19BC","",""
"1807","64048","62A1","6298","62AA","62E2","62DC","62E0","629C","6290","6296","62DA","62D4","62D2","6299","62DD","",""
"1808","64072","AC76","AC6B","AC7D","ACA1","ACA9","ACAD","AC71","AC63","AC69","AC99","ACA1","AC9F","AC6C","ACAA","",""
"1809","64088","F4E9","F4DC","F4EE","F50E","F504","F508","F4E4","F4D4","F4DA","F506","F4FC","F4FA","F4DD","F505","",""
"1810","64104","3DB6","3DB7","3DC9","3DCF","3DD3","3DD7","3DC1","3DAF","3DB5","3DC7","3DCB","3DC9","3DB8","3DD4","",""
"1811","64120","AA8B","AA8A","AA8C","AAC8","AACA","AACE","AA86","AA82","AA78","AAC0","AAC2","AAB0","AA7B","AABB","",""
"1812","64136","D170","D16D","D17F","D1A7","D1A7","D1AB","D16B","D165","D16B","D19F","D19F","D19D","D16E","D1A8","",""
"1813","64152","1C86","1C81","1C93","1D01","1CFF","1D03","1C81","1C79","1C7F","1CF9","1CF7","1CF5","1C82","1D00","",""
"1814","64168","637F","6378","637A","639A","6396","639A","637A","6370","6366","6392","638E","638C","6369","6397","",""
"1815","64184","AC49","AC40","AC52","AC68","AC62","AC66","AC44","AC38","AC3E","AC60","AC5A","AC58","AC41","AC63","",""
"1816","64200","F0EC","F0F1","F0F3","F115","F10D","F111","F0F7","F0E9","F0DF","F10D","F105","F103","F0E2","F10E","",""
"1817","64216","3F4F","3F52","3F54","3F6C","3F72","3F76","3F4A","3F4A","3F40","3F64","3F6A","3F58","3F43","3F63","",""
"1818","64232","8880","8881","8893","889D","88A1","88A5","887B","8879","887F","8895","8899","8897","8882","88A2","",""
"1819","64256","D176","D175","D177","D197","D199","D19D","D171","D16D","D163","D18F","D191","D17F","D166","D18A","",""
"1820","64272","1431","142E","1430","1466","1466","146A","142C","1426","141C","145E","145E","145C","141F","1467","",""
"1821","64288","526B","5266","5278","52A4","52B2","52B6","5266","525E","5264","529C","52AA","5298","5267","52A3","",""
"1822","64304","9902","98FB","990D","9905","9901","9905","98FD","98F3","98F9","98FD","98F9","98F7","98FC","9902","",""
"1823","64320","E2D1","E2C8","E2DA","E2EE","E2F8","E2FC","E2CC","E2C0","E2C6","E2E6","E2F0","E2DE","E2C9","E2E9","",""
"1824","64336","30F4","30F9","310B","311B","3113","3117","30FF","30F1","30F7","3113","310B","3109","30FA","3114","",""
"1825","64352","75B0","75B3","75B5","75CF","75D5","75D9","75AB","75AB","75A1","75C7","75CD","75BB","75A4","75C6","",""
"1826","64368","BF0A","BF0B","BF1D","BF23","BF27","BF2B","BF15","BF03","BF09","BF1B","BF1F","BF1D","BF0C","BF28","",""
"1827","64384","08C7","08C6","08D8","08EA","08EC","08F0","08D2","08BE","08C4","08E2","08E4","08E2","08C7","08DD","",""
"1828","64408","3158","3155","3167","316F","317F","3183","3153","314D","3153","3167","3177","3165","3156","3170","",""
"1829","64424","7A87","7A82","7A84","7A9E","7AAC","7AB0","7A82","7A7A","7A70","7A96","7AA4","7A92","7A73","7A9D","",""
"1830","64440","C7E1","C7DA","C7EC","C802","C7FE","C802","C7DC","C7D2","C7D8","C7FA","C7F6","C7F4","C7DB","C7FF","",""
"1831","64456","084A","0841","0853","0863","085D","0861","0845","0839","083F","085B","0855","0853","0842","085E","",""
"1832","64472","55E6","55DB","55ED","55F9","5601","5605","55E1","55D3","55D9","55F1","55F9","55F7","55DC","5602","",""
"1833","64488","7CF9","7CFC","7CFE","7D10","7D16","7D1A","7CF4","7CF4","7CEA","7D08","7D0E","7D0C","7CED","7D17","",""
"1834","64504","A8B2","A8B3","A8B5","A8AD","A8B1","A8B5","A8AD","A8AB","A8A1","A8A5","A8A9","A8A7","A8A4","A8B2","",""
"1835","64520","F251","F250","F262","F276","F278","F27C","F25C","F248","F24E","F26E","F270","F25E","F251","F269","",""
"1836","64536","3A87","3A84","3A96","3A8C","3A8C","3A90","3A82","3A7C","3A82","3A84","3A84","3A82","3A85","3A7D","",""
"1837","64552","E3BD","E3B8","E3CA","E3DC","E3DA","E3DE","E3B8","E3B0","E3B6","E3D4","E3D2","E3D0","E3B9","E3DB","",""
"1838","64568","1A04","19FD","1A0F","1A1D","1A29","1A2D","19FF","19F5","19FB","1A15","1A21","1A0F","19FE","1A1A","",""
"1839","64584","63B2","63A9","63BB","63E5","63EF","63F3","63AD","63A1","63A7","63DD","63E7","63D5","63AA","63E0","",""
"1840","64608","ACD5","ACCA","ACDC","ACEC","ACF4","ACF8","ACD0","ACC2","ACC8","ACE4","ACEC","ACDA","ACCB","ACE5","",""
"1841","64624","F4F0","F4F3","F4F5","F4F7","F4ED","F4F1","F4EB","F4EB","F4E1","F4EF","F4E5","F4E3","F4E4","F4EE","",""
"1842","64640","3EDD","3EDE","3EF0","3EFE","3F02","3F06","3EE8","3ED6","3EDC","3EF6","3EFA","3EF8","3EDF","3F03","",""
"1843","64656","8972","8971","8973","89AF","89B1","89B5","896D","8969","895F","89A7","89A9","89A7","8962","89A2","",""
"1844","64672","D0BF","D0BC","D0CE","D0BC","D0CC","D0D0","D0BA","D0B4","D0BA","D0B4","D0C4","D0B2","D0BD","D0BD","",""
"1845","64688","19F4","19EF","19F1","19F1","19EF","19F3","19EF","19E7","19DD","19E9","19E7","19E5","19E0","19F0","",""
"1846","64704","54E7","54E0","54F2","54E4","54F0","54F4","54E2","54D8","54DE","54DC","54E8","54D6","54E1","54E1","",""
"1847","64720","9A02","99F9","9A0B","9A09","9A03","9A07","99FD","99F1","99F7","9A01","99FB","99F9","99FA","9A04","",""
"1848","64736","E2CF","E2C4","E2D6","E2D0","E2C8","E2CC","E2CA","E2BC","E2C2","E2C8","E2C0","E2BE","E2C5","E2C9","",""
"1849","64760","2C08","2BFB","2C0D","2C09","2C0F","2C13","2C03","2BF3","2BF9","2C01","2C07","2BF5","2BFC","2C00","",""
"1850","64776","BA1C","BA1D","BA1F","BA3F","BA43","BA47","BA17","BA15","BA0B","BA37","BA3B","BA29","BA0E","BA34","",""
"1851","64792","FA0D","FA0C","FA0E","FA10","FA12","FA16","FA08","FA04","F9FA","FA08","FA0A","FA08","F9FD","FA03","",""
"1852","64808","4323","4320","4332","4326","4326","432A","431E","4318","431E","431E","431E","431C","4321","4327","",""
"1853","64824","8D02","8CFD","8D0F","8D1F","8D1D","8D21","8CFD","8CF5","8CFB","8D17","8D15","8D13","8CFE","8D1E","",""
"1854","64840","D5B0","D5A9","D5AB","D5AD","D5A9","D5AD","D5AB","D5A1","D597","D5A5","D5A1","D59F","D59A","D5AA","",""
"1855","64856","1EFB","1EF2","1F04","1EF0","1EFA","1EFE","1EF6","1EEA","1EF0","1EE8","1EF2","1EF0","1EF3","1EEB","",""
"1856","64872","6827","681C","682E","681C","6824","6828","6822","6814","681A","6814","681C","681A","681D","6825","",""
"1857","64888","B1F5","B1F8","B1FA","B21A","B210","B214","B1F0","B1F0","B1E6","B212","B208","B206","B1E9","B211","",""
"1858","64904","FB04","FB05","FB07","FB09","FB0D","FB11","FAFF","FAFD","FAF3","FB01","FB05","FAF3","FAF6","FAFE","",""
"1859","64920","2880","287F","2891","289F","28A1","28A5","287B","2877","287D","2897","2899","2897","2880","28A2","",""
"1860","64936","578C","5789","578B","57A5","57A5","57A9","5787","5781","5777","579D","579D","579B","577A","57A6","",""
"1861","64960","98C5","98C0","98C2","98B8","98C6","98CA","98C0","98B8","98AE","98B0","98BE","98AC","98B1","98B7","",""
"1862","64976","E9B7","E9B0","E9C2","E9CE","E9DA","E9DE","E9B2","E9A8","E9AE","E9C6","E9D2","E9C0","E9B1","E9CB","",""
"1863","64992","88C4","88BB","88BD","8907","8911","8915","88BF","88B3","88A9","88FF","8909","8907","88AC","8902","",""
"1864","65008","B81A","B81F","B821","B857","B85F","B863","B825","B817","B80D","B84F","B857","B855","B810","B850","",""
"1865","65024","015B","015E","0160","0190","0196","019A","0156","0156","014C","0188","018E","018C","014F","0197","",""
"1866","65040","4DA2","4DA3","4DB5","4DE1","4DE5","4DE9","4DAD","4D9B","4DA1","4DD9","4DDD","4DDB","4DA4","4DE6","",""
"1867","65056","9396","9395","9397","93B5","93B7","93BB","9391","938D","9383","93AD","93AF","93AD","9386","93A8","",""
"1868","65072","DC79","DC76","DC88","DC92","DC92","DC96","DC74","DC6E","DC74","DC8A","DC8A","DC88","DC77","DC93","",""
"1869","65096","31F2","31ED","31EF","322F","322D","3231","31ED","31E5","31DB","3227","3225","3223","31DE","321E","",""
"1870","65112","7029","7022","7034","7076","7072","7076","7024","701A","7020","706E","706A","7068","7023","7073","",""
"1871","65128","B8CB","B8D2","B8D4","B912","B90C","B910","B8D6","B8CA","B8C0","B90A","B904","B902","B8C3","B90D","",""
"1872","65144","E6E8","E6DD","E6EF","E719","E721","E725","E6E3","E6D5","E6DB","E711","E719","E717","E6DE","E722","",""
"1873","65160","F5B3","F5B6","F5C8","F5EE","F5F4","F5F8","F5BE","F5AE","F5B4","F5E6","F5EC","F5EA","F5B7","F5F5","",""
"1874","65176","3D79","3D7A","3D7C","3D94","3D98","3D9C","3D74","3D72","3D68","3D8C","3D90","3D8E","3D6B","3D99","",""
"1875","65192","EEED","EEEC","EEEE","EF22","EF24","EF28","EEE8","EEE4","EEDA","EF1A","EF1C","EF1A","EEDD","EF25","",""
"1876","65208","1A1B","1A18","1A1A","1A60","1A70","1A74","1A16","1A10","1A06","1A58","1A68","1A56","1A09","1A61","",""
"1877","65224","6764","675F","6761","6793","67A1","67A5","675F","6757","674D","678B","6799","6787","6750","6792","",""
"1878","65240","B120","B129","B12B","B159","B165","B169","B12B","B121","B117","B151","B15D","B15B","B11A","B156","",""
"1879","65256","FC40","FC47","FC49","FC63","FC6D","FC71","FC3B","FC3F","FC35","FC5B","FC65","FC53","FC38","FC5E","",""
"1880","65280","4271","4266","428A","427E","4298","429C","426C","425E","4276","4276","4290","428E","4267","4299","",""
"1881","65296","8BB8","8BAB","8BCF","8BD5","8BDD","8BE1","8BB3","8BA3","8BBB","8BCD","8BD5","8BD3","8BAC","8BDE","",""
"1882","65312","EBE3","EBE4","EBF6","EC1C","EC20","EC24","EBDE","EBDC","EBE2","EC14","EC18","EC16","EBE5","EC21","",""
"1883","65328","1F8D","1F8C","1F9E","1FE6","1FE8","1FEC","1F88","1F84","1F8A","1FDE","1FE0","1FCE","1F8D","1FD9","",""
"1884","65344","6820","681D","682F","6853","6863","6867","681B","6815","681B","684B","685B","6849","681E","6854","",""
"1885","65360","B48F","B48A","B49C","B4D6","B4D4","B4D8","B49A","B482","B488","B4CE","B4CC","B4CA","B48B","B4C5","",""
"1886","65376","FA68","FA61","FA73","FA89","FA85","FA89","FA63","FA59","FA5F","FA81","FA7D","FA7B","FA62","FA86","",""
"1887","65392","432C","4323","4347","4341","435D","4361","4327","431B","4321","4339","4355","4353","4324","434E","",""
"1888","65408","B629","B62E","B630","B69E","B6A6","B6AA","B634","B626","B61C","B696","B69E","B69C","B61F","B6A7","",""
"1889","65424","D846","D849","D84B","D89B","D891","D895","D841","D841","D837","D893","D889","D887","D83A","D892","",""
"1890","65440","2128","2119","212B","2161","2165","2169","2123","2111","2117","2159","215D","214B","211A","2156","",""
"1891","65464","64FD","64FC","650E","651A","651C","6520","64F8","64F4","64FA","6512","6514","6512","64FD","651D","",""
"1892","65480","B51F","B51C","B52E","B536","B536","B53A","B51A","B514","B51A","B52E","B52E","B52C","B51D","B537","",""
"1893","65496","FBE0","FBDB","FBDD","FBF7","FBF5","FBF9","FBDB","FBD3","FBC9","FBEF","FBED","FBEB","FBCC","FBF6","",""
"1894","65512","4599","4592","4594","45AA","45A6","45AA","4594","458A","4580","45A2","459E","459C","4583","45A7","",""
"1895","65528","9AA4","9AAB","9AAD","9AE3","9AED","9AF1","9AAF","9AA3","9A99","9ADB","9AE5","9AD3","9A9C","9ADE","",""
"1896","65544","D8B3","D8B8","D8BA","D902","D90A","D90E","D8AE","D8B0","D8A6","D8FA","D902","D900","D8A9","D90B","",""
"1897","65560","19F6","19F9","19FB","1A2F","1A35","1A39","19F1","19F1","19E7","1A27","1A2D","1A2B","19EA","1A36","",""
"1898","65576","5B2F","5B20","5B32","5B62","5B66","5B6A","5B2A","5B18","5B1E","5B5A","5B5E","5B5C","5B21","5B67","",""
"1899","65592","A0B0","A09F","A0B1","A0CD","A0CF","A0D3","A0AB","A097","A09D","A0C5","A0C7","A0C5","A0A0","A0C0","",""
"1900","65608","E99C","E999","E9AB","E9BD","E9BD","E9C1","E9A7","E991","E997","E9B5","E9B5","E9B3","E99A","E9BE","",""
"1901","65632","642A","6425","6427","645F","645D","6461","6425","641D","6413","6457","6455","6453","6416","645E","",""
"1902","65648","9819","9812","9824","9848","9854","9858","9814","980A","9810","9840","984C","984A","9813","9845","",""
"1903","65664","E3FA","E401","E403","E483","E48D","E491","E405","E3F9","E3EF","E47B","E485","E483","E3F2","E48E","",""
"1904","65680","2CD4","2CD9","2CEB","2CFD","2D05","2D09","2CDF","2CD1","2CD7","2CF5","2CFD","2CEB","2CDA","2CF6","",""
"1905","65696","731F","7322","7324","733C","7342","7346","731A","731A","7310","7334","733A","7328","7313","7333","",""
"1906","65712","B7AD","B7AE","B7B0","B7C4","B7C8","B7CC","B7A8","B7A6","B79C","B7BC","B7C0","B7BE","B79F","B7C9","",""
"1907","65728","0620","061F","0621","063B","063D","0641","061B","0617","060D","0633","0635","0633","0610","062E","",""
"1908","65744","5B29","5B26","5B28","5B5E","5B5E","5B62","5B24","5B1E","5B14","5B56","5B56","5B54","5B17","5B5F","",""
"1909","65760","9969","9964","9966","99B8","99B6","99BA","9964","995C","9952","99B0","99AE","99AC","9955","99B7","",""
"1910","65776","C385","C37E","C390","C3B8","C3C4","C3C8","C380","C376","C37C","C3B0","C3BC","C3AA","C37F","C3B5","",""
"1911","65792","0FFF","0FF6","1008","1036","1040","1044","0FFA","0FEE","0FF4","102E","1038","1026","0FF7","1031","",""
"1912","65816","5565","556A","557C","5586","558E","5592","5570","5562","5568","557E","5586","5584","556B","558F","",""
"1913","65832","9E59","9E5C","9E6E","9E7E","9E84","9E88","9E64","9E54","9E5A","9E76","9E7C","9E6A","9E5D","9E75","",""
"1914","65848","300D","300E","3020","3046","304A","304E","3018","3006","300C","303E","3042","3040","300F","304B","",""
"1915","65864","4DD6","4DD5","4DD7","4E09","4E0B","4E0F","4DD1","4DCD","4DC3","4E01","4E03","4E01","4DC6","4E0C","",""
"1916","65880","96B7","96B4","96B6","96F0","96F0","96F4","96B2","96AC","96A2","96E8","96E8","96E6","96A5","96E1","",""
"1917","65896","DF6B","DF66","DF78","DF8E","DF8C","DF90","DF76","DF5E","DF64","DF86","DF84","DF82","DF67","DF8D","",""
"1918","65912","291B","2914","2926","2938","2944","2948","2916","290C","2912","2930","293C","292A","2915","2935","",""
"1919","65928","70D7","70CE","70E0","70CE","70D8","70DC","70D2","70C6","70CC","70C6","70D0","70CE","70CF","70D9","",""
"1920","65944","CBFF","CC04","CC16","CC3A","CC42","CC46","CC0A","CBFC","CC02","CC32","CC3A","CC38","CC05","CC43","",""
"1921","65960","FF66","FF59","FF6B","FF9D","FFA3","FFA7","FF61","FF51","FF57","FF95","FF9B","FF89","FF5A","FF94","",""
"1922","65984","4CCC","4CCD","4CCF","4CED","4CF1","4CF5","4CC7","4CC5","4CBB","4CE5","4CE9","4CD7","4CBE","4CE2","",""
"1923","66000","8E3B","8E3A","8E3C","8E50","8E52","8E56","8E36","8E32","8E28","8E48","8E4A","8E48","8E2B","8E53","",""
"1924","66016","CC53","CC50","CC62","CC78","CC78","CC7C","CC5E","CC48","CC4E","CC70","CC70","CC6E","CC51","CC79","",""
"1925","66032","1421","141C","141E","1420","141E","1422","141C","1414","140A","1418","1416","1414","140D","141F","",""
"1926","66048","3E7F","3E78","3E8A","3E82","3E7E","3E82","3E7A","3E70","3E76","3E7A","3E76","3E74","3E79","3E7F","",""
"1927","66064","D336","D32D","D33F","D36F","D369","D36D","D331","D325","D32B","D367","D361","D35F","D32E","D36A","",""
"1928","66080","0B04","0B09","0B0B","0B45","0B3D","0B41","0AFF","0B01","0AF7","0B3D","0B35","0B33","0AFA","0B3E","",""
"1929","66096","5378","536B","537D","5399","538F","5393","5373","5363","5369","5391","5387","5385","536C","5390","",""
"1930","66112","9CD3","9CC4","9CD6","9CEE","9CF2","9CF6","9CCE","9CBC","9CC2","9CE6","9CEA","9CD8","9CC5","9CE3","",""
"1931","66136","E603","E5F2","E604","E618","E61A","E61E","E5FE","E5EA","E5F0","E610","E612","E610","E5F3","E61B","",""
"1932","66152","2E2B","2E28","2E3A","2E30","2E30","2E34","2E26","2E20","2E26","2E28","2E28","2E26","2E29","2E21","",""
"1933","66168","9AEF","9AEA","9AFC","9B6A","9B68","9B6C","9AEA","9AE2","9AE8","9B62","9B60","9B5E","9AEB","9B69","",""
"1934","66184","C43F","C438","C44A","C45A","C466","C46A","C43A","C430","C436","C452","C45E","C44C","C439","C457","",""
"1935","66200","0D7C","0D73","0D85","0D91","0D8B","0D8F","0D77","0D6B","0D71","0D89","0D83","0D81","0D74","0D8C","",""
"1936","66216","5207","51FC","520E","521C","5224","5228","5202","51F4","51FA","5214","521C","521A","51FD","5225","",""
"1937","66232","7FF6","7FE9","7FFB","7FFB","7FF1","7FF5","7FF1","7FE1","7FE7","7FF3","7FE9","7FE7","7FEA","7FF2","",""
"1938","66248","C96E","C95F","C971","C96D","C961","C965","C969","C957","C95D","C965","C959","C957","C960","C962","",""
"1939","66264","1227","1216","1228","1220","1222","1226","1222","120E","1214","1218","121A","1218","1217","1223","",""
"1940","66280","8CBD","8CBA","8CBC","8CEC","8CFC","8D00","8CB8","8CB2","8CA8","8CE4","8CF4","8CE2","8CAB","8CED","",""
"1941","66296","C273","C26E","C270","C2AC","C2AA","C2AE","C26E","C266","C25C","C2A4","C2A2","C2A0","C25F","C2AB","",""
"1942","66320","0AEC","0AE5","0AE7","0B05","0B01","0B05","0AE7","0ADD","0AD3","0AFD","0AF9","0AF7","0AD6","0B02","",""
"1943","66336","5A94","5A9B","5A9D","5ACD","5AC7","5ACB","5A8F","5A93","5A89","5AC5","5ABF","5ABD","5A8C","5AC8","",""
"1944","66352","A3CA","A3BF","A3D1","A3F3","A3FB","A3FF","A3C5","A3B7","A3BD","A3EB","A3F3","A3F1","A3C0","A3FC","",""
"1945","66368","E6F3","E6E6","E6F8","E6EE","E6F4","E6F8","E6EE","E6DE","E6E4","E6E6","E6EC","E6EA","E6E7","E6E5","",""
"1946","66384","4476","4477","4479","44CB","44BF","44C3","4471","446F","4465","44C3","44B7","44B5","4468","44C0","",""
"1947","66400","7FBD","7FBC","7FBE","8002","8004","8008","7FB8","7FB4","7FAA","7FFA","7FFC","7FFA","7FAD","8005","",""
"1948","66416","C9C0","C9BD","C9CF","CA15","CA15","CA19","C9CB","C9B5","C9BB","CA0D","CA0D","CA0B","C9BE","CA16","",""
"1949","66432","0C6D","0C68","0C7A","0C92","0C90","0C94","0C68","0C60","0C66","0C8A","0C88","0C86","0C69","0C81","",""
"1950","66448","59A6","599F","59B1","59B1","59BD","59C1","59A1","5997","599D","59A9","59B5","59B3","59A0","59AE","",""
"1951","66464","98C2","98B9","98CB","98C7","98C1","98C5","98BD","98B1","98B7","98BF","98B9","98B7","98BA","98C2","",""
"1952","66480","EC30","EC25","EC37","EC45","EC4D","EC51","EC2B","EC1D","EC23","EC3D","EC45","EC33","EC26","EC3E","",""
"1953","66504","463E","4641","4643","468F","4695","4699","4639","4639","462F","4687","468D","468B","4632","4696","",""
"1954","66520","7009","700A","700C","7044","7048","704C","7004","7002","6FF8","703C","7040","702E","6FFB","7039","",""
"1955","66536","BD6B","BD6A","BD6C","BD9A","BD9C","BDA0","BD66","BD62","BD58","BD92","BD94","BD92","BD5B","BD9D","",""
"1956","66552","0123","0120","0132","013C","014C","0150","012E","0118","011E","0134","0144","0132","0121","013D","",""
"1957","66568","4FF7","4FF2","5004","5036","5034","5038","4FF2","4FEA","4FF0","502E","502C","502A","4FF3","5025","",""
"1958","66584","92FD","9306","9308","92FC","9308","930C","9308","92FE","92F4","92F4","9300","92FE","92F7","92F9","",""
"1959","66600","03B2","03A9","03BB","03F9","0403","0407","03AD","03A1","03A7","03F1","03FB","03E9","03AA","03F4","",""
"1960","66616","2FBA","2FBF","2FC1","3011","3009","300D","2FB5","2FB7","2FAD","3009","3001","2FFF","2FB0","300A","",""
"1961","66632","72A7","72AA","72AC","72CE","72D4","72D8","72A2","72A2","7298","72C6","72CC","72BA","729B","72C5","",""
"1962","66648","B56A","B55B","B56D","B591","B595","B599","B565","B553","B559","B589","B58D","B58B","B55C","B596","",""
"1963","66672","F402","F3F1","F403","F42F","F431","F435","F3FD","F3E9","F3EF","F427","F429","F427","F3F2","F432","",""
"1964","66688","3A4D","3A4A","3A5C","3A4A","3A4A","3A4E","3A48","3A42","3A48","3A42","3A42","3A40","3A4B","3A4B","",""
"1965","66704","B282","B27D","B28F","B2CF","B2CD","B2D1","B27D","B275","B27B","B2C7","B2C5","B2C3","B27E","B2CE","",""
"1966","66720","E308","E311","E313","E341","E34D","E351","E313","E309","E2FF","E339","E345","E343","E302","E33E","",""
"1967","66736","313D","3134","3146","316C","3176","317A","3138","312C","3132","3164","316E","315C","3135","3167","",""
"1968","66752","7976","797B","797D","798F","7997","799B","7971","7973","7969","7987","798F","798D","796C","7998","",""
"1969","66768","C29D","C2A0","C2A2","C2C6","C2BC","C2C0","C298","C298","C28E","C2BE","C2B4","C2B2","C291","C2BD","",""
"1970","66784","0AE3","0AE4","0AF6","0AEC","0AF0","0AF4","0ADE","0ADC","0AE2","0AE4","0AE8","0AD6","0AE5","0AE1","",""
"1971","66800","3547","3546","3548","3546","3548","354C","3542","353E","3534","353E","3540","353E","3537","3539","",""
"1972","66816","ACF7","ACF4","ACF6","AD30","AD30","AD34","ACF2","ACEC","ACE2","AD28","AD28","AD26","ACE5","AD21","",""
"1973","66832","E871","E86C","E87E","E8B4","E8B2","E8B6","E87C","E864","E86A","E8AC","E8AA","E8A8","E86D","E8B3","",""
"1974","66856","30F8","30F1","30F3","310B","3117","311B","30F3","30E9","30DF","3103","310F","30FD","30E2","3108","",""
"1975","66872","7A2D","7A34","7A36","7A4A","7A54","7A58","7A28","7A2C","7A22","7A42","7A4C","7A3A","7A25","7A45","",""
"1976","66888","C452","C457","C459","C495","C48D","C491","C45D","C44F","C445","C48D","C485","C483","C448","C48E","",""
"1977","66904","0BA6","0BA9","0BAB","0BA3","0BA9","0BAD","0BA1","0BA1","0B97","0B9B","0BA1","0B9F","0B9A","0BAA","",""
"1978","66920","679C","679D","679F","6807","680B","680F","6797","6795","678B","67FF","6803","6801","678E","680C","",""
"1979","66936","9331","9330","9342","9352","9354","9358","933C","9328","932E","934A","934C","934A","9331","9355","",""
"1980","66952","DC65","DC62","DC74","DC7A","DC8A","DC8E","DC60","DC5A","DC60","DC72","DC82","DC70","DC63","DC7B","",""
"1981","66968","20CC","20C7","20D9","20F1","20EF","20F3","20C7","20BF","20C5","20E9","20E7","20E5","20C8","20E0","",""
"1982","66984","6DB9","6DB2","6DC4","6DAE","6DBA","6DBE","6DB4","6DAA","6DB0","6DA6","6DB2","6DB0","6DB3","6DAB","",""
"1983","67000","B6FF","B706","B708","B6FE","B708","B70C","B6FA","B6FE","B6F4","B6F6","B700","B6FE","B6F7","B6F9","",""
"1984","67024","00FD","0102","0104","011C","0114","0118","00F8","00FA","00F0","0114","010C","010A","00F3","0115","",""
"1985","67040","757B","757E","7590","75BE","75C4","75C8","7586","7576","757C","75B6","75BC","75AA","757F","75B5","",""
"1986","67056","9CC8","9CC9","9CCB","9D05","9D09","9D0D","9CC3","9CC1","9CB7","9CFD","9D01","9CEF","9CBA","9CFA","",""
"1987","67072","E597","E596","E5A8","E5CA","E5CC","E5D0","E592","E58E","E594","E5C2","E5C4","E5C2","E597","E5CD","",""
"1988","67088","2EC9","2EC6","2ED8","2EFC","2EFC","2F00","2ED4","2EBE","2EC4","2EF4","2EF4","2EF2","2EC7","2EFD","",""
"1989","67104","76BC","76B7","76C9","76D9","76E7","76EB","76B7","76AF","76B5","76D1","76DF","76CD","76B8","76D8","",""
"1990","67120","C82B","C834","C836","C848","C844","C848","C836","C82C","C822","C840","C83C","C83A","C825","C845","",""
"1991","67136","282A","2821","2833","2881","287B","287F","2825","2819","281F","2879","2873","2871","2822","287C","",""
"1992","67152","53E0","53D5","53E7","5411","5419","541D","53DB","53CD","53D3","5409","5411","540F","53D6","540A","",""
"1993","67168","A2CC","A2BF","A2D1","A31D","A313","A317","A2C7","A2B7","A2BD","A315","A30B","A309","A2C0","A314","",""
"1994","67184","EE1F","EE10","EE22","EE56","EE5A","EE5E","EE1A","EE08","EE0E","EE4E","EE52","EE40","EE11","EE4B","",""
"1995","67208","2DAD","2DAC","2DAE","2DB4","2DB6","2DBA","2DA8","2DA4","2D9A","2DAC","2DAE","2D9C","2D9D","2DA7","",""
"1996","67224","72A6","72A3","72B5","72BD","72BD","72C1","72A1","729B","72A1","72B5","72B5","72B3","72A4","72BE","",""
"1997","67240","A655","A650","A662","A66C","A66A","A66E","A650","A648","A64E","A664","A662","A660","A651","A66B","",""
"1998","67256","1EDD","1ED6","1EE8","1F34","1F30","1F34","1ED8","1ECE","1ED4","1F2C","1F28","1F26","1ED7","1F31","",""
"1999","67272","5AD0","5AD7","5AD9","5B21","5B2B","5B2F","5ACB","5ACF","5AC5","5B19","5B23","5B11","5AC8","5B1C","",""
"2000","67288","96C2","96B7","96C9","96E3","96DB","96DF","96BD","96AF","96B5","96DB","96D3","96D1","96B8","96DC","",""
"2001","67304","D9FA","D9FD","DA0F","DA35","DA2B","DA2F","DA05","D9F5","D9FB","DA2D","DA23","DA21","D9FE","DA2C","",""
"2002","67320","1DD8","1DD9","1DDB","1DFD","1E01","1E05","1DD3","1DD1","1DC7","1DF5","1DF9","1DE7","1DCA","1DF2","",""
"2003","67336","6AFB","6AEA","6AFC","6B10","6B12","6B16","6AF6","6AE2","6AE8","6B08","6B0A","6AF8","6AEB","6B03","",""
"2004","67360","E50C","E509","E51B","E55B","E56B","E56F","E517","E501","E507","E553","E563","E551","E50A","E55C","",""
"2005","67376","13FC","13F7","13F9","1435","1433","1437","13F7","13EF","13E5","142D","142B","1429","13E8","1434","",""
"2006","67392","5D63","5D6C","5D6E","5DA2","5D9E","5DA2","5D6E","5D64","5D5A","5D9A","5D96","5D94","5D5D","5D9F","",""
"2007","67408","A5A3","A5AA","A5AC","A5BC","A5C6","A5CA","A5AE","A5A2","A598","A5B4","A5BE","A5BC","A59B","A5C7","",""
"2008","67424","F04A","F04F","F051","F089","F081","F085","F055","F047","F03D","F081","F079","F077","F040","F082","",""
"2009","67440","3805","3808","381A","3824","382A","382E","3810","3800","3806","381C","3822","3810","3809","381B","",""
"2010","67456","9DC4","9DC5","9DC7","9DF7","9DFB","9DFF","9DBF","9DBD","9DB3","9DEF","9DF3","9DF1","9DB6","9DFC","",""
"2011","67472","C565","C564","C576","C5B8","C5BA","C5BE","C570","C55C","C562","C5B0","C5B2","C5B0","C565","C5BB","",""
"2012","67488","11F2","11EF","11F1","120F","120F","1213","11ED","11E7","11DD","1207","1207","1205","11E0","1210","",""
"2013","67504","6044","603F","6041","6071","606F","6073","603F","6037","602D","6069","6067","6065","6030","6070","",""
"2014","67520","A974","A96D","A97F","A9A7","A9A3","A9A7","A96F","A965","A96B","A99F","A99B","A999","A96E","A9A4","",""
"2015","67544","D280","D277","D289","D27D","D287","D28B","D27B","D26F","D275","D275","D27F","D26D","D278","D278","",""
"2016","67560","247D","2472","2484","2494","249C","24A0","2478","246A","2470","248C","2494","2482","2473","248D","",""
"2017","67576","9C17","9C0A","9C1C","9C60","9C66","9C6A","9C12","9C02","9C08","9C58","9C5E","9C5C","9C0B","9C67","",""
"2018","67592","D043","D044","D056","D09C","D0A0","D0A4","D04E","D03C","D042","D094","D098","D086","D045","D091","",""
"2019","67608","13C7","13B6","13C8","13E0","13E2","13E6","13C2","13AE","13B4","13D8","13DA","13D8","13B7","13E3","",""
"2020","67624","6828","6825","6837","6861","6861","6865","6823","681D","6823","6859","6859","6847","6826","6852","",""
"2021","67640","A64E","A649","A64B","A667","A665","A669","A649","A641","A637","A65F","A65D","A65B","A63A","A666","",""
"2022","67656","F377","F370","F382","F390","F38C","F390","F372","F368","F36E","F388","F384","F382","F371","F38D","",""
"2023","67672","4D3A","4D31","4D43","4DCD","4DD7","4DDB","4D35","4D29","4D2F","4DC5","4DCF","4DCD","4D32","4DD8","",""
"2024","67688","8708","86FD","870F","8741","8739","873D","8703","86F5","86FB","8739","8731","872F","86FE","873A","",""
"2025","67704","CAF2","CAF5","CAF7","CB0F","CB15","CB19","CAED","CAED","CAE3","CB07","CB0D","CB0B","CAE6","CB06","",""
"2026","67728","1049","104A","105C","107C","1080","1084","1044","1042","1048","1074","1078","1076","104B","1081","",""
"2027","67744","4A43","4A42","4A54","4A5C","4A5E","4A62","4A4E","4A3A","4A40","4A54","4A56","4A54","4A43","4A5F","",""
"2028","67760","8C16","8C13","8C25","8C0F","8C1F","8C23","8C11","8C0B","8C11","8C07","8C17","8C05","8C14","8C10","",""
"2029","67776","D9E1","D9DC","D9DE","D9F0","D9EE","D9F2","D9DC","D9D4","D9CA","D9E8","D9E6","D9E4","D9CD","D9EF","",""
"2030","67792","4E0B","4E14","4E16","4E70","4E7C","4E80","4E16","4E0C","4E02","4E68","4E74","4E72","4E05","4E6D","",""
"2031","67808","7718","770F","7721","7769","7763","7767","7713","7707","770D","774F","775B","7759","7710","7764","",""
"2032","67824","C063","C068","C06A","C0AA","C0B2","C0B6","C06E","C060","C056","C090","C0AA","C0A8","C059","C0B3","",""
"2033","67840","0D94","0D97","0DA9","0DB3","0DB9","0DBD","0D9F","0D8F","0D95","0DAB","0DB1","0DAF","0D98","0DAA","",""
"2034","67856","52F8","52E9","530D","533F","5343","5347","52F3","52E1","52F9","5337","533B","5329","52EA","5334","",""
"2035","67880","9A23","9A22","9A34","9A28","9A2A","9A2E","9A2E","9A1A","9A20","9A20","9A22","9A20","9A23","9A2B","",""
"2036","67896","0E6E","0E6B","0E7D","0EC3","0EC3","0EC7","0E69","0E63","0E69","0EBB","0EBB","0EB9","0E6C","0EC4","",""
"2037","67912","32B2","32AD","32BF","3307","3305","3309","32AD","32A5","32AB","32FF","32FD","32FB","32AE","3306","",""
"2038","67928","7D36","7D2F","7D41","7D85","7D91","7D95","7D31","7D27","7D2D","7D7D","7D89","7D77","7D30","7D82","",""
"2039","67944","C655","C64C","C65E","C674","C66E","C672","C650","C644","C64A","C66C","C666","C664","C64D","C66F","",""
"2040","67960","0BDD","0BE2","0BE4","0BDC","0BE4","0BE8","0BE8","0BDA","0BD0","0BD4","0BDC","0BDA","0BD3","0BE5","",""
"2041","67976","5056","5049","505B","504B","5051","5055","5051","5041","5047","5043","5049","5047","504A","5052","",""
"2042","67992","9E54","9E55","9E57","9E59","9E4D","9E51","9E4F","9E4D","9E43","9E51","9E45","9E43","9E46","9E4E","",""
"2043","68008","0660","065F","0671","06B5","06B7","06BB","065B","0657","065D","06AD","06AF","06AD","0660","06B8","",""
"2044","68024","33D6","33D3","33D5","3415","3415","3419","33D1","33CB","33C1","340D","340D","33FB","33C4","3406","",""
"2045","68048","7C40","7C3B","7C3D","7C5F","7C5D","7C61","7C3B","7C33","7C29","7C57","7C55","7C53","7C2C","7C5E","",""
"2046","68064","C8EB","C8E4","C8F6","C91A","C916","C91A","C8E6","C8DC","C8E2","C912","C90E","C90C","C8E5","C917","",""
"2047","68080","0F2D","0F24","0F36","0F4C","0F56","0F5A","0F28","0F1C","0F22","0F44","0F4E","0F3C","0F25","0F47","",""
"2048","68096","57DB","57D0","57E2","57F0","57E8","57EC","57D6","57C8","57CE","57E8","57E0","57DE","57D1","57E9","",""
"2049","68112","B226","B219","B22B","B26B","B271","B275","B221","B211","B217","B263","B269","B267","B21A","B272","",""
"2050","68128","EA3D","EA3E","EA40","EA92","EA96","EA9A","EA38","EA36","EA2C","EA8A","EA8E","EA7C","EA2F","EA87","",""
"2051","68144","31D0","31CF","31D1","31E5","31E7","31EB","31CB","31C7","31BD","31DD","31DF","31DD","31C0","31E8","",""
"2052","68160","761A","7617","7629","7639","7639","763D","7615","760F","7615","7631","7631","762F","7618","763A","",""
"2053","68176","B22A","B225","B237","B249","B257","B25B","B235","B21D","B223","B241","B24F","B23D","B226","B248","",""
"2054","68192","F975","F96E","F970","F974","F970","F974","F970","F966","F95C","F96C","F968","F966","F95F","F971","",""
"2055","68208","6EC1","6EC8","6ECA","6EFA","6F04","6F08","6EBC","6EC0","6EB6","6EF2","6EFC","6EFA","6EB9","6EF5","",""
"2056","68232","9769","975E","9770","97B2","97BA","97BE","9764","9756","975C","97AA","97B2","97B0","975F","97BB","",""
"2057","68248","E41D","E410","E422","E436","E43C","E440","E418","E408","E40E","E42E","E434","E432","E411","E43D","",""
"2058","68264","2D50","2D41","2D53","2D63","2D67","2D6B","2D4B","2D39","2D3F","2D5B","2D5F","2D5D","2D42","2D68","",""
"2059","68280","7908","7907","7919","792B","792D","7931","7913","78FF","7905","7923","7925","7923","7908","792E","",""
"2060","68296","BEC5","BEC2","BEC4","BEB8","BEC8","BECC","BEC0","BEBA","BEB0","BEB0","BEC0","BEAE","BEB3","BEB9","",""
"2061","68312","07E2","07DD","07EF","07E3","07F1","07F5","07ED","07D5","07DB","07DB","07E9","07D7","07DE","07E2","",""
"2062","68328","7689","7682","7694","76C4","76C0","76C4","7684","767A","7680","76BC","76B8","76B6","7683","76C1","",""
"2063","68344","A068","A06F","A071","A0C3","A0BD","A0C1","A073","A067","A05D","A0BB","A0B5","A0B3","A060","A0BE","",""
"2064","68360","E0CF","E0C4","E0D6","E0EA","E0F2","E0F6","E0CA","E0BC","E0C2","E0E2","E0EA","E0E8","E0C5","E0E3","",""
"2065","68376","2197","218A","219C","21AC","21B2","21B6","2192","2182","2188","21A4","21AA","21A8","218B","21B3","",""
"2066","68400","67CB","67BC","67CE","67E0","67E4","67E8","67C6","67B4","67BA","67D8","67DC","67DA","67BD","67E5","",""
"2067","68416","AFF9","AFF8","AFFA","AFFE","B000","B004","AFF4","AFF0","AFE6","AFF6","AFF8","AFE6","AFE9","AFF1","",""
"2068","68432","31E2","31DF","31E1","3211","3221","3225","31DD","31D7","31CD","3209","3219","3207","31D0","3212","",""
"2069","68448","5A3A","5A35","5A47","5A4F","5A4D","5A51","5A35","5A2D","5A33","5A47","5A45","5A43","5A36","5A4E","",""
"2070","68464","A1BE","A1B7","A1C9","A1C3","A1BF","A1C3","A1B9","A1AF","A1B5","A1BB","A1B7","A1B5","A1B8","A1C0","",""
"2071","68480","E67D","E674","E686","E682","E67C","E680","E678","E66C","E672","E67A","E674","E672","E675","E67D","",""
"2072","68496","36CC","36D1","36E3","36D1","36D9","36DD","36D7","36C9","36CF","36C9","36D1","36CF","36D2","36CA","",""
"2073","68512","7D86","7D89","7D8B","7D83","7D89","7D8D","7D81","7D81","7D77","7D7B","7D81","7D7F","7D7A","7D8A","",""
"2074","68528","C6D3","C6C4","C6D6","C6D0","C6D4","C6D8","C6CE","C6BC","C6C2","C6C8","C6CC","C6BA","C6C5","C6C5","",""
"2075","68544","1290","128F","12A1","128D","128F","1293","128B","1287","128D","1285","1287","1285","1290","1290","",""
"2076","68568","59D2","59CF","59E1","59F5","59F5","59F9","59DD","59C7","59CD","59ED","59ED","59DB","59D0","59E6","",""
"2077","68584","9AF2","9AED","9AFF","9AF5","9AF3","9AF7","9AFD","9AE5","9AEB","9AED","9AEB","9AE9","9AEE","9AF4","",""
"2078","68600","DBD1","DBCA","DBCC","DBC4","DBD0","DBD4","DBCC","DBC2","DBB8","DBBC","DBC8","DBC6","DBBB","DBC1","",""
"2079","68616","2217","220E","2220","221A","2214","2218","2212","2206","220C","2212","220C","220A","220F","2215","",""
"2080","68632","6B37","6B3C","6B3E","6B3A","6B42","6B46","6B32","6B34","6B2A","6B32","6B3A","6B28","6B2D","6B33","",""
"2081","68648","B720","B713","B725","B713","B719","B71D","B71B","B70B","B711","B70B","B711","B70F","B714","B71A","",""
"2082","68664","FDBC","FDBD","FDBF","FDBF","FDC3","FDC7","FDB7","FDB5","FDAB","FDB7","FDBB","FDA9","FDAE","FDB4","",""
"2083","68680","47C8","47C7","47C9","47E1","47E3","47E7","47C3","47BF","47B5","47D9","47DB","47C9","47B8","47D4","",""
"2084","68696","92E0","92CD","92DF","92D9","92D9","92DD","92DB","92C5","92CB","92D1","92D1","92CF","92CE","92DA","",""
"2085","68712","0645","0640","0652","064E","064C","0650","0640","0638","063E","0646","0644","0642","0641","063D","",""
"2086","68736","317A","3183","3185","3183","317F","3183","3185","317B","3171","317B","3177","3175","3174","3180","",""
"2087","68752","7EFD","7EF4","7F06","7F04","7EFE","7F02","7EF8","7EEC","7EF2","7EFC","7EF6","7EF4","7EF5","7EFF","",""
"2088","68768","CADF","CAD4","CAE6","CAE6","CADE","CAE2","CADA","CACC","CAD2","CADE","CAD6","CAD4","CAD5","CADF","",""
"2089","68784","120A","120D","120F","1227","122D","1231","1205","1205","11FB","121F","1225","1213","11FE","121E","",""
"2090","68800","5ACE","5ACF","5AD1","5ACB","5ACF","5AD3","5AC9","5AC7","5ABD","5AC3","5AC7","5AC5","5AC0","5AD0","",""
"2091","68816","A69A","A699","A6AB","A697","A699","A69D","A695","A691","A697","A68F","A691","A68F","A69A","A69A","",""
"2092","68832","ED3E","ED3B","ED4D","ED3B","ED3B","ED3F","ED39","ED33","ED39","ED33","ED33","ED31","ED3C","ED3C","",""
"2093","68848","3690","368B","368D","368D","368B","368F","368B","3683","3679","3685","3683","3681","367C","368C","",""
"2094","68864","7AC5","7ABE","7AD0","7AC2","7ACE","7AD2","7AC0","7AB6","7ABC","7ABA","7AC6","7AB4","7ABF","7ABF","",""
"2095","68880","B67B","B672","B684","B678","B682","B686","B676","B66A","B670","B670","B67A","B668","B673","B673","",""
"2096","68896","FFDD","FFE2","FFE4","FFF0","FFF8","FFFC","FFD8","FFDA","FFD0","FFE8","FFF0","FFEE","FFD3","FFF9","",""
"2097","68912","4B17","4B0A","4B1C","4B10","4B16","4B1A","4B12","4B02","4B08","4B08","4B0E","4AFC","4B0B","4B07","",""
"2098","68936","91EC","91ED","91EF","91E5","91E9","91ED","91E7","91E5","91DB","91DD","91E1","91DF","91DE","91EA","",""
"2099","68952","DAF3","DAF2","DB04","DAFC","DAFE","DB02","DAFE","DAEA","DAF0","DAF4","DAF6","DAF4","DAF3","DAFF","",""
"2100","68968","26EE","26EB","26ED","26E7","26E7","26EB","26E9","26E3","26D9","26DF","26DF","26DD","26DC","26E8","",""
"2101","68984","692B","6926","6928","6924","6922","6926","6926","691E","6914","691C","691A","6918","6917","6923","",""
"2102","69000","B746","B73F","B751","B75F","B75B","B75F","B741","B737","B73D","B757","B753","B751","B740","B75C","",""
"2103","69016","2E22","2E19","2E2B","2E1B","2E25","2E29","2E1D","2E11","2E17","2E13","2E1D","2E1B","2E1A","2E16","",""
"2104","69032","601C","6011","6023","6015","601D","6021","6017","6009","600F","600D","6015","6013","6012","601E","",""
"2105","69048","A67A","A67D","A67F","A683","A679","A67D","A675","A675","A66B","A67B","A671","A66F","A66E","A67A","",""
"2106","69064","EFD0","EFD1","EFD3","EFC9","EFCD","EFD1","EFCB","EFC9","EFBF","EFC1","EFC5","EFC3","EFC2","EFCE","",""
"2107","69080","3B8A","3B89","3B9B","3B93","3B95","3B99","3B85","3B81","3B87","3B8B","3B8D","3B7B","3B8A","3B86","",""
"2108","69104","8247","8244","8246","8240","8240","8244","8242","823C","8232","8238","8238","8236","8235","8241","",""
"2109","69120","CC15","CC10","CC22","CC24","CC32","CC36","CC10","CC08","CC0E","CC1C","CC2A","CC18","CC11","CC23","",""
"2110","69136","1756","174F","1761","1755","1761","1765","1751","1747","174D","174D","1759","1747","1750","1752","",""
"2111","69152","5DFD","5DF4","5E06","5DFC","5DF6","5DFA","5DF8","5DEC","5DF2","5DF4","5DEE","5DEC","5DF5","5DF7","",""
"2112","69168","9FC7","9FBC","9FCE","9FC6","9FCE","9FD2","9FC2","9FB4","9FBA","9FBE","9FC6","9FB4","9FBD","9FBF","",""
"2113","69184","E0AB","E0AE","E0B0","E0AA","E0B0","E0B4","E0A6","E0A6","E09C","E0A2","E0A8","E0A6","E09F","E0A1","",""
"2114","69200","26CA","26BB","26CD","26C9","26BD","26C1","26C5","26B3","26B9","26C1","26B5","26B3","26BC","26BE","",""
"2115","69216","7096","7095","7097","70AB","70AD","70B1","7091","708D","7083","70A3","70A5","70A3","7086","70AE","",""
"2116","69232","B4D0","B4CD","B4DF","B4D5","B4D5","B4D9","B4DB","B4C5","B4CB","B4CD","B4CD","B4CB","B4CE","B4D6","",""
"2117","69248","0520","051B","052D","0527","0525","0529","051B","0513","0519","051F","051D","051B","051C","0526","",""
"2118","69272","4BB2","4BBB","4BBD","4BB9","4BB5","4BB9","4BBD","4BB3","4BA9","4BB1","4BAD","4BAB","4BAC","4BB6","",""
"2119","69288","9509","9510","9512","9510","950A","950E","9504","9508","94FE","9508","9502","9500","9501","950B","",""
"2120","69304","1BED","1BF2","1BF4","1C2E","1C26","1C2A","1BE8","1BEA","1BE0","1C26","1C1E","1C1C","1BE3","1C27","",""
"2121","69320","3EE0","3ED3","3EE5","3F0B","3F11","3F15","3EDB","3ECB","3ED1","3F03","3F09","3F07","3ED4","3F12","",""
"2122","69336","8940","8941","8953","899B","898F","8993","893B","8939","893F","8993","8987","8985","8942","8990","",""
"2123","69352","D143","D132","D144","D13E","D140","D144","D13E","D12A","D130","D136","D138","D136","D133","D131","",""
"2124","69368","1B51","1B4E","1B50","1B86","1B86","1B8A","1B4C","1B46","1B3C","1B7E","1B7E","1B7C","1B3F","1B87","",""
"2125","69384","625C","6257","6259","6251","624F","6253","6257","624F","6245","6249","6247","6245","6248","6250","",""
"2126","69400","BF5C","BF55","BF67","BF9B","BF97","BF9B","BF57","BF4D","BF53","BF93","BF8F","BF8D","BF56","BF98","",""
"2127","69416","F768","F75F","F771","F7A1","F7AB","F7AF","F763","F757","F75D","F799","F7A3","F791","F760","F79C","",""
"2128","69440","40D7","40DC","40DE","411A","4112","4116","40E2","40D4","40CA","4112","410A","4108","40CD","4113","",""
"2129","69456","812D","8130","8132","814A","8150","8154","8128","8128","811E","8142","8148","8146","8121","8151","",""
"2130","69472","BE61","BE62","BE64","BE5E","BE62","BE66","BE5C","BE5A","BE50","BE56","BE5A","BE58","BE53","BE63","",""
"2131","69488","02B3","02B2","02C4","02B0","02B2","02B6","02AE","02AA","02B0","02A8","02AA","02A8","02B3","02B3","",""
"2132","69504","3197","3194","31A6","3194","3194","3198","3192","318C","3192","318C","318C","318A","3195","3195","",""
"2133","69520","CA84","CA7F","CA91","CABB","CAB9","CABD","CA7F","CA77","CA7D","CAB3","CAB1","CAAF","CA80","CABA","",""
"2134","69536","0019","0012","0024","005A","0056","005A","0014","000A","0010","0052","004E","004C","0013","0057","",""
"2135","69552","25DB","25E2","25E4","25FC","2606","260A","25E6","25DA","25D0","25F4","25FE","25FC","25D3","25F7","",""
"2136","69568","6F54","6F59","6F6B","6F6F","6F77","6F7B","6F5F","6F51","6F57","6F67","6F6F","6F6D","6F5A","6F78","",""
"2137","69584","B829","B82C","B82E","B854","B84A","B84E","B824","B824","B81A","B84C","B842","B840","B81D","B84B","",""
"2138","69600","0054","0055","0067","005F","0053","0057","004F","004D","0053","0057","004B","0049","0056","0054","",""
"2139","69616","8764","8763","8765","8799","879B","879F","875F","875B","8751","8791","8793","8791","8754","879C","",""
"2140","69632","B406","B403","B415","B445","B445","B449","B401","B3FB","B401","B43D","B43D","B43B","B404","B446","",""
"2141","69648","FC6F","FC6A","FC7C","FC8E","FC8C","FC90","FC6A","FC62","FC68","FC86","FC84","FC82","FC6B","FC8D","",""
"2142","69664","4A81","4A7A","4A7C","4A9A","4A96","4A9A","4A7C","4A72","4A68","4A92","4A8E","4A8C","4A6B","4A97","",""
"2143","69680","8F30","8F27","8F29","8F41","8F4B","8F4F","8F2B","8F1F","8F15","8F39","8F43","8F41","8F18","8F4C","",""
"2144","69704","D712","D717","D719","D713","D71B","D71F","D71D","D70F","D705","D70B","D713","D711","D708","D71C","",""
"2145","69720","32AA","329D","32AF","32E5","32DB","32DF","32A5","3295","329B","32DD","32D3","32D1","329E","32DC","",""
"2146","69736","6436","6437","6449","647B","647F","6483","6441","642F","6435","6473","6477","6465","6438","6470","",""
"2147","69752","B147","B146","B158","B16C","B16E","B172","B152","B13E","B144","B164","B166","B164","B147","B16F","",""
"2148","69768","FA99","FA96","FAA8","FAB8","FAB8","FABC","FA94","FA8E","FA94","FAB0","FAB0","FAAE","FA97","FAB9","",""
"2149","69784","43CB","43C6","43D8","43EA","43E8","43EC","43C6","43BE","43C4","43E2","43E0","43DE","43C7","43E9","",""
"2150","69800","8BFA","8C03","8C05","8C09","8C05","8C09","8C05","8BFB","8BF1","8C01","8BFD","8BFB","8BF4","8C06","",""
"2151","69816","B675","B66C","B66E","B674","B66E","B672","B670","B664","B65A","B66C","B666","B664","B65D","B66F","",""
"2152","69832","2C8D","2C82","2C94","2CC6","2CCE","2CD2","2C88","2C7A","2C80","2CBE","2CC6","2CB4","2C83","2CBF","",""
"2153","69848","6879","687C","688E","68BC","68C2","68C6","6884","6874","687A","68B4","68BA","68A8","687D","68B3","",""
"2154","69864","B10A","B10B","B10D","B12D","B131","B135","B105","B103","B0F9","B125","B129","B117","B0FC","B122","",""
"2155","69880","FA44","FA33","FA45","FA51","FA53","FA57","FA3F","FA2B","FA31","FA49","FA4B","FA49","FA34","FA54","",""
"2156","69896","43A3","43A0","43A2","43C0","43C0","43C4","439E","4398","438E","43B8","43B8","43B6","4391","43C1","",""
"2157","69920","8BA6","8BB1","8BB3","8BB3","8BB1","8BB5","8BB1","8BA9","8B9F","8BAB","8BA9","8BA7","8BA2","8BB2","",""
"2158","69936","E870","E869","E87B","E8E1","E8ED","E8F1","E86B","E861","E867","E8D9","E8E5","E8D3","E86A","E8DE","",""
"2159","69952","144E","1445","1457","146F","1469","146D","1449","143D","1443","1467","1461","145F","1446","146A","",""
"2160","69968","5D91","5D86","5D98","5DAC","5DB4","5DB8","5D8C","5D7E","5D84","5DA4","5DAC","5D9A","5D87","5DA5","",""
"2161","69984","A208","A20B","A21D","A233","A229","A22D","A213","A203","A209","A22B","A221","A21F","A20C","A22A","",""
"2162","70000","DE9A","DE8B","DE9D","DEAB","DEAF","DEB3","DE95","DE83","DE89","DEA3","DEA7","DE95","DE8C","DEA0","",""
"2163","70016","24B7","24A6","24B8","24CE","24D0","24D4","24B2","249E","24A4","24C6","24C8","24B6","24A7","24C1","",""
"2164","70032","6854","6851","6863","685B","685B","685F","684F","6849","684F","6853","6853","6851","6852","684C","",""
"2165","70048","F57D","F578","F58A","F5D4","F5D2","F5D6","F578","F570","F576","F5CC","F5CA","F5C8","F579","F5D3","",""
"2166","70072","25AC","25A5","25B7","2603","25FF","2603","25A7","259D","25A3","25FB","25F7","25F5","25A6","2600","",""
"2167","70088","5DEE","5DE5","5DF7","5E15","5E0F","5E13","5DE9","5DDD","5DE3","5E0D","5E07","5E05","5DE6","5E10","",""
"2168","70104","A126","A12B","A12D","A15D","A165","A169","A131","A123","A119","A155","A15D","A14B","A11C","A156","",""
"2169","70120","EA04","EA07","EA09","EA41","EA37","EA3B","E9FF","E9FF","E9F5","EA39","EA2F","EA2D","E9F8","EA38","",""
"2170","70136","322B","321C","322E","323E","3242","3246","3226","3214","321A","3236","323A","3228","321D","3233","",""
"2171","70152","A598","A597","A5A9","A5D5","A5D7","A5DB","A593","A58F","A595","A5CD","A5CF","A5CD","A598","A5D8","",""
"2172","70168","E181","E17E","E190","E1CE","E1CE","E1D2","E17C","E176","E17C","E1C6","E1C6","E1C4","E17F","E1CF","",""
"2173","70184","271A","2715","2717","2767","2765","2769","2715","270D","2703","275F","275D","275B","2706","2766","",""
"2174","70208","7329","7332","7334","736C","7368","736C","7334","732A","7320","7364","7360","735E","7323","7369","",""
"2175","70224","BB5E","BB65","BB67","BB77","BB81","BB85","BB69","BB5D","BB53","BB6F","BB79","BB67","BB56","BB72","",""
"2176","70240","FA88","FA8D","FA8F","FA91","FA89","FA8D","FA83","FA85","FA7B","FA89","FA81","FA7F","FA7E","FA8A","",""
"2177","70256","2A99","2A9C","2A9E","2AA8","2AAE","2AB2","2A94","2A94","2A8A","2AA0","2AA6","2AA4","2A8D","2AAF","",""
"2178","70272","9F61","9F62","9F74","9FA6","9FAA","9FAE","9F6C","9F5A","9F60","9F9E","9FA2","9F90","9F63","9F9B","",""
"2179","70288","DC27","DC26","DC38","DC7C","DC7E","DC82","DC32","DC1E","DC24","DC74","DC76","DC74","DC27","DC7F","",""
"2180","70304","23BD","23AA","23BC","23D2","23D2","23D6","23B8","23A2","23A8","23CA","23CA","23C8","23AB","23D3","",""
"2181","70320","6DF5","6DF0","6DF2","6E1A","6E28","6E2C","6DF0","6DE8","6DDE","6E12","6E20","6E0E","6DE1","6E19","",""
"2182","70344","B643","B64C","B64E","B668","B674","B678","B64E","B644","B63A","B660","B66C","B65A","B63D","B665","",""
"2183","70360","FF80","FF87","FF89","FF9B","FFA5","FFA9","FF8B","FF7F","FF75","FF93","FF9D","FF8B","FF78","FF96","",""
"2184","70376","59C3","59B8","59CA","59F8","5A00","5A04","59BE","59B0","59B6","59F0","59F8","59F6","59B9","5A01","",""
"2185","70392","8856","8849","885B","8885","888B","888F","8851","8841","8847","887D","8883","8881","884A","888C","",""
"2186","70408","D0BB","D0AC","D0BE","D0D0","D0D4","D0D8","D0B6","D0A4","D0AA","D0C8","D0CC","D0CA","D0AD","D0D5","",""
"2187","70424","19E8","19E7","19E9","1A07","1A09","1A0D","19E3","19DF","19D5","19FF","1A01","19EF","19D8","19FA","",""
"2188","70440","63AC","63A9","63BB","63CB","63CB","63CF","6395","63A1","63A7","63C3","63C3","63C1","63AA","63CC","",""
"2189","70456","AB53","AB5E","AB60","AB62","AB60","AB64","AB5E","AB56","AB4C","AB5A","AB58","AB56","AB4F","AB51","",""
"2190","70472","1D4D","1D46","1D58","1D86","1D92","1D96","1D48","1D3E","1D44","1D7E","1D8A","1D78","1D47","1D83","",""
"2191","70488","4012","4009","401B","405B","4065","4069","400D","4001","4007","4053","405D","405B","400A","4056","",""
"2192","70504","8C49","8C4E","8C50","8C72","8C6A","8C6E","8C44","8C46","8C3C","8C6A","8C62","8C60","8C3F","8C6B","",""
"2193","70528","D597","D59A","D59C","D5BA","D5B0","D5B4","D592","D592","D588","D5B2","D5A8","D5A6","D58B","D5B1","",""
"2194","70544","1ED0","1ED1","1EE3","1EF9","1EFD","1F01","1EDB","1EC9","1ECF","1EF1","1EF5","1EE3","1ED2","1EEE","",""
"2195","70560","66FA","66F9","66FB","66F3","66F5","66F9","66F5","66F1","66E7","66EB","66ED","66EB","66EA","66F6","",""
"2196","70576","B032","B01F","B031","B02B","B02B","B02F","B02D","B017","B01D","B023","B023","B021","B020","B02C","",""
"2197","70592","132D","1328","133A","1370","136E","1372","1338","1320","1326","1368","1366","1364","1329","136F","",""
"2198","70608","43F8","4401","4403","4435","4441","4445","4403","43F9","43EF","442D","4439","4427","43F2","4432","",""
"2199","70624","8C66","8C6D","8C6F","8C83","8C8D","8C91","8C61","8C65","8C5B","8C7B","8C85","8C83","8C5E","8C8E","",""
"2200","70640","D67D","D682","D684","D6AA","D6B2","D6B6","D678","D67A","D670","D6A2","D6AA","D6A8","D673","D6B3","",""
"2201","70656","1EF5","1EF8","1EFA","1F12","1F18","1F1C","1EF0","1EF0","1EE6","1F0A","1F10","1F0E","1EE9","1F19","",""
"2202","70680","6721","6722","6724","671E","6722","6726","671C","671A","6710","6716","671A","6718","6713","6723","",""
"2203","70696","C331","C330","C332","C3A2","C3A4","C3A8","C32C","C328","C31E","C39A","C39C","C39A","C321","C3A5","",""
"2204","70712","FC0A","FC07","FC09","FC2B","FC2B","FC2F","FC05","FBFF","FBF5","FC23","FC23","FC11","FBF8","FC1C","",""
"2205","70728","45B2","45AD","45BF","45CD","45CB","45CF","45AD","45A5","45AB","45C5","45C3","45C1","45AE","45CC","",""
"2206","70744","8322","831B","832D","8353","835F","8363","831D","8313","8319","834B","8357","8345","831C","8350","",""
"2207","70760","C4D2","C4D9","C4DB","C4E9","C4F3","C4F7","C4DD","C4D1","C4C7","C4E1","C4EB","C4E9","C4CA","C4E4","",""
"2208","70776","128B","1290","12A2","12A8","12B0","12B4","1296","1288","128E","12A0","12A8","1296","1291","12A1","",""
"2209","70792","5B9E","5B91","5BA3","5BB1","5BA7","5BAB","5B99","5B89","5B8F","5BA9","5B9F","5B9D","5B92","5BA8","",""
"2210","70808","D5A9","D5AA","D5AC","D5FC","D600","D604","D5A4","D5A2","D598","D5F4","D5F8","D5F6","D59B","D5F1","",""
"2211","70824","0A5C","0A5B","0A6D","0AAF","0AB1","0AB5","0A57","0A53","0A59","0AA7","0AA9","0AA7","0A5C","0AB2","",""
"2212","70840","4DBD","4DBA","4DCC","4DE0","4DE0","4DE4","4DB8","4DB2","4DB8","4DD8","4DD8","4DD6","4DBB","4DE1","",""
"2213","70864","9BFB","9BF6","9BF8","9C1E","9C2C","9C30","9BF6","9BEE","9BE4","9C16","9C24","9C12","9BE7","9C1D","",""
"2214","70880","E555","E54E","E560","E58E","E58A","E58E","E550","E546","E54C","E586","E582","E580","E54F","E58B","",""
"2215","70896","2D81","2D78","2D8A","2D90","2D9A","2D9E","2D7C","2D70","2D76","2D88","2D92","2D80","2D79","2D8B","",""
"2216","70912","8F01","8EF6","8F08","8F3A","8F42","8F46","8EFC","8EEE","8EF4","8F32","8F3A","8F28","8EF7","8F33","",""
"2217","70928","BF62","BF65","BF77","BFBB","BFC1","BFC5","BF6D","BF5D","BF63","BFB3","BFB9","BFA7","BF66","BFB2","",""
"2218","70944","0985","0986","0998","09DE","09E2","09E6","0990","097E","0984","09D6","09DA","09D8","0987","09D3","",""
"2219","70960","4CA8","4CA7","4CA9","4CD7","4CD9","4CDD","4CA3","4C9F","4C95","4CCF","4CD1","4CCF","4C98","4CDA","",""
"2220","70976","7A3F","7A3C","7A3E","7A3E","7A3E","7A42","7A3A","7A34","7A2A","7A36","7A36","7A34","7A2D","7A3F","",""
"2221","70992","BF0F","BF0A","BF0C","BF24","BF22","BF26","BF0A","BF02","BEF8","BF1C","BF1A","BF18","BEFB","BF23","",""
"2222","71016","11D9","11E2","11E4","11F4","1200","1204","11E4","11DA","11D0","11EC","11F8","11E6","11D3","11F1","",""
"2223","71032","9814","980B","981D","985F","9869","986D","980F","9803","9809","9857","9861","985F","980C","985A","",""
"2224","71048","BBC9","BBBE","BBD0","BBFE","BC06","BC0A","BBC4","BBB6","BBBC","BBF6","BBFE","BBEC","BBBF","BBF7","",""
"2225","71064","093B","092E","0940","0966","096C","0970","0936","0926","092C","095E","0964","0962","092F","096D","",""
"2226","71080","4D0C","4CFD","4D0F","4D21","4D25","4D29","4D07","4CF5","4CFB","4D19","4D1D","4D1B","4CFE","4D26","",""
"2227","71096","9735","9734","9746","9770","9772","9776","9730","972C","9732","9768","976A","9768","9735","9763","",""
"2228","71112","DE6D","DE6A","DE7C","DE68","DE78","DE7C","DE68","DE62","DE68","DE60","DE70","DE5E","DE6B","DE69","",""
"2229","71128","3993","398E","3990","39DE","39DC","39E0","398E","3986","397C","39D6","39D4","39D2","397F","39DD","",""
"2230","71144","73D5","73CE","73D0","740A","7406","740A","73D0","73C6","73BC","7402","73FE","73FC","73BF","7407","",""
"2231","71160","BD41","BD48","BD4A","BD7C","BD86","BD8A","BD4C","BD40","BD36","BD74","BD7E","BD6C","BD39","BD77","",""
"2232","71176","05B5","05AA","05BC","05C8","05D0","05D4","05B0","05A2","05A8","05C0","05C8","05B6","05AB","05C1","",""
"2233","71192","363B","363E","3640","3674","367A","367E","3636","3636","362C","366C","3672","3670","362F","366B","",""
"2234","71216","7D24","7D25","7D27","7D27","7D2B","7D2F","7D1F","7D1D","7D13","7D1F","7D23","7D21","7D16","7D1C","",""
"2235","71232","EC60","EC5F","EC61","EC97","EC99","EC9D","EC5B","EC57","EC4D","EC8F","EC91","EC8F","EC50","EC9A","",""
"2236","71248","196F","196C","197E","19A6","19A6","19AA","196A","1964","196A","199E","199E","199C","196D","19A7","",""
"2237","71264","6694","668F","66A1","66BB","66B9","66BD","669F","6687","668D","66B3","66B1","66AF","6690","66BA","",""
"2238","71280","AFE5","AFDE","AFF0","AFF6","B002","B006","AFE0","AFD6","AFDC","AFEE","AFFA","AFF8","AFDF","AFF3","",""
"2239","71296","FB68","FB5F","FB71","FB89","FB83","FB87","FB51","FB57","FB5D","FB81","FB7B","FB79","FB60","FB84","",""
"2240","71312","2759","274E","2760","275A","2752","2756","2754","2746","274C","2752","274A","2748","274F","2753","",""
"2241","71328","7181","7184","7186","7198","719E","71A2","717C","717C","7172","7190","7196","7184","7175","718F","",""
"2242","71344","FF0E","FF0F","FF21","FF4F","FF53","FF57","FF19","FF07","FF0D","FF47","FF4B","FF49","FF10","FF44","",""
"2243","71360","265C","265B","266D","2697","2699","269D","2667","2653","2659","268F","2691","268F","265C","269A","",""
"2244","71376","6EBF","6EBC","6EBE","6EE0","6EE0","6EE4","6EBA","6EB4","6EAA","6ED8","6ED8","6ED6","6EAD","6EE1","",""
"2245","71400","B80C","B807","B819","B827","B825","B829","B807","B7FF","B805","B81F","B81D","B81B","B808","B826","",""
"2246","71416","013A","0133","0145","0165","0161","0165","0135","012B","0131","015D","0159","0157","0134","0162","",""
"2247","71432","4968","495F","4971","4963","496D","4971","4963","4957","495D","495B","4965","4963","4960","495E","",""
"2248","71448","AAD5","AADA","AADC","AB44","AB4C","AB50","AAD0","AAD2","AAC8","AB3C","AB44","AB42","AACB","AB4D","",""
"2249","71464","D9C7","D9CA","D9DC","D9FC","DA02","DA06","D9D2","D9C2","D9C8","D9F4","D9FA","D9F8","D9CB","DA03","",""
"2250","71480","222E","222F","2231","224D","2251","2255","2229","2227","221D","2245","2249","2237","2220","2242","",""
"2251","71496","6696","6695","6697","66B5","66B7","66BB","6691","668D","6683","66AD","66AF","66AD","6686","66A8","",""
"2252","71512","B372","B36F","B383","B371","B371","B387","B36D","B367","B35D","B369","B369","B379","B360","B372","",""
"2253","71528","FCC2","FCCF","FCE1","FCC1","FCD1","FCD5","FCBD","FCC7","FCCD","FCB9","FCB7","FCC7","FCD0","FCD2","",""
"2254","71544","272D","2726","2738","272C","2738","273C","2728","271E","2724","2724","2730","271E","2727","2729","",""
"2255","71568","A06B","A062","A074","A0A4","A09E","A0A2","A066","A05A","A060","A09C","A096","A094","A063","A09F","",""
"2256","71584","DCDF","DCD4","DCE6","DD28","DD30","DD34","DCDA","DCCC","DCD2","DD20","DD28","DD26","DCD5","DD31","",""
"2257","71600","1CF8","1CEB","1CFD","1D11","1D17","1D1B","1CF3","1CE3","1CE9","1D09","1D0F","1D0D","1CEC","1D08","",""
"2258","71616","5B33","5B34","5B46","5B56","5B5A","5B5E","5B2E","5B2C","5B32","5B4E","5B52","5B40","5B35","5B4B","",""
"2259","71632","A41B","A41A","A42C","A43E","A440","A444","A416","A412","A418","A436","A438","A436","A41B","A441","",""
"2260","71648","EC2C","EC29","EC2B","EC29","EC29","EC2D","EC27","EC21","EC17","EC21","EC21","EC1F","EC1A","EC2A","",""
"2261","71664","6159","6154","6166","6190","618E","6192","6154","614C","6152","6188","6186","6184","6155","618F","",""
"2262","71680","9036","902F","9041","9077","9073","9077","9031","9027","902D","906F","906B","9069","9030","9074","",""
"2263","71696","DB41","DB38","DB4A","DB92","DB8C","DB90","DB3C","DB30","DB36","DB8A","DB84","DB82","DB39","DB8D","",""
"2264","71712","2284","229B","229D","22CD","22D5","22D9","227F","2293","2289","22C5","22CD","22CB","228C","22C6","",""
"2265","71728","6983","6986","6998","698A","6990","6994","698E","697E","6984","6982","6988","6986","6987","6981","",""
"2266","71752","ADB4","ADB5","ADC7","ADBB","ADBF","ADC3","ADBF","ADAD","ADB3","ADB3","ADB7","ADB5","ADB6","ADB0","",""
"2267","71768","FB89","FB88","FB9A","FB90","FB92","FB96","FB94","FB80","FB86","FB88","FB8A","FB88","FB89","FB93","",""
"2268","71784","6D83","6D80","6D92","6DC4","6DC4","6DC8","6D7E","6D78","6D7E","6DBC","6DBC","6DAA","6D81","6DB5","",""
"2269","71800","93F0","93EB","93ED","942B","9429","942D","93EB","93E3","93D9","9423","9421","941F","93DC","941A","",""
"2270","71816","DC4E","DC47","DC59","DC69","DC75","DC79","DC49","DC3F","DC45","DC61","DC6D","DC6B","DC48","DC66","",""
"2271","71832","259A","2591","25A3","25AF","25B9","25BD","2595","2589","258F","25A7","25B1","259F","2592","25AA","",""
"2272","71848","6ED9","6ECE","6EE0","6EEE","6EF6","6EFA","6ED4","6EC6","6ECC","6EE6","6EEE","6EEC","6ECF","6EE7","",""
"2273","71864","B6F4","B6E7","B6F9","B6F9","B6EF","B6F3","B6EF","B6DF","B6E5","B6F1","B6E7","B6E5","B6E8","B6F0","",""
"2274","71880","1C9F","1C90","1CA2","1C94","1C98","1C9C","1C9A","1C88","1C8E","1C8C","1C90","1C8E","1C91","1C99","",""
"2275","71896","4975","4974","4976","49B4","49B6","49BA","4970","496C","4962","49AC","49AE","499C","4965","49A7","",""
"2276","71920","8FF7","8FF4","8FF6","8FF6","8FF6","8FFA","8FF2","8FEC","8FE2","8FEE","8FEE","8FEC","8FE5","8FE7","",""
"2277","71936","D864","D85F","D861","D863","D861","D865","D85F","D857","D84D","D85B","D859","D857","D850","D862","",""
"2278","71952","2195","218E","21A0","2194","21A0","21A4","2190","2186","218C","218C","2198","2186","218F","2191","",""
"2279","71968","6ADF","6AD6","6AE8","6ADE","6AD8","6ADC","6ADA","6ACE","6AD4","6AD6","6AD0","6ACE","6AD7","6AD9","",""
"2280","71984","B419","B41E","B420","B418","B420","B424","B424","B416","B40C","B410","B418","B416","B40F","B421","",""
"2281","72000","F8E7","F8EA","F8FC","F8E6","F8EC","F8F0","F8F2","F8E2","F8E8","F8DE","F8E4","F8E2","F8EB","F8ED","",""
"2282","72016","46A0","46A1","46A3","469D","46A1","46A5","469B","4699","468F","4695","4699","4697","4692","46A2","",""
"2283","72032","8863","8852","8864","8860","8862","8866","885E","884A","8850","8858","885A","8858","8853","8853","",""
"2284","72048","C6A1","C69E","C6A0","C69E","C69E","C6A2","C69C","C696","C68C","C696","C696","C694","C68F","C69F","",""
"2285","72064","0F69","0F64","0F76","0F66","0F74","0F78","0F64","0F5C","0F62","0F5E","0F6C","0F5A","0F65","0F65","",""
"2286","72080","589A","58A3","58A5","58A7","58A3","58A7","58A5","589B","5891","589F","589B","5899","5894","58A4","",""
"2287","72104","A1EB","A1F2","A1F4","A1F8","A1F2","A1F6","A1F6","A1EA","A1E0","A1F0","A1EA","A1E8","A1E3","A1F3","",""
"2288","72120","EB1F","EB24","EB26","EB24","EB1C","EB20","EB1A","EB1C","EB12","EB1C","EB14","EB12","EB15","EB1D","",""
"2289","72136","3465","3468","347A","346A","3470","3474","3470","3460","3466","3462","3468","3466","3469","3471","",""
"2290","72152","7DA4","7DA5","7DB7","7DA9","7DAD","7DB1","7D9F","7D9D","7DA3","7DA1","7DA5","7DA3","7DA6","7D9E","",""
"2291","72168","F3D8","F3D7","F3D9","F3DD","F3DF","F3E3","F3D3","F3CF","F3C5","F3D5","F3D7","F3C5","F3C8","F3D0","",""
"2292","72184","235F","235C","236E","2364","2364","2368","235A","2354","235A","235C","235C","235A","235D","2355","",""
"2293","72200","6C5A","6C55","6C57","6C4F","6C5D","6C61","6C55","6C4D","6C43","6C47","6C55","6C43","6C46","6C4E","",""
"2294","72216","B595","B59E","B5A0","B59A","B5A6","B5AA","B5A0","B596","B58C","B592","B59E","B58C","B58F","B597","",""
"2295","72232","FEE0","FED7","FED9","FED5","FEDF","FEE3","FEDB","FECF","FEC5","FECD","FED7","FEC5","FEC8","FED0","",""
"2296","72248","43B1","43B6","43C8","43B6","43BE","43C2","43BC","43AE","43B4","43AE","43B6","43B4","43B7","43AF","",""
"2297","72272","9153","9156","9168","9158","915E","9162","915E","914E","9154","9150","9156","9154","9157","915F","",""
"2298","72288","DA9B","DA8C","DA9E","DA90","DA94","DA98","DA96","DA84","DA8A","DA88","DA8C","DA8A","DA8D","DA95","",""
"2299","72304","23E1","23E0","23E2","23E6","23E8","23EC","23DC","23D8","23CE","23DE","23E0","23CE","23D1","23D9","",""
"2300","72320","659F","659C","65AE","659E","659E","65A2","659A","6594","659A","6596","6596","6594","659D","659F","",""
"2301","72336","A3E2","A3DD","A3DF","A3E1","A3DF","A3E3","A3DD","A3D5","A3CB","A3D9","A3D7","A3D5","A3CE","A3E0","",""
"2302","72352","ECB4","ECAD","ECAF","ECB3","ECAF","ECB3","ECAF","ECA5","EC9B","ECAB","ECA7","ECA5","EC9E","ECB0","",""
"2303","72368","35DE","35E5","35E7","35DD","35E7","35EB","35D9","35DD","35D3","35D5","35DF","35DD","35D6","35D8","",""
"2304","72384","7F31","7F26","7F38","7F30","7F28","7F2C","7F2C","7F1E","7F24","7F28","7F20","7F1E","7F27","7F29","",""
"2305","72400","C85A","C85D","C86F","C869","C85F","C863","C865","C855","C85B","C861","C857","C855","C85E","C860","",""
"2306","72416","11B4","11A5","11B7","11B3","11A7","11AB","11AF","119D","11A3","11AB","119F","119D","11A6","11A8","",""
"2307","72440","5AF4","5AE3","5AF5","5AF3","5AF5","5AF9","5AEF","5ADB","5AE1","5AEB","5AED","5ADB","5AE4","5AE6","",""
"2308","72456","D368","D365","D377","D367","D367","D36B","D363","D35D","D363","D35F","D35F","D35D","D366","D368","",""
"2309","72472","02ED","02E8","02FA","02EC","02EA","02EE","02D6","02E0","02E6","02D2","02E2","02E0","02E9","02EB","",""
"2310","72488","4BEC","4BE5","4C09","4BEB","4BF7","4C0D","4BE7","4BDD","4BE3","4BE3","4BEF","4BDD","4BE6","4BE8","",""
"2311","72504","90B5","90AC","90BE","90B4","90BE","90C2","90B0","90A4","90AA","90AC","90B6","90A4","90AD","90AF","",""
"2312","72520","DE73","DE8A","DE8C","DE72","DE8C","DE90","DE7E","DE70","DE78","DE6A","DE72","DE82","DE69","DE8D","",""
"2313","72536","2798","279B","27AD","279D","27A3","27A7","27A3","2793","2799","2795","279B","2799","279C","2794","",""
"2314","72552","70D2","70D3","70E5","70D7","70DB","70DF","70DD","70CB","70D1","70CF","70D3","70D1","70D4","70DC","",""
"2315","72568","BA30","BA2F","BA43","BA35","BA37","BA4D","BA2B","BA27","BA1D","BA2D","BA2F","BA1D","BA20","BA28","",""
"2316","72584","0364","0361","0385","0369","0369","036D","036F","0359","035F","0361","0361","035F","0362","036A","",""
"2317","72608","4536","4531","4543","4535","4533","4537","4531","4529","452F","452D","452B","4529","4532","4534","",""
"2318","72624","8356","834F","8361","8355","8361","8365","8351","8347","834D","834D","8359","8347","8350","8352","",""
"2319","72640","CC44","CC3B","CC3D","CC43","CC3D","CC41","CC3F","CC33","CC29","CC3B","CC35","CC33","CC2C","CC3E","",""
"2320","72656","1575","157A","157C","1574","157C","1580","1570","1572","1568","156C","1574","1572","156B","157D","",""
"2321","72672","5EB7","5EAA","5EBC","5EB6","5EBC","5EC0","5EB2","5EA2","5EA8","5EAE","5EB4","5EA2","5EAB","5EAD","",""
"2322","72688","A804","A7F5","A807","A803","A7F7","A7FB","A7FF","A7ED","A7F3","A7FB","A7EF","A7ED","A7F6","A7F8","",""
"2323","72704","F187","F186","F198","F186","F188","F18C","F182","F17E","F184","F17E","F180","F17E","F187","F189","",""
"2324","72720","3AE9","3AE6","3AF8","3AE8","3AE8","3AEC","3AE4","3ADE","3AE4","3AE0","3AE0","3ADE","3AE7","3AE9","",""
"2325","72736","C6A2","C69D","C6AF","C6DB","C6D9","C6DD","C69D","C695","C69B","C6D3","C6D1","C6CF","C69E","C6DA","",""
"2326","72760","D636","D63F","D641","D679","D675","D679","D641","D637","D62D","D671","D66D","D66B","D630","D676","",""
"2327","72776","245E","2455","2467","248B","2495","2499","2459","244D","2453","2483","248D","248B","2456","2496","",""
"2328","72792","6C7C","6C71","6C83","6C99","6CA1","6CA5","6C77","6C69","6C6F","6C91","6C99","6C87","6C72","6C92","",""
"2329","72808","B734","B737","B749","B77B","B771","B775","B73F","B72F","B735","B773","B769","B767","B738","B772","",""
"2330","72824","FE47","FE48","FE4A","FE4E","FE42","FE46","FE42","FE40","FE36","FE46","FE3A","FE38","FE39","FE43","",""
"2331","72840","482F","482E","4840","4856","4858","485C","482A","4826","482C","484E","4850","484E","482F","4849","",""
"2332","72856","90DF","90DC","90DE","90D6","90E6","90EA","90DA","90D4","90CA","90CE","90DE","90CC","90CD","90D7","",""
"2333","72872","DAB4","DAAF","DAC1","DADB","DAD9","DADD","DAAF","DAA7","DAAD","DAD3","DAD1","DACF","DAB0","DACA","",""
"2334","72888","1BD0","1BC9","1BDB","1BD1","1BDD","1BE1","1BCB","1BC1","1BC7","1BC9","1BD5","1BC3","1BCA","1BCE","",""
"2335","72904","5B2A","5B21","5B33","5B45","5B4F","5B53","5B25","5B19","5B1F","5B3D","5B47","5B35","5B22","5B40","",""
"2336","72920","A402","A3F7","A409","A41D","A415","A419","A3FD","A3EF","A3F5","A415","A40D","A40B","A3F8","A416","",""
"2337","72944","EC0F","EC12","EC24","EC1A","EC10","EC14","EC1A","EC0A","EC10","EC12","EC08","EC06","EC13","EC11","",""
"2338","72960","3DF6","3DF7","3DF9","3E33","3E37","3E3B","3DF1","3DEF","3DE5","3E2B","3E2F","3E1D","3DE8","3E28","",""
"2339","72976","7EFC","7EFB","7EFD","7EF9","7EFB","7EFF","7EF7","7EF3","7EE9","7EF1","7EF3","7EF1","7EEC","7EFC","",""
"2340","72992","CC66","CC63","CC75","CC63","CC73","CC77","CC61","CC5B","CC61","CC5B","CC6B","CC59","CC64","CC64","",""
"2341","73008","0CA1","0C9C","0CAE","0CAE","0CAC","0CB0","0CAC","0C94","0C9A","0CA6","0CA4","0CA2","0C9D","0C9D","",""
"2342","73024","5EF3","5EEC","5EFE","5EF0","5EFC","5F00","5EEE","5EE4","5EEA","5EE8","5EF4","5EE2","5EED","5EED","",""
"2343","73040","A409","A400","A412","A406","A400","A404","A404","A3F8","A3FE","A3FE","A3F8","A3F6","A401","A401","",""
"2344","73056","F1F6","F1EB","F1FD","F213","F20B","F20F","F1F1","F1E3","F1E9","F20B","F203","F201","F1EC","F20C","",""
"2345","73072","3B42","3B35","3B47","3B59","3B5F","3B63","3B3D","3B2D","3B33","3B51","3B57","3B45","3B36","3B50","",""
"2346","73088","8412","8403","8415","8409","840D","8411","840D","83FB","8401","8401","8405","8403","8404","840E","",""
"2347","73112","AE6B","AE6A","AE6C","AE62","AE64","AE68","AE66","AE62","AE58","AE5A","AE5C","AE5A","AE5B","AE65","",""
"2348","73128","DD60","DD5D","DD5F","DD57","DD67","DD6B","DD5B","DD55","DD4B","DD4F","DD5F","DD4D","DD4E","DD58","",""
"2349","73144","2638","2643","2645","2639","2647","264B","2643","263B","2631","2631","263F","262D","2634","2638","",""
"2350","73160","6F2A","6F23","6F25","6F2B","6F27","6F2B","6F25","6F1B","6F11","6F23","6F1F","6F1D","6F14","6F28","",""
"2351","73176","1632","1629","163B","1633","162D","1631","162D","1621","1627","162B","1625","1623","162A","162E","",""
"2352","73192","4F6F","4F64","4F76","4F8A","4F82","4F86","4F6A","4F5C","4F62","4F82","4F7A","4F78","4F65","4F83","",""
"2353","73208","9AA6","9A99","9AAB","9AC1","9AC7","9ACB","9AA1","9A91","9A97","9AB9","9ABF","9AAD","9A9A","9AB8","",""
"2354","73224","E2DB","E2DC","E2EE","E2E6","E2DA","E2DE","E2D6","E2D4","E2DA","E2DE","E2D2","E2D0","E2DD","E2DB","",""
"2355","73240","2C2A","2C29","2C4D","2C35","2C37","2C4D","2C25","2C21","2C39","2C2D","2C2F","2C1D","2C2A","2C28","",""
"2356","73264","6A30","6A2D","6A2F","6A2B","6A2B","6A2F","6A2B","6A25","6A1B","6A23","6A23","6A21","6A1E","6A2C","",""
"2357","73280","BEE8","BEE3","BEE5","BED1","BEE1","BEE5","BED1","BEDB","BED1","BEC9","BED9","BED7","BED4","BEE2","",""
"2358","73296","093A","0943","0945","097F","097B","097F","0945","093B","0931","0977","0973","0971","0934","097C","",""
"2359","73312","5141","515A","515C","5146","5162","5166","514C","5152","5148","513E","515A","5148","514B","5153","",""
"2360","73328","9302","92F7","9309","9307","92FF","9303","92FD","92EF","92F5","92FF","92F7","92F5","92F8","9300","",""
"2361","73344","D11A","D11D","D12F","D11F","D125","D129","D125","D115","D11B","D117","D11D","D11B","D11E","D116","",""
"2362","73360","1A0B","1A0C","1A1E","1A10","1A14","1A18","1A16","1A04","1A0A","1A08","1A0C","1A0A","1A0D","1A15","",""
"2363","73376","6351","6350","6352","6356","6358","635C","634C","6348","633E","634E","6350","633E","6341","6349","",""
"2364","73400","E731","E72E","E740","E770","E770","E774","E72C","E726","E72C","E768","E768","E766","E72F","E761","",""
"2365","73416","0FA4","0F9F","0FB1","0FDD","0FEB","0FEF","0F9F","0F97","0F9D","0FD5","0FE3","0FD1","0FA0","0FDC","",""
"2366","73432","5947","5940","5952","597A","5986","598A","5942","5938","593E","5972","597E","597C","5941","5977","",""
"2367","73448","A1B1","A1A8","A1BA","A1A4","A1AE","A1B2","A1AC","A1A0","A1A6","A19C","A1A6","A1A4","A1A9","A1AF","",""
"2368","73464","ECF8","ECED","ECFF","ED5F","ED67","ED6B","ECF3","ECE5","ECEB","ED57","ED5F","ED5D","ECEE","ED68","",""
"2369","73480","3243","3246","3258","3250","3246","324A","324E","323E","3244","3248","323E","323C","3247","3247","",""
"2370","73496","7A9D","7A9E","7AA0","7A9A","7A9E","7AA2","7A98","7A96","7A8C","7A92","7A96","7A94","7A8F","7A9F","",""
"2371","73512","BF9E","BF8D","BF9F","BF9B","BF9D","BFA1","BF99","BF85","BF8B","BF93","BF95","BF83","BF8E","BF8E","",""
"2372","73528","0D24","0D21","0D33","0D21","0D31","0D35","0D1F","0D19","0D1F","0D19","0D29","0D17","0D22","0D22","",""
"2373","73544","3A90","3A9B","3A9D","3A9D","3A9B","3A9F","3A9B","3A93","3A89","3A95","3A93","3A91","3A8C","3A9C","",""
"2374","73568","8407","8400","8402","8404","8400","8404","8402","83F8","83EE","83FC","83F8","83F6","83F1","8401","",""
"2375","73584","CCCA","CCD1","CCD3","CCD7","CCD1","CCD5","CCD5","CCC9","CCBF","CCCF","CCC9","CCC7","CCC2","CCD2","",""
"2376","73600","15FE","15F3","1605","15FB","1603","1607","15F9","15EB","15F1","15F3","15FB","15E9","15F4","15F4","",""
"2377","73616","732D","7320","7332","7364","736A","736E","7328","7318","731E","735C","7362","7350","7321","735B","",""
"2378","73632","AA5E","AA4F","AA61","AA8F","AA93","AA97","AA59","AA47","AA4D","AA87","AA8B","AA89","AA50","AA94","",""
"2379","73648","F35F","F35E","F370","F39A","F39C","F3A0","F36A","F356","F35C","F392","F394","F392","F35F","F39D","",""
"2380","73664","3B88","3B85","3B97","3BB3","3BB3","3BB7","3B83","3B7D","3B83","3BAB","3BAB","3B99","3B86","3BA4","",""
"2381","73680","864C","8647","8659","8691","868F","8693","8657","863F","8645","8689","8687","8685","8648","8690","",""
"2382","73696","CD62","CD5B","CD6D","CD67","CD63","CD67","CD5D","CD53","CD59","CD5F","CD5B","CD59","CD5C","CD64","",""
"2383","73712","1797","178E","17A0","17B8","17B2","17B6","1792","1786","178C","17B0","17AA","17A8","178F","17B3","",""
"2384","73736","6089","608E","60A0","60AA","60B2","60B6","6094","6086","608C","60A2","60AA","60A8","608F","60B3","",""
"2385","73752","A93E","A941","A943","A93F","A945","A949","A939","A939","A92F","A937","A93D","A92B","A932","A936","",""
"2386","73768","D036","D037","D049","D061","D055","D059","D031","D02F","D035","D059","D04D","D04B","D038","D056","",""
"2387","73784","0272","0271","0283","0277","0279","027D","027D","0269","026F","026F","0271","026F","0272","027A","",""
"2388","73800","4B76","4B73","4B85","4B7B","4B7B","4B7F","4B81","4B6B","4B71","4B73","4B73","4B71","4B74","4B7C","",""
"2389","73816","955F","955A","956C","9584","9582","9586","955A","9552","9558","957C","957A","9578","955B","9583","",""
"2390","73832","4673","466C","466E","46A2","46AE","46B2","466E","4664","465A","469A","46A6","4694","465D","469F","",""
"2391","73848","77FE","7805","7807","7837","7841","7845","77F9","77FD","77F3","782F","7839","7837","77F6","7832","",""
"2392","73864","C19E","C193","C1A5","C1D1","C1D9","C1DD","C199","C18B","C191","C1C9","C1D1","C1CF","C194","C1CA","",""
"2393","73880","0A05","0A08","0A1A","0A08","0A0E","0A12","0A10","0A00","0A06","0A00","0A06","0A04","0A09","0A0F","",""
"2394","73896","537C","537D","537F","53B9","53BD","53C1","5377","5375","536B","53B1","53B5","53A3","536E","53AE","",""
"2395","73912","9D17","9D16","9D28","9D4E","9D50","9D54","9D12","9D0E","9D14","9D46","9D48","9D46","9D17","9D51","",""
"2396","73936","FF80","FF7D","FF8F","FFC1","FFC1","FFC5","FF7B","FF75","FF7B","FFB9","FFB9","FFB7","FF7E","FFB2","",""
"2397","73952","2F87","2F82","2F94","2FC2","2FC0","2FC4","2F82","2F7A","2F80","2FBA","2FB8","2FB6","2F83","2FC1","",""
"2398","73968","7A11","7A1C","7A2E","7A78","7A74","7A78","7A0C","7A14","7A1A","7A70","7A6C","7A6A","7A1D","7A75","",""
"2399","73984","C17F","C186","C188","C184","C18E","C192","C18A","C17E","C174","C17C","C186","C174","C177","C17F","",""
"2400","74000","0AFF","0B04","0B06","0B3E","0B36","0B3A","0AFA","0AFC","0AF2","0B36","0B2E","0B2C","0AF5","0B37","",""
"2401","74016","4FE8","4FDB","4FED","5021","5027","502B","4FE3","4FD3","4FD9","5019","501F","500D","4FDC","5018","",""
"2402","74032","9C8F","9C90","9CA2","9CB8","9CBC","9CC0","9C9A","9C88","9C8E","9CB0","9CB4","9CB2","9C91","9CAD","",""
"2403","74048","07A9","07A8","07BA","07EC","07EE","07F2","07A4","07A0","07A6","07E4","07E6","07D4","07A9","07DF","",""
"2404","74064","2F82","2F7F","2F91","2FBF","2FBF","2FC3","2F7D","2F77","2F7D","2FB7","2FB7","2FB5","2F80","2FC0","",""
"2405","74088","7CA5","7CA0","7CB2","7CE0","7CDE","7CE2","7CA0","7C98","7C9E","7CD8","7CD6","7CD4","7CA1","7CDF","",""
"2406","74104","C849","C842","C844","C844","C840","C844","C844","C83A","C830","C83C","C838","C836","C833","C841","",""
"2407","74120","0E87","0E7E","0E90","0EBC","0EC6","0ECA","0E82","0E76","0E7C","0EB4","0EBE","0EBC","0E7F","0EB7","",""
"2408","74136","583E","5833","5845","587D","5875","5879","5839","582B","5831","5875","586D","586B","5834","5876","",""
"2409","74152","A2A8","A29B","A2AD","A2A7","A29D","A2A1","A2A3","A293","A299","A29F","A295","A293","A29C","A29E","",""
"2410","74168","E776","E777","E789","E775","E779","E77D","E781","E76F","E775","E76D","E771","E76F","E778","E77A","",""
"2411","74184","309B","309A","30AC","309A","309C","30A0","30A6","3092","3098","3092","3094","3092","309B","309D","",""
"2412","74200","7580","757D","758F","757F","757F","7583","757B","7575","757B","7577","7577","7575","757E","7580","",""
"2413","74216","B08E","B089","B08B","B08D","B08B","B08F","B089","B081","B077","B085","B083","B081","B07A","B08C","",""
"2414","74232","F991","F98A","F98C","F990","F98C","F990","F98C","F982","F978","F988","F984","F982","F97B","F98D","",""
"2415","74256","7AE1","7AD8","7AEA","7B1A","7B24","7B28","7ADC","7AD0","7AD6","7B12","7B1C","7B0A","7AD9","7B15","",""
"2416","74272","A5A3","A5A8","A5AA","A5E6","A5DE","A5E2","A59E","A5A0","A596","A5DE","A5D6","A5D4","A599","A5DF","",""
"2417","74288","F7E1","F7E4","F7F6","F81E","F824","F828","F7EC","F7DC","F7E2","F816","F81C","F81A","F7E5","F825","",""
"2418","74304","3FFF","3FF0","4002","401C","4020","4024","3FFA","3FE8","3FEE","4014","4018","4006","3FF1","4011","",""
"2419","74320","8C7F","8C7E","8C90","8C8C","8C8E","8C92","8C8A","8C76","8C7C","8C84","8C86","8C74","8C7F","8C7F","",""
"2420","74336","D300","D2FD","D2FF","D337","D337","D33B","D2FB","D2F5","D2EB","D32F","D32F","D32D","D2EE","D338","",""
"2421","74352","1C75","1C70","1C82","1CB6","1CB4","1CB8","1C80","1C68","1C6E","1CAE","1CAC","1CAA","1C71","1CB5","",""
"2422","74368","682D","6826","6838","684A","6856","685A","6828","681E","6824","6842","684E","683C","6827","6847","",""
"2423","74384","AC5A","AC51","AC63","AC57","AC61","AC65","AC55","AC49","AC4F","AC4F","AC59","AC57","AC52","AC52","",""
"2424","74400","D46E","D463","D475","D465","D46D","D471","D469","D45B","D461","D45D","D465","D463","D464","D46E","",""
"2425","74416","2144","2147","2149","2145","214B","214F","213F","213F","2135","213D","2143","2141","2138","213C","",""
"2426","74432","66C8","66C9","66CB","66C9","66CD","66D1","66C3","66C1","66B7","66C1","66C5","66B3","66BA","66BE","",""
"2427","74448","B02E","B02D","B02F","B02F","B031","B035","B029","B025","B01B","B027","B029","B027","B01E","B022","",""
"2428","74472","3473","3470","3472","34E8","34E8","34EC","346E","3468","345E","34E0","34E0","34DE","3461","34E9","",""
"2429","74488","5822","581D","581F","5851","585F","5863","581D","5815","580B","5849","5857","5845","580E","5850","",""
"2430","74504","A017","A020","A022","A036","A042","A046","A022","A018","A00E","A02E","A03A","A038","A011","A033","",""
"2431","74520","E642","E649","E64B","E67B","E685","E689","E63D","E641","E637","E673","E67D","E67B","E63A","E676","",""
"2432","74536","31F9","31FE","3200","3202","31FA","31FE","3204","31F6","31EC","31FA","31F2","31F0","31EF","31FB","",""
"2433","74552","7BE3","7BE6","7BE8","7BFC","7C02","7C06","7BDE","7BDE","7BD4","7BF4","7BFA","7BF8","7BD7","7C03","",""
"2434","74568","C46C","C45D","C46F","C465","C469","C46D","C467","C455","C45B","C45D","C461","C45F","C45E","C46A","",""
"2435","74584","0E64","0E63","0E65","0E89","0E8B","0E8F","0E5F","0E5B","0E51","0E81","0E83","0E71","0E54","0E7C","",""
"2436","74600","56F1","56EE","5700","56F0","56F0","56F4","56EC","56E6","56EC","56E8","56E8","56E6","56EF","56F1","",""
"2437","74616","7DFC","7DF7","7DF9","7E15","7E13","7E17","7DF7","7DEF","7DE5","7E0D","7E0B","7E09","7DE8","7E14","",""
"2438","74638","BC76","BC6F","BC71","BC8F","BC8B","BC8F","BC71","BC67","BC5D","BC87","BC83","BC81","BC60","BC8C","",""