"","","","","","","","","Instead of pressing the A button on the title screen, press Start instead","","","","","","Instead of pressing the A button on the title screen, press L instead","","",""
"#","Intro Time ms (GBA)","MONO/LR","MONO/L=A","MONO/HELP","STEREO/LR","STEREO/L=A","STEREO/HELP","MONO/LR, Start","MONO/L=A, Start","MONO/HELP, Start","STEREO/LR, Start","STEREO/L=A, Start","STEREO/HELP, Start","MONO/L=A, L","STEREO/L=A, L","",""
"1","33752","1190","118B","1197","1181","117F","117F","1185","1183","1183","117B","1181","1177","117C","118A","",""
"2","33768","3F91","3F8A","3F96","3FB2","3FAE","3FAE","3F86","3F82","3F82","3F9C","3FA0","3FA6","3F7B","3FA9","",""
"3","33784","95D2","95C9","95D5","95DD","95D7","95D7","95C7","95C1","95C1","95D7","95D9","95CF","95BA","95E2","",""
"4","33808","D527","D51C","D528","D53C","D534","D534","D51C","D514","D514","D536","D536","D52C","D51D","D53F","",""
"5","33824","1E61","1E64","1E70","1E82","1E78","1E78","1E56","1E5C","1E5C","1E7C","1E7A","1E70","1E55","1E83","",""
"6","33840","91BF","91B0","91BC","91C0","91B4","91B4","91B4","91A8","91A8","91AA","91B6","91AC","91B1","91BF","",""
"7","33856","CED9","CED8","CEE4","CEF4","CEF6","CEF6","CECE","CED0","CED0","CEEE","CEE8","CEEE","CEC9","CEF1","",""
"8","33872","16EF","16DC","16E8","16EA","16DA","16DA","16E4","16D4","16D4","16D4","16DC","16D2","16DD","16E5","",""
"9","33888","5FA6","5F91","5F9D","5F91","5F8F","5F8F","5F8B","5F89","5F89","5F8B","5F91","5F87","5F92","5F9A","",""
"10","33904","A8DD","A8D6","A8E2","A8D2","A8CE","A8CE","A8D2","A8CE","A8CE","A8CC","A8D0","A8C6","A8D7","A8D9","",""
"11","33920","EE2D","EE24","EE30","EE46","EE50","EE50","EE22","EE1C","EE1C","EE40","EE42","EE48","EE25","EE4B","",""
"12","33936","3B66","3B5B","3B67","3B5F","3B57","3B57","3B5B","3B53","3B53","3B59","3B59","3B4F","3B5C","3B62","",""
"13","33952","84A0","8493","849F","8499","848F","848F","8495","848B","848B","8493","8491","8487","8494","849A","",""
"14","33976","CDE7","CDD8","CDE4","CDE0","CDD4","CDD4","CDDC","CDD0","CDD0","CDDA","CDD6","CDCC","CDD9","CDDF","",""
"15","33992","1363","1352","135E","135C","135E","135E","1358","134A","134A","1356","1350","1356","1353","1359","",""
"16","34008","5BE7","5BE4","5BF0","5C00","5C00","5C00","5BDC","5BDC","5BDC","5BFA","5C02","5BF8","5BD5","5BFB","",""
"17","34024","A29F","A28A","A296","A298","A296","A296","A284","A282","A282","A282","A288","A28E","A28B","A291","",""
"18","34040","5128","5121","512D","5159","5155","5155","511D","5119","5119","5153","5157","514D","5112","5150","",""
"19","34056","7D05","7CFA","7D08","7D30","7D2A","7D2A","7CEA","7CF4","7CF2","7D2A","7D2C","7D22","7CED","7D35","",""
"20","34072","C60C","C601","C60D","C641","C639","C639","C601","C5F9","C5F9","C63B","C63B","C631","C602","C644","",""
"21","34088","0EF6","0EF9","0F05","0EF5","0EFB","0EFB","0EEB","0EF1","0EF1","0EEF","0EED","0EF3","0EEA","0EF6","",""
"22","34104","5A3A","5A2B","5A37","5AA7","5A9B","5A9B","5A2F","5A23","5A23","5AA1","5A9D","5A93","5A2C","5AA6","",""
"23","34120","9F91","9F80","9F8C","9F88","9F7A","9F7A","9F76","9F78","9F78","9F82","9F7C","9F72","9F81","9F85","",""
"24","34136","032F","032C","0338","0360","0360","0360","0324","0324","0324","035A","0362","0358","031D","035B","",""
"25","34160","2FD8","2FC3","2FCF","3001","2FFF","2FFF","2FBD","2FBB","2FBB","2FFB","3001","2FF7","2FC4","300A","",""
"26","34176","7D8C","7D85","7D91","7DBF","7DBB","7DBB","7D81","7D7D","7D7D","7DB9","7DBD","7DB3","7D76","7DB6","",""
"27","34192","C747","C73E","C74A","C784","C77E","C77E","C73C","C736","C736","C76E","C780","C776","C73F","C779","",""
"28","34208","0FD3","0FC8","0FD4","0FD0","0FC8","0FC8","0FC8","0FC0","0FC0","0FBA","0FCA","0FC0","0FC9","0FC3","",""
"29","34224","5935","5928","5934","595C","5962","5962","591A","5920","5920","5956","5954","595A","5919","595D","",""
"30","34240","A271","A262","A26E","A2A2","A296","A296","A256","A25A","A25A","A28C","A298","A28E","A253","A2A1","",""
"31","34256","081F","081E","082A","085A","085C","085C","0814","0816","0816","0854","084E","0854","080F","0857","",""
"32","34272","38D8","38C5","38D1","38FD","38FD","38FD","38BD","38BD","38BD","38F7","38FF","38F5","38C6","3908","",""
"33","34288","D668","D663","D66F","D667","D665","D665","D65D","D65B","D65B","D661","D667","D65D","D664","D660","",""
"34","34304","2073","206C","2078","20AC","20A8","20A8","2068","2064","2064","2096","209A","20A0","205D","20A3","",""
"35","34328","6998","698F","699B","69CB","69C5","69C5","697D","6987","6987","69B5","69C7","69BD","6980","69C0","",""
"36","34344","AF62","AF57","AF63","AF53","AF4B","AF4B","AF47","AF4F","AF4F","AF4D","AF4D","AF43","AF48","AF56","",""
"37","34360","A4BE","A4B1","A4BD","A4AF","A4B5","A4B5","A4B3","A4A9","A4A9","A4A9","A4B7","A4AD","A4B2","A4B0","",""
"38","34376","ED24","ED15","ED21","ED15","ED19","ED19","ED19","ED0D","ED0D","ED0F","ED1B","ED11","ED16","ED14","",""
"39","34392","3661","3650","365C","3652","3654","3654","3656","3648","3648","364C","3656","364C","3651","364F","",""
"40","34408","73BB","73B8","73C4","73BC","73BC","73BC","73B0","73B0","73B0","73B6","73AE","73B4","73B9","73B7","",""
"41","34424","B653","B63E","B64A","B644","B642","B642","B648","B636","B636","B63E","B644","B63A","B63F","B64D","",""
"42","34440","FF16","FF0F","FF1B","FF11","FF0D","FF0D","FF0B","FF07","FF07","FF0B","FF0F","FF05","FF10","FF18","",""
"43","34456","4865","485C","4868","4858","4852","4852","484A","4854","4854","4852","4854","484A","484D","485D","",""
"44","34472","C775","C76A","C776","C7B2","C7AA","C7AA","C76A","C762","C762","C79C","C7AC","C7A2","C76B","C7A5","",""
"45","34488","F445","F438","F444","F47C","F472","F472","F43A","F430","F430","F476","F474","F46A","F439","F47D","",""
"46","34512","3D58","3D59","3D65","3D89","3D8D","3D8D","3D4D","3D51","3D51","3D83","3D8F","3D85","3D4A","3D88","",""
"47","34528","862E","862D","8639","862F","8621","8621","8623","8625","8625","8619","8623","8619","861E","862C","",""
"48","34544","CFC3","CFB0","CFBC","CFF8","CFE8","CFE8","CFA8","CFA8","CFA8","CFE2","CFEA","CFE0","CFB1","CFF3","",""
"49","34560","1953","194E","195A","198C","198A","198A","1948","1946","1946","1976","197C","1982","193F","1985","",""
"50","34576","76C7","76C0","76CC","76C0","76BC","76BC","76BC","76B8","76B8","76BA","76BE","76B4","76C1","76C7","",""
"51","34592","FE3E","FE35","FE41","FE37","FE31","FE31","FE33","FE2D","FE2D","FE31","FE33","FE29","FE36","FE3C","",""
"52","34608","27B4","27A9","27B5","27AD","27A5","27A5","27A9","27A1","27A1","27A7","27A7","279D","27AA","27B0","",""
"53","34624","70A3","7096","70A2","709C","70A2","70A2","7098","708E","708E","7096","7094","709A","7097","709D","",""
"54","34640","B52E","B51F","B52B","B527","B51B","B51B","B523","B517","B517","B521","B51D","B513","B520","B526","",""
"55","34656","F87A","F869","F875","F873","F875","F875","F86F","F861","F861","F86D","F867","F86D","F86A","F870","",""
"56","34680","7F31","7F2E","7F3A","7F74","7F64","7F64","7F26","7F26","7F26","7F5E","7F66","7F5C","7F2F","7F6F","",""
"57","34696","A341","A32C","A338","A36E","A36C","A36C","A326","A324","A324","A368","A36E","A364","A32D","A367","",""
"58","34712","A341","A32C","A338","A36E","A36C","A36C","A326","A324","A324","A368","A36E","A364","A32D","A367","",""
"59","34728","EC5C","EC55","EC61","EC93","EC8F","EC8F","EC51","EC4D","EC4D","EC7D","EC81","EC87","EC46","EC8A","",""
"60","34744","35F5","35EC","35F8","3626","3620","3620","35EA","35E4","35E4","3620","3622","3618","35DD","361B","",""
"61","34760","7EAB","7EA0","7EAC","7EC6","7EBE","7EBE","7E90","7E98","7E98","7EB0","7EC0","7EB6","7E91","7EB9","",""
"62","34776","C757","C75A","C766","C776","C76C","C76C","C74C","C752","C752","C760","C76E","C764","C74B","C767","",""
"63","34792","10A1","1092","109E","10B0","10B4","10B4","1096","108A","108A","10AA","10B6","10AC","1093","10AF","",""
"64","34808","5A73","5A62","5A6E","5A7C","5A7E","5A7E","5A58","5A5A","5A5A","5A76","5A80","5A76","5A63","5A79","",""
"65","34824","A31D","A31A","A326","A346","A336","A336","A312","A312","A312","A330","A338","A32E","A31B","A341","",""
"66","34848","E452","E44D","E459","E44B","E449","E449","E447","E445","E445","E445","E44B","E441","E43E","E444","",""
"67","34864","23D5","23BE","23CA","23EE","23EA","23EA","23BA","23B6","23B6","23D8","23DC","23E2","23BF","23E5","",""
"68","34880","6B5B","6B52","6B5E","6B4E","6B48","6B48","6B50","6B4A","6B4A","6B48","6B4A","6B40","6B43","6B53","",""
"69","34896","B48D","B482","B48E","B48A","B482","B482","B482","B47A","B47A","B484","B484","B47A","B483","B48D","",""
"70","34912","52C3","52B6","52C2","52B0","52B6","52B6","52A8","52AE","52AE","52AA","52B8","52AE","52A7","52B1","",""
"71","34928","9BD7","9BD8","9BE4","9BD4","9BD8","9BD8","9BCC","9BD0","9BD0","9BCE","9BDA","9BD0","9BC9","9BD3","",""
"72","34944","E5C9","E5C8","E5D4","E5E0","E5E2","E5E2","E5BE","E5C0","E5C0","E5DA","E5D4","E5DA","E5B9","E5DD","",""
"73","34960","2E68","2E65","2E71","2E6F","2E5F","2E5F","2E5D","2E5D","2E5D","2E59","2E61","2E57","2E66","2E6A","",""
"74","34976","6C14","6BFF","6C0B","6C05","6C03","6C03","6C09","6BF7","6BF7","6BFF","6C05","6BFB","6C00","6C0E","",""
"75","34992","B5BF","B5B8","B5C4","B5DA","B5D6","B5D6","B5B4","B5B0","B5B0","B5D4","B5D8","B5CE","B5B9","B5D1","",""
"76","35008","FE74","FE6B","FE77","FE69","FE63","FE63","FE69","FE63","FE63","FE63","FE65","FE5B","FE6C","FE6E","",""
"77","35032","FE74","FE6B","FE77","FE69","FE63","FE63","FE69","FE63","FE63","FE63","FE65","FE5B","FE6C","FE6E","",""
"78","35048","2A29","2A1E","2A2A","2A22","2A1A","2A1A","2A1E","2A16","2A16","2A1C","2A1C","2A12","2A1F","2A25","",""
"79","35064","574B","574E","575A","5744","574A","574A","5740","5746","5746","573E","574C","5742","573F","5745","",""
"80","35080","A0F9","A0EA","A0F6","A10C","A100","A100","A0EE","A0E2","A0E2","A106","A102","A0F8","A0EB","A10B","",""
"81","35096","E9B4","E9B3","E9BF","E9D1","E9C3","E9C3","E9A9","E9AB","E9AB","E9BB","E9C5","E9BB","E9A4","E9CE","",""
"82","35112","9994","9991","999D","99A7","99A7","99A7","9989","9989","9989","99A1","99A9","999F","9992","99B2","",""
"83","35128","CAEA","CAE5","CAF1","CADD","CADB","CADB","CADF","CADD","CADD","CAD7","CADD","CAD3","CAD6","CAE6","",""
"84","35144","1796","177F","178B","1789","1785","1785","177B","1777","1777","1783","1787","177D","1780","1780","",""
"85","35160","5422","5419","5425","5435","542F","542F","5407","5411","5411","542F","5431","5427","540A","543A","",""
"86","35176","AD3F","AD34","AD40","AD32","AD2A","AD2A","AD24","AD2C","AD2C","AD2C","AD2C","AD22","AD25","AD35","",""
"87","35192","F33F","F332","F33E","F332","F338","F338","F334","F32A","F32A","F32C","F33A","F330","F333","F333","",""
"88","35216","3CA3","3C94","3CA0","3CA2","3C96","3C96","3C98","3C8C","3C8C","3C8C","3C98","3C8E","3C95","3CA1","",""
"89","35232","D95B","D95A","D966","D954","D956","D956","D950","D952","D952","D94E","D958","D94E","D94B","D951","",""
"90","35248","1AD8","1AC5","1AD1","1AD1","1AD1","1AD1","1ACD","1ABD","1ABD","1ACB","1AC3","1AC9","1AC6","1ACC","",""
"91","35264","5A89","5A84","5A90","5A82","5A80","5A80","5A7E","5A7C","5A7C","5A7C","5A82","5A78","5A85","5A8B","",""
"92","35280","A13F","A138","A144","A138","A134","A134","A134","A130","A130","A132","A136","A12C","A139","A13F","",""
"93","35296","E12B","E122","E12E","E124","E11E","E11E","E120","E11A","E11A","E11E","E120","E116","E123","E129","",""
"94","35312","5512","5507","5513","5507","54FF","54FF","5507","54FF","54FF","5501","5501","54F7","54F8","550A","",""
"95","35328","919E","91A1","91AD","91BD","91B3","91B3","9193","9199","9199","91A7","91B5","91AB","9192","91AE","",""
"96","35344","919E","91A1","91AD","91BD","91B3","91B3","9193","9199","9199","91A7","91B5","91AB","9192","91AE","",""
"97","35360","DAEC","DADD","DAE9","DB0B","DAFF","DAFF","DAE1","DAD5","DAD5","DB05","DB01","DAF7","DADE","DB0A","",""
"98","35376","2698","2687","2693","2687","2689","2689","267D","267F","267F","2681","268B","2681","2688","2684","",""
"99","35400","6CB2","6CAF","6CBB","6CAB","6CAB","6CAB","6CA7","6CA7","6CA7","6CA5","6CAD","6CA3","6CA0","6CA6","",""
"100","35416","A864","A85F","A86B","A867","A865","A865","A859","A857","A857","A861","A857","A85D","A860","A860","",""
"101","35432","FF39","FF32","FF3E","FF2C","FF28","FF28","FF2E","FF2A","FF2A","FF26","FF2A","FF20","FF23","FF33","",""
"102","35448","4C99","4C90","4C9C","4CB0","4CAA","4CAA","4C8E","4C88","4C88","4CAA","4CAC","4CA2","4C91","4CA5","",""
"103","35464","924F","9244","9250","926A","9262","9262","9244","923C","923C","9254","9264","925A","9235","925D","",""
"104","35480","BEE2","BED5","BEE1","BEDD","BED3","BED3","BED7","BECD","BECD","BED7","BED5","BECB","BED6","BEDE","",""
"105","35496","0B9F","0B90","0B9C","0B9A","0B8E","0B8E","0B94","0B88","0B88","0B94","0B90","0B86","0B91","0B99","",""
"106","35512","514C","513B","5147","5147","5139","5139","5141","5133","5133","5141","513B","5131","513C","5144","",""
"107","35528","9ABB","9AB8","9AC4","9AB6","9AB6","9AB6","9AB0","9AB0","9AB0","9AB0","9AA8","9AAE","9AA9","9AB1","",""
"108","35552","5173","516E","517A","519E","519C","519C","5168","5166","5166","5198","519E","5194","515F","51A7","",""
"109","35568","9AA3","9A9C","9AA8","9AD8","9AD4","9AD4","9A98","9A94","9A94","9AD2","9AD6","9ACC","9A8D","9ACF","",""
"110","35584","E417","E40E","E41A","E446","E450","E450","E40C","E406","E406","E440","E442","E448","E40F","E44B","",""
"111","35600","2D8A","2D7F","2D8B","2DC3","2DBB","2DBB","2D7F","2D77","2D77","2DBD","2DBD","2DB3","2D80","2DB6","",""
"112","35616","697F","6972","697E","6998","698E","698E","6974","696A","696A","6992","6990","6986","6973","6999","",""
"113","35632","9561","9552","955E","9574","9568","9568","9556","954A","954A","956E","956A","9560","9553","9573","",""
"114","35648","D97F","D97E","D98A","D9A2","D994","D994","D974","D976","D976","D98C","D996","D98C","D96F","D99F","",""
"115","35664","D97F","D97E","D98A","D9A2","D994","D994","D974","D976","D976","D98C","D996","D98C","D96F","D99F","",""
"116","35680","26F2","26EF","26FB","26F5","26E5","26E5","26E7","26E7","26E7","26DF","26E7","26DD","26E0","26F0","",""
"117","35704","56DA","56D5","56E1","56ED","56EB","56EB","56CF","56CD","56CD","56E7","56ED","56E3","56C6","56F6","",""
"118","35720","81A2","819B","81A7","81A5","81A1","81A1","8197","8193","8193","818F","8193","8199","819C","819C","",""
"119","35736","CAB3","CA9A","CAA6","CAA0","CA9A","CA9A","CA98","CA92","CA92","CA9A","CA9C","CA92","CA9B","CAA5","",""
"120","35752","1494","1489","1495","14AB","14A3","14A3","1489","1481","1481","14A5","14A5","149B","147A","14AE","",""
"121","35768","BA88","BA7B","BA87","BA8D","BA83","BA83","BA7D","BA73","BA73","BA77","BA85","BA7B","BA7C","BA7E","",""
"122","35784","F5E5","F5E6","F5F2","F5EA","F5DE","F5DE","F5DA","F5DE","F5DE","F5D4","F5E0","F5D6","F5D7","F5D9","",""
"123","35800","3F05","3F04","3F10","3EFA","3EFC","3EFC","3EFA","3EFC","3EFC","3EF4","3EFE","3EF4","3EF5","3EF7","",""
"124","35816","88E2","88DF","88EB","88F1","88F1","88F1","88D7","88D7","88D7","88EB","88F3","88E9","88D0","88EC","",""
"125","35832","D17F","D17A","D186","D17E","D16C","D16C","D174","D172","D172","D168","D16E","D164","D16B","D177","",""
"126","35848","1AC5","1ABE","1ACA","1AC4","1AC0","1AC0","1ABA","1AB6","1AB6","1AAE","1AB2","1AB8","1AAF","1ABB","",""
"127","35864","B98F","B986","B992","B98E","B988","B988","B984","B97E","B97E","B978","B97A","B980","B977","B983","",""
"128","35888","02B6","02AB","02B7","02A5","02AD","02AD","02AB","02A3","02A3","029F","029F","02A5","029C","02A8","",""
"129","35904","47DB","47CE","47DA","47F4","47EA","47EA","47D0","47C6","47C6","47EE","47EC","47E2","47CF","47F5","",""
"130","35920","9548","9539","9545","9541","9535","9535","953D","9531","9531","953B","9537","952D","953A","9540","",""
"131","35936","D23F","D23E","D24A","D242","D234","D234","D234","D236","D236","D22C","D236","D22C","D22F","D23F","",""
"132","35952","1C03","1C00","1C0C","1C20","1C10","1C10","1BF8","1BF8","1BF8","1C0A","1C12","1C08","1BF1","1C1B","",""
"133","35968","7A13","79FE","7A0A","7A00","79FE","79FE","79F8","79F6","79F6","79FA","7A00","79F6","79FF","7A09","",""
"134","35984","7A13","79FE","7A0A","7A00","79FE","79FE","79F8","79F6","79F6","79FA","7A00","79F6","79FF","7A09","",""
"135","36000","B172","B16B","B177","B16F","B16B","B16B","B167","B163","B163","B169","B16D","B163","B16C","B176","",""
"136","36016","FB1C","FB13","FB1F","FB39","FB33","FB33","FB11","FB0B","FB0B","FB33","FB35","FB2B","FB14","FB2E","",""
"137","36032","43E5","43DA","43E6","43D2","43DA","43DA","43CA","43D2","43D2","43CC","43CC","43D2","43CB","43D5","",""
"138","36056","8D14","8D07","8D13","8D0B","8D11","8D11","8D09","8CFF","8CFF","8D05","8D13","8D09","8D08","8D0C","",""
"139","36072","D650","D651","D65D","D651","D645","D645","D645","D649","D649","D64B","D647","D63D","D642","D650","",""
"140","36088","202C","202B","2037","2047","2039","2039","2021","2023","2023","2031","203B","2031","201C","2044","",""
"141","36104","6967","6954","6960","6982","6972","6972","695C","694C","694C","696C","6974","696A","6955","697D","",""
"142","36120","B252","B24D","B259","B24D","B24B","B24B","B247","B245","B245","B247","B24D","B243","B23E","B246","",""
"143","36136","F3BF","F3B8","F3C4","F3BA","F3B6","F3B6","F3B4","F3B0","F3B0","F3B4","F3B8","F3AE","F3B9","F3C1","",""
"144","36152","3208","31FF","320B","3203","31FD","31FD","31FD","31F7","31F7","31FD","31FF","31F5","3200","3208","",""
"145","36168","71AE","71A3","71AF","71A3","71AB","71AB","71A3","719B","719B","719D","719D","71A3","71A4","71A6","",""
"146","36184","4505","44F8","4504","451E","4514","4514","44FA","44F0","44F0","4518","4516","450C","44F9","451F","",""
"147","36200","7D5C","7D5D","7D69","7D55","7D59","7D59","7D51","7D55","7D55","7D4F","7D5B","7D51","7D4E","7D54","",""
"148","36216","C67A","C679","C685","C673","C675","C675","C66F","C671","C671","C66D","C677","C66D","C66A","C670","",""
"149","36240","0FAB","0F98","0FA4","0FA4","0F94","0F94","0F90","0F90","0F90","0F8E","0F96","0F8C","0F99","0F9F","",""
"150","36256","4DCF","4DBA","4DC6","4DC8","4DC6","4DC6","4DB4","4DB2","4DB2","4DB2","4DB8","4DBE","4DBB","4DC1","",""
"151","36272","9727","9710","971C","9714","9710","9710","970C","9708","9708","970E","9712","9708","9711","971B","",""
"152","36288","ECC1","ECA8","ECB4","ECC8","ECC2","ECC2","ECA6","ECA0","ECA0","ECC2","ECC4","ECBA","ECA9","ECCD","",""
"153","36304","ECC1","ECA8","ECB4","ECC8","ECC2","ECC2","ECA6","ECA0","ECA0","ECC2","ECC4","ECBA","ECA9","ECCD","",""
"154","36320","2B7D","2B72","2B7E","2B94","2B8C","2B8C","2B62","2B6A","2B6A","2B7E","2B8E","2B84","2B63","2B87","",""
"155","36336","740D","7400","740C","7404","73FA","73FA","73F2","73F8","73F8","73FE","73FC","73F2","73F1","7405","",""
"156","36352","9CC1","9CB2","9CBE","9CB8","9CBC","9CBC","9CB6","9CAA","9CAA","9CB2","9CBE","9CB4","9CB3","9CB7","",""
"157","36368","E680","E67F","E68B","E687","E679","E679","E675","E677","E677","E671","E67B","E671","E680","E684","",""
"158","36384","2F09","2EF6","2F02","2F00","2F00","2F00","2EEE","2EEE","2EEE","2EFA","2EF2","2EF8","2EF7","2EFB","",""
"159","36408","AA7B","AA76","AA82","AABC","AAAA","AAAA","AA70","AA6E","AA6E","AAA6","AAAC","AAA2","AA77","AAB5","",""
"160","36424","C8E7","C8E0","C8EC","C922","C91E","C91E","C8DC","C8D8","C8D8","C90C","C910","C916","C8D1","C919","",""
"161","36440","1683","167A","1686","16B8","16B2","16B2","1678","1672","1672","16B2","16B4","16AA","167B","16BD","",""
"162","36456","6040","6035","6041","606F","6067","6067","6035","602D","602D","6069","6069","605F","6036","6072","",""
"163","36472","A8AF","A8A2","A8AE","A8BE","A8C4","A8C4","A8A4","A89A","A89A","A8B8","A8C6","A8BC","A8A3","A8BF","",""
"164","36488","F1A4","F195","F1A1","F1B7","F1AB","F1AB","F199","F18D","F18D","F1B1","F1AD","F1A3","F196","F1B6","",""
"165","36504","909B","908A","9096","90A2","90A4","90A4","9080","9082","9082","909C","90A6","909C","908B","909F","",""
"166","36520","D9A2","D98F","D99B","D9B9","D9B9","D9B9","D987","D987","D987","D9B3","D9AB","D9B1","D990","D9B4","",""
"167","36536","1A9A","1A85","1A91","1A91","1A8F","1A8F","1A7F","1A7D","1A7D","1A8B","1A81","1A87","1A86","1A8A","",""
"168","36552","5942","593B","5947","5959","5955","5955","5937","5933","5933","5953","5957","594D","592C","5950","",""
"169","36576","957E","9575","9581","957F","9579","9579","9573","956D","956D","9579","957B","9571","9576","9574","",""
"170","36592","DEBD","DEB2","DEBE","DEB6","DEBE","DEBE","DEB2","DEAA","DEAA","DEB0","DEB0","DEB6","DEB3","DEB9","",""
"171","36608","2970","2963","296F","2989","297F","297F","2965","295B","295B","2983","2981","2977","2964","298A","",""
"172","36624","2970","2963","296F","2989","297F","297F","2965","295B","295B","2983","2981","2977","2964","298A","",""
"173","36640","7134","7125","7131","712D","7121","7121","7119","711D","711D","7117","7123","7119","7126","712C","",""
"174","36656","BA78","BA67","BA73","BA71","BA73","BA73","BA6D","BA5F","BA5F","BA6B","BA65","BA6B","BA68","BA6E","",""
"175","36672","FFDA","FFC7","FFD3","FFED","FFDD","FFDD","FFBF","FFBF","FFBF","FFD7","FFDF","FFD5","FFC8","FFE8","",""
"176","36688","4CFC","4CF7","4D03","4CFF","4CFD","4CFD","4CF1","4CEF","4CEF","4CF9","4CEF","4CF5","4CF8","4CF8","",""
"177","36704","9630","9629","9635","962D","9629","9629","9625","9621","9621","9627","962B","9621","962A","9634","",""
"178","36720","DFE6","DFDD","DFE9","E003","DFFD","DFFD","DFDB","DFD5","DFD5","DFFD","DFFF","DFF5","DFDE","E008","",""
"179","36744","28B8","28AD","28B9","28AF","28A7","28A7","28AD","28A5","28A5","28A9","28A9","289F","28AE","28B2","",""
"180","36760","720E","7201","720D","71FF","71F5","71F5","71F3","71F9","71F9","71F9","71F7","71ED","71F2","7200","",""
"181","36776","9F66","9F57","9F63","9F5B","9F5F","9F5F","9F5B","9F4F","9F4F","9F55","9F51","9F57","9F58","9F5A","",""
"182","36792","CEC8","CEC7","CED3","CEE7","CED9","CED9","CEBD","CEBF","CEBF","CED1","CEDB","CED1","CEB8","CEE4","",""
"183","36808","17C2","17BF","17CB","17DB","17DB","17DB","17B7","17B7","17B7","17D5","17CD","17D3","17B0","17D6","",""
"184","36824","6014","600F","601B","600D","600B","600B","6009","6007","6007","6007","600D","6003","6000","6006","",""
"185","36840","1203","11FC","1208","1216","1212","1212","11F8","11F4","11F4","1210","1214","120A","11FD","121D","",""
"186","36856","9A7C","9A73","9A7F","9A8F","9A89","9A89","9A71","9A6B","9A6B","9A89","9A8B","9A81","9A64","9A94","",""
"187","36872","906E","9063","906F","9091","9089","9089","9063","905B","905B","907B","908B","9081","9064","9084","",""
"188","36888","DC1A","DC0D","DC19","DC1D","DC13","DC13","DC0F","DC05","DC05","DC07","DC15","DC0B","DC0E","DC0E","",""
"189","36904","5DE1","5DE2","5DEE","5DE4","5DD8","5DD8","5DD6","5DDA","5DDA","5DDE","5DDA","5DD0","5DD3","5DE3","",""
"190","36928","B527","B526","B532","B544","B536","B536","B51C","B51E","B51E","B52E","B538","B52E","B517","B541","",""
"191","36944","B527","B526","B532","B544","B536","B536","B51C","B51E","B51E","B52E","B538","B52E","B517","B541","",""
"192","36960","01FE","01FB","0207","021B","021B","021B","01F3","01F3","01F3","0215","021D","0213","01FC","0216","",""
"193","36976","4746","4741","474D","4743","4741","4741","473B","4739","4739","473D","4733","4739","4732","473C","",""
"194","36992","88CD","88C6","88D2","88CA","88C6","88C6","88C2","88BE","88BE","88C4","88C8","88BE","88C7","88D1","",""
"195","37008","CA38","CA2F","CA3B","CA35","CA2F","CA2F","CA2D","CA27","CA27","CA2F","CA31","CA27","CA30","CA2A","",""
"196","37024","0FD1","0FC6","0FD2","0FBE","0FC6","0FC6","0FB6","0FBE","0FBE","0FB8","0FB8","0FBE","0FB7","0FC1","",""
"197","37040","5944","5937","5943","5941","5937","5937","5939","592F","592F","592B","5939","592F","5938","5932","",""
"198","37056","C9B7","C9B8","C9C4","C9B4","C9B8","C9B8","C9AC","C9B0","C9B0","C9AE","C9AA","C9B0","C9A9","C9B3","",""
"199","37072","05C7","05C6","05D2","05FE","0600","0600","05BC","05BE","05BE","05F8","05F2","05F8","05B7","05FB","",""
"200","37088","4A1E","4A1B","4A27","4A25","4A15","4A15","4A13","4A13","4A13","4A0F","4A17","4A0D","4A1C","4A20","",""
"201","37104","A1DC","A1D7","A1E3","A20D","A20B","A20B","A1D1","A1CF","A1CF","A207","A20D","A203","A1C8","A206","",""
"202","37128","DF98","DF91","DF9D","E00D","E009","E009","DF8D","DF89","DF89","DFF7","DFFB","E001","DF92","E004","",""
"203","37144","8412","8409","8415","8451","844B","844B","8407","8401","8401","844B","844D","8443","840A","8446","",""
"204","37160","BCAB","BCA0","BCAC","BCE4","BCDC","BCDC","BCA0","BC98","BC98","BCCE","BCDE","BCD4","BCA1","BCD7","",""
"205","37176","0DD0","0DC3","0DCF","0E03","0DF9","0DF9","0DC5","0DBB","0DBB","0DFD","0DFB","0DF1","0DC4","0E04","",""
"206","37192","3B18","3B19","3B25","3B1B","3B0F","3B0F","3B0D","3B11","3B11","3B05","3B11","3B07","3B0A","3B1A","",""
"207","37208","2FEF","2FEE","2FFA","2FF2","2FE4","2FE4","2FE4","2FE6","2FE6","2FEC","2FE6","2FDC","2FDF","2FEF","",""
"208","37224","8733","8720","872C","8760","8760","8760","8728","8718","8718","875A","8762","8758","8721","875B","",""
"209","37240","C39E","C399","C3A5","C3D5","C3D3","C3D3","C393","C391","C391","C3CF","C3D5","C3CB","C38A","C3CE","",""
"210","37264","C39E","C399","C3A5","C3D5","C3D3","C3D3","C393","C391","C391","C3CF","C3D5","C3CB","C38A","C3CE","",""
"211","37280","0DE8","0DE1","0DED","0E19","0E15","0E15","0DDD","0DD9","0DD9","0E13","0E17","0E0D","0DD2","0E10","",""
"212","37296","67E3","67DA","67E6","681E","6818","6818","67D8","67D2","67D2","6818","681A","6810","67DB","6813","",""
"213","37312","9B30","9B25","9B31","9B65","9B6D","9B6D","9B25","9B2B","9B1D","9B5F","9B5D","9B65","9B26","9B68","",""
"214","37328","E47F","E472","E47E","E4AE","E4A4","E4A4","E474","E46A","E46A","E4A8","E4A6","E49C","E473","E4AF","",""
"215","37344","2E23","2E24","2E30","2E56","2E5A","2E5A","2E18","2E1C","2E1C","2E50","2E5C","2E52","2E15","2E55","",""
"216","37360","76C9","76B8","76C4","76DC","76DE","76DE","76BE","76B0","76B0","76D6","76E0","76D6","76B9","76D9","",""
"217","37376","BFA0","BF8D","BF99","BFAD","BFAD","BFAD","BF95","BF85","BF85","BFA7","BFAF","BFA5","BF8E","BFA8","",""
"218","37392","0A33","0A2C","0A3A","0A6A","0A68","0A68","0A28","0A24","0A26","0A64","0A68","0A60","0A2F","0A63","",""
"219","37408","521F","5218","5224","5230","522C","522C","5214","5210","5210","522A","522E","5224","5209","5237","",""
"220","37424","9AA8","9A9F","9AAB","9AA9","9AA3","9AA3","9A9D","9A97","9A97","9A93","9A95","9A9B","9AA0","9A9E","",""
"221","37448","C4CE","C4C3","C4CF","C4DF","C4D7","C4D7","C4B3","C4BB","C4BB","C4D9","C4D9","C4CF","C4B4","C4E2","",""
"222","37464","0F91","0F84","0F90","0F82","0F88","0F88","0F76","0F7C","0F7C","0F7C","0F7A","0F80","0F75","0F83","",""
"223","37480","5777","5768","5774","5770","5772","5774","576C","5760","5760","576A","5766","576C","5769","576F","",""
"224","37496","4149","4138","4144","413C","413E","413E","413E","4130","4130","4136","4140","4136","4139","4139","",""
"225","37512","779C","7789","7795","778F","778F","778F","7781","7781","7781","7789","7791","7785","778A","778A","",""
"226","37528","B457","B452","B45E","B45A","B458","B458","B44C","B44A","B44A","B454","B45A","B450","B453","B453","",""
"227","37544","FE47","FE40","FE4C","FE5E","FE5A","FE5A","FE3C","FE38","FE38","FE58","FE5C","FE52","FE41","FE55","",""
"228","37560","513B","5132","513E","5166","5160","5160","5130","512A","512A","5160","5162","5158","5123","516B","",""
"229","37576","513B","5132","513E","5166","5160","5160","5130","512A","512A","5160","5162","5158","5123","516B","",""
"230","37592","915D","9152","915E","9192","918A","918A","9152","914A","9148","918C","918C","9182","9153","9195","",""
"231","37616","F4DE","F4D1","F4DD","F50B","F501","F501","F4C3","F4C9","F4C9","F505","F503","F4F9","F4C2","F50C","",""
"232","37632","2495","2496","24A2","24CC","24E2","24E2","248A","248E","248E","24C6","24D4","24DA","2487","24DD","",""
"233","37648","6DED","6DDC","6DE8","6E30","6E22","6E22","6DD2","6DD4","6DD4","6E08","6E24","6E1A","6DDD","6E2D","",""
"234","37664","B5E5","B5D2","B5DE","B5F6","B5F4","B5F6","B5DA","B5CA","B5CA","B5F0","B5F8","B5EE","B5D3","B601","",""
"235","37680","FF65","FF60","FF6C","FF80","FF6E","FF6E","FF5A","FF58","FF58","FF6A","FF70","FF66","FF51","FF79","",""
"236","37696","43BA","43B3","43BF","43D5","43CF","43D1","43AF","43AB","43AB","43CF","43D3","43C9","43A4","43CC","",""
"237","37712","90C9","90C0","90CC","90BE","90B8","90B8","90BE","90B8","90B8","90B8","90BA","90B0","90B1","90C3","",""
"238","37728","F3E5","F3DA","F3E6","F3FA","F3F2","F3F2","F3CA","F3D2","F3D2","F3F4","F3F4","F3EA","F3CB","F3FD","",""
"239","37744","212F","2132","213E","2134","2128","212A","2124","212A","212A","211E","212C","2120","2123","2125","",""
"240","37760","6A34","6A35","6A41","6A33","6A37","6A37","6A29","6A2D","6A2D","6A2D","6A29","6A2F","6A26","6A32","",""
"241","37784","08E3","08E2","08EE","08DC","08DE","08DE","08D8","08DA","08DA","08D6","08E0","08D6","08D3","08D9","",""
"242","37800","521A","5217","5223","5223","5213","5213","520F","520F","520F","520D","5215","520B","5218","521E","",""
"243","37816","9B74","9B5F","9B6B","9B6D","9B6B","9B6B","9B69","9B57","9B57","9B67","9B5D","9B63","9B60","9B66","",""
"244","37832","E542","E53B","E547","E555","E551","E551","E537","E533","E533","E54F","E553","E549","E52C","E54C","",""
"245","37848","48FA","48F1","48FD","4921","492B","492B","48DF","48E9","48E9","491B","491D","4923","48E2","4926","",""
"246","37864","8966","895B","8967","89D1","89C9","89C9","895B","8953","8953","89CB","89CB","89C1","895C","89D4","",""
"247","37880","CF79","CF7C","CF88","CF94","CF9A","CF9A","CF6E","CF74","CF74","CF8E","CF9C","CF92","CF6B","CF95","",""
"248","37896","CF79","CF7C","CF88","CF94","CF9A","CF9A","CF6E","CF74","CF74","CF8E","CF9C","CF92","CF6B","CF95","",""
"249","37912","6152","6153","615F","6167","616B","616B","6147","614B","614B","6161","616D","6163","6144","6166","",""
"250","37928","8CD9","8CD8","8CE4","8CFE","8CF0","8CF0","8CCE","8CD0","8CD0","8CE8","8CF2","8CE8","8CC9","8CFB","",""
"251","37944","DAFC","DAE9","DAF5","DB0B","DB0B","DB0B","DAE1","DAE1","DAE1","DB05","DAFD","DB03","DAEA","DB06","",""
"252","37968","23B4","239F","23AB","23CD","23BB","23BB","2399","2397","2397","23B7","23BD","23B3","23A0","23C6","",""
"253","37984","6C76","6C6F","6C7B","6C6D","6C6B","6C6B","6C6B","6C65","6C67","6C69","6C6D","6C63","6C6E","6C76","",""
"254","38000","B69A","B691","B69D","B6B3","B6AD","B6AD","B67F","B689","B689","B69D","B6AF","B6A5","B682","B6A8","",""
"255","38016","FEAD","FEA2","FEAE","FEA0","FEA8","FEA8","FEA2","FE9A","FE9A","FE9A","FE9A","FEA0","FEA3","FEA3","",""
"256","38032","62CB","62BE","62CA","62C6","62BE","62BE","62C0","62B6","62B6","62C2","62C0","62B6","62BD","62C9","",""
"257","38048","92A0","9291","929D","92BD","92B1","92B1","9295","9289","9289","92B7","92B3","92A9","9292","92BC","",""
"258","38064","DA93","DA92","DA9E","DA8E","DA92","DA92","DA88","DA8A","DA8A","DA8A","DA84","DA8A","DA83","DA8D","",""
"259","38080","23E3","23DE","23EC","23E0","23E0","23E0","23D8","23D8","23D8","23DA","23D2","23D8","23D1","23DB","",""
"260","38096","C300","C2FB","C307","C317","C315","C315","C2F5","C2F3","C2F3","C311","C317","C30D","C2FC","C310","",""
"261","38112","359D","3596","35A2","3608","3604","3604","3592","358E","358E","3602","3606","35FC","3587","35FF","",""
"262","38128","5A9A","5A91","5A9D","5ACF","5AC9","5AC9","5A8F","5A89","5A89","5AB9","5ACB","5AC1","5A82","5AC4","",""
"263","38152","A3E9","A3DE","A3EA","A418","A410","A410","A3CE","A3D6","A3D6","A412","A412","A408","A3CF","A41B","",""
"264","38168","DBCD","DBC0","DBCC","DBEC","DBE2","DBE2","DBC2","DBB8","DBB8","DBD6","DBE4","DBDA","DBC1","DBDD","",""
"265","38184","2952","2953","295F","2971","2965","2965","2947","294B","294B","295B","2967","295D","2942","2960","",""
"266","38200","7289","7278","7284","7298","729A","729A","726E","7270","7270","7292","729C","7292","7279","7295","",""
"267","38216","7289","7278","7284","7298","729A","729A","726E","7270","7270","7292","729C","7292","7279","7295","",""
"268","38232","BC39","BC36","BC42","BC58","BC48","BC48","BC2E","BC2E","BC2E","BC42","BC4A","BC40","BC27","BC53","",""
"269","38248","051B","0506","0512","0534","0532","0532","0510","04FE","04FE","052E","0524","052A","0505","052D","",""
"270","38264","4D91","4D9C","4DA8","4D8A","4D98","4D98","4D86","4D92","4D94","4D84","4D9A","4D90","4D8D","4D93","",""
"271","38280","9078","906F","907B","9091","908B","908B","906D","9067","9067","908B","908D","9083","9060","9086","",""
"272","38296","CD8C","CD81","CD8D","CD85","CD7D","CD7D","CD81","CD79","CD79","CD7F","CD7F","CD75","CD82","CD88","",""
"273","38320","1661","1654","1660","1664","165A","165A","1656","164C","164C","164E","165C","1652","1655","1655","",""
"274","38336","60A6","6097","60A3","60B9","60BD","60BD","609B","608D","608F","60B3","60BF","60B5","6096","60B8","",""
"275","38352","A8E6","A8E5","A8F1","A8E7","A8D9","A8D9","A8DB","A8DD","A8DD","A8D1","A8DB","A8D1","A8D6","A8E2","",""
"276","38368","F224","F221","F22D","F225","F215","F215","F219","F219","F219","F20F","F217","F20D","F212","F21E","",""
"277","38384","3C29","3C24","3C30","3C44","3C42","3C42","3C1E","3C1C","3C1C","3C3E","3C34","3C3A","3C25","3C3B","",""
"278","38400","849F","8488","8494","849A","8496","8496","8484","8480","8480","8484","8488","848E","8489","8491","",""
"279","38416","1EE3","1EDA","1EE6","1EF8","1EF2","1EF2","1ED8","1ED2","1ED2","1EF2","1EF4","1EEA","1EDB","1EFD","",""
"280","38432","6BFB","6BF0","6BFC","6BFA","6BF2","6BF2","6BF0","6BE8","6BE8","6BF4","6BF4","6BEA","6BF1","6BFD","",""
"281","38448","B542","B535","B541","B541","B535","B537","B537","B52D","B52D","B52B","B539","B52F","B536","B532","",""
"282","38464","FE8D","FE8E","FE9A","FE96","FE8A","FE8A","FE82","FE86","FE86","FE80","FE8C","FE82","FE7F","FE93","",""
"283","38480","1C33","1C22","1C2E","1C3A","1C3C","1C3C","1C18","1C1A","1C1A","1C34","1C3E","1C34","1C23","1C37","",""
"284","38504","4B29","4B26","4B32","4B3A","4B3A","4B3A","4B1E","4B1E","4B1E","4B34","4B3C","4B32","4B17","4B35","",""
"285","38520","9393","938E","939A","9394","9392","9392","9388","9386","9386","937E","9384","938A","937F","938D","",""
"286","38536","9393","938E","939A","9394","9392","9392","9388","9386","9386","937E","9384","938A","937F","938D","",""
"287","38552","DCFB","DCF4","DD00","DD06","DD02","DD02","DCF0","DCEC","DCEC","DD00","DD04","DCFA","DCE5","DD0D","",""
"288","38568","87FF","87E6","87F2","87EA","87F4","87F4","87E4","87DE","87DE","87E4","87E6","87EC","87E7","87EF","",""
"289","38584","BEFB","BEF0","BEFC","BEE6","BEEE","BEEE","BEE0","BEE8","BEE8","BEE0","BEE0","BEE6","BEE1","BEE9","",""
"290","38600","0A69","0A5C","0A68","0A84","0A8A","0A8A","0A5E","0A54","0A54","0A7E","0A7C","0A82","0A5D","0A85","",""
"291","38616","52FE","52EF","52FB","52F9","52ED","52ED","52F3","52E7","52E7","52E3","52EF","52E5","52F0","52F8","",""
"292","38632","9CA8","9C97","9CA3","9CA1","9C93","9C93","9C9D","9C8F","9C8F","9C9B","9C95","9C8B","9C98","9C9E","",""
"293","38648","E63B","E638","E644","E64E","E64E","E64E","E630","E630","E630","E648","E650","E646","E629","E649","",""
"294","38664","2EF9","2EF4","2F00","2EFC","2EFA","2EFA","2EEE","2EEC","2EEC","2EE6","2EEC","2EF2","2EF5","2EF5","",""
"295","38688","6CD8","6CD1","6CDD","6CCB","6CC7","6CC7","6CCD","6CC9","6CC9","6CC5","6CC9","6CBF","6CC2","6CD2","",""
"296","38704","C167","C15E","C16A","C15A","C154","C154","C15C","C156","C156","C154","C156","C14C","C14F","C15F","",""
"297","38720","0318","030D","0319","031B","0313","0313","030D","0305","0305","0305","0315","030B","030E","030E","",""
"298","38736","942C","942F","943B","942F","9425","9425","9421","9427","9427","9429","9427","941D","9420","9430","",""
"299","38752","DE06","DDF7","DE03","DE13","DE17","DE17","DDFB","DDEF","DDEF","DE0D","DE19","DE0F","DDF8","DE12","",""
"300","38768","558A","5589","5595","55C1","55C3","55C3","557F","5581","5581","55BB","55B5","55BB","557A","55BE","",""
"301","38784","8472","845F","846B","84A3","84A3","84A3","8467","8457","8457","849D","84A5","849B","8460","849E","",""
"302","38800","C14E","C149","C155","C189","C187","C187","C143","C141","C141","C183","C179","C17F","C14A","C182","",""
"303","38816","C150","C149","C155","C18B","C187","C187","C145","C141","C141","C175","C179","C17F","C14A","C182","",""
"304","38832","0A2C","0A23","0A2F","0A27","0A21","0A21","0A21","0A1B","0A1B","0A21","0A23","0A19","0A24","0A1C","",""
"305","38856","539F","5394","53A0","53D4","53CC","53CC","5394","538C","538C","53CE","53CE","53C4","5395","53D7","",""
"306","38864","9D30","9D23","9D2F","9D5F","9D65","9D65","9D25","9D1B","9D1B","9D59","9D67","9D5D","9D24","9D60","",""
"307","38880","E40B","E40C","E418","E40A","E40E","E40E","E400","E404","E404","E404","E400","E406","E3FD","E409","",""
"308","38896","2C74","2C63","2C6F","2C63","2C65","2C65","2C59","2C5B","2C5B","2C5D","2C67","2C5D","2C64","2C60","",""
"309","38920","75A5","7592","759E","7592","7592","7592","758A","758A","758A","758C","7594","758A","7593","759D","",""
"310","38936","A07B","A076","A082","A078","A076","A076","A070","A06E","A06E","A062","A068","A06E","A067","A071","",""
"311","38952","EE5B","EE54","EE60","EE58","EE54","EE54","EE50","EE4C","EE4C","EE52","EE56","EE4C","EE45","EE4F","",""
"312","38968","371A","3711","371D","3717","3711","3711","370F","3709","3709","3711","3713","3709","3712","371C","",""
"313","38984","8059","804E","805A","8046","804E","804E","803E","8046","8046","8040","8040","8046","803F","8049","",""
"314","39000","00FD","00F0","00FC","0134","012A","012A","00F2","00E8","00E8","012E","012C","0122","00F1","0135","",""
"315","39016","37D1","37D2","37DE","3812","3806","3806","37C6","37CA","37CA","37FC","3808","37FE","37C3","3801","",""
"316","39032","D6BF","D6AE","D6BA","D6F4","D6E6","D6E6","D6B4","D6A6","D6A6","D6DE","D6E8","D6DE","D6AF","D6F1","",""
"317","39048","1F36","1F33","1F3F","1F5B","1F5B","1F5B","1F2B","1F2B","1F2B","1F55","1F4D","1F53","1F34","1F56","",""
"318","39064","6853","683E","684A","6862","6860","6860","6838","6836","6836","685C","6862","6858","683F","685B","",""
"319","39080","B1AE","B1A7","B1B3","B1CD","B1C9","B1C9","B1A3","B19F","B19F","B1B7","B1BB","B1C1","B198","B1C4","",""
"320","39096","CFA5","CF9C","CFA8","CFBE","CFB8","CFB8","CF9A","CF94","CF94","CFB8","CFBA","CFB0","CF9D","CFC3","",""
"321","39112","1A2A","1A1F","1A2B","1A67","1A5F","1A5F","1A1F","1A17","1A17","1A61","1A61","1A57","1A20","1A5A","",""
"322","39128","4577","456A","4576","4574","456A","456A","456C","4562","4562","456E","456C","4562","456B","4575","",""
"323","39144","4577","456A","4576","4574","456A","456A","456C","4562","4562","456E","456C","4562","456B","4575","",""
"324","39160","7413","7404","7410","7430","7424","7424","7408","73FC","73FC","741A","7426","741C","7405","742F","",""
"325","39176","B8A1","B890","B89C","B8B6","B8B8","B8B8","B896","B888","B888","B8B0","B8AA","B8B0","B891","B8B3","",""
"326","39192","055A","0557","0563","0559","0549","0549","054F","054F","054F","0531","054B","0541","0548","0554","",""
"327","39208","BDAC","BDA7","BDB3","BDE5","BDE3","BDE3","BDA1","BD9F","BD9F","BDDF","BDE5","BDDB","BDA8","BDDE","",""
"328","39224","E85D","E856","E862","E89A","E896","E896","E852","E84E","E84E","E884","E888","E88E","E857","E891","",""
"329","39240","3177","316E","317A","319E","31A8","31A8","315C","3166","3166","3198","319A","31A0","315F","31A3","",""
"330","39264","7A58","7A4D","7A59","7A4F","7A57","7A57","7A4D","7A45","7A45","7A49","7A49","7A4F","7A4E","7A52","",""
"331","39280","C3C3","C3B6","C3C2","C3F4","C3EA","C3EA","C3B8","C3AE","C3AE","C3EE","C3EC","C3E2","C3B7","C3F5","",""
"332","39296","0D66","0D57","0D63","0D8B","0D8F","0D8F","0D4B","0D4F","0D4F","0D85","0D91","0D87","0D48","0D8A","",""
"333","39312","7504","74F3","74FF","753D","752F","752F","74F9","74EB","74EB","7527","7531","7527","74F4","753A","",""
"334","39328","9FD6","9FD3","9FDF","A013","A013","A013","9FCB","9FCB","9FCB","A00D","A005","A00B","9FD4","A00E","",""
"335","39344","3D75","3D70","3D7C","3D70","3D6E","3D6E","3D6A","3D68","3D68","3D6A","3D60","3D66","3D61","3D69","",""
"336","39360","88AC","88A5","88B1","891B","8917","8917","88A1","889D","889D","8915","8919","890F","8896","8912","",""
"337","39376","CD0C","CD03","CD0F","CD0B","CD05","CD05","CD01","CCFB","CCFB","CD05","CD07","CCFD","CD04","CD10","",""
"338","39392","3375","336A","3376","33A8","33B0","33B0","336A","3362","3362","33A2","33A2","33A8","336B","33AB","",""
"339","39408","5033","5026","5032","506A","5060","5060","5028","501E","501E","5064","5062","5058","5027","506B","",""
"340","39424","9E08","9DF9","9E05","9E39","9E4F","9E4F","9DFD","9DF1","9DF1","9E33","9E2F","9E47","9DFA","9E38","",""
"341","39440","E99C","E99B","E9A7","E9D7","E9D9","E9D9","E991","E993","E993","E9D1","E9CB","E9D1","E98C","E9D4","",""
"342","39456","E99C","E99B","E9A7","E9D7","E9D9","E9D9","E991","E993","E993","E9D1","E9CB","E9D1","E98C","E9D4","",""
"343","39480","33AB","3398","33A4","33A6","3396","3396","33A0","3390","3390","3390","3398","338E","3399","33A1","",""
"344","39496","7B7D","7B78","7B84","7BB2","7BB0","7BB0","7B72","7B70","7B70","7BAC","7BA2","7BA8","7B69","7BAB","",""
"345","39512","C4BF","C4B8","C4C4","C4EE","C4EA","C4EA","C4B4","C4B0","C4B0","C4E8","C4EC","C4E2","C4B9","C4F5","",""
"346","39528","1030","1027","1033","1069","1063","1063","1025","101F","101F","1063","1065","105B","1028","105E","",""
"347","39544","552B","5520","552C","5524","551C","551C","5520","5518","5518","551E","551E","5514","5521","5527","",""
"348","39560","9602","95F5","9601","95FB","9601","9601","95F7","95ED","95ED","95F5","95F3","95F9","95F6","95FC","",""
"349","39584","B7BC","B7AD","B7B9","B7AF","B7B3","B7B3","B7B1","B7A5","B7A5","B7A9","B7B5","B7AB","B7AE","B7AE","",""
"350","39600","FEFF","FEFE","FF0A","FEFC","FEFE","FEFE","FEF4","FEF6","FEF6","FEF6","FF00","FEF6","FEEF","FEF9","",""
"351","39616","47EA","47D7","47E3","47E5","47E5","47E5","47DF","47CF","47CF","47DF","47D7","47DD","47D8","47E0","",""
"352","39632","EBDC","EBC7","EBD3","EC4B","EC39","EC39","EBC1","EBBF","EBBF","EC35","EC3B","EC31","EBC8","EC44","",""
"353","39648","1AE0","1AD9","1AE5","1B09","1B05","1B05","1AD5","1AD1","1AD1","1B03","1B07","1AFD","1ACA","1B10","",""
"354","39664","B223","B21A","B226","B236","B240","B240","B218","B212","B212","B230","B232","B238","B21B","B23B","",""
"355","39680","023B","0230","023C","022E","0236","0236","0230","0228","0228","0228","0228","022E","0231","0231","",""
"356","39704","4B3E","4B31","4B3D","4B7B","4B71","4B71","4B33","4B29","4B29","4B65","4B73","4B69","4B32","4B6C","",""
"357","39720","946F","9470","947C","94A6","94AA","94AA","9464","9468","9468","94A0","94AC","94A2","9461","94A5","",""
"358","39736","D3F7","D3F6","D402","D428","D42A","D42A","D3EC","D3EE","D3EE","D422","D42C","D422","D3E7","D425","",""
"359","39752","1A6A","1A67","1A73","1A8B","1A8B","1A8B","1A5F","1A5F","1A5F","1A85","1A7D","1A83","1A68","1A86","",""
"360","39768","4244","423F","424B","4235","4233","4233","4239","4237","4237","422F","4235","422B","4230","423E","",""
"361","39784","4244","423F","424B","4235","4233","4233","4239","4237","4237","422F","4235","422B","4230","423E","",""
"362","39808","6D40","6D29","6D35","6D3B","6D37","6D37","6D25","6D21","6D21","6D25","6D29","6D2F","6D2A","6D32","",""
"363","39824","B48E","B485","B491","B493","B48D","B48D","B483","B47D","B47D","B47D","B48F","B485","B486","B488","",""
"364","39840","FD77","FD6C","FD78","FD6C","FD74","FD74","FD6C","FD64","FD64","FD66","FD66","FD6C","FD6D","FD6F","",""
"365","39856","966D","9660","966C","9698","969E","969E","9662","9658","9658","9692","9690","9696","9661","9699","",""
"366","39872","BE69","BE5A","BE66","BE92","BE96","BE96","BE5E","BE52","BE52","BE8C","BE98","BE8E","BE5B","BE91","",""
"367","39888","099B","098A","0996","0A02","0A04","0A04","0990","0982","0982","09FC","0A06","09FC","098B","09FF","",""
"368","39904","5070","506D","5079","508B","508B","508B","5065","5065","5065","5085","508D","5083","505E","5086","",""
"369","39920","995A","9955","9961","996F","996D","996D","994F","994D","994D","9969","996F","9965","9946","9968","",""
"370","39936","DE0C","DDF5","DE01","DE21","DE1D","DE1D","DDF1","DDED","DDED","DE1B","DE1F","DE15","DDF6","DE18","",""
"371","39960","2C48","2C3F","2C4B","2C67","2C61","2C61","2C3D","2C37","2C37","2C61","2C63","2C59","2C40","2C5C","",""
"372","39976","750E","7503","750F","751D","7525","7525","7503","74FB","74FB","7517","7517","751D","74F4","7520","",""
"373","39992","D5BB","D5BE","D5CA","D5DA","D5D0","D5D0","D5B0","D5B6","D5B6","D5D4","D5D2","D5C8","D5AF","D5DB","",""
"374","40008","121C","121D","1229","121B","120F","120F","1211","1215","1215","1215","1211","1207","120E","121A","",""
"375","40024","59E9","59E8","59F4","59E2","59E4","59E4","59DE","59E0","59E0","59DC","59E6","59DC","59D9","59DF","",""
"376","40040","A342","A32F","A33B","A335","A335","A335","A337","A327","A327","A32F","A337","A32D","A330","A330","",""
"377","40056","05ED","05D8","05E4","05E0","05DE","05DE","05E2","05D0","05D0","05DA","05E0","05D6","05D9","05D9","",""
"378","40080","4AF5","4AEE","4AFA","4AF2","4AEE","4AEE","4AEA","4AE6","4AE6","4AEC","4AF0","4AE6","4AEF","4AE9","",""
"379","40096","942A","9411","941D","9417","9411","9411","940F","9409","9409","9411","9413","9409","9412","941C","",""
"380","40112","942A","9411","941D","9417","9411","9411","940F","9409","9409","9411","9413","9409","9412","941C","",""
"381","40128","DE06","DDFB","DE07","DE17","DE0F","DE0F","DDFB","DDF3","DDF3","DE11","DE11","DE07","DDEC","DE1A","",""
"382","40144","26F2","26E5","26F1","26ED","26F3","26F3","26E7","26DD","26DD","26E7","26E5","26EB","26E6","26EE","",""
"383","40160","7077","7068","7074","708C","7090","7090","706C","7060","7060","7086","7092","7088","7069","708B","",""
"384","40176","B927","B926","B932","B92C","B91E","B91E","B91C","B91E","B91E","B926","B920","B916","B927","B929","",""
"385","40192","FE19","FE16","FE22","FE0C","FE0C","FE0C","FE0E","FE0E","FE0E","FE06","FE0E","FE04","FE07","FE17","",""
"386","40208","4BAB","4BA6","4BB2","4BAE","4BAC","4BAC","4BA0","4B9E","4B9E","4B98","4B9E","4BA4","4BA7","4BA7","",""
"387","40232","5A9C","5A95","5AA1","5AB9","5AB5","5AB5","5A91","5A8D","5A8D","5AA3","5AA7","5AAD","5A96","5AB0","",""
"388","40248","85AB","8592","859E","85B2","85AC","85AC","8590","858A","858A","85AC","85AE","85A4","8593","85B7","",""
"389","40264","CDAE","CDA3","CDAF","CDA5","CD9D","CD9D","CDA3","CD9B","CD9B","CD9F","CD9F","CD95","CD94","CDA8","",""
"390","40280","1709","16FC","1708","171A","1710","1710","16FE","16F4","16F4","1714","1712","1708","16FD","171B","",""
"391","40296","B97C","B96D","B979","B969","B96D","B96D","B961","B965","B965","B963","B96F","B965","B95E","B968","",""
"392","40312","492E","492D","4939","494B","494D","494D","4923","4925","4925","4945","494F","4945","491E","4948","",""
"393","40328","91F2","91DF","91EB","91EF","91DF","91DF","91E7","91D7","91D7","91D9","91E1","91D7","91E0","91EA","",""
"394","40344","D98F","D98A","D996","D98C","D98A","D98A","D984","D982","D982","D986","D98C","D982","D98B","D985","",""
"395","40360","246D","2466","2472","246A","2466","2466","2462","245E","245E","2464","2468","245E","2467","2471","",""
"396","40376","63DC","63D3","63DF","63F3","63ED","63ED","63D1","63CB","63CB","63ED","63EF","63E5","63D4","63F8","",""
"397","40392","AC34","AC39","AC45","AC37","AC2F","AC2F","AC29","AC31","AC31","AC31","AC31","AC27","AC2A","AC3A","",""
"398","40416","F58F","F582","F58E","F582","F578","F578","F574","F57A","F57A","F57C","F57A","F570","F573","F583","",""
"399","40432","F58F","F582","F58E","F582","F578","F578","F574","F57A","F57A","F57C","F57A","F570","F573","F583","",""
"400","40448","3080","3071","307D","3073","3077","3077","3075","3069","3069","306D","3079","306F","3072","3072","",""
"401","40464","756A","7569","7575","756D","756F","756F","755F","7561","7561","7567","7561","7567","756A","756A","",""
"402","40480","BE49","BE36","BE42","BE3C","BE3C","BE3C","BE3E","BE2E","BE2E","BE36","BE3E","BE34","BE37","BE37","",""
"403","40496","080D","07F8","0804","081C","081A","081A","0802","07F0","07F0","0816","081C","0812","07F9","0815","",""
"404","40512","99CF","99C8","99D4","9A08","9A04","9A04","99C4","99C0","99C0","9A02","9A06","99FC","99C9","99FF","",""
"405","40528","D50A","D501","D50D","D51D","D517","D517","D4FF","D4F9","D4F9","D517","D519","D50F","D4F2","D512","",""
"406","40544","1E4D","1E42","1E4E","1E5A","1E52","1E52","1E42","1E3A","1E3A","1E54","1E54","1E4A","1E33","1E5D","",""
"407","40560","67EF","67E2","67EE","6806","67FC","67FC","67E4","67DA","67DA","67F0","67FE","67F4","67E3","67F7","",""
"408","40584","B00D","AFFE","B00A","B004","B008","B008","B002","AFF6","AFF6","AFFE","B00A","B000","AFFF","B003","",""
"409","40600","FA04","FA03","FA0F","FA15","FA17","FA17","F9F9","F9FB","F9FB","FA0F","FA19","FA0F","F9F4","FA12","",""
"410","40616","428B","4288","4294","428C","428C","428C","4280","4280","4280","4286","427E","4284","4289","4287","",""
"411","40632","E0F5","E0F0","E0FC","E0F0","E0EE","E0EE","E0EA","E0E8","E0E8","E0EA","E0F0","E0E6","E0E1","E0E9","",""
"412","40648","33AE","3397","33A3","33A9","33A5","33A5","3393","338F","338F","3393","3397","339D","3398","33A0","",""
"413","40664","5BD9","5BD0","5BDC","5BD4","5BCE","5BCE","5BCE","5BC8","5BC8","5BCE","5BD0","5BC6","5BD1","5BD9","",""
"414","40680","9E02","9DF7","9E03","9DFD","9DF5","9DF5","9DF7","9DEF","9DEF","9DE7","9DF7","9DED","9DE8","9DF0","",""
"415","40696","E2D6","E2D9","E2E5","E2D3","E2D9","E2D9","E2CB","E2D1","E2D1","E2CD","E2CB","E2D1","E2CA","E2D4","",""
"416","40712","81BB","81BC","81C8","81F2","81F6","81F6","81B0","81B4","81B4","81EC","81E8","81EE","81AD","81F1","",""
"417","40728","B54D","B53C","B548","B57E","B580","B580","B542","B534","B534","B578","B572","B578","B53D","B57B","",""
"418","40744","B54D","B53C","B548","B57E","B580","B580","B542","B534","B534","B578","B572","B578","B53D","B57B","",""
"419","40768","FE83","FE70","FE7C","FEAE","FEAE","FEAE","FE68","FE68","FE68","FEA8","FEB0","FEA6","FE71","FEA9","",""
"420","40784","482F","482A","4836","4864","4862","4862","4824","4822","4822","485E","4864","485A","482B","486D","",""
"421","40800","90B8","90B1","90BD","90D7","90D3","90D3","90AD","90A9","90A9","90D1","90D5","90CB","90B2","90CE","",""
"422","40816","D998","D98F","D99B","D9AB","D9A5","D9A5","D98D","D987","D987","D9A5","D9A7","D99D","D990","D9B0","",""
"423","40832","22DE","22D3","22DF","22F1","22F9","22F9","22D3","22CB","22CB","22EB","22EB","22F1","22D4","22F4","",""
"424","40848","6C91","6C84","6C90","6C9E","6CA4","6CA4","6C86","6C7C","6C7C","6C98","6C96","6C9C","6C85","6C9F","",""
"425","40864","B564","B555","B561","B581","B575","B575","B559","B54D","B54D","B56B","B577","B56D","B556","B570","",""
"426","40880","E2C4","E2C3","E2CF","E2C1","E2C3","E2C3","E2B9","E2BB","E2BB","E2BB","E2B5","E2BB","E2B4","E2BE","",""
"427","40896","0EF8","0EE5","0EF1","0F05","0F05","0F05","0EDD","0EDD","0EDD","0EFF","0F07","0EFD","0EE6","0F10","",""
"428","40912","569B","5686","5692","568C","568A","568A","5690","567E","567E","5686","568C","5682","5687","5695","",""
"429","40936","DDE8","DDE1","DDED","DDE1","DDDD","DDDD","DDDD","DDD9","DDD9","DDDB","DDDF","DDD5","DDD2","DDD8","",""
"430","40952","6DA1","6D98","6DA4","6D9A","6D94","6D94","6D96","6D90","6D90","6D94","6D96","6D8C","6D89","6D8F","",""
"431","40968","B6D7","B6CC","B6D8","B6D0","B6D8","B6D8","B6CC","B6C4","B6C4","B6CA","B6CA","B6D0","B6CD","B6D3","",""
"432","40984","00B1","00A4","00B0","00C4","00BA","00BA","00A6","009C","009C","00BE","00BC","00B2","00A5","00C5","",""
"433","41000","5942","5943","594F","597F","5973","5973","5937","593B","593B","5969","5975","596B","5934","597E","",""
"434","41016","86B9","86B8","86C4","86FA","86EC","86EC","86AE","86B0","86B0","86E4","86EE","86E4","86A9","86F7","",""
"435","41032","DFF5","DFE2","DFEE","E02A","E01A","E01A","DFEA","DFDA","DFDA","E014","E01C","E012","DFE3","E025","",""
"436","41048","19D5","19D0","19DC","1A0E","1A0C","1A0C","19CA","19C8","19C8","1A08","1A0E","1A04","19D1","1A07","",""
"437","41064","19D5","19D0","19DC","1A0E","1A0C","1A0C","19CA","19C8","19C8","1A08","1A0E","1A04","19D1","1A07","",""
"438","41080","6235","622E","623A","6256","6252","6252","622A","6226","6226","6240","6244","624A","621F","624D","",""
"439","41096","AB22","AB19","AB25","AB3D","AB37","AB37","AB17","AB11","AB11","AB37","AB39","AB2F","AB1A","AB32","",""
"440","41120","F437","F42C","F438","F452","F44A","F44A","F42C","F424","F424","F44C","F44C","F442","F42D","F455","",""
"441","41136","3E02","3E05","3E11","3E17","3E1D","3E1D","3DF7","3DFD","3DFD","3E11","3E1F","3E15","3DF6","3E18","",""
"442","41152","9B92","9B83","9B8F","9BB1","9BA5","9BA5","9B87","9B7B","9B7B","9B9B","9BA7","9B9D","9B84","9BB0","",""
"443","41168","D4F3","D4E2","D4EE","D512","D504","D504","D4E8","D4DA","D4DA","D4FC","D506","D4FC","D4E3","D50F","",""
"444","41184","1CF4","1CE1","1CED","1CF3","1CE3","1CE3","1CE9","1CD9","1CD9","1CDD","1CE5","1CDB","1CE2","1CEE","",""
"445","41200","619C","6197","61A3","6195","6193","6193","6191","618F","618F","618F","6195","618B","6198","619E","",""
"446","41216","AF70","AF69","AF75","AF73","AF6F","AF6F","AF65","AF61","AF61","AF5D","AF61","AF67","AF6A","AF6A","",""
"447","41232","F8B4","F89B","F8A7","F8A1","F89B","F89B","F899","F893","F893","F89B","F89D","F893","F89C","F8A6","",""
"448","41248","4200","41F5","4201","41F7","41EF","41EF","41F5","41ED","41ED","41F1","41F1","41E7","41E6","41FA","",""
"449","41264","E125","E128","E134","E146","E13C","E13C","E11A","E120","E120","E130","E13E","E134","E119","E137","",""
"450","41288","4A74","4A65","4A71","4A9F","4AA3","4AA3","4A69","4A5D","4A5D","4A99","4AA5","4A9B","4A66","4A9E","",""
"451","41304","850B","84FA","8506","8540","8532","8532","8500","84F2","84F2","853A","8534","852A","84FB","853D","",""
"452","41320","CE3B","CE38","CE44","CE6A","CE6A","CE6A","CE30","CE30","CE30","CE64","CE6C","CE62","CE29","CE75","",""
"453","41336","0BC9","0BC4","0BD0","0BFC","0BFA","0BFA","0BBE","0BBC","0BBC","0BF6","0BFC","0BF2","0BB5","0BF5","",""
"454","41352","4B54","4B4D","4B59","4B71","4B6D","4B6D","4B49","4B45","4B45","4B5B","4B5F","4B65","4B3E","4B68","",""
"455","41368","84AA","84A1","84AD","84B1","84BB","84BB","848F","8499","8499","84AB","84AD","84B3","8492","84B6","",""
"456","41384","84AA","84A1","84AD","84B1","84BB","84BB","848F","8499","8499","84AB","84AD","84B3","8492","84B6","",""
"457","41400","CF1F","CF14","CF20","CF50","CF5A","CF5A","CF04","CF0C","CF0C","CF4A","CF5C","CF52","CF05","CF55","",""
"458","41416","16F5","16F8","1704","1716","170C","170C","16EA","16F0","16F0","1710","170E","1704","16E9","1717","",""
"459","41440","5F8A","5F7B","5F87","5F85","5F79","5F79","5F7F","5F73","5F73","5F6F","5F7B","5F71","5F7C","5F84","",""
"460","41456","A553","A542","A54E","A568","A56A","A56A","A538","A53A","A53A","A562","A55C","A562","A543","A565","",""
"461","41472","F209","F206","F212","F212","F202","F202","F1FE","F1FE","F1FE","F1FC","F204","F1FA","F207","F20D","",""
"462","41488","3B50","3B4B","3B57","3B43","3B41","3B41","3B45","3B43","3B43","3B3D","3B43","3B39","3B3C","3B4C","",""
"463","41504","848D","8486","8492","848A","8486","8486","8482","847E","847E","8474","8478","847E","8477","8481","",""
"464","41520","C642","C639","C645","C63F","C639","C639","C637","C631","C631","C639","C63B","C631","C63A","C644","",""
"465","41536","04A1","0496","04A2","049E","0496","0496","0496","048E","048E","0488","0498","048E","0487","0491","",""
"466","41552","4D5F","4D52","4D5E","4D5C","4D52","4D52","4D54","4D4A","4D4A","4D56","4D54","4D4A","4D53","4D5D","",""
"467","41568","971C","971D","9729","9733","9737","9737","9711","9715","9715","972D","9729","972F","970E","9732","",""
"468","41584","4AC3","4AB2","4ABE","4AF2","4AF4","4AF4","4AB8","4AAA","4AAA","4AEC","4AE6","4AEC","4AB3","4AEF","",""
"469","41600","93D7","93C4","93D0","9400","9400","9400","93BC","93BC","93BC","93FA","9402","93F8","93C5","93FB","",""
"470","41624","DD62","DD5D","DD69","DD95","DD93","DD93","DD57","DD55","DD55","DD8F","DD95","DD8B","DD4E","DD8E","",""
"471","41640","26B5","26AE","26BA","26EC","26E8","26E8","26AA","26A6","26A6","26D6","26DA","26E0","269F","26E3","",""
"472","41656","629F","6296","62A2","62C6","62C0","62C0","6294","628E","628E","62B0","62B2","62B8","6297","62BB","",""
"473","41672","AC56","AC4B","AC57","AC6F","AC67","AC79","AC4B","AC43","AC43","AC69","AC69","AC5F","AC4C","AC72","",""
"474","41688","F09C","F08F","F09B","F0B5","F0BB","F0BB","F091","F087","F087","F0AF","F0AD","F0B3","F090","F0B6","",""
"475","41704","F09C","F08F","F09B","F0B5","F0BB","F0BB","F091","F087","F087","F0AF","F0AD","F0B3","F090","F0B6","",""
"476","41720","3DB4","3DB5","3DC1","3DB7","3DAB","3DAB","3DA9","3DAD","3DAD","3DB1","3DAD","3DA3","3DA6","3DB6","",""
"477","41736","808D","808C","8098","80B0","80A2","80A2","8082","8084","8084","80AA","80A4","809A","807D","80AD","",""
"478","41752","BDBC","BDB9","BDC5","BDBF","BDAF","BDAF","BDB1","BDB1","BDB1","BDA9","BDB1","BDA7","BDAA","BDBA","",""
"479","41768","068E","0689","0695","068B","0689","0689","0683","0681","0681","0685","067B","0681","067A","0684","",""
"480","41792","50EB","50E4","50F0","5102","50FE","50FE","50E0","50DC","50DC","50FC","5100","50F6","50D5","5109","",""
"481","41808","9913","990A","9916","9918","9912","9912","9908","9902","9902","9912","9914","990A","990B","990D","",""
"482","41824","E24A","E23F","E24B","E23F","E237","E237","E22F","E237","E237","E239","E239","E22F","E230","E242","",""
"483","41840","2B79","2B7C","2B88","2B7E","2B74","2B74","2B6E","2B74","2B74","2B68","2B76","2B6C","2B6D","2B6F","",""
"484","41856","754B","754C","7558","756A","755E","755E","7540","7544","7544","7554","7560","7556","753D","7569","",""
"485","41872","BE14","BE03","BE0F","BE0D","BE0F","BE0F","BE09","BDFB","BDFB","BE07","BE01","BE07","BE04","BE0A","",""
"486","41888","0748","0735","0741","0745","0735","0735","073D","072D","072D","072F","0737","072D","0736","0740","",""
"487","41904","A564","A55F","A56B","A561","A55F","A55F","A559","A557","A557","A55B","A561","A557","A560","A55A","",""
"488","41920","EECE","EEC7","EED3","EEC9","EEC5","EEC5","EEC3","EEBF","EEBF","EEB3","EEB7","EEBD","EEB8","EEC0","",""
"489","41936","1835","182C","1838","184A","1844","1844","182A","1824","1824","1834","1846","183C","181D","183F","",""
"490","41952","4A88","4A7D","4A89","4A8D","4A85","4A85","4A7D","4A75","4A75","4A77","4A87","4A7D","4A7E","4A80","",""
"491","41976","885E","8851","885D","884D","8853","8853","8843","8849","8849","8847","8845","884B","8842","884E","",""
"492","41992","D1B8","D1B9","D1C5","D1D1","D1C5","D1C5","D1AD","D1B1","D1B1","D1CB","D1C7","D1BD","D1AA","D1D0","",""
"493","42008","7E1A","7E09","7E15","7E13","7E05","7E05","7DFF","7E01","7E01","7DFD","7E07","7DFD","7E0A","7E10","",""
"494","42024","7E1A","7E09","7E15","7E13","7E05","7E05","7DFF","7E01","7E01","7DFD","7E07","7DFD","7E0A","7E10","",""
"495","42040","B3C0","B3AD","B3B9","B3B9","B3A9","B3A9","B3A5","B3A5","B3A5","B3A3","B3AB","B3A1","B3AE","B3B4","",""
"496","42056","FF30","FF2B","FF37","FF49","FF47","FF47","FF25","FF23","FF23","FF43","FF49","FF3F","FF1C","FF42","",""
"497","42072","4974","496D","4979","497D","4979","4979","4969","4965","4965","4967","496B","4971","496E","4974","",""
"498","42088","8F45","8F3C","8F48","8F3C","8F36","8F36","8F3A","8F34","8F34","8F36","8F38","8F2E","8F2D","8F41","",""
"499","42104","DA7F","DA74","DA80","DA76","DA7E","DA7E","DA74","DA6C","DA6C","DA70","DA70","DA76","DA75","DA79","",""
"500","42120","25E9","25DC","25E8","25FA","25F0","25F0","25DE","25D4","25D4","25F4","25F2","25E8","25DD","25FB","",""
"501","42136","6D81","6D72","6D7E","6D92","6D96","6D96","6D66","6D6A","6D6A","6D8C","6D88","6D8E","6D73","6D91","",""
"502","42160","B668","B667","B673","B669","B65B","B65B","B65D","B65F","B65F","B663","B65D","B653","B658","B666","",""
"503","42176","F9A3","F9A0","F9AC","F9A4","F9A4","F9A4","F998","F998","F998","F99E","F996","F99C","F991","F99F","",""
"504","42192","3615","3600","360C","3606","3604","3604","35FA","35F8","35F8","3600","3606","35FC","3601","35FF","",""
"505","42208","73AF","73A8","73B4","73A0","739C","739C","73A4","73A0","73A0","739A","739E","7394","7399","73A7","",""
"506","42224","3EA0","3E97","3EA3","3EBB","3EB5","3EB5","3E85","3E8F","3E8F","3EA5","3EA7","3EAD","3E88","3EB0","",""
"507","42240","7E9B","7E90","7E9C","7E96","7E9E","7E9E","7E90","7E88","7E88","7E90","7E90","7E96","7E91","7E99","",""
"508","42256","C7B3","C7A6","C7B2","C7AE","C7A4","C7A4","C7A8","C79E","C79E","C798","C7A6","C79C","C7A7","C79F","",""
"509","42272","11F3","11E4","11F0","11EE","11E2","11E2","11E8","11DC","11DC","11E8","11E4","11DA","11E5","11ED","",""
"510","42288","4F8D","4F7C","4F88","4F88","4F8A","4F8A","4F82","4F74","4F74","4F82","4F7C","4F82","4F7D","4F85","",""
"511","42304","98F6","98E3","98EF","98F1","98F1","98F1","98EB","98DB","98DB","98EB","98E3","98E9","98E4","98EC","",""
"512","42320","E454","E44F","E45B","E469","E467","E467","E449","E447","E447","E463","E469","E45F","E450","E472","",""
"513","42344","E454","E44F","E45B","E469","E467","E467","E449","E447","E447","E463","E469","E45F","E450","E472","",""
"514","42360","2BE7","2BE0","2BEC","2BFC","2BF8","2BF8","2BDC","2BD8","2BD8","2BF6","2BFA","2BF0","2BE1","2C03","",""
"515","42376","7499","7480","748C","748C","7486","7486","747E","7478","7478","7486","7488","747E","7481","7481","",""
"516","42392","A55A","A54F","A55B","A54D","A545","A545","A54F","A547","A547","A547","A547","A53D","A540","A550","",""
"517","42408","ED9C","ED8F","ED9B","ED8F","ED95","ED95","ED91","ED87","ED87","ED89","ED87","ED8D","ED90","ED90","",""
"518","42424","3604","35F5","3601","3607","35FB","35FB","35F9","35ED","35ED","35F1","35FD","35F3","35F6","35F6","",""
"519","42440","B3A3","B392","B39E","B3B0","B3B2","B3B2","B388","B38A","B38A","B3AA","B3A4","B3AA","B393","B3AD","",""
"520","42456","DEB7","DEB4","DEC0","DEEE","DEEE","DEEE","DEAC","DEAC","DEAC","DEE8","DEE0","DEE6","DEA5","DEE9","",""
"521","42472","2B56","2B51","2B5D","2B67","2B65","2B65","2B4B","2B49","2B49","2B61","2B67","2B5D","2B52","2B70","",""
"522","42488","7485","747E","748A","74A0","749C","749C","747A","7476","7476","749A","749E","7494","747F","7497","",""
"523","42512","BCB1","BCA8","BCB4","BCAC","BCA6","BCA6","BCA6","BCA0","BCA0","BCA6","BCA8","BC9E","BCA9","BCB1","",""
"524","42528","06A4","0699","06A5","06C3","06BB","06BB","0699","0691","0691","06AD","06BD","06B3","069A","06B6","",""
"525","42544","A4BE","A4B1","A4BD","A4D1","A4D7","A4D7","A4B3","A4A9","A4A9","A4CB","A4C9","A4CF","A4B2","A4D2","",""
"526","42560","ED21","ED12","ED1E","ED1E","ED12","ED12","ED16","ED0A","ED0A","ED18","ED14","ED0A","ED13","ED1D","",""
"527","42576","1A8F","1A8E","1A9A","1A8C","1A8E","1A8E","1A84","1A86","1A86","1A86","1A80","1A86","1A7F","1A89","",""
"528","42592","48F3","48E0","48EC","48EE","48EE","48EE","48E8","48D8","48D8","48E8","48E0","48E6","48E1","48E9","",""
"529","42608","8705","8700","870C","870A","8708","8708","86FA","86F8","86F8","8704","86FA","8700","8701","8703","",""
"530","42624","CFCC","CFC5","CFD1","CFC9","CFC5","CFC5","CFC1","CFBD","CFBD","CFB3","CFB7","CFBD","CFB6","CFC0","",""
"531","42640","5B04","5AFB","5B07","5B41","5B3B","5B3B","5AF9","5AF3","5AF3","5B3B","5B3D","5B33","5AFC","5B46","",""
"532","42664","5B04","5AFB","5B07","5B41","5B3B","5B3B","5AF9","5AF3","5AF3","5B3B","5B3D","5B33","5AFC","5B46","",""
"533","42680","90D4","90C9","90D5","90F1","90E9","90E9","90C9","90C1","90C1","90EB","90EB","90E1","90CA","90F4","",""
"534","42696","D9EF","D9E2","D9EE","DA0C","DA02","DA02","D9E4","D9DA","D9DA","DA06","DA04","D9FA","D9E3","DA0D","",""
"535","42712","1F84","1F75","1F81","1FAB","1FAF","1FAF","1F69","1F6D","1F6D","1FA5","1FB1","1FA7","1F76","1FAA","",""
"536","42728","6C47","6C46","6C52","6C3E","6C40","6C40","6C3C","6C3E","6C3E","6C38","6C42","6C38","6C37","6C3B","",""
"537","42744","C002","BFEF","BFFB","C019","C009","C009","BFE7","BFE7","BFE7","C003","C00B","C001","BFF0","C014","",""
"538","42760","FE16","FE11","FE1D","FE27","FE25","FE25","FE0B","FE09","FE09","FE21","FE27","FE1D","FE02","FE30","",""
"539","42776","5B83","5B6C","5B78","5B8E","5B8A","5B8A","5B68","5B64","5B64","5B88","5B8C","5B82","5B6D","5B95","",""
"540","42792","90C3","90AA","90B6","90D8","90D2","90D2","90A8","90A2","90A2","90D2","90D4","90CA","90AB","90CD","",""
"541","42816","D9D4","D9C9","D9D5","D9ED","D9F5","D9F5","D9C9","D9C1","D9C1","D9E7","D9E7","D9ED","D9CA","D9F0","",""
"542","42832","2372","2375","2381","2385","238B","238B","2367","236D","236D","237F","238D","2383","2366","2386","",""
"543","42848","6CD1","6CC2","6CCE","6CFE","6D02","6D02","6CC6","6CBA","6CBA","6CF8","6CF4","6CFA","6CC3","6CFD","",""
"544","42864","1E0D","1DFC","1E08","1E44","1E36","1E36","1E02","1DF4","1DF4","1E2E","1E38","1E2E","1DFD","1E41","",""
"545","42880","54E0","54DD","54E9","54F7","54F7","54F7","54D5","54D5","54D5","54F1","54F9","54EF","54CE","5502","",""
"546","42896","9F09","9F04","9F10","9F40","9F3E","9F3E","9EFE","9EFC","9EFC","9F3A","9F40","9F36","9EF5","9F39","",""
"547","42912","E75F","E758","E764","E776","E772","E772","E754","E750","E750","E770","E774","E76A","E759","E77D","",""
"548","42928","242A","2421","242D","2431","242B","242B","241F","2419","2419","241B","242D","2423","2422","2426","",""
"549","42944","6720","6715","6721","6737","672F","672F","6715","670D","670D","6731","6731","6727","6716","673A","",""
"550","42960","B73F","B732","B73E","B750","B756","B756","B734","B72A","B72A","B74A","B748","B74E","B733","B751","",""
"551","42984","B73F","B732","B73E","B750","B756","B756","B734","B72A","B72A","B74A","B748","B74E","B733","B751","",""
"552","43000","00A8","00A9","00B5","00C9","00BD","00BD","009D","00A1","00A1","00C3","00BF","00B5","009A","00C8","",""
"553","43016","4926","4925","4931","4927","4919","4919","491B","491D","491D","4921","491B","4911","4916","4924","",""
"554","43032","A6FB","A6F8","A704","A71C","A70C","A70C","A6F0","A6F0","A6F0","A706","A70E","A704","A6E9","A717","",""
"555","43048","E4B0","E4AB","E4B7","E4AB","E4A9","E4A9","E4A5","E4A3","E4A3","E4A5","E49B","E4A1","E49C","E4A4","",""
"556","43064","2DE4","2DDD","2DE9","2DD9","2DD5","2DD5","2DD9","2DD5","2DD5","2DD3","2DD7","2DCD","2DCE","2DD0","",""
"557","43080","7824","781B","7827","7843","783D","783D","7819","7813","7813","783D","783F","7835","781C","7838","",""
"558","43096","C4AC","C4A1","C4AD","C4B9","C4B1","C4B1","C491","C499","C499","C4B3","C4B3","C4A9","C492","C4BC","",""
"559","43112","08BB","08AE","08BA","08E2","08E8","08E8","08A0","08A6","08A6","08DC","08DA","08E0","089F","08E3","",""
"560","43128","50BB","50BC","50C8","50DC","50D0","50D0","50B0","50B4","50B4","50C6","50D2","50C8","50AD","50DB","",""
"561","43152","99FF","99EE","99FA","9A0A","9A0C","9A0C","99E4","99E6","99E6","9A04","99FE","9A04","99EF","9A07","",""
"562","43168","E2F8","E2F5","E301","E30D","E30D","E30D","E2ED","E2ED","E2ED","E307","E30F","E305","E2E6","E308","",""
"563","43184","908B","9076","9082","90BA","90B8","90B8","9070","906E","906E","90B4","90BA","90B0","9077","90B3","",""
"564","43200","C652","C63B","C647","C67B","C677","C677","C637","C633","C633","C675","C679","C66F","C63C","C682","",""
"565","43216","13EC","13E3","13EF","141F","1419","1419","13E1","13DB","13DB","1419","141B","1411","13E4","1424","",""
"566","43232","3D0D","3D02","3D0E","3D3A","3D32","3D32","3D02","3CFA","3CFA","3D34","3D34","3D2A","3CF3","3D3D","",""
"567","43248","79C5","79B8","79C4","79E2","79D8","79D8","79BA","79B0","79B0","79DC","79DA","79D0","79B9","79E3","",""
"568","43264","C21C","C20D","C219","C22D","C231","C231","C211","C205","C205","C227","C223","C229","C20E","C22C","",""
"569","43280","0B64","0B63","0B6F","0B85","0B87","0B87","0B59","0B5B","0B5B","0B7F","0B79","0B7F","0B54","0B82","",""
"570","43296","0B64","0B63","0B6F","0B85","0B87","0B87","0B59","0B5B","0B5B","0B7F","0B79","0B7F","0B54","0B82","",""
"571","43320","8D1D","8D0A","8D16","8D48","8D48","8D48","8D02","8D02","8D02","8D42","8D4A","8D40","8D0B","8D43","",""
"572","43336","B25E","B249","B255","B28D","B28B","B28B","B253","B241","B241","B287","B28D","B283","B24A","B286","",""
"573","43352","FB64","FB5D","FB69","FB97","FB93","FB93","FB59","FB55","FB55","FB91","FB95","FB8B","FB5E","FB9E","",""
"574","43368","452E","4525","4531","4565","455F","455F","4523","451D","451D","454F","4551","4557","4516","455A","",""
"575","43384","8D99","8D8E","8D9A","8DAE","8DA6","8DA6","8D8E","8D86","8D86","8DA8","8DA8","8D9E","8D7F","8DB1","",""
"576","43400","D664","D667","D673","D683","D679","D679","D659","D65F","D65F","D66D","D67B","D671","D658","D674","",""
"577","43416","2113","2114","2120","214C","2150","2150","2108","210C","210C","2146","2142","2148","2105","214B","",""
"578","43432","6908","68F7","6903","6921","6923","6923","68FD","68EF","68EF","691B","6915","691B","68F8","691E","",""
"579","43448","B183","B170","B17C","B17C","B17C","B17C","B178","B168","B168","B176","B16E","B174","B171","B177","",""
"580","43464","EFD5","EFD0","EFDC","EFEE","EFEC","EFEC","EFCA","EFC8","EFC8","EFE8","EFEE","EFE4","EFC1","EFE7","",""
"581","43480","3185","317E","318A","317E","317A","317A","317A","3176","3176","3178","317C","3172","317F","3185","",""
"582","43496","CF36","CF2D","CF39","CF39","CF33","CF33","CF2B","CF25","CF25","CF23","CF35","CF2B","CF2E","CF2E","",""
"583","43520","1EE0","1ED5","1EE1","1EDB","1ED3","1ED3","1ED5","1ECD","1ECD","1ED5","1ED5","1ECB","1ED6","1ECE","",""
"584","43536","5F62","5F65","5F71","5F5D","5F63","5F63","5F57","5F5D","5F5D","5F57","5F55","5F5B","5F56","5F5E","",""
"585","43552","A81C","A80D","A819","A817","A80B","A80B","A811","A805","A805","A811","A80D","A803","A80E","A816","",""
"586","43568","E627","E626","E632","E63C","E63E","E63E","E61C","E61E","E61E","E636","E640","E636","E617","E639","",""
"587","43584","2EE9","2EE6","2EF2","2EE8","2EE8","2EE8","2EDE","2EDE","2EDE","2EE2","2EDA","2EE0","2ED7","2EE3","",""
"588","43600","7824","780F","781B","781D","781B","781B","7819","7807","7807","7817","780D","7813","7810","7816","",""
"589","43616","7824","780F","781B","781D","781B","781B","7819","7807","7807","7817","780D","7813","7810","7816","",""
"590","43632","E9C6","E9BF","E9CB","E9DF","E9DB","E9DB","E9BB","E9B7","E9B7","E9D9","E9DD","E9D3","E9B0","E9D6","",""
"591","43648","2856","284D","2859","284D","2847","2847","284B","2845","2845","2847","2849","283F","283E","2842","",""
"592","43664","71D1","71C6","71D2","71D8","71D0","71D0","71C6","71BE","71BE","71C2","71D2","71C8","71C7","71CB","",""
"593","43688","9F5A","9F4D","9F59","9F6B","9F61","9F61","9F3F","9F45","9F45","9F55","9F63","9F59","9F3E","9F5C","",""
"594","43704","CDBD","CDAE","CDBA","CDBE","CDB2","CDB2","CDB2","CDA6","CDA6","CDA8","CDB4","CDAA","CDAF","CDBD","",""
"595","43720","11F2","11E1","11ED","11ED","11EF","11EF","11E7","11D9","11D9","11E7","11E1","11E7","11E2","11EA","",""
"596","43736","608E","608B","6097","60A3","60A3","60A3","6083","6083","6083","609D","60A5","609B","607C","609E","",""
"597","43752","F580","F57B","F587","F575","F573","F573","F575","F573","F573","F56F","F575","F56B","F56C","F57E","",""
"598","43768","250C","24F5","2501","2501","24FD","24FD","24F1","24ED","24ED","24FB","24FF","24F5","24F6","24F8","",""
"599","43784","6E9E","6E95","6EA1","6EC3","6EBD","6EBD","6E93","6E8D","6E8D","6EAD","6EAF","6EB5","6E96","6EB8","",""
"600","43800","B740","B735","B741","B735","B72D","B72D","B725","B72D","B72D","B72F","B72F","B725","B726","B738","",""
"601","43816","5587","557A","5586","557C","5582","5582","557C","5572","5572","5576","5574","557A","557B","557D","",""
"602","43832","9F3D","9F2E","9F3A","9F4C","9F50","9F50","9F32","9F26","9F26","9F46","9F52","9F48","9F2F","9F4B","",""
"603","43848","E7FE","E7FD","E809","E7FD","E7FF","E7FF","E7F3","E7F5","E7F5","E7F7","E7F1","E7F7","E7EE","E7FA","",""
"604","43872","3134","3131","313D","3133","3133","3133","3129","3129","3129","312D","3125","312B","3122","312E","",""
"605","43888","675A","6755","6761","6759","6757","6757","674F","674D","674D","6753","6759","674F","6756","6752","",""
"606","43904","A5D1","A5CA","A5D6","A5C0","A5BC","A5BC","A5C6","A5C2","A5C2","A5BA","A5BE","A5B4","A5BB","A5C7","",""
"607","43920","EE5F","EE56","EE62","EE5E","EE58","EE58","EE54","EE4E","EE4E","EE58","EE5A","EE50","EE57","EE53","",""
"608","43936","EE5F","EE56","EE62","EE5E","EE58","EE58","EE54","EE4E","EE4E","EE58","EE5A","EE50","EE57","EE53","",""
"609","43952","5A9D","5A92","5A9E","5AB6","5AAE","5AAE","5A92","5A8A","5A8A","5AA0","5AB0","5AA6","5A93","5AA9","",""
"610","43968","939F","9392","939E","93B8","93BE","93BE","9394","938A","938A","93B2","93B0","93B6","9393","93B9","",""
"611","43984","E355","E346","E352","E34E","E352","E352","E34A","E33E","E33E","E348","E344","E34A","E347","E34D","",""
"612","44000","2C95","2C84","2C90","2C8E","2C90","2C90","2C8A","2C7C","2C7C","2C88","2C82","2C88","2C85","2C8B","",""
"613","44016","75C4","75C1","75CD","75BD","75BD","75BD","75B9","75B9","75B9","75B7","75BF","75B5","75B2","75B8","",""
"614","44040","BF0C","BF07","BF13","BF05","BF03","BF03","BF01","BEFF","BEFF","BEFF","BF05","BEFB","BEF8","BEFE","",""
"615","44056","085D","0856","0862","0856","0852","0852","0852","084E","084E","0850","0854","084A","0847","084D","",""
"616","44072","521A","5211","521D","522D","5237","5237","520F","5209","5209","5227","5229","522F","5212","5232","",""
"617","44088","9B46","9B3B","9B47","9B69","9B61","9B61","9B3B","9B33","9B33","9B53","9B63","9B59","9B3C","9B5C","",""
"618","44104","C9EF","C9E2","C9EE","C9F2","C9E8","C9E8","C9E4","C9DA","C9DA","C9DC","C9EA","C9E0","C9E3","C9E3","",""
"619","44120","137A","136B","1377","136D","1371","1371","136F","1363","1363","1367","1363","1369","136C","136C","",""
"620","44136","B08A","B089","B095","B08D","B08F","B08F","B07F","B081","B081","B087","B081","B087","B08A","B08A","",""
"621","44152","FE6E","FE5B","FE67","FE7B","FE7B","FE7B","FE63","FE53","FE53","FE75","FE7D","FE73","FE5C","FE76","",""
"622","44168","41FF","41EA","41FC","420E","420C","420C","41F4","41E2","41E2","4208","420E","4204","41EB","4217","",""
"623","44184","8C46","8C3F","8C41","8C45","8C41","8C37","8C3B","8C37","8C37","8C2F","8C33","8C2F","8C30","8C3C","",""
"624","44208","C3A4","C39B","C3A7","C3A3","C39D","C39D","C399","C393","C393","C39D","C39F","C395","C39C","C398","",""
"625","44224","13A4","1399","13A5","13A3","139B","139B","1399","1391","1391","139D","139D","1393","139A","13A6","",""
"626","44240","5AD6","5AC9","5AD5","5AD5","5ACB","5ACB","5ACB","5AC1","5AC1","5ABF","5ACD","5AC3","5ACA","5AC6","",""
"627","44256","5AD6","5AC9","5AD5","5AD5","5ACB","5ACB","5ACB","5AC1","5AC1","5ABF","5ACD","5AC3","5ACA","5AC6","",""
"628","44272","A619","A60A","A616","A60A","A60E","A60E","A60E","A602","A602","A604","A610","A606","A60B","A609","",""
"629","44288","EFFE","EFED","EFF9","F019","F00B","F00B","EFF3","EFE5","EFE5","F003","F00D","F003","EFEE","F016","",""
"630","44304","3931","392E","393A","394C","394C","394C","3926","3926","3926","3946","394E","3944","392F","3947","",""
"631","44320","6611","65FC","6608","660C","65FA","65FA","65F6","65F4","65F4","65F6","65FC","65F2","65FD","6605","",""
"632","44336","9508","9501","950D","9503","94FF","94FF","94FD","94F9","94F9","94ED","94F1","94F7","94F2","94FA","",""
"633","44352","DDFC","DDF3","DDFF","DDF7","DDF1","DDF1","DDF1","DDEB","DDEB","DDF1","DDF3","DDE9","DDF4","DDFC","",""
"634","44376","26E2","26D7","26E3","26DD","26D5","26D5","26D7","26CF","26CF","26C7","26D7","26CD","26C8","26D0","",""
"635","44392","DA8A","DA8D","DA99","DAA3","DAA9","DAA9","DA7F","DA85","DA85","DA9D","DAAB","DAA1","DA7E","DAA4","",""
"636","44408","0A68","0A59","0A65","0A81","0A75","0A75","0A5D","0A51","0A51","0A7B","0A77","0A6D","0A5A","0A80","",""
"637","44424","5808","57F7","5803","5841","5833","5833","57ED","57EF","57EF","582B","5835","582B","57F8","583E","",""
"638","44440","A0BF","A0AC","A0B8","A0D8","A0D8","A0D8","A0B4","A0A4","A0A4","A0D2","A0CA","A0D0","A0AD","A0D3","",""
"639","44456","33F1","33DC","33E8","340E","33FC","33FC","33E6","33D4","33D4","33F8","33FE","33F4","33DD","3407","",""
"640","44472","860B","85F4","8600","8602","85FE","85FE","85F0","85EC","85EC","85FC","8600","85F6","85F5","85F9","",""
"641","44488","DD37","DD2E","DD3A","DD4E","DD58","DD58","DD2C","DD26","DD26","DD48","DD4A","DD50","DD2F","DD53","",""
"642","44504","18CC","18C1","18CD","18BD","18C5","18C5","18C1","18B9","18B9","18B7","18B7","18BD","18C2","18C0","",""
"643","44520","584F","5842","584E","5864","586A","586A","5844","583A","583A","585E","585C","5862","5843","5865","",""
"644","44544","A054","A045","A051","A049","A04D","A04D","A049","A03D","A03D","A043","A04F","A045","A046","A048","",""
"645","44560","EA2E","EA1D","EA29","EA3D","EA2F","EA2F","EA13","EA15","EA15","EA37","EA31","EA27","EA1E","EA3A","",""
"646","44576","EA2E","EA1D","EA29","EA3D","EA2F","EA2F","EA13","EA15","EA15","EA37","EA31","EA27","EA1E","EA3A","",""
"647","44592","341C","3419","3425","343B","343B","343B","3411","3411","3411","3435","343D","3433","341A","3436","",""
"648","44608","96BC","96A7","96B3","96CB","96C9","96C9","96B1","969F","969F","96C5","96CB","96C1","96A8","96D4","",""
"649","44624","C7F3","C7EC","C7F8","C812","C80E","C80E","C7E8","C7E4","C7E4","C80C","C810","C806","C7ED","C809","",""
"650","44640","10E7","10DE","10EA","1106","1100","1100","10DC","10D6","10D6","1100","1102","10F8","10DF","110B","",""
"651","44656","5B55","5B4A","5B56","5B74","5B6C","5B6C","5B4A","5B42","5B42","5B6E","5B6E","5B64","5B4B","5B77","",""
"652","44672","A4AD","A4A0","A4AC","A4E6","A4DC","A4DC","A4A2","A498","A498","A4E0","A4DE","A4D4","A4A1","A4E7","",""
"653","44688","ECDE","ECDF","ECEB","ECF7","ECFB","ECFB","ECD3","ECD7","ECD7","ECF1","ECFD","ECF3","ECD0","ECF6","",""
"654","44712","36C7","36C6","36D2","36C0","36C2","36C2","36BC","36BE","36BE","36BA","36C4","36BA","36B7","36BD","",""
"655","44728","7454","7441","744D","746D","745D","745D","7439","7439","7439","7457","745F","7455","7442","7468","",""
"656","44744","C7F3","C7EE","C7FA","C7EC","C7EA","C7EA","C7E8","C7E6","C7E6","C7E6","C7EC","C7E2","C7DF","C7E5","",""
"657","44760","0A9D","0A96","0AA2","0AB6","0AB2","0AB2","0A92","0A8E","0A8E","0AB0","0AB4","0AAA","0A97","0ABD","",""
"658","44776","9B3D","9B34","9B40","9B50","9B4A","9B4A","9B32","9B2C","9B2C","9B4A","9B4C","9B42","9B35","9B55","",""
"659","44792","E405","E3FA","E406","E408","E400","E400","E3FA","E3F2","E3F2","E3F2","E402","E3F8","E3FB","E3FB","",""
"660","44808","4C2F","4C22","4C2E","4C42","4C38","4C38","4C14","4C1A","4C1A","4C3C","4C3A","4C30","4C13","4C43","",""
"661","44824","832F","8320","832C","8352","8346","8346","8324","8318","8318","833C","8348","833E","8321","8341","",""
"662","44840","C186","C185","C191","C1A9","C1AB","C1AB","C17B","C17D","C17D","C1A3","C19D","C1A3","C186","C1A6","",""
"663","44856","1646","1633","163F","1659","1659","1659","163B","162B","162B","1653","165B","1651","1634","1654","",""
"664","44872","54B6","54B1","54BD","54C9","54C7","54C7","54AB","54A9","54A9","54C3","54C9","54BF","54A2","54D2","",""
"665","44896","54B6","54B1","54BD","54C9","54C7","54C7","54AB","54A9","54A9","54C3","54C9","54BF","54A2","54D2","",""
"666","44912","9D7C","9D75","9D81","9D89","9D85","9D85","9D71","9D6D","9D6D","9D83","9D87","9D7D","9D66","9D90","",""
"667","44928","F2FD","F2F4","F300","F31A","F314","F314","F2F2","F2EC","F2EC","F304","F306","F30C","F2E5","F30F","",""
"668","44944","3004","2FF9","3005","3021","3019","3019","2FF9","2FF1","2FF1","301B","301B","3011","2FFA","3024","",""
"669","44960","7871","7864","7870","786E","7864","7864","7854","785C","785C","7846","7866","785C","7865","785F","",""
"670","44976","B7B5","B7A6","B7B2","B7D2","B7C6","B7C6","B7AA","B79E","B79E","B7BC","B7C8","B7BE","B7A7","B7D1","",""
"671","44992","163E","163D","1649","163B","163D","163D","1633","1635","1635","1635","163F","1635","162E","1638","",""
"672","45008","54F0","54ED","54F9","5507","5507","5507","54E5","54E5","54E5","5501","5509","54FF","54DE","5502","",""
"673","45024","9DBD","9DB8","9DC4","9DB4","9DB2","9DB2","9DB2","9DB0","9DB0","9DAE","9DB4","9DAA","9DA9","9DBD","",""
"674","45040","0ECA","0EC3","0ECF","0EFB","0EF7","0EF7","0EBF","0EBB","0EBB","0EF5","0EF9","0EEF","0EC4","0F02","",""
"675","45056","2AE7","2ADE","2AEA","2B22","2B1C","2B1C","2ADC","2AD6","2AD6","2B1C","2B1E","2B14","2ADF","2B17","",""
"676","45080","73E1","73D6","73E2","7416","740E","740E","73D6","73CE","73CE","7410","7410","7406","73D7","7419","",""
"677","45096","1210","1203","120F","122F","1225","1225","1205","11FB","11FB","1219","1227","121D","1204","1220","",""
"678","45112","5B42","5B33","5B3F","5B55","5B49","5B49","5B37","5B2B","5B2B","5B4F","5B4B","5B41","5B34","5B54","",""
"679","45128","A495","A484","A490","A4A2","A4A4","A4A4","A47A","A47C","A47C","A49C","A4A6","A49C","A485","A49F","",""
"680","45144","EDEC","EDD9","EDE5","EDFD","EDFD","EDFD","EDE1","EDD1","EDD1","EDF7","EDFF","EDF5","EDDA","EDF8","",""
"681","45160","2B0B","2B06","2B12","2B2C","2B1A","2B1A","2B00","2AFE","2AFE","2B16","2B1C","2B12","2AF7","2B25","",""
"682","45176","6CD8","6CD1","6CDD","6CF9","6CF5","6CF5","6CCD","6CC9","6CC9","6CF3","6CF7","6CED","6CD2","6CF0","",""
"683","45192","AA1B","AA12","AA1E","AA16","AA10","AA10","AA10","AA0A","AA0A","AA10","AA12","AA08","AA13","AA0B","",""
"684","45208","AA1B","AA12","AA1E","AA16","AA10","AA10","AA10","AA0A","AA0A","AA10","AA12","AA08","AA13","AA0B","",""
"685","45224","EE71","EE66","EE72","EE60","EE68","EE68","EE56","EE5E","EE5E","EE5A","EE5A","EE60","EE57","EE63","",""
"686","45248","1BBC","1BAF","1BBB","1BAF","1BB5","1BB5","1BB1","1BA7","1BA7","1BA9","1BA7","1BAD","1BB0","1BB0","",""
"687","45264","9EF1","9EF2","9EFE","9EF4","9EE8","9EE8","9ED4","9EEA","9EEA","9EEE","9EEA","9EE0","9EE3","9EF3","",""
"688","45280","DEE1","DED0","DEDC","DED4","DED6","DED6","DED6","DEC8","DEC8","DECE","DED8","DECE","DED1","DED1","",""
"689","45296","281A","2817","2823","281D","280D","280D","280F","280F","280F","2807","280F","2805","2808","2818","",""
"690","45312","71E1","71DC","71E8","71EE","71EC","71EC","71D6","71D4","71D4","71E8","71EE","71E4","71CD","71F7","",""
"691","45328","BAA5","BA9E","BAAA","BA9C","BA98","BA98","BA9A","BA96","BA96","BA96","BA9A","BA90","BA9F","BAA3","",""
"692","45344","03D2","03C9","03D5","03C9","03C3","03C3","03C7","03C1","03C1","03C3","03C5","03BB","03CA","03CE","",""
"693","45360","4D91","4D86","4D92","4DB2","4DAA","4DAA","4D86","4D7E","4D7E","4D9C","4DAC","4DA2","4D87","4DA5","",""
"694","45376","9659","964C","9658","9654","964A","964A","964E","9644","9644","964E","964C","9642","964D","9655","",""
"695","45400","DF90","DF91","DF9D","DF8F","DF83","DF83","DF85","DF89","DF89","DF89","DF85","DF7B","DF82","DF8E","",""
"696","45416","3566","3565","3571","357F","3581","3581","355B","355D","355D","3579","3573","3579","3556","357C","",""
"697","45432","7CAD","7CAA","7CB6","7CA6","7CA6","7CA6","7CA2","7CA2","7CA2","7CA0","7CA8","7C9E","7C9B","7CA1","",""
"698","45448","EDC8","EDC3","EDCF","EDDB","EDD9","EDD9","EDBD","EDBB","EDBB","EDD5","EDDB","EDD1","EDB4","EDE4","",""
"699","45464","260E","2607","2613","262B","2627","2627","2603","25FF","25FF","2615","2619","261F","25F8","2622","",""
"700","45480","6C77","6C6E","6C7A","6C74","6C6E","6C6E","6C6C","6C66","6C66","6C6E","6C70","6C66","6C6F","6C69","",""
"701","45496","B5C5","B5BA","B5C6","B5E2","B5DA","B5DA","B5BA","B5B2","B5B2","B5DC","B5DC","B5D2","B5BB","B5D5","",""
"702","45512","FE79","FE6C","FE78","FE76","FE6C","FE6C","FE6E","FE64","FE64","FE70","FE6E","FE64","FE6D","FE77","",""
"703","45528","FE79","FE6C","FE78","FE76","FE6C","FE6C","FE6E","FE64","FE64","FE70","FE6E","FE64","FE6D","FE77","",""
"704","45544","47DA","47CB","47D7","47D7","47CB","47CB","47CF","47C3","47C3","47C1","47CD","47C3","47CC","47C6","",""
"705","45560","90F9","90F8","9104","90F6","90F8","90F8","90EE","90F0","90F0","90F0","90FA","90F0","90E9","90F3","",""
"706","45576","DAF4","DAE1","DAED","DB0B","DAFB","DAFB","DAE9","DAD9","DAD9","DAF5","DAFD","DAF3","DAE2","DB06","",""
"707","45600","2410","240B","2417","2427","2425","2425","2405","2403","2403","2421","2427","241D","23FC","2420","",""
"708","45616","6CB9","6CB2","6CBE","6CB0","6CAC","6CAC","6CAE","6CAA","6CAA","6CAA","6CAE","6CA4","6CA3","6CA7","",""
"709","45632","B5FA","B5F1","B5FD","B5F1","B5FB","B5FB","B5EF","B5E9","B5E9","B5EB","B5ED","B5F3","B5F2","B5F6","",""
"710","45648","FF4B","FF40","FF4C","FF42","FF3A","FF3A","FF30","FF38","FF38","FF3C","FF3C","FF32","FF31","FF35","",""
"711","45664","4884","4877","4883","487B","4881","4881","4879","486F","486F","4875","4873","4879","4878","487C","",""
"712","45680","E434","E435","E441","E49F","E4A3","E4A3","E429","E42D","E42D","E499","E4A5","E49B","E426","E49E","",""
"713","45696","07A2","07A1","07AD","07D7","07D9","07D9","0797","0799","0799","07D1","07DB","07D1","07A2","07D4","",""
"714","45712","5130","511D","5129","515F","515F","515F","5115","5115","5115","5159","5151","5157","511E","515A","",""
"715","45728","EE66","EE61","EE6D","EE65","EE63","EE63","EE5B","EE59","EE59","EE4F","EE55","EE5B","EE52","EE5E","",""
"716","45744","3883","387C","3888","38BC","38B8","38B8","3878","3874","3874","38A6","38AA","38B0","386D","38B3","",""
"717","45768","81BD","81B4","81C0","81F0","81EA","81EA","81B2","81AC","81AC","81EA","81EC","81E2","81B5","81F5","",""
"718","45784","CAF5","CAEA","CAF6","CB32","CB2A","CB2A","CAEA","CAE2","CAE2","CB1C","CB2C","CB22","CAEB","CB25","",""
"719","45800","0722","0715","0721","073F","0735","0735","0717","070D","070D","0739","0737","072D","0716","0740","",""
"720","45816","4745","4746","4752","4742","4746","4746","473A","473E","473E","473C","4738","473E","4737","4741","",""
"721","45832","6779","6768","6774","6770","6772","6772","676E","6760","6760","676A","6764","676A","6769","676D","",""
"722","45848","6779","6768","6774","6770","6772","6772","676E","6760","6760","676A","6764","676A","6769","676D","",""
"723","45864","B06B","B068","B074","B06C","B05C","B05C","B060","B060","B060","B056","B05E","B054","B059","B067","",""
"724","45880","F943","F92E","F93A","F934","F932","F932","F938","F926","F926","F92E","F934","F92A","F92F","F93D","",""
"725","45896","717E","7177","7183","71B9","71B5","71B5","7173","716F","716F","71A3","71A7","71AD","7178","71B0","",""
"726","45912","ADC7","ADBE","ADCA","ADFC","ADF6","ADF6","ADAC","ADB6","ADB6","ADE6","ADE8","ADEE","ADAF","ADF1","",""
"727","45936","F90A","F8FF","F90B","F983","F97B","F97B","F8FF","F8F7","F8F7","F96D","F97D","F973","F900","F976","",""
"728","45952","4001","3FF4","4000","401A","4010","4010","3FF6","3FEC","3FEC","4014","4012","4008","3FF5","401B","",""
"729","45968","88E8","88E9","88F5","88FB","88FF","88FF","88DD","88E1","88E1","88F5","8901","88F7","88DA","88FA","",""
"730","45984","CDAB","CDAA","CDB6","CDCE","CDC0","CDC0","CDA0","CDA2","CDA2","CDB8","CDC2","CDB8","CD9B","CDCB","",""
"731","46000","FFED","FFEA","FFF6","000A","000A","000A","FFE2","FFE2","FFE2","0004","FFFC","0002","FFEB","0005","",""
"732","46016","490A","48F5","4901","4927","4915","4915","48FF","48ED","48ED","4911","4917","490D","48F6","4920","",""
"733","46032","912B","9124","9130","9128","9124","9124","9120","911C","911C","9122","9126","911C","9125","911F","",""
"734","46048","F81E","F815","F821","F81B","F815","F815","F813","F80D","F80D","F815","F817","F80D","F816","F810","",""
"735","46064","40B4","40A9","40B5","40AB","40A3","40A3","4099","40A1","40A1","4095","40A5","409B","409A","409E","",""
"736","46080","8977","896A","8976","8968","896E","896E","896C","8962","8962","8962","8960","8966","896B","8969","",""
"737","46104","502A","501B","5027","501B","501F","501F","501F","5013","5013","5015","5021","5017","501C","501A","",""
"738","46120","7DCB","7DCA","7DD6","7DCA","7DCC","7DCC","7DC0","7DC2","7DC2","7DC4","7DBE","7DC4","7DBB","7DC7","",""
"739","46136","C6E2","C6CF","C6DB","C6D1","C6D1","C6D1","C6D7","C6C7","C6C7","C6CB","C6D3","C6C9","C6D0","C6DC","",""
"740","46152","10BB","10A6","10B2","10C4","10C2","10C2","10A0","109E","109E","10BE","10C4","10BA","10A7","10BD","",""
"741","46168","10BB","10A6","10B2","10C4","10C2","10C2","10A0","109E","109E","10BE","10C4","10BA","10A7","10BD","",""
"742","46184","5998","5991","599D","5991","598D","598D","598D","5989","5989","598B","598F","5985","5982","5988","",""
"743","46200","A330","A327","A333","A349","A343","A343","A325","A31F","A31F","A343","A345","A33B","A318","A33E","",""
"744","46216","FB92","FB87","FB93","FB8B","FB83","FB83","FB77","FB7F","FB7F","FB75","FB85","FB7B","FB78","FB7E","",""
"745","46232","3038","302B","3037","3031","3027","3027","302D","3023","3023","302B","3029","301F","302C","3032","",""
"746","46248","7E11","7E02","7E0E","7E0A","7E0E","7E0E","7E06","7DFA","7DFA","7E04","7E00","7E06","7E03","7E09","",""
"747","46272","C7BE","C7AD","C7B9","C7D1","C7C3","C7C3","C7A3","C7A5","C7A5","C7BB","C7C5","C7BB","C7AE","C7CE","",""
"748","46288","110E","110B","1117","112B","112B","112B","1103","1103","1103","1125","111D","1123","110C","1126","",""
"749","46304","59AD","59A8","59B4","59AA","59A8","59A8","59A2","59A0","59A0","59A4","59AA","59A0","59A9","59A3","",""
"750","46320","A371","A36A","A376","A388","A384","A384","A366","A362","A362","A382","A386","A37C","A36B","A38F","",""
"751","46336","0BD9","0BD0","0BDC","0BE0","0BDA","0BDA","0BCE","0BC8","0BC8","0BCA","0BDC","0BD2","0BD1","0BD5","",""
"752","46352","39A5","39AA","39B6","39AC","39A4","39A4","399A","39A2","39A2","3996","39A6","399C","399B","399F","",""
"753","46368","D976","D969","D975","D96D","D973","D973","D96B","D961","D961","D967","D965","D96B","D96A","D96E","",""
"754","46384","203C","202D","2039","2033","2027","2027","2021","2025","2025","201D","2029","201F","201E","2032","",""
"755","46400","6AE3","6AD2","6ADE","6ADA","6ADC","6ADC","6AD8","6ACA","6ACA","6AD4","6ACE","6AD4","6AD3","6AD7","",""
"756","46416","BB8D","BB8A","BB96","BBAE","BB9E","BB9E","BB82","BB82","BB82","BB98","BBA0","BB96","BB8B","BBA9","",""
"757","46432","F3C6","F3B1","F3BD","F3B7","F3B5","F3B5","F3AB","F3A9","F3A9","F3B1","F3B7","F3AD","F3B2","F3B0","",""
"758","46456","3CF9","3CE2","3CEE","3CEA","3CE6","3CE6","3CDE","3CDA","3CDA","3CE4","3CE8","3CDE","3CE3","3CF1","",""
"759","46472","7363","735A","7366","7364","735E","735E","7358","7352","7352","734E","7350","7356","735B","7359","",""
"760","46488","7363","735A","7366","7364","735E","735E","7358","7352","7352","734E","7350","7356","735B","7359","",""
"761","46504","BE85","BE7A","BE86","BE76","BE6E","BE6E","BE6A","BE72","BE72","BE70","BE70","BE66","BE6B","BE79","",""
"762","46520","05A5","05A8","05B4","05A6","059C","059C","059A","05A0","05A0","05A0","059E","0594","0599","05A7","",""
"763","46536","4F6A","4F6B","4F77","4F85","4F89","4F89","4F5F","4F63","4F63","4F7F","4F7B","4F81","4F5C","4F84","",""
"764","46552","C7D7","C7D6","C7E2","C7F2","C7F4","C7F4","C7CC","C7CE","C7CE","C7EC","C7E6","C7EC","C7C7","C7EF","",""
"765","46568","FFE1","FFDE","FFEA","FFDC","FFDC","FFDC","FFD6","FFD6","FFD6","FFD6","FFDE","FFD4","FFCF","FFD7","",""
"766","46584","490C","48F7","4903","48F7","48F5","48F5","48F1","48EF","48EF","48F1","48F7","48ED","48F8","4900","",""
"767","46600","93E2","93DB","93E7","93DD","93D9","93D9","93D7","93D3","93D3","93D7","93DB","93D1","93DC","93E4","",""
"768","46624","DB75","DB6C","DB78","DB70","DB6A","DB6A","DB6A","DB64","DB64","DB6A","DB6C","DB62","DB6D","DB75","",""
"769","46640","24CA","24BF","24CB","24C5","24BD","24BD","24BF","24B7","24B7","24BF","24BF","24B5","24C0","24B8","",""
"770","46656","76A5","7698","76A4","76BA","76B0","76B0","769A","7690","7690","76B4","76B2","76A8","7699","76BB","",""
"771","46672","B8FD","B8EE","B8FA","B912","B916","B916","B8F2","B8E6","B8E6","B90C","B908","B90E","B8EF","B911","",""
"772","46688","35FB","35EA","35F6","35F0","35F2","35F2","35F0","35E2","35E2","35EA","35E4","35EA","35EB","35ED","",""
"773","46704","7DF0","7DED","7DF9","7DE5","7DE5","7DE5","7DE5","7DE5","7DE5","7DDF","7DE7","7DDD","7DDE","7DE0","",""
"774","46720","BD05","BD00","BD0C","BCFA","BCF8","BCF8","BCFA","BCF8","BCF8","BCF4","BCFA","BCF0","BCF1","BD03","",""
"775","46736","106E","1067","1073","108B","1087","1087","1063","105F","105F","1085","1089","107F","1068","1082","",""
"776","46752","7EB5","7EAC","7EB8","7EEC","7EE6","7EE6","7EAA","7EA4","7EA4","7ED6","7EE8","7EDE","7E9D","7EE1","",""
"777","46768","A169","A15E","A16A","A19A","A192","A192","A15E","A156","A156","A194","A194","A18A","A15F","A19D","",""
"778","46784","EA8A","EA7D","EA89","EAC5","EABB","EABB","EA7F","EA75","EA75","EAAF","EABD","EAB3","EA7E","EAB6","",""
"779","46808","EA8A","EA7D","EA89","EAC5","EABB","EABB","EA7F","EA75","EA75","EAAF","EABD","EAB3","EA7E","EAB6","",""
"780","46824","341C","340D","3419","3451","3455","3455","3411","3405","3405","344B","3447","344D","340E","3450","",""
"781","46840","7CB9","7CB8","7CC4","7CDE","7CD0","7CD0","7CAE","7CB0","7CB0","7CD8","7CD2","7CC8","7CB9","7CDB","",""
"782","46856","C5A1","C59E","C5AA","C5C0","C5B0","C5B0","C596","C596","C596","C5AA","C5B2","C5A8","C58F","C5BB","",""
"783","46872","0EEA","0EE5","0EF1","0F09","0EF7","0EF7","0EDF","0EDD","0EDD","0EF3","0EF9","0EEF","0ED6","0F02","",""
"784","46888","5884","586D","5879","588D","5889","5889","5869","5865","5865","5887","588B","5881","586E","5894","",""
"785","46904","A167","A15E","A16A","A180","A17A","A17A","A15C","A156","A156","A17A","A17C","A172","A14F","A175","",""
"786","46920","C860","C855","C861","C859","C851","C851","C855","C84D","C84D","C853","C853","C849","C856","C85C","",""
"787","46936","083F","0832","083E","0858","085E","085E","0834","082A","082A","0852","0850","0856","0833","0859","",""
"788","46952","4F33","4F24","4F30","4F26","4F2A","4F2A","4F18","4F1C","4F1C","4F20","4F1C","4F22","4F25","4F25","",""
"789","46976","A569","A558","A564","A574","A576","A576","A54E","A550","A550","A56E","A568","A56E","A559","A571","",""
"790","46992","E0F8","E0F5","E101","E10D","E10D","E10D","E0ED","E0ED","E0ED","E107","E10F","E105","E0E6","E108","",""
"791","47008","8326","8321","832D","833F","833D","833D","831B","8319","8319","8329","832F","8335","8310","8338","",""
"792","47024","CB95","CB8E","CB9A","CB8E","CB8A","CB8A","CB8A","CB84","CB86","CB88","CB8C","CB82","CB8F","CB95","",""
"793","47040","159A","1581","158D","15AD","15A7","15A7","157F","1579","1579","1597","1599","159F","1582","15A2","",""
"794","47056","5E27","5E1C","5E28","5E24","5E1C","5E1C","5E1C","5E14","5E14","5E0E","5E1E","5E14","5E0D","5E17","",""
"795","47072","9DEC","9DDF","9DEB","9E23","9E19","9E19","9DE1","9DD7","9DD7","9E1D","9E1B","9E11","9DE0","9E24","",""
"796","47088","E572","E563","E56F","E56D","E561","E561","E557","E55B","E55B","E557","E563","E559","E564","E55C","",""
"797","47104","13A8","13A7","13B3","13A7","13A9","13A9","139D","139F","139F","13A1","139B","13A1","1398","13A4","",""
"798","47120","13A8","13A7","13B3","13A7","13A9","13A9","139D","139F","139F","13A1","139B","13A1","1398","13A4","",""
"799","47144","3E54","3E51","3E5D","3E53","3E43","3E43","3E49","3E49","3E49","3E4B","3E45","3E3B","3E42","3E4E","",""
"800","47160","8753","874E","875A","874C","874A","874A","8748","8746","8746","8746","874C","8742","873F","8745","",""
"801","47176","D02B","D024","D030","D028","D024","D024","D020","D01C","D01C","D012","D016","D01C","D015","D01F","",""
"802","47192","574B","5742","574E","5748","5742","5740","5740","573A","573A","5732","5744","5738","5733","573D","",""
"803","47208","9170","9165","9171","916D","9165","9165","9165","915D","915D","9157","9167","915D","9166","9160","",""
"804","47224","DA12","DA05","DA11","DA0F","DA05","DA05","DA07","D9FD","D9FD","D9F9","DA07","D9FD","DA04","DA00","",""
"805","47240","1B66","1B67","1B73","1B9D","1BA1","1BA1","1B5B","1B5F","1B5F","1B97","1B93","1B99","1B58","1B9C","",""
"806","47256","6C89","6C88","6C94","6C80","6C82","6C82","6C7E","6C80","6C80","6C7A","6C84","6C7A","6C77","6C7D","",""
"807","47272","B5DF","B5CA","B5D8","B5D6","B5D6","B5D6","B5C4","B5C4","B5C4","B5D0","B5C8","B5CE","B5CD","B5D1","",""
"808","47288","FF1A","FF15","FF21","FF11","FF0F","FF0F","FF0F","FF0D","FF0D","FF0B","FF11","FF07","FF06","FF1A","",""
"809","47304","4853","484C","4858","484A","4846","4846","4848","4844","4844","4844","4848","483E","483D","4841","",""
"810","47320","DD74","DD6B","DD77","DD6B","DD75","DD75","DD69","DD63","DD63","DD65","DD67","DD6D","DD6C","DD70","",""
"811","47336","1BC7","1BBC","1BC8","1BD8","1BE0","1BE0","1BBC","1BB4","1BB4","1BD2","1BD2","1BD8","1BBD","1BDB","",""
"812","47360","6411","6404","6410","6412","6408","6406","6406","63FC","63FC","63FC","640A","63FE","6405","6403","",""
"813","47376","AD3F","AD30","AD3C","AD3A","AD3E","AD3E","AD34","AD28","AD28","AD34","AD30","AD36","AD31","AD39","",""
"814","47392","57CA","57BB","57C7","5801","57F3","57F3","57C1","57B3","57B3","57EB","57F5","57EB","57BC","57FE","",""
"815","47408","8D6A","8D57","8D63","8D7F","8D7F","8D7F","8D4F","8D4F","8D4F","8D79","8D71","8D77","8D58","8D7A","",""
"816","47424","D78B","D776","D782","D7C0","D7BE","D7BE","D770","D76E","D76E","D7BA","D7C0","D7B6","D777","D7B9","",""
"817","47440","D78B","D776","D782","D7C0","D7BE","D7BE","D770","D76E","D76E","D7BA","D7C0","D7B6","D777","D7B9","",""
"818","47456","2031","202A","2036","2046","2042","2042","2026","2022","2022","2040","2044","203A","201B","203D","",""
"819","47472","6869","6850","685C","685E","6858","6858","684E","6848","6848","6858","685A","6850","6851","6853","",""
"820","47488","AB44","AB39","AB45","AB69","AB61","AB61","AB39","AB31","AB31","AB53","AB63","AB59","AB3A","AB5C","",""
"821","47504","FB67","FB5A","FB66","FB86","FB7C","FB7C","FB5C","FB52","FB52","FB70","FB7E","FB74","FB5B","FB77","",""
"822","47520","44DA","44CB","44D7","44F9","44ED","44ED","44CF","44C3","44C3","44E3","44EF","44E5","44CC","44F8","",""
"823","47536","8D60","8D4F","8D5B","8D4F","8D51","8D51","8D45","8D47","8D47","8D49","8D53","8D49","8D50","8D4C","",""
"824","47560","BE9A","BE97","BEA3","BEB9","BEB9","BEB9","BE8F","BE8F","BE8F","BEB3","BEBB","BEB1","BE98","BEB4","",""
"825","47576","14FF","14FC","1508","1500","14FE","14FE","14F6","14F4","14F4","14FA","14F0","14F6","14ED","14F9","",""
"826","47592","53FB","53E4","53F0","53EA","53E6","53E6","53E0","53DC","53DC","53E4","53E8","53DE","53E5","53F1","",""
"827","47608","9DC5","9DBC","9DC8","9DE4","9DDE","9DDE","9DBA","9DB4","9DB4","9DCE","9DE0","9DD6","9DBD","9DD9","",""
"828","47624","16C2","16B9","16C5","16CD","16D5","16D5","16B9","16B1","16B1","16C7","16C7","16CD","16AA","16D0","",""
"829","47640","A2DE","A2E1","A2ED","A2FB","A2F1","A2F1","A2D3","A2D9","A2D9","A2F5","A2F3","A2E9","A2D2","A2FC","",""
"830","47656","EC50","EC41","EC4D","EC67","EC5B","EC5B","EC45","EC39","EC39","EC61","EC5D","EC53","EC42","EC66","",""
"831","47672","342F","341E","342A","344A","343C","343C","3424","3416","3416","3434","343E","3434","341F","3447","",""
"832","47688","7E8E","7E8B","7E97","7EA9","7EA9","7EA9","7E83","7E83","7E83","7EA3","7EAB","7EA1","7E8C","7EA4","",""
"833","47712","9DE3","9DDE","9DEA","9E02","9E00","9E00","9DD8","9DD6","9DD6","9DFC","9DF2","9DF8","9DDF","9DFB","",""
"834","47728","DEFD","DEE6","DEF2","DEEA","DEE6","DEE6","DEE2","DEDE","DEDE","DEE4","DEE8","DEDE","DEE7","DEF1","",""
"835","47744","2F80","2F77","2F83","2F7D","2F77","2F77","2F75","2F6F","2F6F","2F67","2F79","2F6F","2F68","2F72","",""
"836","47760","2F80","2F77","2F83","2F7D","2F77","2F77","2F75","2F6F","2F6F","2F67","2F79","2F6F","2F68","2F72","",""
"837","47776","5D2A","5D1F","5D2B","5D27","5D1F","5D1F","5D1F","5D17","5D17","5D21","5D21","5D17","5D20","5D1A","",""
"838","47792","87F6","87E9","87F5","87F3","87E9","87E9","87EB","87E1","87E1","87ED","87EB","87E1","87EA","87F4","",""
"839","47808","D0F7","D0F8","D104","D0FE","D0F2","D0F2","D0EC","D0F0","D0F0","D0E8","D0F4","D0EA","D0E9","D0ED","",""
"840","47824","19CB","19CA","19D6","19CC","19BE","19BE","19C0","19C2","19C2","19B6","19C0","19B6","19BB","19C9","",""
"841","47840","C3EA","C3D7","C3E3","C403","C3F3","C3F3","C3DF","C3CF","C3CF","C3ED","C3F5","C3EB","C3D8","C3FE","",""
"842","47856","FB65","FB60","FB6C","FB78","FB76","FB76","FB5A","FB58","FB58","FB72","FB78","FB6E","FB51","FB71","",""
"843","47872","44FF","44F8","4504","453C","4538","4538","44F4","44F0","44F0","4526","452A","4530","44F9","4533","",""
"844","47888","8E47","8E3E","8E4A","8E5E","8E58","8E58","8E3C","8E36","8E36","8E58","8E5A","8E50","8E3F","8E53","",""
"845","47912","D65A","D64F","D65B","D64B","D643","D643","D63F","D647","D647","D645","D645","D63B","D640","D64E","",""
"846","47928","203E","2031","203D","204D","2053","2053","2033","2029","2029","2047","2045","204B","2032","204E","",""
"847","47944","79D3","79C4","79D0","79EC","79E0","79E0","79C8","79BC","79BC","79D6","79E2","79D8","79C5","79DB","",""
"848","47960","06F2","06E1","06ED","06E9","06DB","06DB","06D7","06D9","06D9","06E3","06DD","06D3","06E2","06E6","",""
"849","47976","49DF","49CC","49D8","49D6","49D6","49D6","49C4","49C4","49C4","49D0","49C8","49CE","49CD","49D1","",""
"850","47992","99A0","998B","9997","9997","9995","9995","9985","9983","9983","9991","9987","998D","998C","9990","",""
"851","48008","E2B1","E2AA","E2B6","E2B8","E2B4","E2B4","E2A6","E2A2","E2A2","E2A2","E2A6","E2AC","E2AB","E2AF","",""
"852","48024","204F","2046","2052","204E","2048","2048","2044","203E","203E","2048","204A","2040","2047","2053","",""
"853","48040","80BC","80B1","80BD","80D9","80D1","80D1","80B1","80A9","80A9","80C3","80D3","80C9","80B2","80CC","",""
"854","48056","B4E6","B4D9","B4E5","B503","B4F9","B4F9","B4DB","B4D1","B4D1","B4FD","B4FB","B4F1","B4DA","B504","",""
"855","48080","B4E6","B4D9","B4E5","B503","B4F9","B4F9","B4DB","B4D1","B4D1","B4FD","B4FB","B4F1","B4DA","B504","",""
"856","48096","FE03","FDF4","FE00","FE20","FE14","FE14","FDF8","FDEC","FDEC","FE1A","FE16","FE0C","FDF5","FE1F","",""
"857","48112","47E7","47D6","47E2","480E","4810","4810","47CC","47CE","47CE","4808","4812","4808","47D7","480B","",""
"858","48128","90EA","90E7","90F3","9101","9101","9101","90DF","90DF","90DF","90FB","9103","90F9","90D8","90FC","",""
"859","48144","D939","D924","D930","D930","D92E","D92E","D91E","D91C","D91C","D92A","D920","D926","D925","D929","",""
"860","48160","230A","2303","230F","2331","232D","232D","22FF","22FB","22FB","231B","231F","2325","2304","2328","",""
"861","48176","6B9C","6B93","6B9F","6B93","6B8D","6B8D","6B91","6B8B","6B8B","6B8D","6B8F","6B85","6B94","6B98","",""
"862","48192","B5D0","B5C5","B5D1","B5E7","B5DF","B5DF","B5C5","B5BD","B5BD","B5E1","B5E1","B5D7","B5B6","B5EA","",""
"863","48216","F83B","F82E","F83A","F86C","F872","F872","F830","F826","F826","F866","F864","F86A","F82F","F86D","",""
"864","48232","34CE","34BF","34CB","34CF","34C3","34C3","34C3","34B7","34B7","34B9","34C5","34BB","34C0","34BE","",""
"865","48248","7919","7908","7914","7914","7906","7906","790E","7900","7900","790E","7908","78FE","7909","7911","",""
"866","48264","C76D","C75A","C766","C782","C772","C772","C762","C752","C752","C76C","C774","C76A","C75B","C77D","",""
"867","48280","7C97","7C92","7C9E","7CB0","7C9E","7C9E","7C8C","7C8A","7C8A","7C9A","7CA0","7C96","7C83","7CA9","",""
"868","48296","C5B0","C5A9","C5B5","C5C3","C5BF","C5BF","C5A5","C5A1","C5A1","C5BD","C5C1","C5B7","C59A","C5BA","",""
"869","48312","0F08","0EFF","0F0B","0F25","0F1F","0F1F","0EFD","0EF7","0EF7","0F1F","0F21","0F17","0F00","0F1A","",""
"870","48328","5782","5777","5783","577F","5777","5777","5777","576F","576F","5779","5779","576F","5778","5782","",""
"871","48344","9537","952A","9536","954E","9544","9544","952C","9522","9522","9548","9546","953C","952B","954F","",""
"872","48360","FBA3","FB94","FBA0","FBD4","FBC8","FBC8","FB88","FB8C","FB8C","FBBE","FBCA","FBC0","FB85","FBD3","",""
"873","48384","2AAC","2AAB","2AB7","2AC7","2AC9","2AC9","2AA1","2AA3","2AA3","2AC1","2ABB","2AC1","2A9C","2AC4","",""
"874","48400","2AAC","2AAB","2AB7","2AC7","2AC9","2AC9","2AA1","2AA3","2AA3","2AC1","2ABB","2AC1","2A9C","2AC4","",""
"875","48416","73D3","73C0","73CC","73E8","73D8","73D8","73B8","73B8","73B8","73D2","73DA","73D0","73C1","73E3","",""
"876","48432","9DAC","9DA7","9DB3","9DBB","9DB9","9DB9","9DA1","9D9F","9D9F","9DB5","9DBB","9DB1","9D98","9DC4","",""
"877","48448","E6FE","E6F7","E703","E717","E713","E713","E6F3","E6EF","E6EF","E711","E715","E70B","E6F8","E71E","",""
"878","48464","2EDD","2ED4","2EE0","2ED6","2ED0","2ED0","2ED2","2ECC","2ECC","2ED0","2ED2","2EC8","2EC5","2ECB","",""
"879","48480","B360","B355","B361","B393","B39B","B39B","B355","B34D","B34D","B38D","B38D","B393","B356","B396","",""
"880","48496","D225","D218","D224","D252","D258","D258","D21A","D210","D210","D24C","D25A","D250","D219","D253","",""
"881","48512","1FD2","1FD3","1FDF","2009","200D","200D","1FC7","1FCB","1FCB","2003","200F","2005","1FC4","2008","",""
"882","48528","696E","696D","6979","699F","69A1","69A1","6963","6965","6965","6999","69A3","6999","695E","699C","",""
"883","48552","B22B","B218","B224","B23C","B23C","B23C","B210","B210","B210","B236","B23E","B234","B219","B237","",""
"884","48568","FAE1","FACC","FAD8","FAE6","FAE4","FAE4","FAC6","FAC4","FAC4","FAE0","FAE6","FADC","FACD","FAEF","",""
"885","48584","4419","4412","441E","443E","443A","443A","440E","440A","440A","4428","442C","4432","4413","4435","",""
"886","48600","E2E8","E2DF","E2EB","E2F7","E301","E301","E2DD","E2D7","E2D7","E2F1","E2F3","E2F9","E2D0","E2FC","",""
"887","48616","2412","2407","2413","2411","2409","2409","2407","23FF","23FF","23FB","240B","2401","2408","2404","",""
"888","48632","6278","626B","6277","6287","628D","628D","625D","6263","6263","6281","627F","6285","625C","6288","",""
"889","48648","AA8A","AA7B","AA87","AA89","AA7D","AA7D","AA7F","AA73","AA73","AA73","AA7F","AA75","AA7C","AA78","",""
"890","48664","E7FF","E7EE","E7FA","E7FC","E7EE","E7EE","E7F4","E7E6","E7E6","E7E6","E7F0","E7E6","E7EF","E7F9","",""
"891","48680","32BC","32A9","32B5","32CD","32CD","32CD","32B1","32A1","32A1","32C7","32CF","32C5","32AA","32D8","",""
"892","48704","7A89","7A84","7A90","7A8A","7A88","7A88","7A7E","7A7C","7A7C","7A84","7A7A","7A80","7A85","7A83","",""
"893","48720","7A89","7A84","7A90","7A8A","7A88","7A88","7A7E","7A7C","7A7C","7A84","7A7A","7A80","7A85","7A83","",""
"894","48736","C3AE","C3A7","C3B3","C3AF","C3AB","C3AB","C3A3","C39F","C39F","C3A9","C3AD","C3A3","C3A8","C3A6","",""
"895","48752","0924","091B","0927","093F","0939","0939","0919","0913","0913","0939","093B","0931","091C","0934","",""
"896","48768","563D","5632","563E","5638","5630","5630","5632","562A","562A","5632","5632","5628","5633","563B","",""
"897","48784","9F90","9F83","9F8F","9F85","9F8B","9F8B","9F85","9F7B","9F7B","9F7F","9F7D","9F83","9F84","9F86","",""
"898","48800","E93B","E92C","E938","E95A","E94E","E94E","E930","E924","E924","E954","E950","E946","E92D","E959","",""
"899","48816","31EF","31EE","31FA","31EE","31F0","31F0","31E4","31E6","31E6","31E8","31E2","31E8","31DF","31EB","",""
"900","48832","7B5D","7B5A","7B66","7B56","7B56","7B56","7B52","7B52","7B52","7B50","7B58","7B4E","7B4B","7B51","",""
"901","48848","A6D5","A6D0","A6DC","A6D2","A6D0","A6D0","A6CA","A6C8","A6C8","A6BC","A6C2","A6C8","A6C1","A6CB","",""
"902","48864","D4B4","D4AD","D4B9","D4CB","D4C7","D4C7","D4A9","D4A5","D4A5","D4B5","D4B9","D4BF","D49E","D4C2","",""
"903","48888","1DAA","1DA1","1DAD","1DBB","1DB5","1DB5","1D9F","1D99","1D99","1DB5","1DB7","1DAD","1D92","1DC0","",""
"904","48904","660D","6602","660E","65FE","6606","6606","6602","65FA","65FA","65F8","65F8","65FE","6603","6601","",""
"905","48920","52E0","52D3","52DF","52DF","52D5","52D5","52D5","52CB","52CB","52D9","52D7","52CD","52D4","52E0","",""
"906","48936","9F37","9F38","9F44","9F56","9F5A","9F5A","9F2C","9F30","9F30","9F50","9F4C","9F52","9F29","9F55","",""
"907","48952","E998","E987","E993","E987","E989","E989","E98D","E97F","E97F","E981","E98B","E981","E988","E984","",""
"908","48968","30B2","30AF","30BB","30B1","30B1","30B1","30A7","30A7","30A7","30AB","30B3","30A9","30B0","30AC","",""
"909","48984","627B","6276","6282","6274","6272","6272","6270","626E","626E","626E","6274","626A","6277","627D","",""
"910","49000","BA02","B9FB","BA07","BA0F","BA0B","BA0B","B9F7","B9F3","B9F3","BA09","BA0D","BA03","B9EC","BA16","",""
"911","49016","06E4","06DB","06E7","06FB","06F5","06F5","06D9","06D3","06D3","06F5","06F7","06ED","06DC","0700","",""
"912","49032","06E4","06DB","06E7","06FB","06F5","06F5","06D9","06D3","06D3","06F5","06F7","06ED","06DC","0700","",""
"913","49048","4C0A","4BFF","4C0B","4C05","4BFD","4BFD","4BFF","4BF7","4BF7","4BFF","4BFF","4BF5","4C00","4C08","",""
"914","49072","8D85","8D78","8D84","8D80","8D86","8D86","8D7A","8D70","8D70","8D7A","8D78","8D7E","8D79","8D81","",""
"915","49088","CED8","CEC9","CED5","CED3","CEC7","CEC7","CECD","CEC1","CEC1","CEBD","CEC9","CEBF","CECA","CED2","",""
"916","49104","1473","1462","146E","146E","1460","1460","1468","145A","145A","1458","1462","1458","1463","146B","",""
"917","49120","5DF4","5DF1","5DFD","5DEF","5DEF","5DEF","5DE9","5DE9","5DE9","5DE9","5DF1","5DE7","5DF2","5DEA","",""
"918","49136","D265","D260","D26C","D27A","D278","D278","D25A","D258","D258","D274","D27A","D270","D251","D273","",""
"919","49152","0E6F","0E68","0E74","0E84","0E80","0E80","0E64","0E60","0E60","0E7E","0E82","0E78","0E59","0E7B","",""
"920","49168","56D8","56CF","56DB","56CD","56D7","56D7","56CD","56C7","56C7","56C7","56C9","56CF","56D0","56D2","",""
"921","49184","A34A","A33F","A34B","A33F","A337","A337","A32F","A337","A337","A339","A339","A32F","A330","A332","",""
"922","49200","E99F","E992","E99E","E994","E98A","E98A","E984","E98A","E98A","E98E","E98C","E982","E983","E995","",""
"923","49216","32E7","32D8","32E4","32DC","32E0","32E0","32DC","32D0","32D0","32D6","32D2","32D8","32D9","32DB","",""
"924","49232","C4F2","C4E1","C4ED","C511","C503","C503","C4E7","C4D9","C4D9","C4FB","C505","C4FB","C4E2","C50E","",""
"925","49248","188A","1887","1893","1889","1889","1889","187F","187F","187F","1883","188B","1881","1888","1884","",""
"926","49272","45AF","45AA","45B6","45AE","459C","459C","45A4","45A2","45A2","4598","459E","4594","459B","45A7","",""
"927","49288","90BB","90B4","90C0","90AA","90A6","90A6","90B0","90AC","90AC","90A4","90A8","909E","90A5","90B1","",""
"928","49304","CDFC","CDF3","CDFF","CDFB","CDF5","CDF5","CDF1","CDEB","CDEB","CDF5","CDF7","CDED","CDF4","CDF0","",""
"929","49320","177F","1774","1780","1770","1768","1768","1764","176C","176C","176A","176A","1760","1765","1773","",""
"930","49336","9320","9313","931F","935B","9351","9351","9315","930B","930B","9345","9353","9349","9314","934C","",""
"931","49352","9320","9313","931F","935B","9351","9351","9315","930B","930B","9345","9353","9349","9314","934C","",""
"932","49368","C074","C075","C081","C0A9","C0AD","C0AD","C069","C06D","C06D","C0A3","C0AF","C0A5","C066","C0A8","",""
"933","49384","09B7","09A6","09B2","09E6","09E8","09E8","09AC","099E","099E","09E0","09DA","09E0","09A7","09E3","",""
"934","49400","5345","5332","533E","536E","536E","536E","532A","532A","532A","5368","5370","5366","5333","5369","",""
"935","49424","9BDB","9BD6","9BE2","9BF4","9BF2","9BF2","9BD0","9BCE","9BCE","9BEE","9BF4","9BEA","9BD7","9BFD","",""
"936","49440","E4C4","E4BD","E4C9","E4D7","E4D3","E4D3","E4B9","E4B5","E4B5","E4D1","E4D5","E4CB","E4BE","E4DE","",""
"937","49456","1189","1180","118C","11B8","11B2","11B2","117E","1178","1178","11B2","11B4","11AA","1181","11BD","",""
"938","49472","59A6","599B","59A7","59C5","59BD","59BD","599B","5993","5993","59BF","59BF","59B5","599C","59B8","",""
"939","49488","A1B5","A1A8","A1B4","A1B4","A1AA","A1AA","A1AA","A1A0","A1A0","A1AE","A1AC","A1A2","A1A9","A1B5","",""
"940","49504","CD8F","CD90","CD9C","CDAE","CDB2","CDB2","CD84","CD88","CD88","CDA8","CDA4","CDAA","CD81","CDAD","",""
"941","49520","FCC6","FCC5","FCD1","FCC5","FCB7","FCB7","FCBB","FCBD","FCBD","FCBF","FCB9","FCAF","FCB6","FCC2","",""
"942","49536","45D3","45D0","45DC","45CC","45CC","45CC","45C8","45C8","45C8","45C6","45CE","45C4","45D1","45D7","",""
"943","49552","471D","4718","4724","4758","4746","4746","4708","4710","4710","4748","4748","473E","4709","4751","",""
"944","49568","7EA7","7E9A","7EA6","7ED6","7ED2","7ED2","7E8C","7E92","7E92","7EC6","7ED4","7ECA","7E8B","7ECD","",""
"945","49592","C7B0","C7A7","C7B3","C7EF","C7E9","C7E9","C7A5","C79F","C79F","C7D9","C7DB","C7E1","C7A8","C7E4","",""
"946","49608","1152","1147","1153","118B","1183","1183","1147","113F","113F","1185","1185","117B","1148","117E","",""
"947","49624","4DBE","4DB1","4DBD","4DDD","4DDD","4DDD","4DB9","4DA9","4DA9","4DD7","4DCF","4DD5","4DB2","4DD8","",""
"948","49640","96A3","9694","96A0","96BA","96AE","96AE","9698","968C","968C","96B4","96B0","96A6","9695","96B9","",""
"949","49656","EFB7","EFB0","EFBC","EFD2","EFD4","EFD4","EFA6","EFA8","EFA8","EFD2","EFD6","EFCC","EFB1","EFCF","",""
"950","49672","EFB7","EFB0","EFBC","EFD2","EFD4","EFD4","EFA6","EFA8","EFA8","EFD2","EFD6","EFCC","EFB1","EFCF","",""
"951","49688","29BA","29B7","29C3","29D3","29D3","29D3","29B5","29AF","29AF","29CD","29D5","29CB","29B8","29CE","",""
"952","49704","72B2","72AD","72B9","72CB","72C9","72C9","72A7","72A5","72A5","72C5","72CB","72C1","729E","72C4","",""
"953","49720","BC19","BC12","BC1E","BC32","BC2E","BC2E","BC0E","BC0A","BC0A","BC2C","BC30","BC26","BC13","BC39","",""
"954","49736","041E","040F","041B","0421","041B","041B","0413","0407","0407","0411","040D","0413","0410","0416","",""
"955","49760","48CF","48D4","48E0","48CC","48D4","48D4","48CA","48CC","48CC","48C6","48C6","48CC","48C5","48CF","",""
"956","49776","96AA","969D","96A9","96AB","96A1","96A1","969D","9695","9695","9695","96A3","9699","969E","969C","",""
"957","49792","F53F","F530","F53C","F540","F534","F534","F534","F528","F528","F52A","F536","F52C","F531","F52F","",""
"958","49808","2863","2852","285E","2854","2856","2856","2856","284A","284A","284E","2858","284E","2853","2851","",""
"959","49824","75D2","75BF","75CB","75C3","75C3","75C3","75C7","75B7","75B7","75BD","75C5","75BB","75C0","75BE","",""
"960","49840","BF9B","BF96","BFA2","BFB6","BFB4","BFB4","BF90","BF8E","BF8E","BFB0","BFB6","BFAC","BF97","BFAF","",""
"961","49856","040D","03F6","0402","0402","03FE","03FE","03F2","03EE","03EE","03FC","0400","03F6","03F7","03F9","",""
"962","49872","A673","A66A","A676","A692","A68C","A68C","A668","A662","A662","A67C","A68E","A684","A66B","A687","",""
"963","49888","EF31","EF26","EF32","EF2A","EF22","EF22","EF26","EF1E","EF1E","EF24","EF24","EF1A","EF27","EF2D","",""
"964","49912","3863","3856","3862","385C","3852","3852","3858","384E","384E","3856","3854","384A","3857","385D","",""
"965","49928","7A28","7A29","7A35","7A1F","7A23","7A23","7A1D","7A21","7A21","7A19","7A25","7A1B","7A1A","7A1E","",""
"966","49944","AE23","AE12","AE1E","AE34","AE36","AE36","AE18","AE0A","AE0A","AE2E","AE28","AE2E","AE13","AE31","",""
"967","49960","F600","F5FD","F609","F5FB","F5FB","F5FB","F5F5","F5F5","F5F5","F5F5","F5FD","F5F3","F5EE","F5F6","",""
"968","49976","6FE5","6FE0","6FEC","6FFA","6FF8","6FF6","6FDA","6FD8","6FD8","6FF4","6FEA","6FEE","6FD1","6FF3","",""
"969","49992","6FE5","6FE0","6FEC","6FFA","6FF8","6FF6","6FDA","6FD8","6FD8","6FF4","6FEA","6FEE","6FD1","6FF3","",""
"970","50008","9ACE","9AC7","9AD3","9AC3","9ABF","9ABF","9AC3","9ABF","9ABF","9ABD","9AC1","9AB7","9AB8","9ACA","",""
"971","50032","ED20","ED17","ED23","ED25","ED1F","ED1F","ED15","ED0F","ED0F","ED0F","ED11","ED17","ED18","ED1A","",""
"972","50048","36EF","36E4","36F0","3704","36FC","36FC","36D4","36DC","36DC","36FE","36FE","36F4","36D5","36F7","",""
"973","50064","7FB3","7FA6","7FB2","7FA8","7F9E","7F9E","7F98","7F9E","7F9E","7FA2","7F9E","7F96","7F97","7FA9","",""
"974","50080","C8E9","C8DA","C8E6","C8DE","C8D2","C8D2","C8CE","C8D2","C8D2","C8D8","C8D4","C8CA","C8DB","C8DD","",""
"975","50096","121F","120E","121A","1214","1216","1216","1204","1206","1206","120E","1208","120E","120F","1211","",""
"976","50112","6814","6811","681D","6823","6823","6823","6809","6809","6809","681D","6825","681B","6802","681E","",""
"977","50128","A6A6","A6A1","A6AD","A6C5","A6C3","A6C3","A69B","A699","A699","A6BF","A6C5","A6BB","A6A2","A6BE","",""
"978","50144","CEC5","CEBE","CECA","CEC4","CEC0","CEC0","CEBA","CEB6","CEB6","CEBE","CEC2","CEB8","CEBF","CEBB","",""
"979","50160","182C","1823","182F","182B","1825","1825","1821","181B","181B","1825","1827","181D","1824","1830","",""
"980","50176","60F0","60E5","60F1","60EF","60E7","60E7","60E5","60DD","60DD","60E9","60E9","60DF","60E6","60F2","",""
"981","50200","3214","3207","3213","3287","327D","327D","3209","31FF","31FF","3271","327F","3275","3208","3278","",""
"982","50216","584F","5850","585C","588C","5880","5880","5844","5848","5848","5886","5882","5876","5841","588B","",""
"983","50232","A1B7","A1A6","A1B2","A1DE","A1DE","A1E0","A19C","A19E","A19E","A1D8","A1E2","A1D8","A1A7","A1DB","",""
"984","50248","E582","E57F","E58B","E599","E599","E599","E577","E577","E577","E593","E59B","E591","E570","E5A4","",""
"985","50264","26F9","26F4","2700","270A","2708","2708","26EE","26EC","26EC","2704","270A","2700","26F5","2713","",""
"986","50280","7036","702F","703B","7051","704D","704D","702B","7027","7027","704B","704F","7045","7030","7048","",""
"987","50296","B9ED","B9E4","B9F0","B9FC","B9F6","B9F6","B9E2","B9DC","B9DC","B9F6","B9F8","B9EE","B9E5","BA01","",""
"988","50312","B9ED","B9E4","B9F0","B9FC","B9F6","B9F6","B9E2","B9DC","B9DC","B9F6","B9F8","B9EE","B9E5","BA01","",""
"989","50328","02D7","02CC","02D8","02E6","02DE","02DE","02BC","02C4","02C4","02E0","02E0","02D6","02BD","02E9","",""
"990","50344","4B45","4B48","4B54","4B3E","4B44","4B44","4B3A","4B40","4B40","4B38","4B46","4B3C","4B39","4B3F","",""
"991","50360","8E37","8E28","8E34","8E50","8E44","8E44","8E1C","8E20","8E20","8E3A","8E46","8E3A","8E19","8E3F","",""
"992","50384","CB59","CB48","CB54","CB4C","CB4E","CB4E","CB4E","CB40","CB40","CB46","CB50","CB46","CB49","CB49","",""
"993","50400","1430","141D","1429","1427","1427","1427","1415","1415","1415","1421","1419","141F","141E","1422","",""
"994","50416","5E6D","5E68","5E74","5E8E","5E8C","5E8C","5E62","5E60","5E60","5E78","5E7E","5E84","5E59","5E87","",""
"995","50432","A6AB","A6A4","A6B0","A6AA","A6A6","A6A6","A6A0","A69C","A69C","A694","A698","A69E","A695","A6A1","",""
"996","50448","EFE3","EFCA","EFD6","EFD2","EFCC","EFCC","EFC8","EFC2","EFC2","EFCC","EFCE","EFC4","EFCB","EFD7","",""
"997","50464","39E7","39DC","39E8","3A00","39F8","39F8","39DC","39D4","39D4","39EA","39FA","39F0","39DD","39F3","",""
"998","50480","8256","8259","8265","825F","8255","8255","824B","8251","8251","8249","8257","824D","824A","8250","",""
"999","50496","CB9D","CB8E","CB9A","CB90","CB94","CB92","CB92","CB86","CB86","CB8A","CB96","CB8C","CB8F","CB8F","",""
"1000","50512","69AF","69AE","69BA","69AC","69AE","69AE","69A4","69A6","69A6","69A6","69A0","69A6","699F","69A9","",""
"1001","50528","B300","B2ED","B2F9","B2FD","B2ED","B2ED","B2F5","B2E5","B2E5","B2E7","B2EF","B2E5","B2EE","B2F8","",""
"1002","50544","FC5C","FC47","FC53","FC53","FC51","FC51","FC41","FC3F","FC3F","FC3D","FC43","FC49","FC48","FC4C","",""
"1003","50568","2A37","2A30","2A3C","2A4C","2A48","2A48","2A2C","2A28","2A28","2A46","2A4A","2A40","2A21","2A43","",""
"1004","50584","4D72","4D69","4D75","4D81","4D7B","4D7B","4D67","4D61","4D61","4D7B","4D7D","4D73","4D6A","4D86","",""
"1005","50600","95E0","95D5","95E1","95CF","95D7","95D7","95C5","95CD","95CD","95C9","95C9","95CF","95C6","95D2","",""
"1006","50616","DF4B","DF3E","DF4A","DF54","DF5A","DF5A","DF40","DF36","DF36","DF4E","DF5C","DF52","DF3F","DF55","",""
"1007","50632","DF4B","DF3E","DF4A","DF54","DF5A","DF5A","DF40","DF36","DF36","DF4E","DF5C","DF52","DF3F","DF55","",""
"1008","50648","8FD4","8FC5","8FD1","8FCB","8FCF","8FCF","8FC9","8FBD","8FBD","8FC5","8FC1","8FC7","8FC6","8FCA","",""
"1009","50664","BF6C","BF5B","BF67","BF63","BF55","BF55","BF51","BF53","BF53","BF5D","BF57","BF4D","BF5C","BF60","",""
"1010","50680","0EC1","0EBE","0ECA","0ED8","0ED8","0ED8","0EB6","0EB6","0EB6","0ED2","0EDA","0ED0","0EAF","0ED3","",""
"1011","50696","5AAF","5A9A","5AA6","5AA6","5AA4","5AA4","5AA4","5A92","5A92","5AA0","5AA6","5A9C","5A9B","5A9F","",""
"1012","50712","9CF7","9CF0","9D0E","9CEE","9CEA","9CFC","9CEC","9CE8","9CFA","9CE8","9CEC","9CE2","9CE1","9CE5","",""
"1013","50736","EAA6","EA9D","EAA9","EAB7","EAB1","EAB1","EA9B","EA95","EA95","EAB1","EAB3","EAA9","EA9E","EABC","",""
"1014","50752","36C5","36CA","36D6","36C6","36BE","36BE","36BA","36C2","36C2","36C0","36C0","36B6","36BB","36C9","",""
"1015","50768","6F4F","6F42","6F4E","6F50","6F46","6F46","6F44","6F3A","6F3A","6F3A","6F48","6F3E","6F43","6F41","",""
"1016","50784","C5EC","C5DD","C5E9","C5DD","C5E1","C5E1","C5D1","C5D5","C5D5","C5D7","C5D3","C5D9","C5CE","C5DC","",""
"1017","50800","076B","076A","0776","076C","075E","075E","0760","0762","0762","0756","0760","0756","075B","0769","",""
"1018","50816","48DC","48D9","48E5","48DD","48CD","48CD","48D1","48D1","48D1","48C7","48CF","48C5","48CA","48D8","",""
"1019","50832","E1EC","E1E7","E1F3","E207","E205","E205","E1E1","E1DF","E1DF","E201","E207","E1FD","E1E8","E200","",""
"1020","50848","5585","556E","557A","55BA","55B6","55B6","556A","5566","5566","55A4","55A8","55AE","556F","55B1","",""
"1021","50864","8D3D","8D34","8D40","8D6C","8D66","8D66","8D32","8D2C","8D2C","8D66","8D68","8D5E","8D35","8D71","",""
"1022","50880","D63E","D633","D63F","D677","D66F","D66F","D633","D62B","D62B","D671","D671","D667","D634","D67A","",""
"1023","50896","196C","195F","196B","199F","1995","1995","1961","1957","1957","1999","1997","198D","1960","19A0","",""
"1024","50920","5B8F","5B80","5B8C","5BA2","5BA6","5BA6","5B84","5B78","5B78","5B9C","5BA8","5B9E","5B81","5BA1","",""
"1025","50936","A49B","A48A","A496","A4A8","A4AA","A4AA","A490","A482","A482","A4A2","A4AC","A4A2","A48B","A4A5","",""
"1026","50952","A49B","A48A","A496","A4A8","A4AA","A4AA","A490","A482","A482","A4A2","A4AC","A4A2","A48B","A4A5","",""
"1027","50968","F2B1","F2AE","F2BA","F2E8","F2E8","F2E8","F2A6","F2A6","F2A6","F2E2","F2EA","F2E0","F2AF","F2E3","",""
"1028","50984","3716","3711","371D","372D","372B","372B","370B","3709","3709","3727","372D","3723","3702","3726","",""
"1029","51000","7F82","7F6B","7F77","7F79","7F75","7F75","7F67","7F63","7F63","7F73","7F77","7F6D","7F6C","7F70","",""
"1030","51016","A6F6","A6ED","A6F9","A70D","A707","A707","A6EB","A6E5","A6E5","A707","A709","A6FF","A6EE","A712","",""
"1031","51032","FB68","FB5D","FB69","FB6F","FB67","FB67","FB5D","FB55","FB55","FB59","FB69","FB5F","FB5E","FB62","",""
"1032","51048","40EB","40EE","40FA","40EC","40E2","40E2","40E0","40E6","40E6","40E6","40E4","40DA","40DF","40ED","",""
"1033","51072","8A62","8A53","8A5F","8A5D","8A51","8A51","8A47","8A4B","8A4B","8A47","8A53","8A49","8A54","8A4C","",""
"1034","51088","0F5C","0F4B","0F57","0F81","0F83","0F83","0F41","0F43","0F43","0F7B","0F85","0F7B","0F4C","0F7E","",""
"1035","51104","3DEB","3DE8","3DF4","3E1A","3E1A","3E1A","3DE0","3DE0","3DE0","3E14","3E1C","3E12","3DD9","3E25","",""
"1036","51120","8723","870E","871A","874C","874A","874A","8718","8706","8706","8746","874C","8742","870F","8755","",""
"1037","51136","D0DD","D0D6","D0E2","D110","D10C","D10C","D0D2","D0CE","D0CE","D10A","D10E","D104","D0C7","D107","",""
"1038","51152","6E6D","6E64","6E70","6E7A","6E84","6E84","6E62","6E5C","6E5C","6E74","6E76","6E7C","6E65","6E7F","",""
"1039","51168","B7AA","B79F","B7AB","B7B7","B7BF","B7BF","B78F","B797","B797","B7B1","B7B1","B7B7","B790","B7BA","",""
"1040","51184","0111","0104","0110","0128","011E","011E","0106","00FC","00FC","0122","0120","0116","0105","0129","",""
"1041","51200","4A7E","4A6F","4A7B","4A95","4A99","4A99","4A73","4A67","4A67","4A8F","4A9B","4A91","4A70","4A94","",""
"1042","51216","6BB6","6BB5","6BC1","6BCD","6BCF","6BCF","6BAB","6BAD","6BAD","6BC7","6BD1","6BC7","6BA6","6BCA","",""
"1043","51240","7BD4","7BD1","7BDD","7BCF","7BCF","7BCF","7BC9","7BC9","7BC9","7BC9","7BD1","7BC7","7BD2","7BCA","",""
"1044","51256","BFBA","BFB5","BFC1","BFB9","BFA7","BFA7","BFAF","BFAD","BFAD","BFA3","BFA9","BF9F","BFA6","BFB2","",""
"1045","51272","BFBA","BFB5","BFC1","BFB9","BFA7","BFA7","BFAF","BFAD","BFAD","BFA3","BFA9","BF9F","BFA6","BFB2","",""
"1046","51288","0E4F","0E48","0E54","0E42","0E3E","0E3E","0E44","0E40","0E40","0E3C","0E40","0E36","0E39","0E49","",""
"1047","51304","B443","B43A","B446","B436","B430","B430","B428","B432","B432","B430","B432","B428","B42B","B43B","",""
"1048","51320","EFD8","EFCD","EFD9","EFCB","EFD3","EFD3","EFCD","EFC5","EFC5","EFC5","EFC5","EFCB","EFCE","EFCE","",""
"1049","51336","38EB","38DE","38EA","38DE","38E4","38E4","38E0","38D6","38D6","38D8","38D6","38DC","38DF","38DF","",""
"1050","51352","82C1","82B2","82BE","82CE","82D2","82D2","82B6","82AA","82AA","82C8","82D4","82CA","82B3","82CD","",""
"1051","51368","DFD1","DFD0","DFDC","E012","E004","E004","DFC6","DFC8","DFC8","DFFC","E006","DFFC","DFC1","E00F","",""
"1052","51384","15A8","15A5","15B1","15DD","15DD","15DD","159D","159D","159D","15D7","15DF","15D5","1596","15D8","",""
"1053","51408","6E7A","6E75","6E81","6EB3","6EB1","6EB1","6E6F","6E6D","6E6D","6EAD","6EA3","6EA9","6E66","6EAC","",""
"1054","51424","A8BE","A8B7","A8C3","A8F1","A8ED","A8ED","A8B3","A8AF","A8AF","A8EB","A8EF","A8E5","A8B8","A8F8","",""
"1055","51440","F128","F11F","F12B","F139","F143","F143","F11D","F117","F117","F133","F135","F13B","F110","F13E","",""
"1056","51456","3A04","39F9","3A05","3A1F","3A17","3A17","39F9","39F1","39F1","3A09","3A19","3A0F","39FA","3A12","",""
"1057","51472","D8AB","D89E","D8AA","D8C0","D8C6","D8C6","D8A0","D896","D896","D8BA","D8B8","D8BE","D89F","D8C1","",""
"1058","51488","2D3D","2D3E","2D4A","2D42","2D36","2D36","2D32","2D36","2D36","2D2C","2D38","2D2E","2D2F","2D31","",""
"1059","51504","658B","658A","6596","65AA","65AC","65AC","6580","6582","6582","65A4","659E","65A4","657B","65A7","",""
"1060","51520","B265","B262","B26E","B264","B254","B254","B25A","B25A","B25A","B24E","B256","B24C","B253","B25F","",""
"1061","51536","EF9A","EF95","EFA1","EF93","EF91","EF91","EF8F","EF8D","EF8D","EF8D","EF93","EF89","EF86","EF8C","",""
"1062","51552","38C6","38AF","38BB","38B9","38B5","38B5","38AB","38A7","38A7","38B3","38B7","38AD","38B0","38B0","",""
"1063","51568","81FD","81F4","8200","81FA","81F4","81F4","81F2","81EC","81EC","81F4","81F6","81EC","81F5","81EF","",""
"1064","51592","81FD","81F4","8200","81FA","81F4","81F4","81F2","81EC","81EC","81F4","81F6","81EC","81F5","81EF","",""
"1065","51608","CB3E","CB33","CB3F","CB3B","CB33","CB33","CB33","CB2B","CB2B","CB35","CB35","CB2B","CB34","CB3E","",""
"1066","51624","149F","1492","149E","1496","148C","148C","1484","148A","148A","1480","148E","1484","1483","1487","",""
"1067","51640","5E47","5E38","5E44","5E62","5E56","5E56","5E3C","5E30","5E30","5E4C","5E58","5E4E","5E39","5E51","",""
"1068","51656","CBE6","CBE5","CBF1","CC1F","CC21","CC21","CBDB","CBDD","CBDD","CC19","CC13","CC19","CBD6","CC1C","",""
"1069","51672","01EE","01EB","01F7","0221","0221","0221","01E3","01E3","01E3","021B","0223","0219","01DC","021C","",""
"1070","51688","4B2B","4B16","4B22","4B58","4B56","4B56","4B20","4B0E","4B0E","4B52","4B58","4B4E","4B17","4B51","",""
"1071","51704","94D2","94CB","94D7","9509","9505","9505","94C7","94C3","94C3","94F3","94F7","94FD","94BC","9500","",""
"1072","51720","DF48","DF3F","DF4B","DF89","DF83","DF83","DF3D","DF37","DF37","DF73","DF75","DF7B","DF40","DF7E","",""
"1073","51744","17AE","17A3","17AF","17CF","17C7","17C7","17A3","179B","179B","17B9","17C9","17BF","17A4","17C2","",""
"1074","51760","6143","6146","6152","615E","6154","6154","6138","613E","613E","6158","6156","614C","6137","615F","",""
"1075","51776","A575","A566","A572","A590","A584","A584","A56A","A55E","A55E","A58A","A586","A57C","A567","A58F","",""
"1076","51792","48E4","48D3","48DF","48F9","48FB","48FB","48D9","48CB","48CB","48F3","48FD","48F3","48D4","48F6","",""
"1077","51808","9154","9141","914D","9149","9149","9149","9149","9139","9139","9143","914B","9141","9142","9144","",""
"1078","51824","E7A6","E7A1","E7AD","E79B","E799","E799","E79B","E799","E799","E795","E79B","E791","E792","E7A4","",""
"1079","51840","23F1","23EA","23F6","23F0","23EC","23EC","23E6","23E2","23E2","23DA","23DE","23E4","23DB","23E7","",""
"1080","51856","60E9","60E0","60EC","60E2","60DC","60DC","60DE","60D8","60D8","60DC","60DE","60D4","60D1","60D7","",""
"1081","51872","AA46","AA3B","AA47","AA3F","AA37","AA37","AA3B","AA33","AA33","AA39","AA39","AA2F","AA2C","AA32","",""
"1082","51888","F35A","F34D","F359","F353","F359","F359","F34F","F345","F345","F34D","F34B","F351","F34E","F354","",""
"1083","51912","F35A","F34D","F359","F353","F359","F359","F34F","F345","F345","F34D","F34B","F351","F34E","F354","",""
"1084","51928","3D29","3D2A","3D36","3D4C","3D40","3D40","3D1E","3D22","3D22","3D36","3D42","3D38","3D1B","3D3B","",""
"1085","51944","A997","A986","A992","A9C8","A9CA","A9CA","A98C","A97E","A97E","A9C2","A9CC","A9C2","A987","A9C5","",""
"1086","51960","CB79","CB76","CB82","CBB4","CBB4","CBB4","CB6E","CB6E","CB6E","CBAE","CBA6","CBAC","CB77","CBAF","",""
"1087","51976","1689","1684","1690","16F8","16F6","16F6","167E","167C","167C","16F2","16F8","16EE","1675","16F1","",""
"1088","51992","5D95","5D8E","5D9A","5DB4","5DB0","5DB0","5D8A","5D86","5D86","5DAE","5DB2","5DA8","5D8F","5DAB","",""
"1089","52008","A651","A648","A654","A66A","A664","A664","A646","A640","A640","A664","A666","A65C","A649","A66F","",""
"1090","52024","EAEB","EAE0","EAEC","EB04","EB0C","EB0C","EAE0","EAD8","EAD8","EAFE","EAFE","EB04","EAE1","EB07","",""
"1091","52040","395C","394F","395B","396F","3965","3965","3951","3947","3947","3969","3967","395D","3950","3970","",""
"1092","52056","8463","8454","8460","8480","8474","8474","8458","844C","844C","846A","8476","846C","8455","847F","",""
"1093","52080","CAB8","CAA7","CAB3","CAB5","CAA7","CAA7","CAAD","CA9F","CA9F","CA9F","CAA9","CA9F","CAA8","CAB2","",""
"1094","52096","0D87","0D74","0D80","0D94","0D94","0D94","0D6C","0D6C","0D6C","0D8E","0D96","0D8C","0D75","0D9F","",""
"1095","52112","9F22","9F1D","9F29","9F19","9F17","9F17","9F17","9F15","9F15","9F13","9F19","9F0F","9F0E","9F12","",""
"1096","52128","E860","E849","E855","E851","E84D","E84D","E845","E841","E841","E84B","E84F","E845","E84A","E858","",""
"1097","52144","5DF5","5DEC","5DF8","5DE6","5DF0","5DF0","5DEA","5DE4","5DE4","5DE0","5DE2","5DE8","5DDD","5DEB","",""
"1098","52160","9A40","9A35","9A41","9A3F","9A37","9A37","9A35","9A2D","9A2D","9A39","9A39","9A2F","9A36","9A42","",""
"1099","52176","D743","D736","D742","D732","D738","D738","D738","D72E","D72E","D72C","D73A","D730","D737","D733","",""
"1100","52192","2340","2331","233D","2353","2347","2347","2325","2329","2329","233D","2349","233F","2332","2352","",""
"1101","52208","69DC","69CB","69D7","69D9","69CB","69CB","69D1","69C3","69C3","69C3","69CD","69C3","69CC","69D6","",""
"1102","52224","69DC","69CB","69D7","69D9","69CB","69CB","69D1","69C3","69C3","69C3","69CD","69C3","69CC","69D6","",""
"1103","52240","B38B","B378","B384","B3A2","B392","B392","B370","B370","B370","B38C","B394","B38A","B379","B39D","",""
"1104","52264","FE60","FE5B","FE67","FE57","FE55","FE55","FE55","FE53","FE53","FE51","FE57","FE4D","FE4C","FE60","",""
"1105","52280","40E5","40DE","40EA","40DA","40D6","40D6","40DA","40D6","40D6","40D4","40D8","40CE","40CF","40D1","",""
"1106","52296","8E9D","8E94","8EA0","8EA2","8E9C","8E9C","8E92","8E8C","8E8C","8E8C","8E9E","8E94","8E95","8E97","",""
"1107","52312","9C85","9C7A","9C86","9C94","9C8C","9C8C","9C7A","9C72","9C72","9C8E","9C8E","9C84","9C6B","9C97","",""
"1108","52328","E888","E87B","E887","E891","E897","E897","E86D","E873","E873","E88B","E889","E88F","E86C","E892","",""
"1109","52344","2DFA","2DEB","2DF7","2DF3","2DF7","2DF7","2DEF","2DE3","2DE3","2DED","2DE9","2DEF","2DEC","2DF2","",""
"1110","52360","77C4","77C3","77CF","77D7","77D9","77D9","77B9","77BB","77BB","77D1","77DB","77D1","77B4","77D4","",""
"1111","52376","E12F","E12C","E138","E122","E122","E122","E124","E124","E124","E11C","E124","E11A","E11D","E12D","",""
"1112","52392","214D","2138","2144","2140","213E","213E","2132","2130","2130","213A","2140","2136","2139","2139","",""
"1113","52408","6B20","6B19","6B25","6B33","6B2F","6B2F","6B15","6B11","6B11","6B2D","6B31","6B27","6B0A","6B3A","",""
"1114","52432","07B4","07AB","07B7","07A7","07A1","07A1","07A9","07A3","07A3","07A1","07A3","0799","079C","07AC","",""
"1115","52448","50EA","50DF","50EB","50DB","50E3","50E3","50DF","50D7","50D7","50D5","50D5","50DB","50D0","50DE","",""
"1116","52464","9BF6","9BF9","9C05","9C11","9C07","9C07","9BEB","9BF1","9BF1","9C0B","9C09","9BFF","9BEA","9C12","",""
"1117","52480","E391","E382","E38E","E38C","E380","E380","E376","E37A","E37A","E376","E382","E378","E383","E37B","",""
"1118","52496","2200","21FF","220B","21FB","21FD","21FD","21F5","21F7","21F7","21F5","21FF","21F5","21F0","21F8","",""
"1119","52512","3EFF","3EEC","3EF8","3EEA","3EEA","3EEA","3EE4","3EE4","3EE4","3EE4","3EEC","3EE2","3EED","3EF5","",""
"1120","52528","6B1A","6B05","6B11","6B05","6B03","6B03","6AFF","6AFD","6AFD","6AFF","6B05","6AFB","6B06","6B0E","",""
"1121","52544","6B1A","6B05","6B11","6B05","6B03","6B03","6AFF","6AFD","6AFD","6AFF","6B05","6AFB","6B06","6B0E","",""
"1122","52560","B16A","B163","B16F","B165","B161","B161","B15F","B15B","B15B","B14F","B153","B159","B154","B15C","",""
"1123","52576","FAC1","FAB8","FAC4","FAD6","FAD0","FAD0","FAB6","FAB0","FAB0","FAD0","FAD2","FAC8","FAB9","FADB","",""
"1124","52592","D483","D478","D484","D4B2","D4BA","D4BA","D478","D470","D470","D4AC","D4AC","D4B2","D479","D4B5","",""
"1125","52608","FD9F","FD92","FD9E","FDD8","FDCE","FDCE","FD94","FD8A","FD8A","FDC2","FDD0","FDC6","FD93","FDC9","",""
"1126","52632","46AB","469C","46A8","46DE","46E2","46E2","46A0","4694","4694","46D8","46D4","46DA","469D","46DD","",""
"1127","52648","9046","9035","9041","9053","9055","9055","903B","902D","902D","904D","9057","904D","9036","9050","",""
"1128","52664","D86B","D858","D864","D878","D878","D878","D850","D850","D850","D872","D87A","D870","D859","D873","",""
"1129","52680","2261","225C","2268","2298","2296","2296","2256","2254","2254","2292","2288","228E","224D","2291","",""
"1130","52696","7E1C","7E15","7E21","7E23","7E1F","7E1F","7E11","7E0D","7E0D","7E0D","7E11","7E17","7E16","7E1A","",""
"1131","52712","B328","B31F","B32B","B339","B333","B333","B31D","B317","B317","B333","B335","B32B","B310","B32E","",""
"1132","52728","FB3B","FB40","FB4C","FB3A","FB32","FB32","FB30","FB38","FB38","FB34","FB34","FB2A","FB31","FB3D","",""
"1133","52744","98FD","98F0","98FC","98FC","98F2","98F2","98F2","98E8","98E8","98F6","98F4","98EA","98F1","98FD","",""
"1134","52760","DDC9","DDBA","DDC6","DDB8","DDBC","DDBC","DDAE","DDB2","DDB2","DDB2","DDBE","DDB4","DDBB","DDB7","",""
"1135","52776","0C9B","0C8A","0C96","0C94","0C86","0C86","0C80","0C82","0C82","0C7E","0C88","0C7E","0C8B","0C91","",""
"1136","52800","96B0","96AD","96B9","96ED","96DD","96DD","96A5","96A5","96A5","96D7","96DF","96D5","969E","96E8","",""
"1137","52816","BC41","BC3C","BC48","BC78","BC76","BC76","BC36","BC34","BC34","BC72","BC78","BC6E","BC3D","BC71","",""
"1138","52832","0550","0549","0555","0581","057D","057D","0545","0541","0541","057B","057F","0575","054A","0588","",""
"1139","52848","4F0A","4F01","4F0D","4F35","4F2F","4F2F","4EEF","4EF9","4EF9","4F2F","4F31","4F27","4EF2","4F3A","",""
"1140","52864","4F0A","4F01","4F0D","4F35","4F2F","4F2F","4EEF","4EF9","4EF9","4F2F","4F31","4F27","4EF2","4F3A","",""
"1141","52880","9798","978D","9799","97BD","97B5","97B5","978D","9785","9785","97A7","97B7","97AD","978E","97B0","",""
"1142","52896","C1A4","C197","C1A3","C1AD","C1B3","C1B3","C189","C18F","C18F","C1A7","C1A5","C1AB","C188","C1AE","",""
"1143","52912","0B0E","0AFF","0B0B","0B31","0B25","0B25","0B03","0AF7","0AF7","0B1B","0B27","0B1D","0B00","0B20","",""
"1144","52928","5447","5436","5442","5454","5456","5456","543C","542E","542E","544E","5458","544E","5437","5451","",""
"1145","52944","9D14","9D11","9D1D","9D2F","9D2F","9D2F","9D09","9D09","9D09","9D29","9D21","9D27","9D02","9D2A","",""
"1146","52968","E5B3","E59E","E5AA","E5AE","E59C","E59C","E598","E596","E596","E598","E59E","E594","E59F","E5A7","",""
"1147","52984","304C","3035","3041","3067","3063","3063","3031","302D","302D","3051","3055","305B","3036","305E","",""
"1148","53000","782A","7821","782D","7829","7823","7823","781F","7819","7819","7813","7825","781B","7822","781E","",""
"1149","53016","E22D","E222","E22E","E234","E22C","E22C","E222","E21A","E21A","E21E","E22E","E224","E223","E227","",""
"1150","53032","177D","1770","177C","1774","176A","176A","1772","1768","1768","176E","176C","1762","1771","1775","",""
"1151","53048","654F","6540","654C","6546","654A","654A","6544","6538","6538","6540","653C","6542","6541","6545","",""
"1152","53064","04A6","0495","04A1","04B7","04B9","04B9","049B","048D","048D","04B1","04AB","04B1","0496","04B4","",""
"1153","53080","4D23","4D20","4D2C","4D24","4D24","4D24","4D18","4D18","4D18","4D1E","4D16","4D1C","4D21","4D1F","",""
"1154","53096","9660","965B","9667","9661","965F","965F","9655","9653","9653","965B","9661","9657","965C","965A","",""
"1155","53112","ED9F","ED98","EDA4","EDBA","EDB6","EDB6","ED94","ED90","ED90","EDB4","EDB8","EDAE","ED99","EDC1","",""
"1156","53136","1CE2","1CD9","1CE5","1CD7","1CD1","1CD1","1CD7","1CD1","1CD1","1CD1","1CD3","1CC9","1CCA","1CDC","",""
"1157","53152","662A","661F","662B","662D","6625","6625","661F","6617","6617","6617","6627","661D","6620","6620","",""
"1158","53168","AF4F","AF42","AF4E","AF42","AF48","AF48","AF44","AF3A","AF3A","AF3C","AF4A","AF40","AF43","AF43","",""
"1159","53184","AF4F","AF42","AF4E","AF42","AF48","AF48","AF44","AF3A","AF3A","AF3C","AF4A","AF40","AF43","AF43","",""
"1160","53200","F90F","F900","F90C","F91C","F920","F920","F904","F8F8","F8F8","F916","F922","F918","F901","F91B","",""
"1161","53216","4255","4244","4250","426C","425E","425E","424A","423C","423C","4256","4260","4256","4245","4269","",""
"1162","53232","A552","A53F","A54B","A563","A563","A563","A537","A537","A537","A55D","A555","A55B","A540","A55E","",""
"1163","53248","D812","D7FD","D809","D803","D801","D801","D7F7","D7F5","D7F5","D7FD","D803","D7F9","D7FE","D7FC","",""
"1164","53264","22D1","22CA","22D6","22D2","22CE","22CE","22C6","22C2","22C2","22CC","22D0","22C6","22CB","22C9","",""
"1165","53280","616D","6164","6170","618E","6188","6188","6162","615C","615C","6178","617A","6180","6165","6183","",""
"1166","53296","B700","B6F5","B701","B701","B6F9","B6F9","B6F5","B6ED","B6ED","B6FB","B6FB","B6F1","B6F6","B704","",""
"1167","53320","FE8F","FE82","FE8E","FE90","FE86","FE86","FE84","FE7A","FE7A","FE7A","FE88","FE7E","FE83","FE81","",""
"1168","53336","47FC","47ED","47F9","47FD","47F1","47F1","47F1","47E5","47E5","47E7","47F3","47E9","47EE","47EC","",""
"1169","53352","9382","9381","938D","939D","938F","938F","9377","9379","9379","9387","9391","9387","9372","939A","",""
"1170","53368","DAE9","DAE6","DAF2","DB04","DB04","DB04","DADE","DADE","DADE","DAFE","DB06","DAFC","DAE7","DB0F","",""
"1171","53384","6580","657B","6587","657B","6579","6579","6575","6573","6573","6575","657B","6571","657C","6574","",""
"1172","53400","AD43","AD3C","AD48","AD38","AD34","AD34","AD38","AD34","AD34","AD32","AD36","AD2C","AD2D","AD2F","",""
"1173","53416","F676","F66D","F679","F675","F66F","F66F","F66B","F665","F665","F66F","F671","F667","F66E","F67A","",""
"1174","53432","66CE","66C3","66CF","66C7","66BF","66BF","66C3","66BB","66BB","66C1","66C1","66B7","66B4","66BA","",""
"1175","53448","994A","993D","9949","9961","9957","9957","993F","9935","9935","995B","9959","994F","993E","9962","",""
"1176","53464","E2AA","E29B","E2A7","E2C1","E2B5","E2B5","E28F","E293","E293","E2BB","E2B7","E2AD","E29C","E2C0","",""
"1177","53488","2C9F","2C8E","2C9A","2C96","2C98","2C98","2C94","2C86","2C86","2C90","2C9A","2C90","2C8F","2C93","",""
"1178","53504","2C9F","2C8E","2C9A","2C96","2C98","2C98","2C94","2C86","2C86","2C90","2C9A","2C90","2C8F","2C93","",""
"1179","53520","7445","7442","744E","744C","743C","743C","743A","743A","743A","7436","743E","7434","7443","7447","",""
"1180","53536","B233","B22E","B23A","B23A","B228","B228","B228","B226","B226","B224","B22A","B220","B22F","B233","",""
"1181","53552","06C7","06C0","06CC","06CE","06CA","06CA","06BC","06B8","06B8","06B8","06BC","06C2","06C1","06C5","",""
"1182","53568","526A","5261","526D","527B","5275","5275","525F","5259","5259","5275","5277","526D","5262","5280","",""
"1183","53584","99D2","99C7","99D3","99F3","99EB","99EB","99C7","99BF","99BF","99DD","99ED","99E3","99C8","99E6","",""
"1184","53600","C203","C206","C212","C204","C1FA","C1FA","C1F8","C1FE","C1FE","C1FE","C1FC","C1F2","C1F7","C205","",""
"1185","53616","0D12","0D03","0D0F","0D03","0D07","0D07","0D07","0CFB","0CFB","0CFD","0D09","0CFF","0D04","0D02","",""
"1186","53632","5460","545F","546B","5461","5463","5463","5455","5457","5457","545B","5455","545B","5450","545E","",""
"1187","53648","9D9A","9D87","9D93","9D8B","9D8B","9D8B","9D7F","9D7F","9D7F","9D85","9D8D","9D83","9D88","9D86","",""
"1188","53664","251C","2517","2523","255B","2549","2549","2511","250F","250F","2545","254B","2541","2518","2554","",""
"1189","53680","43F9","43E2","43EE","442C","4428","4428","43DE","43DA","43DA","4416","441A","4420","43E3","4423","",""
"1190","53704","E2AE","E2A5","E2B1","E2DF","E2D9","E2D9","E2A3","E29D","E29D","E2D9","E2DB","E2D1","E2A6","E2E4","",""
"1191","53720","2C0D","2C02","2C0E","2C46","2C3E","2C3E","2C02","2BFA","2BFA","2C40","2C40","2C36","2C03","2C49","",""
"1192","53736","743A","742D","7439","7453","7449","7449","742F","7425","7425","744D","744B","7441","742E","7454","",""
"1193","53752","BDA5","BD96","BDA2","BDB8","BDBC","BDBC","BD9A","BD8E","BD8E","BDB2","BDAE","BDB4","BD97","BDB7","",""
"1194","53768","F5F1","F5E0","F5EC","F604","F606","F606","F5D6","F5D8","F5D8","F5FE","F5F8","F5FE","F5E1","F601","",""
"1195","53784","4315","4324","4330","432A","431A","431A","430A","431C","431C","4302","431C","4312","4315","4325","",""
"1196","53800","85EA","85E5","85F1","85FD","85FB","85FB","85DF","85DD","85DD","85F7","85FD","85F3","85D6","8606","",""
"1197","53816","85EA","85E5","85F1","85FD","85FB","85FB","85DF","85DD","85DD","85F7","85FD","85F3","85D6","8606","",""
"1198","53832","C322","C30B","C317","C315","C311","C311","C307","C303","C303","C30F","C313","C309","C30C","C30C","",""
"1199","53848","0BCE","0BC5","0BD1","0BCB","0BC5","0BC5","0BC3","0BBD","0BBD","0BC5","0BC7","0BBD","0BC6","0BD0","",""
"1200","53864","563E","5633","563F","5655","565D","565D","5633","562B","562B","564F","564F","5655","5634","5658","",""
"1201","53888","A15F","A152","A15E","A154","A15A","A15A","A154","A14A","A14A","A14E","A15C","A152","A153","A155","",""
"1202","53904","E6AE","E6AF","E6BB","E6B3","E6A7","E6A7","E6A3","E6A7","E6A7","E69D","E6A9","E69F","E6A0","E6B2","",""
"1203","53920","2F64","2F53","2F5F","2F59","2F5B","2F5B","2F59","2F4B","2F4B","2F53","2F5D","2F53","2F54","2F56","",""
"1204","53936","793F","793C","7948","794E","794E","794E","7934","7934","7934","7948","7950","7946","792D","7949","",""
"1205","53952","C739","C734","C740","C74C","C74A","C74A","C72E","C72C","C72C","C746","C74C","C742","C725","C745","",""
"1206","53968","0BCF","0BC8","0BD4","0BE0","0BDC","0BDC","0BC4","0BC0","0BC0","0BDA","0BDE","0BD4","0BB9","0BD7","",""
"1207","53984","7BE6","7BDD","7BE9","7C3B","7C35","7C35","7BDB","7BD5","7BD5","7C25","7C27","7C2D","7BDE","7C30","",""
"1208","54000","BDC4","BDB9","BDC5","BDB7","BDBF","BDBF","BDB9","BDB1","BDB1","BDB1","BDB1","BDB7","BDBA","BDBA","",""
"1209","54016","3CBE","3CB1","3CBD","3CAB","3CB1","3CB1","3CA3","3CA9","3CA9","3CA5","3CA3","3CA9","3CA2","3CAC","",""
"1210","54032","6C89","6C7A","6C86","6CA0","6C94","6C94","6C7E","6C72","6C72","6C8A","6C96","6C8C","6C7B","6C8F","",""
"1211","54048","B423","B412","B41E","B41A","B41C","B41C","B418","B40A","B40A","B414","B40E","B414","B413","B417","",""
"1212","54064","FCE8","FCE5","FCF1","FCE9","FCD9","FCD9","FCDD","FCDD","FCDD","FCD3","FCDB","FCD1","FCD6","FCE4","",""
"1213","54088","7959","7954","7960","795A","7958","7958","794E","794C","794C","7944","794A","7950","7945","7953","",""
"1214","54104","AEA1","AE8A","AE96","AE9C","AE98","AE98","AE86","AE82","AE82","AE86","AE8A","AE90","AE8B","AE93","",""
"1215","54120","F833","F82A","F836","F848","F842","F842","F828","F822","F822","F842","F844","F83A","F82B","F84D","",""
"1216","54136","F833","F82A","F836","F848","F842","F842","F828","F822","F822","F842","F844","F83A","F82B","F84D","",""
"1217","54152","40F4","40E9","40F5","40F9","40F1","40F1","40E9","40E1","40E1","40E3","40F3","40E9","40EA","40EC","",""
"1218","54168","8A19","8A0C","8A18","8A1E","8A14","8A14","8A0E","8A04","8A04","8A08","8A16","8A0C","8A0D","8A0F","",""
"1219","54184","D379","D36A","D376","D36E","D362","D362","D35E","D362","D362","D368","D364","D35A","D36B","D36D","",""
"1220","54200","FCF4","FCE3","FCEF","FCE9","FCEB","FCEB","FCE9","FCDB","FCDB","FCE3","FCED","FCE3","FCE4","FCE6","",""
"1221","54216","477E","476B","4777","47AD","47AD","47AD","4763","4763","4763","47A7","479F","47A5","476C","47A8","",""
"1222","54232","8F85","8F80","8F8C","8F84","8F82","8F82","8F7A","8F78","8F78","8F7E","8F84","8F7A","8F81","8F7D","",""
"1223","54256","D1D5","D1CE","D1DA","D1C4","D1C0","D1C0","D1CA","D1C6","D1C6","D1BE","D1C2","D1B8","D1BF","D1CB","",""
"1224","54272","0CE9","0CE0","0CEC","0CE8","0CE2","0CE2","0CDE","0CD8","0CD8","0CD2","0CD4","0CDA","0CD1","0CDD","",""
"1225","54288","515D","5152","515E","515C","5154","5154","5152","514A","514A","5146","5156","514C","5153","514F","",""
"1226","54304","9EF2","9EE5","9EF1","9EE1","9EE7","9EE7","9ED7","9EDD","9EDD","9EDB","9ED9","9EDF","9ED6","9EE2","",""
"1227","54320","35C8","35B9","35C5","3601","35F5","35F5","35BD","35B1","35B1","35EB","35F7","35ED","35BA","3600","",""
"1228","54336","C2A0","C29F","C2AB","C2D7","C2D9","C2D9","C295","C297","C297","C2D1","C2CB","C2D1","C290","C2D4","",""
"1229","54352","0C2F","0C1C","0C28","0C5A","0C5A","0C5A","0C24","0C14","0C14","0C54","0C5C","0C52","0C1D","0C55","",""
"1230","54368","5494","548F","549B","54AF","54AD","54AD","5489","5487","5487","54A9","549F","54A5","5480","54A8","",""
"1231","54384","9DB7","9DB0","9DBC","9DCC","9DC8","9DC8","9DAC","9DA8","9DA8","9DC6","9DCA","9DC0","9DA1","9DC3","",""
"1232","54408","DAB5","DAAC","DAB8","DADA","DAD4","DAD4","DAAA","DAA4","DAA4","DAC4","DAD6","DACC","DAAD","DACF","",""
"1233","54424","2469","245E","246A","2478","2470","2470","245E","2456","2456","2472","2472","2468","245F","247B","",""
"1234","54440","6D2C","6D1F","6D2B","6D4B","6D41","6D41","6D21","6D17","6D17","6D45","6D43","6D39","6D20","6D4C","",""
"1235","54456","6D2C","6D1F","6D2B","6D4B","6D41","6D41","6D21","6D17","6D17","6D45","6D43","6D39","6D20","6D4C","",""
"1236","54472","9C60","9C51","9C5D","9C5F","9C53","9C53","9C55","9C49","9C49","9C59","9C55","9C4B","9C52","9C5E","",""
"1237","54488","CA9C","CA8B","CA97","CABB","CAAD","CAAD","CA91","CA83","CA83","CAA5","CAAF","CAA5","CA8C","CAB8","",""
"1238","54504","122B","1218","1224","1224","1214","1214","1210","1210","1210","120E","1216","120C","1219","121F","",""
"1239","54520","AF6F","AF6A","AF76","AF7C","AF7A","AF7A","AF64","AF62","AF62","AF76","AF7C","AF72","AF5B","AF85","",""
"1240","54536","DED2","DECB","DED7","DEE9","DEE5","DEE5","DEC7","DEC3","DEC3","DEE3","DEE7","DEDD","DECC","DEE0","",""
"1241","54552","2CC0","2CB7","2CC3","2CE1","2CDB","2CDB","2CB5","2CAF","2CAF","2CCB","2CCD","2CD3","2CB8","2CD6","",""
"1242","54568","789B","7890","789C","78B6","78AE","78AE","7890","7888","7888","78B0","78B0","78A6","7891","78B9","",""
"1243","54584","C0BD","C0B0","C0BC","C0B8","C0BE","C0BE","C0B2","C0A8","C0A8","C0B2","C0B0","C0B6","C0B1","C0B9","",""
"1244","54608","08AC","089D","08A9","08BB","08AF","08AF","0891","0895","0895","08B5","08B1","08A7","088E","08BA","",""
"1245","54624","5350","533F","534B","5349","533B","533B","5335","5337","5337","5333","533D","5333","5340","5346","",""
"1246","54640","9E3F","9E2C","9E38","9E6C","9E6C","9E6C","9E24","9E24","9E24","9E66","9E6E","9E64","9E2D","9E67","",""
"1247","54656","1F9C","1F97","1FA3","1F99","1F97","1F97","1F91","1F8F","1F8F","1F93","1F99","1F8F","1F88","1F92","",""
"1248","54672","2D2E","2D27","2D33","2D29","2D25","2D25","2D23","2D1F","2D1F","2D23","2D27","2D1D","2D28","2D20","",""
"1249","54688","7564","755B","7567","755F","7559","7559","7559","7553","7553","7559","755B","7551","755C","7564","",""
"1250","54704","BDBC","BDB1","BDBD","BDB1","BDA9","BDA9","BDB1","BDA9","BDA9","BDAB","BDAB","BDA1","BDB2","BDB4","",""
"1251","54720","597A","596D","5979","5973","5969","5969","595F","5965","5965","595D","596B","5961","595E","5964","",""
"1252","54744","9479","947A","9486","9480","9474","9474","946E","9472","9472","946A","9476","946C","946B","946F","",""
"1253","54760","DD8C","DD8B","DD97","DD83","DD85","DD85","DD81","DD83","DD83","DD7D","DD87","DD7D","DD7C","DD80","",""
"1254","54776","DD8C","DD8B","DD97","DD83","DD85","DD85","DD81","DD83","DD83","DD7D","DD87","DD7D","DD7C","DD80","",""
"1255","54792","20EF","20EC","20F8","2120","2120","2120","20E4","20E4","20E4","211A","2122","2118","20DD","212B","",""
"1256","54808","7015","7010","701C","7016","7014","7014","700A","7008","7008","7010","7006","700C","7011","700F","",""
"1257","54824","C76D","C766","C772","C782","C77E","C77E","C762","C75E","C75E","C77C","C780","C776","C767","C789","",""
"1258","54840","017C","0173","017F","018B","0185","0185","0161","016B","016B","0185","0187","017D","0164","0180","",""
"1259","54856","5542","5547","5553","5565","555D","555D","5537","553F","553F","554F","555F","5555","5538","5558","",""
"1260","54872","9500","94F3","94FF","9527","952D","952D","94E5","94EB","94EB","9521","952F","9525","94E4","9528","",""
"1261","54888","DC75","DC66","DC72","DC70","DC64","DC64","DC6A","DC5E","DC5E","DC6A","DC66","DC5C","DC67","DC6F","",""
"1262","54912","267C","266B","2677","2691","2683","2683","2671","2663","2663","267B","2685","267B","266C","268E","",""
"1263","54928","6EEF","6EEC","6EF8","6EEE","6EEE","6EEE","6ED2","6EE4","6EE4","6EE8","6EF0","6EE6","6EED","6EE9","",""
"1264","54944","B952","B93D","B949","B95B","B959","B959","B937","B935","B935","B955","B95B","B951","B93E","B964","",""
"1265","54960","1919","1902","190E","1932","192E","192E","18FE","18FA","18FA","191C","1920","1926","1903","1929","",""
"1266","54976","A327","A31E","A32A","A360","A35A","A35A","A31C","A316","A316","A35A","A35C","A352","A30F","A355","",""
"1267","54992","EB74","EB69","EB75","EB8D","EB95","EB95","EB69","EB61","EB61","EB87","EB87","EB8D","EB6A","EB90","",""
"1268","55008","33E0","33D3","33DF","33D3","33D9","33D9","33D5","33CB","33CB","33CD","33DB","33D1","33D4","33D4","",""
"1269","55024","793F","7930","793C","7960","7954","7954","7934","7928","7928","794A","7956","794C","7931","795F","",""
"1270","55040","BA40","BA3F","BA4B","BA41","BA43","BA43","BA35","BA37","BA37","BA3B","BA35","BA3B","BA30","BA3E","",""
"1271","55056","0435","0432","043E","0456","0446","0446","042A","042A","042A","0440","0448","043E","0423","0451","",""
"1272","55080","4D53","4D3E","4D4A","4D5E","4D5C","4D5C","4D38","4D36","4D36","4D58","4D5E","4D54","4D3F","4D57","",""
"1273","55096","4D53","4D3E","4D4A","4D5E","4D5C","4D5C","4D38","4D36","4D36","4D58","4D5E","4D54","4D3F","4D57","",""
"1274","55112","AD63","AD5C","AD68","AD7E","AD7A","AD7A","AD58","AD54","AD54","AD78","AD7C","AD72","AD5D","AD75","",""
"1275","55128","F07D","F074","F080","F092","F08C","F08C","F072","F06C","F06C","F08C","F08E","F084","F075","F097","",""
"1276","55144","3513","3508","3514","3522","351A","351A","3508","3500","3500","351C","351C","3512","34F9","3525","",""
"1277","55160","7F6A","7F5D","7F69","7F93","7F99","7F99","7F4F","7F55","7F55","7F8D","7F8B","7F91","7F4E","7F94","",""
"1278","55176","D128","D119","D125","D13B","D12F","D12F","D11D","D111","D111","D135","D131","D127","D11A","D13A","",""
"1279","55192","0F29","0F28","0F34","0F2C","0F1E","0F1E","0F1E","0F20","0F20","0F16","0F20","0F16","0F19","0F29","",""
"1280","55208","58F6","58E3","58EF","5903","5903","5903","58EB","58DB","58DB","58FD","5905","58FB","58E4","58FE","",""
"1281","55224","A192","A18D","A199","A189","A187","A187","A187","A185","A185","A183","A189","A17F","A17E","A182","",""
"1282","55248","EC3F","EC38","EC44","EC50","EC4C","EC4C","EC34","EC30","EC30","EC4A","EC4E","EC44","EC29","EC47","",""
"1283","55264","3498","348F","349B","34B9","34B3","34B3","348D","3487","3487","34A3","34A5","34AB","3490","34AE","",""
"1284","55280","7D41","7D36","7D42","7D42","7D3A","7D3A","7D36","7D2E","7D2E","7D3C","7D3C","7D32","7D37","7D35","",""
"1285","55296","1BF1","1BF4","1C00","1BF2","1BE8","1BE8","1BE6","1BEC","1BEC","1BEC","1BEA","1BE0","1BE5","1BF3","",""
"1286","55312","4580","4571","457D","457B","457F","457F","4575","4569","4569","4575","4571","4577","4572","457A","",""
"1287","55328","8E5F","8E5E","8E6A","8E64","8E56","8E56","8E54","8E56","8E56","8E5E","8E58","8E4E","8E5F","8E61","",""
"1288","55344","D733","D730","D73C","D728","D728","D728","D728","D728","D728","D722","D72A","D720","D721","D723","",""
"1289","55360","14B8","14B3","14BF","14AD","14AB","14AB","14AD","14AB","14AB","14A7","14AD","14A3","14A4","14A6","",""
"1290","55376","95B0","95A9","95B5","95ED","95E9","95E9","95A5","95A1","95A1","95E7","95EB","95E1","95AA","95E4","",""
"1291","55392","B914","B90B","B917","B94B","B945","B945","B909","B903","B903","B945","B947","B93D","B90C","B950","",""
"1292","55408","B914","B90B","B917","B94B","B945","B945","B909","B903","B903","B945","B947","B93D","B90C","B950","",""
"1293","55424","0215","020A","0216","0246","024E","024E","020A","0202","0202","0240","0240","0246","020B","0249","",""
"1294","55440","4BD3","4BC6","4BD2","4C0E","4C04","4C04","4BC8","4BBE","4BBE","4C08","4C06","4BFC","4BC7","4C0F","",""
"1295","55464","944B","944C","9458","9466","946A","946A","9440","9444","9444","9460","946C","9462","943D","9465","",""
"1296","55480","DD34","DD23","DD2F","DD49","DD3B","DD3B","DD29","DD1B","DD1B","DD43","DD3D","DD33","DD24","DD46","",""
"1297","55496","27DC","27D9","27E5","280B","280B","280B","27D1","27D1","27D1","2805","280D","2803","27CA","2816","",""
"1298","55512","6FC8","6FB3","6FBF","6FD7","6FD5","6FD5","6FAD","6FAB","6FAB","6FD1","6FD7","6FCD","6FB4","6FD0","",""
"1299","55528","B84A","B843","B84F","B843","B83F","B83F","B83F","B83B","B83B","B83D","B841","B837","B834","B83A","",""
"1300","55544","F684","F67B","F687","F6A7","F6A1","F6A1","F679","F673","F673","F6A1","F6A3","F699","F67C","F69C","",""
"1301","55560","384D","3842","384E","3850","3848","3848","3842","383A","383A","383A","384A","3840","3843","3843","",""
"1302","55576","8121","8114","8120","811E","8114","8114","8116","810C","810C","8108","8116","810C","8115","810F","",""
"1303","55592","CA4E","CA4F","CA5B","CA53","CA47","CA47","CA43","CA47","CA47","CA3D","CA49","CA3F","CA40","CA52","",""
"1304","55608","6887","6876","6882","687C","687E","687E","686C","686E","686E","6876","6870","6876","6877","6879","",""
"1305","55632","B1B2","B1AF","B1BB","B1B7","B1A7","B1A7","B1A7","B1A7","B1A7","B1A1","B1A9","B19F","B1B0","B1B2","",""
"1306","55648","FB91","FB8C","FB98","FBA0","FB9E","FB9E","FB86","FB84","FB84","FB9A","FBA0","FB96","FB7D","FB99","",""
"1307","55664","443E","4437","4443","443D","4439","4439","4433","442F","442F","4437","443B","4431","4438","4434","",""
"1308","55680","81D5","81CC","81D8","81D4","81CE","81CE","81CA","81C4","81C4","81BE","81C0","81C6","81BD","81C9","",""
"1309","55696","CB8F","CB84","CB90","CBB2","CBAA","CBAA","CB84","CB7C","CB7C","CB9C","CBAC","CBA2","CB85","CBA5","",""
"1310","55712","1444","1437","1443","1445","143B","143B","1439","142F","142F","142F","143D","1433","1438","1436","",""
"1311","55728","1444","1437","1443","1445","143B","143B","1439","142F","142F","142F","143D","1433","1438","1436","",""
"1312","55744","5DEC","5DDD","5DE9","5DDD","5DE1","5DE1","5DD1","5DD5","5DD5","5DD7","5DD3","5DD9","5DDE","5DDC","",""
"1313","55760","8B7D","8B7C","8B88","8B98","8B8A","8B8A","8B72","8B74","8B74","8B92","8B8C","8B82","8B6D","8B95","",""
"1314","55776","B9ED","B9DA","B9E6","B9E8","B9E8","B9E8","B9E2","B9D2","B9D2","B9E2","B9DA","B9E0","B9DB","B9E3","",""
"1315","55800","FE18","FE13","FE1F","FE1D","FE0B","FE0B","FE0D","FE0B","FE0B","FE07","FE0D","FE03","FE14","FE16","",""
"1316","55816","4CB4","4CAD","4CB9","4CD3","4CCF","4CCF","4CA9","4CA5","4CA5","4CBD","4CC1","4CC7","4CAE","4CCA","",""
"1317","55832","F43A","F431","F43D","F429","F433","F433","F42F","F429","F429","F423","F425","F42B","F422","F42E","",""
"1318","55848","2E0C","2E01","2E0D","2DFB","2E03","2E03","2E01","2DF9","2DF9","2DF5","2DF5","2DFB","2DF2","2DFE","",""
"1319","55864","77B3","77A6","77B2","77D2","77C8","77C8","77A8","779E","779E","77BC","77CA","77C0","77A7","77C3","",""
"1320","55880","C055","C056","C062","C054","C058","C058","C04A","C04E","C04E","C04E","C04A","C050","C047","C053","",""
"1321","55896","09AA","0999","09A5","09A7","0999","0999","099F","0991","0991","09A1","099B","0991","099A","09A4","",""
"1322","55912","52ED","52EA","52F6","52EA","52EA","52EA","52E2","52E2","52E2","52E4","52EC","52E2","52EB","52E5","",""
"1323","55928","F07E","F069","F075","F075","F073","F073","F073","F061","F061","F06F","F075","F06B","F06A","F06E","",""
"1324","55944","39BC","39B5","39C1","39B3","39AF","39AF","39B1","39AD","39AD","39AD","39B1","39A7","39A6","39BA","",""
"1325","55968","7B88","7B7F","7B8B","7B89","7B83","7B83","7B7D","7B77","7B77","7B73","7B75","7B7B","7B80","7B7E","",""
"1326","55984","B976","B96B","B977","B97B","B973","B973","B96B","B963","B963","B965","B975","B96B","B96C","B96E","",""
"1327","56000","F761","F764","F770","F760","F766","F766","F756","F75C","F75C","F75A","F758","F75E","F755","F761","",""
"1328","56016","747B","746C","7478","74A8","74AC","74AC","7460","7464","7464","74A2","749E","74A4","746D","74A7","",""
"1329","56032","99AB","99AA","99B6","99E2","99E4","99E4","99A0","99A2","99A2","99DC","99D6","99DC","999B","99DF","",""
"1330","56048","99AB","99AA","99B6","99E2","99E4","99E4","99A0","99A2","99A2","99DC","99D6","99DC","999B","99DF","",""
"1331","56064","E765","E762","E76E","E796","E796","E796","E75A","E75A","E75A","E790","E798","E78E","E753","E791","",""
"1332","56080","312A","3125","3131","3165","3163","3163","311F","311D","311D","315F","3165","315B","3126","315E","",""
"1333","56096","7999","7992","799E","79B4","79B0","79B0","798E","798A","798A","799E","79A2","79A8","7983","79AB","",""
"1334","56112","C296","C28D","C299","C2AB","C2A5","C2A5","C27B","C285","C285","C295","C297","C29D","C27E","C2A0","",""
"1335","56128","0BC7","0BBC","0BC8","0BEC","0BE4","0BE4","0BBC","0BB4","0BB4","0BD6","0BE6","0BDC","0BBD","0BDF","",""
"1336","56144","558B","558E","559A","55AA","55A0","55A0","5580","5586","5586","5594","55A2","5598","557F","559B","",""
"1337","56168","9E4B","9E3C","9E48","9E6A","9E5E","9E5E","9E40","9E34","9E34","9E54","9E60","9E56","9E3D","9E69","",""
"1338","56184","CCB9","CCB8","CCC4","CCB8","CCAA","CCAA","CCAE","CCB0","CCB0","CCB2","CCAC","CCA2","CCA9","CCB5","",""
"1339","56200","1764","1751","175D","1777","1777","1777","1759","1749","1749","1771","1779","176F","1752","1772","",""
"1340","56216","5F03","5EEE","5EFA","5F00","5EEE","5EEE","5EF8","5EE6","5EE6","5EEA","5EF0","5EE6","5EEF","5EF9","",""
"1341","56232","A842","A83B","A847","A839","A835","A835","A837","A833","A833","A833","A837","A82D","A83C","A840","",""
"1342","56248","6A3C","6A33","6A3F","6A53","6A4D","6A4D","6A31","6A2B","6A2B","6A4D","6A4F","6A45","6A24","6A58","",""
"1343","56264","B51B","B510","B51C","B532","B52A","B52A","B510","B508","B508","B52C","B52C","B522","B511","B535","",""
"1344","56280","F890","F883","F88F","F8C1","F8C7","F8C7","F885","F87B","F87B","F8BB","F8B9","F8BF","F884","F8C2","",""
"1345","56296","46D5","46D6","46E2","46D6","46CA","46CA","46CA","46CE","46CE","46D0","46CC","46C2","46C7","46D5","",""
"1346","56312","82EA","82E9","82F5","830B","830D","830D","82DF","82E1","82E1","8305","82FF","8305","82DA","8308","",""
"1347","56336","CDA0","CD8D","CD99","CD95","CD95","CD95","CD85","CD85","CD85","CD8F","CD87","CD8D","CD8E","CD90","",""
"1348","56352","178F","178A","1796","17A4","17A2","17A2","1784","1782","1782","179E","17A4","179A","177B","179D","",""
"1349","56368","178F","178A","1796","17A4","17A2","17A2","1784","1782","1782","179E","17A4","179A","177B","179D","",""
"1350","56384","602A","6023","602F","6029","6025","6025","601F","601B","601B","6023","6027","601D","6024","6020","",""
"1351","56400","8E8E","8E85","8E91","8EB1","8EAB","8EAB","8E83","8E7D","8E7D","8EAB","8EAD","8EA3","8E86","8EA6","",""
"1352","56416","9C87","9C7C","9C88","9C94","9C9C","9C9C","9C7C","9C74","9C74","9C8E","9C8E","9C94","9C7D","9C97","",""
"1353","56432","E5CD","E5C0","E5CC","E5E4","E5DA","E5DA","E5C2","E5B8","E5B8","E5CE","E5DC","E5D2","E5C1","E5D5","",""
"1354","56448","2EA3","2E94","2EA0","2EBA","2EAE","2EAE","2E88","2E8C","2E8C","2EB4","2EB0","2EA6","2E95","2EB9","",""
"1355","56464","DA67","DA66","DA72","DAA6","DA98","DA98","DA5C","DA5E","DA5E","DA90","DA9A","DA90","DA57","DAA3","",""
"1356","56480","10A7","1094","10A0","10C6","10B6","10B6","109C","108C","108C","10B0","10B8","10AE","1095","10C1","",""
"1357","56496","5AA3","5A9E","5AAA","5AE2","5AE0","5AE0","5A98","5A96","5A96","5ADC","5AE2","5AD8","5A9F","5ADB","",""
"1358","56512","A377","A370","A37C","A396","A392","A392","A36C","A368","A368","A380","A384","A38A","A361","A38D","",""
"1359","56536","EB8E","EB85","EB91","EB87","EB81","EB81","EB83","EB7D","EB7D","EB81","EB83","EB79","EB76","EB7C","",""
"1360","56552","2E8D","2E82","2E8E","2EA6","2EAE","2EAE","2E82","2E7A","2E7A","2EA0","2EA0","2EA6","2E83","2EA9","",""
"1361","56568","E0E3","E0D6","E0E2","E100","E0F6","E0F6","E0D8","E0CE","E0CE","E0FA","E0F8","E0EE","E0D7","E101","",""
"1362","56584","1C5A","1C5B","1C67","1C61","1C55","1C55","1C4F","1C53","1C53","1C4B","1C57","1C4D","1C4C","1C50","",""
"1363","56600","6648","6647","6653","6663","6665","6665","663D","663F","663F","665D","6657","665D","6638","6660","",""
"1364","56616","AECE","AECB","AED7","AEC9","AEC9","AEC9","AEC3","AEC3","AEC3","AEC3","AEBB","AEC1","AEBC","AEC4","",""
"1365","56632","EC53","EC3E","EC4A","EC4E","EC4C","EC4C","EC48","EC36","EC36","EC38","EC3E","EC44","EC3F","EC47","",""
"1366","56648","36AF","3698","36A4","36BA","36B6","36B6","3694","3690","3690","36B4","36B8","36AE","3699","36C1","",""
"1367","56664","939D","9394","93A0","93B2","93AC","93AC","9392","938C","938C","93AC","93AE","93A4","9395","93B7","",""
"1368","56680","939D","9394","93A0","93B2","93AC","93AC","9392","938C","938C","93AC","93AE","93A4","9395","93B7","",""
"1369","56696","C540","C535","C541","C54F","C557","C557","C535","C52D","C52D","C549","C549","C54F","C536","C552","",""
"1370","56720","0E56","0E49","0E55","0E6F","0E65","0E65","0E4B","0E41","0E41","0E59","0E67","0E5D","0E4A","0E60","",""
"1371","56736","581B","580C","5818","582E","5822","5822","5810","5804","5804","5828","5824","581A","580D","582D","",""
"1372","56752","A131","A120","A12C","A13E","A140","A140","A116","A118","A118","A138","A132","A138","A121","A13B","",""
"1373","56768","E9F4","E9F1","E9FD","EA11","EA11","EA11","E9E9","E9E9","E9E9","EA0B","EA13","EA09","E9F2","EA0C","",""
"1374","56784","361B","3606","3612","3622","3620","3620","3600","35FE","35FE","361C","3622","3618","3607","362B","",""
"1375","56800","7748","7741","774D","773F","773B","773B","773D","7739","7739","7739","773D","7733","7742","7746","",""
"1376","56816","C532","C529","C535","C529","C523","C523","C527","C521","C521","C523","C525","C51B","C51A","C52E","",""
"1377","56840","06E3","06D8","06E4","06E4","06DC","06DC","06D8","06D0","06D0","06DE","06DE","06D4","06D9","06D7","",""
"1378","56856","4527","451A","4526","4528","451E","451E","451C","4512","4512","4512","4520","4516","451B","4519","",""
"1379","56872","8DFA","8DEB","8DF7","8DEF","8DF3","8DF3","8DEF","8DE3","8DE3","8DE9","8DE5","8DEB","8DEC","8DEE","",""
"1380","56888","56EC","56EB","56F7","5705","5707","5707","56E1","56E3","56E3","56FF","5709","56FF","56DC","5702","",""
"1381","56904","8AD1","8ABE","8ACA","8ADE","8ADE","8ADE","8AB6","8AB6","8AB6","8AD8","8AE0","8AD6","8ABF","8AD9","",""
"1382","56920","D3CE","D3C9","D3D5","D3EB","D3E9","D3E9","D3C3","D3C1","D3C1","D3E5","D3EB","D3E1","D3CA","D3E4","",""
"1383","56936","1DDD","1DC6","1DD2","1E04","1E00","1E00","1DC2","1DBE","1DBE","1DFE","1E02","1DF8","1DC7","1E0B","",""
"1384","56952","5A7F","5A76","5A82","5A96","5A90","5A90","5A74","5A6E","5A6E","5A90","5A92","5A88","5A77","5A9B","",""
"1385","56968","A2BD","A2B2","A2BE","A2B4","A2AC","A2AC","A2B2","A2AA","A2AA","A2AE","A2AE","A2A4","A2B3","A2B7","",""
"1386","56984","03F0","03E3","03EF","0407","040D","040D","03E5","03DB","03DB","0401","03FF","0405","03E4","0408","",""
"1387","57008","03F0","03E3","03EF","0407","040D","040D","03E5","03DB","03DB","0401","03FF","0405","03E4","0408","",""
"1388","57024","35D5","35C6","35D2","35EC","35F0","35F0","35CA","35BE","35BE","35E6","35F2","35E8","35C7","35EB","",""
"1389","57040","7E47","7E36","7E42","7E3E","7E30","7E30","7E2C","7E2E","7E2E","7E38","7E32","7E28","7E37","7E3B","",""
"1390","57056","C475","C462","C46E","C4A6","C496","C496","C45A","C45A","C45A","C490","C498","C48E","C463","C4A1","",""
"1391","57072","10D8","10C3","10CF","10C9","10C7","10C7","10BD","10BB","10BB","10C3","10C9","10BF","10C4","10C2","",""
"1392","57088","59F6","59EF","59FB","59F1","59ED","59ED","59EB","59E7","59E7","59EB","59EF","59E5","59F0","59E8","",""
"1393","57104","A3C5","A3BC","A3C8","A3D8","A3D2","A3D2","A3AA","A3B4","A3B4","A3C2","A3D4","A3CA","A3AD","A3CD","",""
"1394","57120","164E","1643","164F","167B","1673","1673","1633","163B","163B","1675","1675","166B","1634","167E","",""
"1395","57136","359E","3591","359D","35CF","35C5","35C5","3593","3589","3589","35C9","35C7","35BD","3592","35D0","",""
"1396","57160","80C5","80B6","80C2","80EA","80EE","80EE","80AA","80AE","80AE","80E4","80F0","80E6","80A7","80E9","",""
"1397","57176","CA77","CA76","CA82","CAB0","CAB2","CAB2","CA6C","CA6E","CA6E","CAAA","CAA4","CAAA","CA67","CAAD","",""
"1398","57192","10F1","10DE","10EA","1104","1104","1104","10D6","10D6","10D6","10FE","1106","10FC","10DF","10FF","",""
"1399","57208","B1D7","B1C2","B1CE","B1E8","B1E6","B1E6","B1CC","B1BA","B1BA","B1E2","B1E8","B1DE","B1C3","B1F1","",""
"1400","57224","FA33","FA2C","FA38","FA3E","FA3A","FA3A","FA28","FA24","FA24","FA38","FA3C","FA32","FA1D","FA45","",""
"1401","57240","4387","437E","438A","43A2","439C","439C","436C","4376","4376","438C","438E","4394","436F","4397","",""
"1402","57256","8538","852D","8539","8553","854B","854B","852D","8525","8525","854D","854D","8543","852E","8556","",""
"1403","57272","B6E0","B6D3","B6DF","B6DB","B6D1","B6D1","B6D5","B6CB","B6CB","B6D5","B6D3","B6C9","B6D4","B6DC","",""
"1404","57288","F8E3","F8D4","F8E0","F8D8","F8DC","F8DC","F8D8","F8CC","F8CC","F8D2","F8DE","F8D4","F8D5","F8D7","",""
"1405","57304","48DE","48DD","48E9","48DD","48DF","48DF","48D3","48D5","48D5","48D7","48D1","48D7","48CE","48DA","",""
"1406","57328","48DE","48DD","48E9","48DD","48DF","48DF","48D3","48D5","48D5","48D7","48D1","48D7","48CE","48DA","",""
"1407","57344","9475","9462","946E","9464","9464","9464","946A","945A","945A","945E","9466","945C","9463","946F","",""
"1408","57360","DB79","DB74","DB80","DB78","DB66","DB66","DB6E","DB6C","DB6C","DB62","DB68","DB5E","DB65","DB71","",""
"1409","57376","24A5","249E","24AA","24A4","24A0","24A0","249A","2496","2496","248E","2492","2498","248F","249B","",""
"1410","57392","6E7C","6E73","6E7F","6E95","6E8F","6E8F","6E71","6E6B","6E6B","6E7F","6E81","6E87","6E64","6E8A","",""
"1411","57408","B725","B71A","B726","B718","B720","B720","B71A","B712","B712","B712","B712","B718","B71B","B71B","",""
"1412","57424","0067","006A","0076","0064","006A","006A","005C","0062","0062","005E","005C","0062","005B","0065","",""
"1413","57440","4C66","4C57","4C63","4C73","4C77","4C77","4C4B","4C4F","4C4F","4C6D","4C79","4C6F","4C58","4C72","",""
"1414","57456","92E5","92E4","92F0","92DC","92DE","92DE","92DA","92DC","92DC","92D6","92E0","92D6","92D5","92D9","",""
"1415","57472","DC30","DC2D","DC39","DC2B","DC2B","DC2B","DC25","DC25","DC25","DC25","DC2D","DC23","DC2E","DC26","",""
"1416","57496","04EA","04E5","04F1","04E5","04E3","04E3","04DF","04DD","04DD","04DF","04E5","04DB","04E6","04DE","",""
"1417","57512","34BD","34B6","34C2","34D2","34CE","34CE","34B2","34AE","34AE","34CC","34D0","34C6","34B7","34D9","",""
"1418","57528","2B4C","2B33","2B3F","2B5B","2B55","2B55","2B31","2B2B","2B2B","2B55","2B57","2B4D","2B34","2B60","",""
"1419","57544","6008","5FFD","6009","6021","6019","6019","5FED","5FF5","5FF5","600B","601B","6011","5FEE","6014","",""
"1420","57560","B0B1","B0A4","B0B0","B0AA","B0A0","B0A0","B096","B09C","B09C","B094","B0A2","B098","B095","B09B","",""
"1421","57576","FA79","FA6A","FA76","FA92","FA86","FA86","FA5E","FA62","FA62","FA7C","FA88","FA7E","FA5B","FA81","",""
"1422","57592","35DC","35DB","35E7","35D5","35D7","35D7","35D1","35D3","35D3","35CF","35D9","35CF","35CC","35D2","",""
"1423","57608","8169","8156","8162","8162","8162","8162","815E","814E","814E","815C","8154","815A","8157","815D","",""
"1424","57624","CA81","CA7C","CA88","CA8A","CA78","CA78","CA76","CA74","CA74","CA74","CA7A","CA70","CA7D","CA83","",""
"1425","57640","CA81","CA7C","CA88","CA8A","CA78","CA78","CA76","CA74","CA74","CA74","CA7A","CA70","CA7D","CA83","",""
"1426","57656","147A","1473","147F","148D","1489","1489","146F","146B","146B","1487","148B","1481","1474","1494","",""
"1427","57680","5D99","5D90","5D9C","5DAC","5DA6","5DA6","5D8E","5D88","5D88","5DA6","5DA8","5D9E","5D81","5DB1","",""
"1428","57696","9F2E","9F23","9F2F","9F21","9F29","9F29","9F23","9F1B","9F1B","9F1B","9F1B","9F21","9F24","9F24","",""
"1429","57712","FCD3","FCC6","FCD2","FCC6","FCCC","FCCC","FCC8","FCBE","FCBE","FCC0","FCCE","FCC4","FCC7","FCC7","",""
"1430","57728","4360","4361","436D","4363","4357","4357","4355","4359","4359","435D","4359","434F","4352","4362","",""
"1431","57744","8C96","8C95","8CA1","8C99","8C8B","8C8B","8C8B","8C8D","8C8D","8C93","8C8D","8C83","8C86","8C96","",""
"1432","57760","EAD8","EAD5","EAE1","EB43","EB43","EB43","EACD","EACD","EACD","EB3D","EB45","EB3B","EAC6","EB3E","",""
"1433","57776","1834","181F","182B","1869","1857","1857","1819","1817","1817","1853","1859","184F","1820","1862","",""
"1434","57792","61D4","61CD","61D9","6213","620F","620F","61C9","61C5","61C5","61FD","6201","6207","61CE","620A","",""
"1435","57808","A58A","A581","A58D","A5A9","A5A3","A5A3","A57F","A579","A579","A5A3","A5A5","A59B","A582","A59E","",""
"1436","57824","F330","F325","F331","F349","F341","F341","F325","F31D","F31D","F343","F343","F339","F326","F34C","",""
"1437","57848","9205","91F8","9204","9218","921E","921E","91FA","91F0","91F0","9212","9210","9216","91F9","9219","",""
"1438","57864","DB0B","DB0C","DB18","DB2E","DB22","DB22","DB00","DB04","DB04","DB18","DB24","DB1A","DAFD","DB2D","",""
"1439","57880","23C0","23BF","23CB","23C3","23C5","23C5","23B5","23B7","23B7","23BD","23B7","23BD","23C0","23C0","",""
"1440","57896","53BE","53AB","53B7","53D1","53D1","53D1","53B3","53A3","53A3","53CB","53D3","53C9","53AC","53CC","",""
"1441","57912","9011","900C","9018","900E","900C","900C","9004","9004","9004","9008","900E","9004","900D","9007","",""
"1442","57928","D8ED","D8E6","D8F2","D8F4","D8F0","D8F0","D8E2","D8DE","D8DE","D8DE","D8E2","D8E8","D8E7","D8EB","",""
"1443","57944","2325","231C","2328","233C","2346","2346","231A","2314","2314","2336","2338","233E","231D","2341","",""
"1444","57960","2325","231C","2328","233C","2346","2346","231A","2314","2314","2336","2338","233E","231D","2341","",""
"1445","57976","90FB","90F0","90FC","90F2","90FA","90FA","90F0","90E8","90E8","90EC","90EC","90F2","90F1","90F5","",""
"1446","57992","D1FE","D1F1","D1FD","D1F5","D1EB","D1EB","D1F1","D1E9","D1E9","D1EF","D1ED","D1E3","D1F2","D1F6","",""
"1447","58008","1E13","1E14","1E20","1E34","1E28","1E28","1E08","1E0C","1E0C","1E1E","1E2A","1E20","1E05","1E23","",""
"1448","58032","6679","6678","6684","667A","667C","667C","666E","6670","6670","6674","666E","6674","6669","6677","",""
"1449","58048","AD8C","AD89","AD95","AD87","AD87","AD87","AD81","AD81","AD81","AD81","AD89","AD7F","AD7A","AD82","",""
"1450","58064","F2A0","F28B","F297","F2B5","F2B3","F2B3","F285","F283","F283","F2AF","F2B5","F2AB","F28C","F2AE","",""
"1451","58080","4252","423B","4247","4247","4243","4243","4237","4233","4233","4241","4245","423B","423C","423E","",""
"1452","58096","8E2E","8E25","8E31","8E1D","8E27","8E27","8E23","8E1D","8E1D","8E17","8E19","8E1F","8E16","8E22","",""
"1453","58112","D4B1","D4A6","D4B2","D4B4","D4AC","D4AC","D4A6","D49E","D49E","D4AE","D4AE","D4A4","D4A7","D4A7","",""
"1454","58128","01BF","01B2","01BE","01DC","01D2","01D2","01B4","01AA","01AA","01C6","01D4","01CA","01B3","01CD","",""
"1455","58144","515A","514B","5157","5171","5165","5165","514F","5143","5143","516B","5167","515D","514C","5170","",""
"1456","58160","E986","E985","E991","E997","E999","E999","E97B","E97D","E97D","E991","E99B","E991","E976","E994","",""
"1457","58176","5C93","5C90","5C9C","5CB4","5CB4","5CB4","5C86","5C88","5C88","5CAE","5CB6","5CAC","5C91","5CAF","",""
"1458","58200","908F","907C","9088","90A0","909E","909E","9076","9074","9074","909A","90A0","9096","907D","9099","",""
"1459","58216","D992","D98B","D997","D9AF","D99D","D99D","D987","D983","D983","D99B","D99F","D995","D97C","D9A8","",""
"1460","58232","174A","1741","174D","1759","1763","1763","173F","1739","1739","1753","1755","175B","1732","175E","",""
"1461","58248","60FE","60F3","60FF","611D","6115","6115","60F3","60EB","60EB","6117","6117","610D","60F4","6120","",""
"1462","58264","AA35","AA28","AA34","AA6E","AA64","AA64","AA2A","AA20","AA20","AA58","AA66","AA5C","AA29","AA5F","",""
"1463","58280","AA35","AA28","AA34","AA6E","AA64","AA64","AA2A","AA20","AA20","AA58","AA66","AA5C","AA29","AA5F","",""
"1464","58296","0422","0413","041F","041B","041F","041F","0417","040B","040B","0415","0411","0417","0414","041A","",""
"1465","58312","3555","3544","3550","356E","3570","3570","354A","353C","353C","3568","3562","3568","3545","356B","",""
"1466","58328","84C7","84B4","84C0","84C0","84C0","84C0","84BC","84AC","84AC","84BA","84B2","84B8","84B5","84BB","",""
"1467","58352","CF1B","CF06","CF12","CF34","CF32","CF32","CF10","CEFE","CEFE","CF2E","CF24","CF2A","CF07","CF2D","",""
"1468","58368","1750","1749","1755","1749","1745","1745","1745","1741","1741","1743","1747","173D","174A","1750","",""
"1469","58384","607B","6072","607E","6074","606E","606E","6070","606A","606A","606E","6070","6066","6073","6079","",""
"1470","58400","AB68","AB5D","AB69","AB9B","AB93","AB93","AB5D","AB55","AB55","AB95","AB95","AB8B","AB5E","AB9E","",""
"1471","58416","0C51","0C44","0C50","0C7C","0C84","0C84","0C46","0C3C","0C3C","0C78","0C76","0C7C","0C45","0C7F","",""
"1472","58432","3965","3956","3962","399C","3990","3990","395A","394E","394E","3996","3992","3988","3957","399B","",""
"1473","58448","829E","828D","8299","82CF","82C1","82C1","8283","8285","8285","82C9","82C3","82B9","828E","82CC","",""
"1474","58464","CC40","CC2D","CC37","CC6B","CC6B","CC6B","CC35","CC25","CC25","CC65","CC6D","CC63","CC2E","CC66","",""
"1475","58480","69EC","69D7","69E3","69FF","69FF","69FF","69E1","69CF","69CF","69EB","69F1","69F7","69D8","69FA","",""
"1476","58496","B54D","B546","B552","B57C","B578","B578","B542","B53E","B53E","B576","B57A","B570","B537","B583","",""
"1477","58512","FC71","FC68","FC74","FC80","FC8A","FC8A","FC66","FC60","FC60","FC7A","FC7C","FC82","FC59","FC85","",""
"1478","58536","44F6","44EB","44F7","44F3","44ED","44ED","44EB","44E3","44E3","44DF","44DF","44E5","44DC","44E8","",""
"1479","58552","7718","770B","7717","7727","772D","772D","76FD","7703","7703","7721","771F","7725","76FC","7728","",""
"1480","58568","B8C7","B8B8","B8C4","B8C6","B8BA","B8BA","B8BC","B8B0","B8B0","B8B0","B8BC","B8B2","B8B9","B8B5","",""
"1481","58584","0182","0171","017D","017B","017D","017D","0177","0169","0169","0175","016F","0175","0172","0178","",""
"1482","58600","0182","0171","017D","017B","017D","017D","0177","0169","0169","0175","016F","0175","0172","0178","",""
"1483","58616","4ACA","4AC7","4AD3","4ACD","4ABD","4ABD","4ABF","4ABF","4ABF","4AB7","4ABF","4AB5","4AB8","4AC8","",""
"1484","58632","CB98","CB93","CB9F","CBD5","CBD3","CBD3","CB8D","CB8B","CB8B","CBCF","CBC5","CBCB","CB94","CBCE","",""
"1485","58648","F790","F789","F795","F7C7","F7C3","F7C3","F785","F781","F781","F7C1","F7C5","F7BB","F78A","F7BE","",""
"1486","58664","40A0","4097","40A3","40D1","40CB","40CB","4095","408F","408F","40CB","40CD","40C3","4088","40D6","",""
"1487","58680","8FD9","8FCE","8FDA","9004","900C","900C","8FCE","8FC6","8FC6","8FFE","8FFE","9004","8FCF","9007","",""
"1488","58704","D2DA","D2DD","D2E9","D2FF","D2F5","D2F5","D2CF","D2D5","D2D5","D2E9","D2F7","D2ED","D2CE","D2F0","",""
"1489","58720","1BB1","1BB2","1BBE","1BCA","1BCE","1BCE","1BA6","1BAA","1BAA","1BC4","1BC0","1BC6","1BA3","1BC9","",""
"1490","58736","7473","7472","747E","7496","7488","7488","7468","746A","746A","7490","748A","7480","7463","7493","",""
"1491","58752","AED2","AECF","AEDB","AEED","AEED","AEED","AEC7","AEC7","AEC7","AEE7","AEDF","AEE5","AED0","AEE8","",""
"1492","58768","F7CD","F7C8","F7D4","F7E8","F7E6","F7E6","F7C2","F7C0","F7C0","F7E2","F7E8","F7DE","F7C9","F7F1","",""
"1493","58784","46A2","468B","4697","46AD","46A9","46A9","4687","4683","4683","46A7","46AB","46A1","468C","46B4","",""
"1494","58800","DA37","DA2E","DA3A","DA32","DA2C","DA2C","DA1C","DA26","DA26","DA1C","DA1E","DA24","DA1F","DA27","",""
"1495","58816","27ED","27E2","27EE","27F0","27E8","27E8","27E2","27DA","27DA","27DA","27EA","27E0","27E3","27E3","",""
"1496","58832","93EC","93DF","93EB","941D","9413","9413","93E1","93D7","93D7","9417","9415","940B","93E0","941E","",""
"1497","58848","BA8D","BA7E","BA8A","BAC8","BABC","BABC","BA82","BA76","BA76","BAB2","BABE","BAB4","BA7F","BAC7","",""
"1498","58864","F76D","F75C","F768","F7A2","F794","F794","F762","F754","F754","F78C","F796","F78C","F75D","F79F","",""
"1499","58888","4117","4104","4110","4146","4146","4146","410C","40FC","40FC","4140","4148","413E","4105","4141","",""
"1500","58904","89A5","89A0","89AC","89C4","89C2","89C2","899A","8998","8998","89BE","89C4","89BA","89A1","89BD","",""
"1501","58920","89A5","89A0","89AC","89C4","89C2","89C2","899A","8998","8998","89BE","89C4","89BA","89A1","89BD","",""
"1502","58936","D27B","D274","D280","D294","D290","D290","D270","D26C","D26C","D28E","D292","D288","D275","D29B","",""
"1503","58952","1BBD","1BB4","1BC0","1BD6","1BE0","1BE0","1BB2","1BAC","1BAC","1BD0","1BD2","1BD8","1BB5","1BDB","",""
"1504","58968","6584","6579","6585","6597","658F","658F","6569","6571","6571","6581","6591","6587","656A","658A","",""
"1505","58984","AE57","AE4A","AE56","AE6A","AE70","AE70","AE4C","AE42","AE42","AE64","AE62","AE68","AE4B","AE6B","",""
"1506","59000","F29F","F290","F29C","F292","F286","F286","F284","F288","F288","F28C","F288","F27E","F281","F291","",""
"1507","59016","2F11","2F00","2F0C","2F24","2F26","2F26","2F06","2EF8","2EF8","2F1E","2F28","2F1E","2F01","2F21","",""
"1508","59032","78A9","7896","78A2","78A0","78A0","78A0","789E","788E","788E","789A","7892","7898","7897","789B","",""
"1509","59056","C545","C540","C54C","C540","C53E","C53E","C53A","C538","C538","C53A","C540","C536","C531","C539","",""
"1510","59072","0468","0451","045D","0453","044F","044F","044D","0449","0449","044D","0451","0447","0452","045A","",""
"1511","59088","5270","5267","5273","526B","5265","5265","5265","525F","525F","5265","5267","525D","5268","5270","",""
"1512","59104","9FE4","9FD9","9FE5","9FDF","9FE7","9FE7","9FD9","9FD1","9FD1","9FD9","9FD9","9FDF","9FDA","9FE2","",""
"1513","59120","3B8B","3B7E","3B8A","3B80","3B86","3B86","3B80","3B76","3B76","3B7A","3B78","3B7E","3B7F","3B81","",""
"1514","59136","8649","863A","8646","8638","863C","863C","862E","8632","8632","8632","862E","8634","862B","8637","",""
"1515","59152","D011","D010","D01C","D030","D032","D032","D006","D008","D008","D02A","D024","D02A","D001","D02D","",""
"1516","59168","18D9","18C6","18D2","18D2","18D2","18D2","18CE","18BE","18BE","18CC","18C4","18CA","18C7","18CD","",""
"1517","59184","35C9","35C4","35D0","35BC","35BA","35BA","35BE","35BC","35BC","35B6","35BC","35B2","35B5","35C5","",""
"1518","59200","637E","6377","6383","6385","6381","6381","6373","636F","636F","636F","6373","6379","6378","637C","",""
"1519","59224","AD2E","AD25","AD31","AD3F","AD39","AD39","AD13","AD1D","AD1D","AD39","AD3B","AD31","AD16","AD34","",""
"1520","59240","AD2E","AD25","AD31","AD3F","AD39","AD39","AD13","AD1D","AD1D","AD39","AD3B","AD31","AD16","AD34","",""
"1521","59256","F5E3","F5D8","F5E4","F5FE","F5F6","F5F6","F5D8","F5D0","F5D0","F5E8","F5F8","F5EE","F5D9","F5F1","",""
"1522","59272","99B0","99A3","99AF","99C5","99BB","99BB","99A5","999B","999B","99BF","99BD","99B3","99A4","99C6","",""
"1523","59288","D542","D533","D53F","D537","D52B","D52B","D527","D52B","D52B","D531","D52D","D523","D524","D536","",""
"1524","59304","1E59","1E58","1E64","1E4E","1E50","1E50","1E4E","1E50","1E50","1E48","1E52","1E48","1E49","1E4B","",""
"1525","59320","5EE0","5ECD","5ED9","5EF5","5EF5","5EF5","5EC5","5EC5","5EC5","5EEF","5EE7","5EED","5ECE","5EF0","",""
"1526","59336","B0D5","B0D0","B0DC","B0CA","B0C8","B0C8","B0CA","B0C8","B0C8","B0C4","B0CA","B0C0","B0C1","B0D3","",""
"1527","59352","FA27","FA10","FA1C","FA1C","FA18","FA18","FA0C","FA08","FA08","FA16","FA1A","FA10","FA11","FA13","",""
"1528","59368","4350","4347","4353","4345","434F","434F","4345","433F","433F","433F","4341","4347","4348","434A","",""
"1529","59384","8D2F","8D24","8D30","8D3E","8D36","8D36","8D24","8D1C","8D1C","8D38","8D38","8D2E","8D25","8D41","",""
"1530","59408","D663","D656","D662","D682","D678","D678","D658","D64E","D64E","D66C","D67A","D670","D657","D673","",""
"1531","59424","178C","177D","1789","178B","177F","177F","1781","1775","1775","1775","1781","1777","177E","178A","",""
"1532","59440","A923","A922","A92E","A922","A914","A914","A918","A91A","A91A","A91C","A916","A90C","A913","A91F","",""
"1533","59456","F282","F27F","F28B","F281","F281","F281","F277","F277","F277","F27B","F273","F279","F270","F27C","",""
"1534","59472","6A9C","6A97","6AA3","6AD5","6AD3","6AD3","6A91","6A8F","6A8F","6ACF","6AD5","6ACB","6A98","6ACE","",""
"1535","59488","9F18","9F11","9F1D","9F4F","9F4B","9F4B","9F0D","9F09","9F09","9F49","9F4D","9F43","9F12","9F56","",""
"1536","59504","DE02","DDF9","DE05","DE6D","DE67","DE67","DDE7","DDF1","DDF1","DE67","DE69","DE5F","DDEA","DE62","",""
"1537","59520","24F0","24E5","24F1","250B","2503","2503","24E5","24DD","24DD","2505","2505","24FB","24E6","250E","",""
"1538","59536","6DDA","6DCD","6DD9","6DEF","6DE5","6DE5","6DCF","6DC5","6DC5","6DD9","6DE7","6DDD","6DCE","6DE0","",""
"1539","59552","6DDA","6DCD","6DD9","6DEF","6DE5","6DE5","6DCF","6DC5","6DC5","6DD9","6DE7","6DDD","6DCE","6DE0","",""
"1540","59576","B28F","B280","B28C","B2A4","B298","B298","B274","B278","B278","B29E","B29A","B290","B271","B2A3","",""
"1541","59592","00C2","00B1","00BD","00D1","00D3","00D3","00B7","00A9","00A9","00CB","00D5","00CB","00B2","00CE","",""
"1542","59608","499F","499C","49A8","49BE","49BE","49BE","4994","4994","4994","49B8","49B0","49B6","498D","49B9","",""
"1543","59624","9226","9211","921D","9215","9213","9213","920B","9209","9209","920F","9215","920B","9212","921E","",""
"1544","59640","C15E","C157","C163","C17D","C179","C179","C153","C14F","C14F","C177","C17B","C171","C158","C184","",""
"1545","59656","09BD","09B4","09C0","09B6","09C0","09C0","09B2","09AC","09AC","09B0","09B2","09B8","09B5","09BB","",""
"1546","59672","528D","5282","528E","5280","5278","5278","5282","527A","527A","527A","527A","5270","5273","5283","",""
"1547","59688","9CD7","9CCA","9CD6","9CFA","9CF0","9CF0","9CCC","9CC2","9CC2","9CE4","9CF2","9CE8","9CCB","9CEB","",""
"1548","59704","0927","0928","0934","092E","0922","0922","091C","0920","0920","0918","0924","091A","0919","092D","",""
"1549","59720","4E51","4E50","4E5C","4E48","4E4A","4E4A","4E46","4E48","4E48","4E42","4E4C","4E42","4E41","4E45","",""
"1550","59744","9797","9784","9790","978E","978E","978E","978C","977C","977C","9788","9790","9786","9785","9789","",""
"1551","59760","3685","3680","368C","3680","367E","367E","367A","3678","3678","367A","3680","3676","3681","3679","",""
"1552","59776","800A","8003","800F","802F","802B","802B","7FFF","7FFB","7FFB","8019","801D","8023","8004","8026","",""
"1553","59792","C8BC","C8B3","C8BF","C8BB","C8B5","C8B5","C8B1","C8AB","C8AB","C8B5","C8B7","C8AD","C8B4","C8B0","",""
"1554","59808","0D82","0D77","0D83","0D81","0D79","0D79","0D77","0D6F","0D6F","0D7B","0D7B","0D71","0D78","0D74","",""
"1555","59824","4F04","4EF7","4F03","4F01","4EF7","4EF7","4EF9","4EEF","4EEF","4EFB","4EF9","4EEF","4EF8","4F02","",""
"1556","59840","7ECC","7ECD","7ED9","7EE3","7EE7","7EE7","7EC1","7EC5","7EC5","7EDD","7ED9","7EDF","7EBE","7EE2","",""
"1557","59856","AAB2","AAB1","AABD","AAD3","AAC5","AAC5","AAA7","AAA9","AAA9","AABD","AAC7","AABD","AAB2","AAD0","",""
"1558","59872","AAB2","AAB1","AABD","AAD3","AAC5","AAC5","AAA7","AAA9","AAA9","AABD","AAC7","AABD","AAB2","AAD0","",""
"1559","59888","D37D","D36A","D376","D36E","D36E","D36E","D372","D362","D362","D368","D370","D366","D36B","D369","",""
"1560","59904","1D14","1D0F","1D1B","1D1F","1D1D","1D1D","1D09","1D07","1D07","1D19","1D1F","1D15","1D00","1D28","",""
"1561","59928","CFAC","CFA5","CFB1","CFDF","CFDB","CFDB","CFA1","CF9D","CF9D","CFD9","CFDD","CFD3","CF96","CFD6","",""
"1562","59944","01E0","01D7","01E3","020D","0207","0207","01D5","01CF","01CF","0207","0209","01FF","01C8","0212","",""
"1563","59960","4AF4","4AE9","4AF5","4B2B","4B23","4B23","4AE9","4AE1","4AE1","4B15","4B25","4B1B","4AEA","4B1E","",""
"1564","59976","94B1","94A4","94B0","94E2","94D8","94D8","94A6","949C","949C","94DC","94DA","94D0","94A5","94E3","",""
"1565","59992","DD38","DD29","DD35","DD49","DD4D","DD4D","DD1D","DD21","DD21","DD43","DD3F","DD45","DD1A","DD48","",""
"1566","60008","260C","260B","2617","2627","2619","2619","2601","2603","2603","2621","261B","2611","25FC","2624","",""
"1567","60024","7B2B","7B28","7B34","7B60","7B60","7B60","7B20","7B20","7B20","7B5A","7B62","7B58","7B19","7B5B","",""
"1568","60040","B8AE","B8A9","B8B5","B8C3","B8C1","B8C1","B8A3","B8A1","B8A1","B8BD","B8C3","B8B9","B89A","B8BC","",""
"1569","60056","0121","011A","0126","0126","0122","0122","0116","0112","0112","0110","0114","011A","011B","011D","",""
"1570","60072","9FDB","9FD2","9FDE","9FD0","9FCA","9FCA","9FD0","9FCA","9FCA","9FCA","9FCC","9FC2","9FD3","9FD5","",""
"1571","60096","E908","E8FD","E909","E90D","E905","E905","E8FD","E8F5","E8F5","E8F7","E907","E8FD","E8FE","E900","",""
"1572","60112","3252","3245","3251","3241","3247","3247","3237","323D","323D","323B","3239","323F","3236","3242","",""
"1573","60128","9571","9562","956E","95A4","95A8","95A8","9566","955A","955A","959E","959A","95A0","9563","95A3","",""
"1574","60144","B9B6","B9A5","B9B1","B9E3","B9E5","B9E5","B9AB","B99D","B99D","B9DD","B9E7","B9DD","B9A6","B9E0","",""
"1575","60160","02D0","02BD","02C9","02F7","02F7","02F7","02B5","02B5","02B5","02F1","02F9","02EF","02BE","02F2","",""
"1576","60176","4C66","4C61","4C6D","4CA7","4C95","4C95","4C5B","4C59","4C59","4C91","4C97","4C8D","4C62","4CA0","",""
"1577","60192","4C66","4C61","4C6D","4CA7","4C95","4C95","4C5B","4C59","4C59","4C91","4C97","4C8D","4C62","4CA0","",""
"1578","60208","951A","9513","951F","953B","9537","9537","950F","950B","950B","9525","9529","952F","9504","9532","",""
"1579","60224","DDD5","DDCC","DDD8","DDF0","DDEA","DDEA","DDCA","DDC4","DDC4","DDEA","DDEC","DDE2","DDCD","DDF5","",""
"1580","60240","30DD","30D2","30DE","3112","310A","310A","30D2","30CA","30CA","310C","310C","3102","30D3","3115","",""
"1581","60264","70FF","70F2","70FE","712E","7134","7134","70F4","70EA","70EA","7128","7126","712C","70F3","712F","",""
"1582","60280","BC54","BC45","BC51","BCC7","BCBB","BCBB","BC49","BC3D","BC3D","BCC1","BCBD","BCB3","BC46","BCC6","",""
"1583","60296","FBB8","FBA7","FBB3","FBCB","FBCD","FBCD","FBAD","FB9F","FB9F","FBC5","FBCF","FBC5","FBA8","FBC8","",""
"1584","60312","3980","397D","3989","399D","399D","399D","3975","3975","3975","3997","398F","3995","397E","3998","",""
"1585","60328","7DE5","7DE0","7DEC","7DFC","7DFA","7DFA","7DDA","7DD8","7DD8","7DF6","7DFC","7DF2","7DD1","7DF5","",""
"1586","60344","CC11","CC0A","CC16","CC1C","CC18","CC18","CC06","CC02","CC02","CC16","CC1A","CC10","CBFB","CC23","",""
"1587","60360","4BCE","4BC5","4BD1","4C03","4BFD","4BFD","4BC3","4BBD","4BBD","4BFD","4BFF","4BF5","4BC6","4BF8","",""
"1588","60376","81E1","81D6","81E2","8210","8218","8218","81D6","81CE","81CE","820A","820A","8210","81D7","8213","",""
"1589","60392","20D9","20CC","20D8","210C","2102","2102","20BE","20C4","20C4","20F6","2104","20FA","20BD","20FD","",""
"1590","60408","693E","693F","694B","6961","6955","6955","6933","6937","6937","695B","6957","694D","6930","6960","",""
"1591","60432","B266","B255","B261","B27D","B26F","B26F","B25B","B24D","B24D","B267","B271","B267","B256","B27A","",""
"1592","60448","06E8","06D5","06E1","0713","0713","0713","06CD","06CD","06CD","070D","0715","070B","06D6","070E","",""
"1593","60464","396A","3955","3961","3999","3997","3997","395F","394D","394D","3993","3999","398F","3956","3992","",""
"1594","60480","828E","8277","8283","82B5","82B1","82B1","8273","826F","826F","82AF","82B3","82A9","8278","82BC","",""
"1595","60496","AA85","AA7C","AA88","AAC6","AAC0","AAC0","AA7A","AA74","AA74","AAB0","AAB2","AAB8","AA7D","AABB","",""
"1596","60512","AA85","AA7C","AA88","AAC6","AAC0","AAC0","AA7A","AA74","AA74","AAB0","AAB2","AAB8","AA7D","AABB","",""
"1597","60528","F43F","F434","F440","F47A","F472","F472","F434","F42C","F42C","F464","F474","F46A","F435","F46D","",""
"1598","60544","3BA1","3B94","3BA0","3BB6","3BAC","3BAC","3B86","3B8C","3B8C","3BB0","3BAE","3BA4","3B85","3BB7","",""
"1599","60560","B930","B921","B92D","B963","B957","B957","B915","B919","B919","B94D","B959","B94F","B922","B962","",""
"1600","60576","DC5C","DC4B","DC57","DC89","DC8B","DC8B","DC51","DC43","DC43","DC83","DC8D","DC83","DC4C","DC86","",""
"1601","60592","2A12","2A0F","2A1B","2A49","2A49","2A49","2A07","2A07","2A07","2A43","2A3B","2A41","2A00","2A44","",""
"1602","60616","73BA","73B5","73C1","73EB","73E9","73E9","73AF","73AD","73AD","73E5","73EB","73E1","73A6","73E4","",""
"1603","60632","BC4E","BC47","BC53","BC69","BC65","BC65","BC43","BC3F","BC3F","BC63","BC67","BC5D","BC48","BC60","",""
"1604","60648","052B","0512","051E","0534","052E","052E","0510","050A","050A","052E","0530","0526","0513","0539","",""
"1605","60664","4E70","4E65","4E71","4E83","4E7B","4E7B","4E55","4E5D","4E5D","4E7D","4E7D","4E73","4E56","4E86","",""
"1606","60680","981D","9810","981C","9834","982A","982A","9812","9808","9808","982E","982C","9822","9811","9835","",""
"1607","60696","E0F9","E0EA","E0F6","E110","E104","E104","E0DE","E0E2","E0E2","E10A","E106","E0FC","E0EB","E10F","",""
"1608","60712","4CB1","4CA0","4CAC","4CA6","4C98","4C98","4C96","4C98","4C98","4CA0","4C9A","4C90","4CA1","4CA3","",""
"1609","60728","9599","9596","95A2","95BE","95BE","95BE","958E","958E","958E","95B8","95B0","95B6","9597","95B9","",""
"1610","60744","DE41","DE2C","DE38","DE50","DE4E","DE4E","DE36","DE24","DE24","DE4A","DE50","DE46","DE2D","DE59","",""
"1611","60760","2C5C","2C55","2C61","2C8F","2C8B","2C8B","2C51","2C4D","2C4D","2C89","2C8D","2C83","2C46","2C96","",""
"1612","60784","65A4","659B","65A7","65C7","65C1","65C1","6599","6593","6593","65B1","65C3","65B9","659C","65BC","",""
"1613","60800","AEF2","AEE7","AEF3","AF15","AF0D","AF0D","AEE7","AEDF","AEDF","AEFF","AF0F","AF05","AEE8","AF08","",""
"1614","60816","F4C4","F4B7","F4C3","F4F1","F4F7","F4F7","F4B9","F4AF","F4AF","F4EB","F4F9","F4EF","F4B8","F4F2","",""
"1615","60832","F4C4","F4B7","F4C3","F4F1","F4F7","F4F7","F4B9","F4AF","F4AF","F4EB","F4F9","F4EF","F4B8","F4F2","",""
"1616","60848","40E2","40D3","40DF","40DF","40D3","40D3","40D7","40CB","40CB","40C9","40D5","40CB","40D4","40DE","",""
"1617","60864","8AB2","8AA1","8AAD","8AC9","8ACB","8ACB","8AA7","8A99","8A99","8AC3","8ABD","8AC3","8AA2","8AC6","",""
"1618","60880","D341","D33E","D34A","D338","D338","D338","D336","D336","D336","D332","D33A","D330","D32F","D333","",""
"1619","60896","21BB","21B6","21C2","21DC","21CA","21CA","21B0","21AE","21AE","21C6","21CC","21C2","21A7","21D5","",""
"1620","60912","666B","6664","6670","6686","6682","6682","6660","665C","665C","6680","6684","667A","6655","667D","",""
"1621","60928","8DF8","8DEF","8DFB","8E17","8E11","8E11","8DED","8DE7","8DE7","8E11","8E13","8E09","8DF0","8E0C","",""
"1622","60952","BC52","BC47","BC53","BC7B","BC83","BC83","BC37","BC3F","BC3F","BC75","BC75","BC7B","BC38","BC7E","",""
"1623","60968","05B3","05B6","05C2","05E6","05EC","05EC","05A8","05AE","05AE","05E0","05EE","05E4","05A7","05E7","",""
"1624","60984","4CEF","4CE0","4CEC","4CE2","4CE6","4CE6","4CE4","4CD8","4CD8","4CDC","4CE8","4CDE","4CE1","4CE1","",""
"1625","61000","FA3F","FA2E","FA3A","FA70","FA62","FA62","FA24","FA26","FA26","FA6A","FA64","FA5A","FA2F","FA6D","",""
"1626","61016","2D9E","2D8B","2D97","2DAF","2DAF","2DAF","2D93","2D83","2D83","2DA9","2DB1","2DA7","2D8C","2DAA","",""
"1627","61032","CD58","CD53","CD5F","CD79","CD77","CD77","CD4D","CD4B","CD4B","CD73","CD79","CD6F","CD54","CD72","",""
"1628","61048","144D","1446","1452","143E","143A","143A","1442","143E","143E","1438","143C","1432","1437","1445","",""
"1629","61064","5984","597B","5987","5995","598F","598F","5969","5973","5973","598F","5991","5987","596C","599A","",""
"1630","61080","A8E9","A8DE","A8EA","A904","A8FC","A8FC","A8DE","A8D6","A8D6","A8FE","A8FE","A8F4","A8DF","A8F7","",""
"1631","61096","E720","E713","E71F","E73B","E731","E731","E715","E70B","E70B","E735","E733","E729","E714","E73C","",""
"1632","61112","2FBB","2FAC","2FB8","2FB6","2FAA","2FAA","2FA0","2FA4","2FA4","2FA0","2FAC","2FA2","2FAD","2FA5","",""
"1633","61136","7292","7281","728D","72AD","729F","729F","7277","7279","7279","7297","72A1","7297","7282","72AA","",""
"1634","61152","7292","7281","728D","72AD","729F","729F","7277","7279","7279","7297","72A1","7297","7282","72AA","",""
"1635","61168","AFB7","AFB4","AFC0","AFB2","AFB2","AFB2","AFAC","AFAC","AFAC","AFAC","AFB4","AFAA","AFB5","AFAD","",""
"1636","61184","F880","F87B","F887","F87B","F879","F879","F875","F873","F873","F875","F86B","F871","F86C","F874","",""
"1637","61200","42E3","42DC","42E8","42FE","42FA","42FA","42D8","42D4","42D4","42F8","42FC","42F2","42CD","42F5","",""
"1638","61216","CE70","CE67","CE73","CE87","CE81","CE81","CE65","CE5F","CE5F","CE81","CE83","CE79","CE68","CE8C","",""
"1639","61232","0DDA","0DCF","0DDB","0DD1","0DD9","0DD9","0DCF","0DC7","0DC7","0DCB","0DCB","0DD1","0DD0","0DD4","",""
"1640","61248","56F4","56E7","56F3","56EB","56F1","56F1","56E9","56DF","56DF","56E5","56F3","56E9","56E8","56EC","",""
"1641","61264","A044","A035","A041","A03B","A03F","A03F","A039","A02D","A02D","A035","A031","A037","A036","A03A","",""
"1642","61280","E9DB","E9CA","E9D6","E9D2","E9C4","E9C4","E9C0","E9C2","E9C2","E9BC","E9C6","E9BC","E9CB","E9CF","",""
"1643","61296","335B","3348","3354","3372","3372","3372","3340","3340","3340","336C","3364","336A","3349","336D","",""
"1644","61312","7C9B","7C86","7C92","7CA4","7CA2","7CA2","7C90","7C7E","7C7E","7C9E","7CA4","7C9A","7C87","7CAD","",""
"1645","61328","BE54","BE4D","BE59","BE4D","BE49","BE49","BE49","BE45","BE45","BE47","BE4B","BE41","BE3E","BE44","",""
"1646","61352","4846","483D","4849","484F","4849","4849","483B","4835","4835","4839","483B","4841","483E","4844","",""
"1647","61368","72AA","729F","72AB","72A3","729B","729B","728F","7297","7297","728D","729D","7293","7290","7296","",""
"1648","61384","BB18","BB0B","BB17","BB11","BB07","BB07","BB0D","BB03","BB03","BB0B","BB09","BAFF","BB0C","BB12","",""
"1649","61400","03D2","03D3","03DF","03CB","03CF","03CF","03C7","03CB","03CB","03C5","03D1","03C7","03C4","03CA","",""
"1650","61416","8F26","8F25","8F31","8F59","8F5B","8F5B","8F1B","8F1D","8F1D","8F53","8F5D","8F53","8F16","8F56","",""
"1651","61432","C45E","C44B","C457","C48D","C48D","C48D","C453","C443","C443","C487","C48F","C485","C44C","C488","",""
"1652","61448","0D6D","0D68","0D74","0DA6","0DA4","0DA4","0D62","0D60","0D60","0DA0","0DA6","0D9C","0D69","0D9F","",""
"1653","61464","0D6D","0D68","0D74","0DA6","0DA4","0DA4","0D62","0D60","0D60","0DA0","0DA6","0D9C","0D69","0D9F","",""
"1654","61480","5732","572B","5737","5765","5761","5761","5727","5723","5723","575F","5763","5759","571C","575C","",""
"1655","61496","9FB6","9FAD","9FB9","9FD3","9FCB","9FCD","9FAB","9FA5","9FA5","9FBD","9FCF","9FC3","9F9E","9FC8","",""
"1656","61512","E896","E88B","E897","E8A1","E8A9","E8A9","E88B","E883","E883","E89B","E89B","E8A1","E88C","E8A4","",""
"1657","61536","3D22","3D15","3D21","3D93","3D89","3D89","3D17","3D0D","3D0D","3D7D","3D8B","3D81","3D16","3D84","",""
"1658","61552","7BB9","7BBA","7BC6","7BF2","7BE6","7BE6","7BAE","7BB2","7BB2","7BEC","7BE8","7BDE","7BAB","7BF1","",""
"1659","61568","C57A","C569","C575","C5AD","C59F","C59F","C55F","C561","C561","C597","C5A1","C597","C56A","C5AA","",""
"1660","61584","EC19","EC16","EC22","EC3C","EC2C","EC2C","EC0E","EC0E","EC0E","EC26","EC2E","EC24","EC07","EC37","",""
"1661","61600","FE64","FE4F","FE5B","FE71","FE6F","FE6F","FE49","FE47","FE47","FE6B","FE71","FE67","FE50","FE6A","",""
"1662","61616","479A","4783","478F","47A7","47A3","47A3","477F","477B","477B","47A1","47A5","479B","4784","47AE","",""
"1663","61632","905E","9055","9061","9073","906D","906D","9053","904D","904D","906D","906F","9065","9056","9078","",""
"1664","61648","42EA","42DF","42EB","4319","4311","4311","42CF","42D7","42D7","4313","4313","4309","42D0","431A","",""
"1665","61664","CA65","CA58","CA64","CA98","CA9E","CA9E","CA5A","CA50","CA50","CA92","CA90","CA96","CA59","CA99","",""
"1666","61680","1408","13F9","1405","1435","1439","1439","13ED","13F1","13F1","142F","142B","1431","13FA","1434","",""
"1667","61704","5C60","5C5F","5C6B","5C7D","5C7F","5C7F","5C55","5C57","5C57","5C77","5C71","5C77","5C50","5C7A","",""
"1668","61720","A57E","A57B","A587","A595","A595","A595","A573","A573","A573","A58F","A587","A58D","A56C","A590","",""
"1669","61736","F6BD","F6B8","F6C4","F6EE","F6EC","F6EC","F6B2","F6B0","F6B0","F6E8","F6EE","F6E4","F6A9","F6E7","",""
"1670","61752","2C7D","2C76","2C82","2CB8","2CC6","2CC6","2C72","2C6E","2C6E","2CB2","2CB6","2CBE","2C77","2CCF","",""
"1671","61768","77CD","77C4","77D0","783C","7836","7836","77C2","77BC","77BC","7836","7838","782E","77B5","782F","",""
"1672","61784","77CD","77C4","77D0","783C","7836","7836","77C2","77BC","77BC","7836","7838","782E","77B5","782F","",""
"1673","61800","BEB1","BEA6","BEB2","BEC0","BEC8","BEC8","BEA6","BE9E","BE9E","BEBA","BEBA","BEC0","BE97","BEC3","",""
"1674","61816","078E","0781","078D","07A7","079D","079D","0783","0779","0779","07A1","079F","0795","0782","07A8","",""
"1675","61832","4C15","4C16","4C22","4C38","4C2C","4C2C","4C0A","4C0E","4C0E","4C32","4C2E","4C24","4C07","4C37","",""
"1676","61856","9A88","9A77","9A83","9A95","9A97","9A97","9A7D","9A6F","9A6F","9A8F","9A99","9A8F","9A78","9A92","",""
"1677","61872","0BF3","0BF0","0BFC","0C2A","0C2A","0C2A","0BE8","0BE8","0BE8","0C24","0C2C","0C22","0BF1","0C25","",""
"1678","61888","31AC","31A7","31B3","31ED","31EB","31EB","31A1","319F","319F","31D7","31DD","31E3","31A8","31E6","",""
"1679","61904","7AC3","7AAC","7AB8","7AEE","7AEA","7AEA","7AA8","7AA4","7AA4","7AE8","7AEC","7AE2","7AAD","7AF5","",""
"1680","61920","C461","C458","C464","C4A0","C49A","C49A","C456","C450","C450","C48A","C48C","C492","C459","C495","",""
"1681","61936","0D0A","0CFF","0D0B","0D23","0D1B","0D1B","0CFF","0CF7","0CF7","0D1D","0D1D","0D13","0D00","0D26","",""
"1682","61952","55C9","55BC","55C8","55E6","55DC","55DC","55BE","55B4","55B4","55D0","55DE","55D4","55BD","55D7","",""
"1683","61968","A8C2","A8B3","A8BF","A8F3","A8F7","A8F7","A8B7","A8AB","A8AB","A8ED","A8E9","A8EF","A8B4","A8F2","",""
"1684","61984","3E6C","3E5B","3E67","3EA1","3E93","3E93","3E61","3E53","3E53","3E8B","3E95","3E8B","3E5C","3E9E","",""
"1685","62000","8076","8073","807F","80B3","80B3","80B3","806B","806B","806B","80AD","80A5","80AB","8074","80AE","",""
"1686","62016","BE47","BE32","BE3E","BE6E","BE6C","BE6C","BE2C","BE2A","BE2A","BE68","BE6E","BE64","BE33","BE77","",""
"1687","62040","0609","0602","060E","0620","061C","061C","05FE","05FA","05FA","061A","061E","0614","05F3","0617","",""
"1688","62056","71DB","71D2","71DE","7216","7210","7210","71D0","71CA","71CA","7200","7212","7208","71D3","720B","",""
"1689","62072","A387","A37C","A388","A3BC","A3B4","A3B4","A37C","A374","A374","A3B6","A3B6","A3AC","A37D","A3AF","",""
"1690","62088","F160","F153","F15F","F18F","F185","F185","F145","F14B","F14B","F189","F187","F17D","F144","F190","",""
"1691","62104","F160","F153","F15F","F18F","F185","F185","F145","F14B","F14B","F189","F187","F17D","F144","F190","",""
"1692","62120","3B0C","3AFD","3B09","3B45","3B39","3B39","3B01","3AF5","3AF5","3B3F","3B3B","3B31","3AFE","3B44","",""
"1693","62136","839B","839A","83A6","83BE","83B0","83B0","8390","8392","8392","83A8","83B2","83A8","838B","83BB","",""
"1694","62152","CC71","CC5E","CC6A","CC82","CC82","CC82","CC66","CC56","CC56","CC7C","CC84","CC7A","CC5F","CC7D","",""
"1695","62168","15B5","15B0","15BC","15D0","15CE","15CE","15AA","15A8","15A8","15CA","15D0","15C6","15B1","15C9","",""
"1696","62184","68B8","68B1","68BD","68ED","68E9","68E9","68AD","68A9","68A9","68E7","68EB","68E1","68A2","68E4","",""
"1697","62208","A8CF","A8C6","A8D2","A8F8","A902","A902","A8C4","A8BE","A8BE","A8F2","A8F4","A8FA","A8B7","A8FD","",""
"1698","62224","CFDE","CFD3","CFDF","D011","D009","D009","CFD3","CFCB","CFCB","D00B","D00B","D001","CFD4","D014","",""
"1699","62240","19D9","19CC","19D8","1A06","1A0C","1A0C","19CE","19C4","19C4","1A00","19FE","1A04","19CD","1A07","",""
"1700","62256","61E9","61DA","61E6","61FA","61FE","61FE","61CE","61D2","61D2","61F4","61F0","61F6","61DB","61F9","",""
"1701","62272","AABA","AAA9","AAB5","AAC3","AAC5","AAC5","AAAF","AAA1","AAA1","AABD","AAC7","AABD","AAAA","AAC0","",""
"1702","62288","32BF","32AC","32B8","3326","3326","3326","32B4","32A4","32A4","3320","3328","331E","32AD","3321","",""
"1703","62304","AB2A","AB25","AB31","AB65","AB63","AB63","AB1F","AB1D","AB1D","AB5F","AB55","AB5B","AB26","AB5E","",""
"1704","62320","EF0C","EF05","EF11","EF27","EF23","EF23","EF01","EEFD","EEFD","EF21","EF25","EF1B","EF06","EF2E","",""
"1705","62336","3CC8","3CBF","3CCB","3CDD","3CD7","3CD7","3CBD","3CB7","3CB7","3CD7","3CD9","3CCF","3CB0","3CD2","",""
"1706","62352","8604","8609","8615","8629","8621","8621","85F9","8601","8601","8623","8623","8619","85FA","861C","",""
"1707","62376","C392","C385","C391","C3AB","C3A1","C3A1","C387","C37D","C37D","C3A5","C3A3","C399","C386","C3AC","",""
"1708","62392","0C4C","0C4F","0C5B","0C71","0C65","0C65","0C31","0C47","0C47","0C6B","0C67","0C5D","0C2E","0C70","",""
"1709","62408","54DC","54DB","54E7","54D9","54DB","54DB","54D1","54D3","54D3","54D3","54CD","54D3","54CC","54D6","",""
"1710","62424","54DC","54DB","54E7","54D9","54DB","54DB","54D1","54D3","54D3","54D3","54CD","54D3","54CC","54D6","",""
"1711","62440","97B5","97B2","97BE","97D2","97D2","97D2","97AA","97AA","97AA","97CC","97D4","97CA","97B3","97CD","",""
"1712","62456","D4E3","D4DE","D4EA","D4DA","D4D8","D4D8","D4D8","D4D6","D4D6","D4D4","D4DA","D4D0","D4CF","D4D3","",""
"1713","62472","1DB5","1DAE","1DBA","1DB0","1DAC","1DAC","1DAA","1DA6","1DA6","1D9A","1D9E","1DA4","1D9F","1DA7","",""
"1714","62488","67FD","67F4","6800","6812","680C","680C","67F2","67EC","67EC","680C","680E","6804","67E5","6817","",""
"1715","62504","B399","B38E","B39A","B39A","B392","B392","B38E","B386","B386","B384","B394","B38A","B38F","B38D","",""
"1716","62520","F98B","F97E","F98A","F98C","F982","F982","F980","F976","F976","F976","F984","F97A","F97F","F97D","",""
"1717","62544","45CA","45BB","45C7","45D5","45D9","45D9","45BF","45B3","45B3","45CF","45DB","45D1","45BC","45D4","",""
"1718","62560","8E32","8E31","8E3D","8E2D","8E2F","8E2F","8E27","8E29","8E29","8E27","8E21","8E27","8E22","8E2A","",""
"1719","62576","D54B","D548","D554","D550","D540","D540","D540","D540","D540","D53A","D542","D538","D539","D54B","",""
"1720","62592","1A7D","1A78","1A84","1A9E","1A9C","1A9C","1A72","1A70","1A70","1A98","1A9E","1A94","1A79","1A97","",""
"1721","62608","69F4","69DD","69E9","69E5","69E1","69E1","69D9","69D5","69D5","69DF","69E3","69D9","69DE","69EC","",""
"1722","62624","078C","0783","078F","0787","0781","0781","0781","077B","077B","0781","0783","0779","0784","078C","",""
"1723","62640","333B","3330","333C","3354","334C","334C","3330","3328","3328","333E","334E","3344","3331","3347","",""
"1724","62656","5F15","5F08","5F14","5F0E","5F04","5F04","5F0A","5F00","5F00","5F08","5F06","5EFC","5F09","5F0F","",""
"1725","62672","A795","A786","A792","A798","A78C","A78C","A78A","A77E","A77E","A782","A78E","A784","A787","A787","",""
"1726","62688","E6C1","E6C0","E6CC","E6DE","E6D0","E6D0","E6B6","E6B8","E6B8","E6C8","E6D2","E6C8","E6B1","E6DB","",""
"1727","62704","8A2A","8A27","8A33","8A29","8A29","8A29","8A1F","8A1F","8A1F","8A23","8A1B","8A21","8A18","8A24","",""
"1728","62728","C504","C4FF","C50B","C503","C4F1","C4F1","C4F9","C4F7","C4F7","C4ED","C4F3","C4E9","C4F0","C4FC","",""
"1729","62744","C504","C4FF","C50B","C503","C4F1","C4F1","C4F9","C4F7","C4F7","C4ED","C4F3","C4E9","C4F0","C4FC","",""
"1730","62760","0EB6","0EAF","0EBB","0ED5","0ED1","0ED1","0EAB","0EA7","0EA7","0EBF","0EC3","0EC9","0EA0","0ECC","",""
"1731","62776","5759","5750","575C","5758","5752","5752","574E","5748","5748","5752","5754","574A","5751","575D","",""
"1732","62792","A0D7","A0CC","A0D8","A0D6","A0CE","A0CE","A0CC","A0C4","A0C4","A0C0","A0D0","A0C6","A0CD","A0C9","",""
"1733","62808","EA7C","EA6F","EA7B","EA85","EA8B","EA8B","EA4F","EA67","EA67","EA7F","EA7D","EA83","EA60","EA86","",""
"1734","62824","3320","3311","331D","3311","3315","3315","3315","3309","3309","330B","3317","330D","3312","3310","",""
"1735","62840","732C","731B","7327","731D","731F","731F","7311","7313","7313","7317","7321","7317","731C","731A","",""
"1736","62856","C59A","C587","C593","C58B","C58B","C58B","C58F","C57F","C57F","C585","C58D","C583","C588","C586","",""
"1737","62872","0751","074C","0758","0752","0750","0750","0746","0744","0744","073C","0742","0748","073D","074B","",""
"1738","62888","459E","4597","45A3","459F","459B","459B","4593","458F","458F","4589","458D","4593","4588","4596","",""
"1739","62912","8E6D","8E64","8E70","8E6E","8E68","8E68","8E62","8E5C","8E5C","8E58","8E5A","8E60","8E65","8E63","",""
"1740","62928","D83C","D831","D83D","D847","D83F","D83F","D821","D829","D829","D841","D841","D837","D822","D84A","",""
"1741","62944","9433","9426","9432","9464","946A","946A","9428","941E","941E","945E","946C","9462","9427","9465","",""
"1742","62960","DD53","DD44","DD50","DD8E","DD82","DD82","DD48","DD3C","DD3C","DD78","DD84","DD7A","DD45","DD8D","",""
"1743","62976","26E7","26D6","26E2","271C","271E","271E","26DC","26CE","26CE","2716","2710","2716","26D7","2719","",""
"1744","62992","6F57","6F44","6F50","6F6C","6F6C","6F6C","6F3C","6F3C","6F3C","6F66","6F5E","6F64","6F45","6F67","",""
"1745","63008","AC3A","AC35","AC41","AC59","AC47","AC47","AC2F","AC2D","AC2D","AC43","AC49","AC3F","AC36","AC52","",""
"1746","63024","F6EC","F6D5","F6E1","F717","F713","F713","F6D1","F6CD","F6CD","F711","F715","F70B","F6D6","F71E","",""
"1747","63040","3EB8","3EAF","3EBB","3ED3","3ECD","3ECD","3EAD","3EA7","3EA7","3ECD","3ECF","3EC5","3EB0","3ED8","",""
"1748","63064","3EB8","3EAF","3EBB","3ED3","3ECD","3ECD","3EAD","3EA7","3EA7","3ECD","3ECF","3EC5","3EB0","3ED8","",""
"1749","63080","874B","8740","874C","8746","874E","874E","8740","8738","8738","8740","8740","8746","8741","8749","",""
"1750","63096","B131","B124","B130","B14C","B142","B142","B126","B11C","B11C","B136","B144","B13A","B125","B13D","",""
"1751","63112","FE26","FE17","FE23","FE11","FE15","FE15","FE0B","FE0F","FE0F","FE0B","FE17","FE0D","FE08","FE10","",""
"1752","63128","46D9","46D8","46E4","46CE","46D0","46D0","46CE","46D0","46D0","46C8","46D2","46C8","46C9","46CB","",""
"1753","63144","902B","9018","9024","901C","901C","901C","9010","9010","9010","9016","901E","9014","9019","9017","",""
"1754","63160","FE4B","FE46","FE52","FE3C","FE3A","FE3A","FE40","FE3E","FE3E","FE36","FE3C","FE32","FE37","FE45","",""
"1755","63176","436D","4366","4372","436E","436A","436A","4362","435E","435E","4368","436C","4362","4367","4365","",""
"1756","63192","8C9A","8C91","8C9D","8C8B","8C85","8C85","8C8F","8C89","8C89","8C85","8C87","8C7D","8C82","8C90","",""
"1757","63208","D66F","D674","D680","D68A","D682","D682","D664","D66C","D66C","D684","D684","D67A","D665","D68D","",""
"1758","63224","1F1C","1F0F","1F1B","1F17","1F1D","1F1D","1F11","1F07","1F07","1F11","1F0F","1F15","1F10","1F18","",""
"1759","63248","6878","6869","6875","6873","6867","6867","686D","6861","6861","685D","6869","685F","686A","6872","",""
"1760","63264","0716","0715","0721","0713","0715","0715","070B","070D","070D","070D","0717","070D","0716","0710","",""
"1761","63280","50AC","5099","50A5","50A9","5099","5099","50A1","5091","5091","5093","509B","5091","509A","50A4","",""
"1762","63296","7F6B","7F66","7F72","7F82","7F80","7F80","7F60","7F5E","7F5E","7F7C","7F82","7F78","7F67","7F7B","",""
"1763","63312","88FB","88F4","8900","88F2","88EE","88EE","88F0","88EC","88EC","88EC","88F0","88E6","88F5","88F9","",""
"1764","63328","C13F","C126","C132","C130","C12A","C12A","C124","C11E","C11E","C12A","C12C","C122","C127","C135","",""
"1765","63344","1043","1038","1044","1062","105A","105A","1038","1030","1030","104C","105C","1052","1039","1055","",""
"1766","63360","BFAC","BF9F","BFAB","BFD5","BFDB","BFDB","BF91","BF97","BF97","BFCF","BFCD","BFD3","BF90","BFD6","",""
"1767","63376","BFAC","BF9F","BFAB","BFD5","BFDB","BFDB","BF91","BF97","BF97","BFCF","BFCD","BFD3","BF90","BFD6","",""
"1768","63392","F144","F135","F141","F177","F17B","F17B","F139","F12D","F12D","F171","F16D","F173","F136","F176","",""
"1769","63408","3A5A","3A49","3A55","3A87","3A89","3A89","3A3F","3A41","3A41","3A81","3A7B","3A81","3A4A","3A84","",""
"1770","63432","8428","8415","8421","845F","844F","844F","841D","840D","840D","8449","8451","8447","8416","845A","",""
"1771","63448","CC95","CC90","CC9C","CCB6","CCB4","CCB4","CC8A","CC88","CC88","CCB0","CCA6","CCAC","CC91","CCAF","",""
"1772","63464","157A","1563","156F","157F","157B","157B","155F","155B","155B","1579","157D","1573","1564","1586","",""
"1773","63480","695D","6954","6960","6972","697C","697C","6952","694C","694C","696C","696E","6974","6955","6977","",""
"1774","63496","A895","A88A","A896","A89E","A8A6","A8A6","A88A","A882","A882","A898","A898","A89E","A87B","A8A1","",""
"1775","63512","F13A","F12D","F139","F153","F149","F149","F12F","F125","F125","F14D","F14B","F141","F12E","F154","",""
"1776","63528","39D6","39C7","39D3","39D9","39CD","39CD","39CB","39BF","39BF","39C3","39CF","39C5","39C8","39C8","",""
"1777","63544","846C","846B","8477","8489","848B","848B","8461","8463","8463","8483","848D","8483","846C","8486","",""
"1778","63568","CC43","CC40","CC4C","CC44","CC34","CC34","CC38","CC38","CC38","CC2E","CC36","CC2C","CC31","CC3F","",""
"1779","63584","6C71","6C6C","6C78","6CAA","6CA8","6CA8","6C66","6C64","6C64","6CA4","6CAA","6CA0","6C6D","6CA3","",""
"1780","63600","BA0D","B9F6","BA02","BA40","BA3C","BA3C","B9F2","B9EE","B9EE","BA2A","BA2E","BA34","B9F7","BA37","",""
"1781","63616","0396","038D","0399","03D3","03CD","03CD","038B","0385","0385","03BD","03BF","03C5","038E","03C8","",""
"1782","63632","4C09","4BFE","4C0A","4C26","4C1E","4C1E","4BFE","4BF6","4BF6","4C10","4C20","4C16","4BEF","4C19","",""
"1783","63648","8902","88F5","8901","8919","890F","890F","88F7","88ED","88ED","8913","8911","8907","88F6","891A","",""
"1784","63664","D245","D236","D242","D260","D264","D264","D23A","D22E","D22E","D25A","D256","D25C","D237","D25F","",""
"1785","63680","253A","2529","2535","256F","2571","2571","252F","2521","2521","2569","2563","2569","252A","256C","",""
"1786","63696","253A","2529","2535","256F","2571","2571","252F","2521","2521","2569","2563","2569","252A","256C","",""
"1787","63712","6561","654E","655A","658A","658A","658A","6546","6546","6546","6584","658C","6582","654F","6585","",""
"1788","63736","A70D","A71A","A726","A752","A750","A750","A702","A712","A712","A74C","A752","A748","A70B","A74B","",""
"1789","63752","E5C9","E5B2","E5BE","E5F6","E5F2","E5F2","E5AE","E5AA","E5AA","E5F0","E5F4","E5EA","E5B3","E5ED","",""
"1790","63768","2DF0","2DE7","2DF3","2E11","2E0B","2E0B","2DE5","2DDF","2DDF","2DFB","2DFD","2E03","2DE8","2E06","",""
"1791","63784","76B6","76AB","76B7","76CF","76C7","76C7","76AB","76A3","76A3","76C9","76C9","76BF","76AC","76C2","",""
"1792","63800","E96A","E95D","E969","E9D1","E9C7","E9C7","E94F","E955","E955","E9CB","E9C9","E9BF","E94E","E9D2","",""
"1793","63816","18D6","18C7","18D3","1907","190B","190B","18CB","18BF","18BF","1901","190D","1903","18C8","1906","",""
"1794","63832","6264","6253","625F","629F","6291","6291","6259","624B","624B","6289","6293","6289","6254","629C","",""
"1795","63848","A64E","A64B","A657","A669","A669","A669","A643","A643","A643","A663","A66B","A661","A63C","A664","",""
"1796","63864","F3DC","F3D7","F3E3","F3F1","F3EF","F3EF","F3D1","F3CF","F3CF","F3EB","F3E1","F3E7","F3C8","F3EA","",""
"1797","63880","3D08","3CF1","3CFD","3D17","3D13","3D13","3CED","3CE9","3CE9","3D11","3D15","3D0B","3CF2","3D1E","",""
"1798","63904","EC04","EBFB","EC07","EC31","EC3B","EC3B","EBF9","EBF3","EBF3","EC2B","EC2D","EC33","EBFC","EC36","",""
"1799","63920","25B9","25AE","25BA","25F0","25E8","25E8","25AE","25A6","25A6","25DA","25EA","25E0","25AF","25E3","",""
"1800","63936","6ED9","6ECC","6ED8","6F04","6F0A","6F0A","6EBE","6EC4","6EC4","6EFE","6EFC","6F02","6EBD","6F05","",""
"1801","63952","B878","B869","B875","B8AD","B8A1","B8A1","B86D","B861","B861","B8A7","B8A3","B899","B86A","B8AC","",""
"1802","63968","F4F1","F4E0","F4EC","F506","F508","F508","F4E6","F4D8","F4D8","F500","F4FA","F500","F4E1","F503","",""
"1803","63984","3DBD","3DBA","3DC6","3DD4","3DD4","3DD4","3DB2","3DB2","3DB2","3DCE","3DD6","3DCC","3DBB","3DCF","",""
"1804","64000","AA33","AA2E","AA3A","AA6E","AA6C","AA6C","AA28","AA26","AA26","AA68","AA6E","AA64","AA2F","AA67","",""
"1805","64016","AA33","AA2E","AA3A","AA6E","AA6C","AA6C","AA28","AA26","AA26","AA68","AA6E","AA64","AA2F","AA67","",""
"1806","64032","D174","D16D","D179","D1A9","D1A5","D1A5","D169","D165","D165","D1A3","D1A7","D19D","D16E","D1B0","",""
"1807","64048","1C90","1C87","1C93","1CF9","1CF3","1CF3","1C85","1C7F","1C7F","1CF3","1CF5","1CEB","1C78","1CFE","",""
"1808","64072","6384","6379","6385","639D","6395","6395","6369","6371","6371","6387","6397","638D","636A","6390","",""
"1809","64088","AC4D","AC40","AC4C","AC5A","AC60","AC60","AC42","AC38","AC38","AC54","AC62","AC58","AC41","AC5B","",""
"1810","64104","F0F2","F0F3","F0FF","F113","F107","F107","F0E7","F0EB","F0EB","F10D","F109","F0FF","F0E4","F112","",""
"1811","64120","3F51","3F50","3F5C","3F66","3F68","3F68","3F46","3F48","3F48","3F60","3F6A","3F60","3F41","3F63","",""
"1812","64136","8889","8886","8892","889E","889E","889E","887E","887E","887E","8898","88A0","8896","8877","8899","",""
"1813","64152","D17D","D178","D184","D18C","D18A","D18A","D172","D170","D170","D186","D18C","D182","D169","D185","",""
"1814","64168","1302","12EB","12F7","1311","130D","130D","12E7","12E3","12E3","130B","130F","1305","12EC","1318","",""
"1815","64184","5021","5018","5024","5024","501E","501E","5016","5010","5010","501E","5020","5016","5019","5019","",""
"1816","64200","990E","9903","990F","9905","98FD","98FD","9903","98FB","98FB","98FF","98FF","98F5","9904","9908","",""
"1817","64216","3B85","3B88","3B94","3BA0","3B96","3B96","3B7A","3B80","3B80","3B9A","3B98","3B8E","3B79","3BA1","",""
"1818","64232","8166","8157","8163","817B","816F","816F","815B","814F","814F","8175","8171","8167","8158","817A","",""
"1819","64256","CAC9","CAB8","CAC4","CAD2","CAD4","CAD4","CABE","CAB0","CAB0","CACC","CAD6","CACC","CAB9","CACF","",""
"1820","64272","1437","1424","1430","144A","144A","144A","142C","141C","141C","1444","143C","1442","1425","1445","",""
"1821","64288","315C","3157","3163","3173","3171","3171","3151","314F","314F","316D","3173","3169","3158","316C","",""
"1822","64304","7A8B","7A84","7A90","7AA0","7A9C","7A9C","7A80","7A7C","7A7C","7A9A","7A9E","7A94","7A75","7AA7","",""
"1823","64320","C7E8","C7DF","C7EB","C7F7","C7F1","C7F1","C7DD","C7D7","C7D7","C7F1","C7F3","C7E9","C7E0","C7FC","",""
"1824","64336","C7E8","C7DF","C7EB","C7F7","C7F1","C7F1","C7DD","C7D7","C7D7","C7F1","C7F3","C7E9","C7E0","C7FC","",""
"1825","64352","0846","084B","0857","085D","0865","0865","083B","0843","0843","0857","0857","085D","083C","0860","",""
"1826","64368","55E4","55E7","55F3","5605","55FB","55FB","55D9","55DF","55DF","55EF","55FD","55F3","55D8","55F6","",""
"1827","64384","7CF8","7CF9","7D05","7D13","7D07","7D07","7CED","7CF1","7CF1","7D0D","7D09","7CFF","7CEA","7D12","",""
"1828","64408","A8B4","A8B3","A8BF","A8B9","A8AB","A8AB","A8A9","A8AB","A8AB","A8A3","A8AD","A8A3","A8A4","A8B6","",""
"1829","64424","F260","F24D","F259","F273","F273","F273","F255","F245","F245","F26D","F265","F26B","F24E","F26E","",""
"1830","64440","3A8A","3A85","3A91","3A8D","3A8B","3A8B","3A7F","3A7D","3A7D","3A77","3A7D","3A83","3A86","3A86","",""
"1831","64456","E33F","E338","E344","E34A","E346","E346","E334","E330","E330","E344","E348","E33E","E329","E351","",""
"1832","64472","1A12","1A09","1A15","1A27","1A21","1A21","1A07","1A01","1A01","1A11","1A23","1A19","19FA","1A1C","",""
"1833","64488","63BA","63AF","63BB","63E9","63E1","63E1","639F","63A7","63A7","63E3","63E3","63D9","63A0","63EC","",""
"1834","64504","ACE0","ACD3","ACDF","ACE9","ACEF","ACEF","ACC5","ACCB","ACCB","ACE3","ACE1","ACE7","ACC4","ACEA","",""
"1835","64520","F4F4","F4E5","F4F1","F4F7","F4EB","F4EB","F4E9","F4DD","F4DD","F4E1","F4ED","F4E3","F4E6","F4E6","",""
"1836","64536","93BE","93BD","93C9","93D5","93D7","93D7","93B3","93B5","93B5","93CF","93D9","93CF","93AE","93D2","",""
"1837","64552","DBF5","DBE2","DBEE","DBEC","DBEC","DBEC","DBDA","DBDA","DBDA","DBE6","DBDE","DBE4","DBE3","DBE7","",""
"1838","64568","2520","250B","2517","2517","2515","2515","2505","2503","2503","2511","2507","250D","250C","2510","",""
"1839","64584","609D","6096","60A2","6094","6090","6090","6092","608E","608E","608E","6092","6088","6087","608B","",""
"1840","64608","9A0A","9A01","9A0D","9A01","99FB","99FB","99FF","99F9","99F9","99FB","99FD","99F3","9A02","9A06","",""
"1841","64624","E2D3","E2C8","E2D4","E2C6","E2BE","E2BE","E2C8","E2C0","E2C0","E2C0","E2C0","E2B6","E2B9","E2C9","",""
"1842","64640","2C05","2C08","2C14","2C02","2C08","2C08","2BFA","2C00","2C00","2BFC","2BFA","2C00","2BF9","2C03","",""
"1843","64656","2C05","2C08","2C14","2C02","2C08","2C08","2BFA","2C00","2C00","2BFC","2BFA","2C00","2BF9","2C03","",""
"1844","64672","BAAE","BA9F","BAAB","BACB","BABF","BABF","BAA3","BA97","BA97","BAB5","BAC1","BAB7","BAA0","BACA","",""
"1845","64688","FA0F","FA0E","FA1A","FA0C","FA0E","FA0E","FA04","FA06","FA06","FA06","FA00","FA06","F9FF","FA09","",""
"1846","64704","4331","431E","432A","432E","431E","431E","4326","4316","4316","4318","4320","4316","431F","4329","",""
"1847","64720","8D09","8D04","8D10","8D20","8D1E","8D1E","8CFE","8CFC","8CFC","8D0A","8D10","8D16","8CF5","8D19","",""
"1848","64736","D5AF","D5A8","D5B4","D5A6","D5A2","D5A2","D5A4","D5A0","D5A0","D5A0","D5A4","D59A","D599","D5AD","",""
"1849","64760","1EF5","1EEC","1EF8","1EFC","1EF6","1EF6","1EEA","1EE4","1EE4","1EE6","1EE8","1EEE","1EED","1EF1","",""
"1850","64776","6829","681E","682A","6822","681A","681A","681E","6816","6816","681C","681C","6812","681F","6825","",""
"1851","64792","B201","B1F4","B200","B21A","B210","B210","B1E6","B1EC","B1EC","B204","B212","B208","B1E5","B20B","",""
"1852","64808","FB04","FB05","FB11","FB0D","FB01","FB01","FAF9","FAFD","FAFD","FAF7","FB03","FAF9","FAF6","FAFC","",""
"1853","64824","288D","287C","2888","28A0","2892","2892","2882","2874","2874","289A","2894","288A","287D","289D","",""
"1854","64840","56FF","56FC","5708","5702","56F2","56F2","56F4","56F4","56F4","56EC","56F4","56EA","56ED","56FD","",""
"1855","64856","F3DD","F3D8","F3E4","F3D2","F3D0","F3D0","F3D2","F3D0","F3D0","F3CC","F3D2","F3C8","F3C9","F3CB","",""
"1856","64872","8FFA","8FF3","8FFF","9039","9035","9035","8FEF","8FEB","8FEB","9033","9037","902D","8FE4","9040","",""
"1857","64888","C521","C518","C524","C54A","C544","C544","C506","C510","C510","C544","C546","C53C","C509","C54F","",""
"1858","64904","0E50","0E55","0E61","0E93","0E8B","0E8B","0E45","0E4D","0E4D","0E7D","0E8D","0E83","0E46","0E86","",""
"1859","64920","4DA8","4DAB","4DB7","4DE5","4DDB","4DDB","4D9D","4DA3","4DA3","4DDF","4DDD","4DD3","4D9C","4DE6","",""
"1860","64936","9392","9393","939F","93B9","93AD","93AD","9387","938B","938B","93A3","93AF","93A5","9384","93A8","",""
"1861","64960","DC89","DC78","DC84","DC94","DC96","DC96","DC6E","DC70","DC70","DC8E","DC88","DC8E","DC79","DC91","",""
"1862","64976","DC89","DC78","DC84","DC94","DC96","DC96","DC6E","DC70","DC70","DC8E","DC88","DC8E","DC79","DC91","",""
"1863","64992","31FA","31E7","31F3","322B","322B","322B","31DF","31DF","31DF","3225","321D","3223","31E8","3226","",""
"1864","65008","7025","7020","702C","7076","7074","7074","701A","7018","7018","7070","7076","706C","7021","706F","",""
"1865","65024","B8D8","B8D1","B8DD","B911","B90D","B90D","B8CD","B8C9","B8C9","B8FB","B8FF","B905","B8C2","B908","",""
"1866","65040","E6E7","E6DE","E6EA","E71A","E724","E724","E6DC","E6D6","E6D6","E714","E716","E71C","E6DF","E71F","",""
"1867","65056","F5C1","F5B6","F5C2","F5EE","F5F6","F5F6","F5B6","F5AE","F5AE","F5E8","F5E8","F5EE","F5B7","F5F1","",""
"1868","65072","3D7E","3D71","3D7D","3D9B","3D91","3D91","3D73","3D69","3D69","3D95","3D93","3D89","3D72","3D9C","",""
"1869","65096","EEEF","EEF0","EEFC","EF20","EF24","EF24","EEE4","EEE8","EEE8","EF1A","EF26","EF1C","EEE1","EF1F","",""
"1870","65112","1A1A","1A19","1A25","1A6B","1A5D","1A5D","1A0F","1A11","1A11","1A55","1A5F","1A55","1A0A","1A68","",""
"1871","65128","6763","6760","676C","679E","678E","678E","6758","6758","6758","6788","6790","6786","6751","6799","",""
"1872","65144","B125","B120","B12C","B15A","B158","B158","B11A","B118","B118","B154","B15A","B150","B121","B163","",""
"1873","65160","FC52","FC3B","FC47","FC67","FC63","FC63","FC37","FC33","FC33","FC61","FC65","FC5B","FC3C","FC5E","",""
"1874","65176","98B3","98AA","98B6","98CC","98C6","98C6","98A8","98A2","98A2","98C6","98C8","98BE","989B","98C1","",""
"1875","65192","F46A","F45F","F46B","F49D","F495","F495","F45F","F457","F457","F497","F497","F48D","F460","F4A0","",""
"1876","65208","2C84","2C77","2C83","2CC7","2CBD","2CBD","2C69","2C6F","2C6F","2CC1","2CBF","2CB5","2C68","2CC8","",""
"1877","65224","7514","7505","7511","7541","7545","7545","74F9","74FD","74FD","753B","7537","753D","7506","7540","",""
"1878","65240","B499","B498","B4A4","B4D0","B4D2","B4D2","B48E","B490","B490","B4CA","B4C4","B4CA","B489","B4CD","",""
"1879","65256","FA63","FA60","FA6C","FA84","FA84","FA84","FA58","FA58","FA58","FA7E","FA76","FA7C","FA61","FA7F","",""
"1880","65280","432D","4328","4346","4342","4352","4352","4322","4320","4320","433C","4354","434A","4329","434D","",""
"1881","65296","432D","4328","4346","4342","4352","4352","4322","4320","4320","433C","4354","434A","4329","434D","",""
"1882","65312","B63C","B625","B631","B6A7","B6A3","B6A3","B621","B61D","B61D","B6A1","B6A5","B69B","B626","B69E","",""
"1883","65328","D847","D83E","D84A","D892","D88C","D88C","D83C","D836","D836","D88C","D88E","D884","D83F","D897","",""
"1884","65344","2126","211B","2127","215B","2153","2153","211B","2113","2113","2155","2155","214B","211C","215E","",""
"1885","65360","6506","64F9","6505","651B","6521","6521","64FB","64F1","64F1","6515","6513","6519","64FA","651C","",""
"1886","65376","B524","B515","B521","B533","B537","B537","B519","B50D","B50D","B52D","B539","B52F","B516","B532","",""
"1887","65392","FBE3","FBD2","FBDE","FBFC","FBEE","FBEE","FBD8","FBCA","FBCA","FBF6","FBF0","FBE6","FBD3","FBF9","",""
"1888","65408","459F","458C","4598","45AE","45AE","45AE","4584","4584","4584","45A8","45A0","45A6","458D","45A9","",""
"1889","65424","9AAD","9AA8","9AB4","9AE6","9AE4","9AE4","9AA2","9AA0","9AA0","9AE0","9AD6","9ADC","9A99","9ADF","",""
"1890","65440","D8C1","D8BA","D8C6","D904","D900","D900","D8B6","D8B2","D8B2","D8FE","D902","D8F8","D8AB","D90B","",""
"1891","65464","19F9","19F0","19FC","1A3A","1A34","1A34","19EE","19E8","19E8","1A24","1A36","1A2C","19F1","1A2F","",""
"1892","65480","5B32","5B29","5B35","5B5F","5B57","5B57","5B19","5B21","5B21","5B59","5B59","5B4F","5B1A","5B62","",""
"1893","65496","F615","F608","F614","F62A","F620","F620","F60A","F600","F600","F624","F622","F618","F609","F62B","",""
"1894","65512","6C31","6C22","6C2E","6C60","6C64","6C64","6C26","6C1A","6C1A","6C5A","6C56","6C5C","6C23","6C5F","",""
"1895","65528","A511","A500","A50C","A53E","A540","A540","A506","A4F8","A4F8","A538","A542","A538","A501","A53B","",""
"1896","65544","F0D8","F0C7","F0D3","F151","F151","F151","F0BF","F0BF","F0BF","F14B","F153","F149","F0C8","F15C","",""
"1897","65560","2CE6","2CD1","2CDD","2CFD","2CFB","2CFB","2CDB","2CC9","2CC9","2CF7","2CFD","2CF3","2CD2","2CF6","",""
"1898","65576","7329","7322","732E","7334","7330","7330","731E","731A","731A","732E","7332","7328","7313","733B","",""
"1899","65592","B7B9","B7A0","B7AC","B7C8","B7C2","B7C2","B79E","B798","B798","B7C2","B7C4","B7BA","B7A1","B7CD","",""
"1900","65608","B7B9","B7A0","B7AC","B7C8","B7C2","B7C2","B79E","B798","B798","B7C2","B7C4","B7BA","B7A1","B7CD","",""
"1901","65632","0623","0618","0624","0636","062E","062E","0618","0610","0610","0630","0630","0626","0619","0639","",""
"1902","65648","5B2F","5B24","5B30","5B5E","5B54","5B54","5B16","5B1C","5B1C","5B58","5B56","5B4C","5B15","5B5F","",""
"1903","65664","9973","9964","9970","99B0","99B4","99B4","9958","995C","995C","99AA","99B6","99AC","9955","99AF","",""
"1904","65680","C38E","C37D","C389","C3B5","C3B7","C3B7","C373","C375","C375","C3AF","C3B9","C3AF","C37E","C3B2","",""
"1905","65696","1004","0FF3","0FFF","1031","1031","1031","0FFB","0FEB","0FEB","102B","1033","1029","0FF4","102C","",""
"1906","65712","5570","556B","5577","5585","5583","5583","5565","5563","5563","557F","5585","557B","555C","558E","",""
"1907","65728","9E6A","9E63","9E6F","9E73","9E6F","9E6F","9E5F","9E5B","9E5B","9E6D","9E71","9E67","9E54","9E7A","",""
"1908","65744","301F","3016","3022","3052","304C","304C","3004","300E","300E","303C","304E","3044","3007","3047","",""
"1909","65760","4DDE","4DD3","4DDF","4E05","4E0D","4E0B","4DC3","4DCB","4DCB","4DFF","4DFF","4E05","4DC4","4E08","",""
"1910","65776","96BF","96B2","96BE","96EC","96E2","96E2","96B4","96AA","96AA","96E6","96E4","96DA","96B3","96ED","",""
"1911","65792","DF76","DF67","DF73","DF87","DF8B","DF8B","DF6B","DF5F","DF5F","DF81","DF8D","DF83","DF68","DF86","",""
"1912","65816","7DCB","7DBA","7DC6","7DB6","7DB8","7DB8","7DB0","7DB2","7DB2","7DB0","7DBA","7DB0","7DBB","7DB3","",""
"1913","65832","D556","D543","D54F","D58F","D57F","D57F","D54B","D53B","D53B","D579","D581","D575","D544","D58A","",""
"1914","65848","0BB3","0BAE","0BBA","0BF0","0BDE","0BDE","0BA8","0BA6","0BA6","0BDA","0BE0","0BD6","0B9F","0BE9","",""
"1915","65864","58BC","58B5","58C1","58D9","58D5","58D5","58B1","58AD","58AD","58C3","58C7","58CD","58A6","58D0","",""
"1916","65880","8E3B","8E32","8E3E","8E52","8E4C","8E4C","8E30","8E2A","8E2A","8E4C","8E4E","8E44","8E33","8E57","",""
"1917","65896","CC63","CC58","CC64","CC74","CC7C","CC7C","CC58","CC50","CC50","CC6E","CC6E","CC74","CC59","CC77","",""
"1918","65912","1429","141C","1428","1414","141A","141A","140E","1414","1414","140E","141C","1412","140D","1415","",""
"1919","65928","1429","141C","1428","1414","141A","141A","140E","1414","1414","140E","141C","1412","140D","1415","",""
"1920","65944","3E7F","3E80","3E8C","3E84","3E78","3E78","3E74","3E78","3E78","3E6E","3E7A","3E70","3E71","3E83","",""
"1921","65960","D34A","D339","D345","D37B","D37D","D37D","D33F","D331","D331","D375","D37F","D375","D33A","D378","",""
"1922","65984","0B09","0B06","0B12","0B3E","0B3E","0B3E","0AFE","0AFE","0AFE","0B38","0B40","0B36","0AF7","0B39","",""
"1923","66000","5378","5373","537F","538D","538B","538B","536D","536B","536B","5387","538D","5383","5364","5396","",""
"1924","66016","9CD4","9CCD","9CD9","9CE3","9CDF","9CDF","9CC9","9CC5","9CC5","9CDD","9CE1","9CD7","9CCE","9CEA","",""
"1925","66032","E5FB","E5F2","E5FE","E624","E61E","E61E","E5F0","E5EA","E5EA","E60E","E610","E616","E5F3","E619","",""
"1926","66048","2E2E","2E23","2E2F","2E25","2E2D","2E2D","2E23","2E1B","2E1B","2E1F","2E1F","2E25","2E24","2E28","",""
"1927","66064","9637","962A","9636","969E","96A4","96A4","962C","9622","9622","9698","96A6","969C","962B","969F","",""
"1928","66080","BF8B","BF7C","BF88","BFA0","BFA4","BFA4","BF80","BF74","BF74","BF9A","BF96","BF9C","BF7D","BF9F","",""
"1929","66096","08C0","08AF","08BB","08CF","08D1","08D1","08A5","08A7","08A7","08C9","08C3","08C9","08B0","08CC","",""
"1930","66112","4D48","4D45","4D51","4D67","4D67","4D67","4D3D","4D3D","4D3D","4D61","4D59","4D5F","4D36","4D62","",""
"1931","66136","EF83","EF7E","EF8A","EF82","EF80","EF80","EF78","EF76","EF76","EF6C","EF72","EF78","EF6F","EF7B","",""
"1932","66152","38B9","38B2","38BE","38B8","38B4","38B4","38AE","38AA","38AA","38B2","38B6","38AC","38B3","38AF","",""
"1933","66168","9386","937D","9389","93C1","93BB","93BB","937B","9375","9375","93AB","93AD","93B3","937E","93B6","",""
"1934","66184","CE5E","CE53","CE5F","CE93","CE8B","CE8B","CE53","CE4B","CE4B","CE8D","CE8D","CE83","CE54","CE86","",""
"1935","66200","0AE9","0ADC","0AE8","0AFE","0B04","0B04","0ADE","0AD4","0AD4","0AF8","0B06","0AFC","0ADD","0AFF","",""
"1936","66216","5A9B","5A9C","5AA8","5AD0","5AC4","5AC4","5A90","5A94","5A94","5ABA","5AC6","5ABC","5A8D","5ABF","",""
"1937","66232","A3C9","A3C8","A3D4","A3FE","A3F0","A3F0","A3BE","A3C0","A3C0","A3F8","A3F2","A3E8","A3B9","A3FB","",""
"1938","66248","A3C9","A3C8","A3D4","A3FE","A3F0","A3F0","A3BE","A3C0","A3C0","A3F8","A3F2","A3E8","A3B9","A3FB","",""
"1939","66264","E6F2","E6EF","E6FB","E6F1","E6F1","E6F1","E6E7","E6E7","E6E7","E6EB","E6E3","E6E9","E6E0","E6EC","",""
"1940","66280","447E","4479","4485","44C9","44C7","44C7","4473","4471","4471","44C3","44C9","44BF","447A","44D2","",""
"1941","66296","7FB7","7FB0","7FBC","8002","7FFE","7FFE","7FAC","7FA8","7FA8","7FEC","7FF0","7FF6","7FA1","7FF9","",""
"1942","66320","C9C8","C9BF","C9CB","CA13","CA0D","CA0D","C9BD","C9B7","C9B7","CA0D","CA0F","CA05","C9C0","CA18","",""
"1943","66336","0C7F","0C74","0C80","0C9A","0C92","0C92","0C74","0C6C","0C6C","0C84","0C94","0C8A","0C65","0C8D","",""
"1944","66352","3F89","3F8C","3F98","3FA4","3F9A","3F9A","3F7E","3F84","3F84","3F9E","3F9C","3F92","3F7D","3FA5","",""
"1945","66368","7E8E","7E7F","7E8B","7E7B","7E7F","7E7F","7E73","7E77","7E77","7E75","7E81","7E77","7E80","7E7A","",""
"1946","66384","EC34","EC23","EC2F","EC41","EC43","EC43","EC29","EC1B","EC1B","EC3B","EC45","EC3B","EC24","EC3E","",""
"1947","66400","469C","4689","4695","46E9","46D9","46D9","4691","4681","4681","46D3","46DB","46D1","468A","46E4","",""
"1948","66416","700E","7009","7015","7045","7043","7043","7003","7001","7001","702F","7035","703B","6FFA","703E","",""
"1949","66432","BD6C","BD65","BD71","BD99","BD95","BD95","BD61","BD5D","BD5D","BD93","BD97","BD8D","BD66","BDA0","",""
"1950","66448","5B9E","5B95","5BA1","5BCB","5BC5","5BC5","5B93","5B8D","5B8D","5BC5","5BC7","5BBD","5B86","5BD0","",""
"1951","66464","9FCE","9FC3","9FCF","9FC5","9FCD","9FCD","9FC3","9FBB","9FBB","9FBF","9FBF","9FC5","9FC4","9FC8","",""
"1952","66480","09A5","0998","09A4","09E6","09EC","09EC","099A","0990","0990","09E0","09EE","09E4","0999","09E7","",""
"1953","66504","3B4E","3B3F","3B4B","3B8B","3B8F","3B8F","3B33","3B37","3B37","3B85","3B91","3B87","3B40","3B8A","",""
"1954","66520","72B4","72A3","72AF","72D1","72C3","72C3","72A9","729B","729B","72BB","72C5","72BB","72A4","72CE","",""
"1955","66536","B570","B55D","B569","B59B","B58B","B58B","B565","B555","B555","B585","B58D","B583","B55E","B596","",""
"1956","66552","F402","F3FD","F409","F433","F431","F431","F3F7","F3F5","F3F5","F42D","F423","F429","F3EE","F42C","",""
"1957","66568","F402","F3FD","F409","F433","F431","F431","F3F7","F3F5","F3F5","F42D","F423","F429","F3EE","F42C","",""
"1958","66584","3A52","3A4B","3A57","3A53","3A4F","3A4F","3A47","3A43","3A43","3A3D","3A41","3A47","3A4C","3A4A","",""
"1959","66600","B235","B22C","B238","B27E","B278","B278","B21A","B224","B224","B268","B27A","B270","B21D","B273","",""
"1960","66616","E316","E30B","E317","E349","E341","E341","E30B","E303","E303","E343","E343","E339","E30C","E34C","",""
"1961","66632","3142","3135","3141","316B","3171","3171","3137","312D","312D","3165","3163","3169","3136","316C","",""
"1962","66648","7980","7971","797D","7993","7997","7997","7975","7969","7969","798D","7989","798F","7972","7992","",""
"1963","66672","C2A6","C2A5","C2B1","C2C9","C2BB","C2BB","C29B","C29D","C29D","C2B3","C2BD","C2B3","C296","C2C6","",""
"1964","66688","0AE5","0AE2","0AEE","0AE8","0AE8","0AE8","0ADA","0ADA","0ADA","0AE2","0ADA","0AE0","0AE3","0AE3","",""
"1965","66704","354C","3547","3553","353F","353D","353D","3541","353F","353F","3539","353F","3535","3538","3548","",""
"1966","66720","AC5D","AC56","AC62","AC92","AC8E","AC8E","AC52","AC4E","AC4E","AC8C","AC90","AC86","AC47","AC89","",""
"1967","66736","E881","E878","E884","E8B0","E8AA","E8AA","E876","E870","E870","E8AA","E8AC","E8A2","E869","E8B5","",""
"1968","66752","30F5","30EA","30F6","3114","310C","310C","30EA","30E2","30E2","310E","310E","3104","30EB","3107","",""
"1969","66768","D0DF","D0D2","D0DE","D10E","D104","D104","D0D4","D0CA","D0CA","D108","D106","D0FC","D0D3","D10F","",""
"1970","66784","18B0","18A1","18AD","18AF","18A3","18A3","18A5","1899","1899","18A9","18A5","189B","18A2","18AE","",""
"1971","66800","6E5D","6E4C","6E58","6EC0","6EC2","6EC2","6E42","6E44","6E44","6EBA","6EC4","6EBA","6E4D","6EBD","",""
"1972","66816","9FFD","9FEA","9FF6","A010","A010","A010","9FF2","9FE2","9FE2","A00A","A012","A008","9FEB","A00B","",""
"1973","66832","DC6F","DC6A","DC76","DC82","DC80","DC80","DC64","DC62","DC62","DC7C","DC82","DC78","DC5B","DC7B","",""
"1974","66856","20D3","20CC","20D8","20E6","20E2","20E2","20C8","20C4","20C4","20E0","20E4","20DA","20BD","20ED","",""
"1975","66872","6DB3","6DAA","6DB6","6DB6","6DB0","6DB0","6DA8","6DA2","6DA2","6DB0","6DB2","6DA8","6DAB","6DAB","",""
"1976","66888","6DB3","6DAA","6DB6","6DB6","6DB0","6DB0","6DA8","6DA2","6DA2","6DB0","6DB2","6DA8","6DAB","6DAB","",""
"1977","66904","B703","B6F8","B704","B700","B6F8","B6F8","B6F8","B6F0","B6F0","B6FA","B6FA","B6F0","B6F9","B703","",""
"1978","66920","0100","0103","010F","011D","0113","0113","00F5","00FB","00FB","0107","0115","010B","00F4","010E","",""
"1979","66936","7635","7626","7632","765C","7660","7660","761A","761E","761E","7656","7662","7658","7627","765B","",""
"1980","66952","9CD3","9CC2","9CCE","9CFE","9D00","9D00","9CB8","9CBA","9CBA","9CF8","9D02","9CF8","9CC3","9CFB","",""
"1981","66968","E59C","E599","E5A5","E5CD","E5CD","E5CD","E591","E591","E591","E5C7","E5CF","E5C5","E58A","E5C8","",""
"1982","66984","2ED5","2ED0","2EDC","2F06","2F04","2F04","2ECA","2EC8","2EC8","2EF0","2EF6","2EFC","2EC1","2EFF","",""
"1983","67000","76BD","76B6","76C2","76D8","76D4","76D4","76B2","76AE","76AE","76D2","76D6","76CC","76B7","76DF","",""
"1984","67024","C83D","C834","C840","C848","C842","C842","C822","C82C","C82C","C842","C844","C83A","C825","C83D","",""
"1985","67040","2871","2866","2872","28B6","28AE","28AE","2856","285E","285E","28B0","28B0","28A6","2857","28A9","",""
"1986","67056","53D8","53DB","53E7","5417","540D","540D","53CD","53D3","53D3","5411","540F","5405","53CC","5418","",""
"1987","67072","A2D1","A2C2","A2CE","A310","A314","A314","A2C6","A2BA","A2BA","A30A","A316","A30C","A2C3","A30F","",""
"1988","67088","3A56","3A55","3A61","3A5B","3A4D","3A4D","3A4B","3A4D","3A4D","3A45","3A4F","3A45","3A46","3A58","",""
"1989","67104","7F65","7F62","7F6E","7F7A","7F7A","7F7A","7F5A","7F5A","7F5A","7F74","7F6C","7F72","7F53","7F75","",""
"1990","67120","B22D","B228","B234","B242","B240","B240","B222","B220","B220","B23C","B242","B238","B229","B23B","",""
"1991","67136","2707","26F0","26FC","2746","2742","2742","26EC","26E8","26E8","2740","2744","273A","26F1","274D","",""
"1992","67152","5ADD","5AD4","5AE0","5B1C","5B26","5B26","5AD2","5ACC","5ACC","5B16","5B18","5B1E","5AC5","5B21","",""
"1993","67168","96C2","96B7","96C3","96E1","96D9","96D9","96B7","96AF","96AF","96DB","96DB","96D1","96B8","96D4","",""
"1994","67184","DA04","D9F7","DA03","DA33","DA29","DA29","D9F9","D9EF","D9EF","DA2D","DA2B","DA21","D9F8","DA34","",""
"1995","67208","DA04","D9F7","DA03","DA33","DA29","DA29","D9F9","D9EF","D9EF","DA2D","DA2B","DA21","D9F8","DA34","",""
"1996","67224","1DE5","1DD6","1DE2","1DFE","1DF2","1DF2","1DCA","1DCE","1DCE","1DE8","1DF4","1DEA","1DC7","1DED","",""
"1997","67240","6AFB","6AEA","6AF6","6B04","6B06","6B06","6AF0","6AE2","6AE2","6AFE","6B08","6AFE","6AEB","6B01","",""
"1998","67256","E51C","E509","E515","E565","E565","E565","E511","E501","E501","E55F","E557","E55D","E50A","E560","",""
"1999","67272","13FA","13F5","1401","1437","1435","1435","13EF","13ED","13ED","1421","1427","142D","13F6","1430","",""
"2000","67288","5D6D","5D66","5D72","5DA0","5D9C","5D9C","5D62","5D5E","5D5E","5D9A","5D9E","5D94","5D67","5D97","",""
"2001","67304","A5B1","A5A8","A5B4","A5C8","A5C2","A5C2","A5A6","A5A0","A5A0","A5B2","A5C4","A5BA","A599","A5BD","",""
"2002","67320","F053","F048","F054","F08A","F082","F082","F048","F040","F040","F084","F084","F07A","F049","F07D","",""
"2003","67336","3811","3804","3810","3828","381E","381E","3806","37FC","37FC","3812","3820","3816","3805","3819","",""
"2004","67360","9DC5","9DC6","9DD2","9E00","9DF4","9DF4","9DBA","9DBE","9DBE","9DFA","9DF6","9DEC","9DB7","9DFF","",""
"2005","67376","C575","C564","C570","C5C0","C5B2","C5B2","C56A","C55C","C55C","C5BA","C5B4","C5AA","C565","C5BD","",""
"2006","67392","11F3","11F0","11FC","120E","120E","120E","11E8","11E8","11E8","1208","1210","1206","11E1","1209","",""
"2007","67408","B50E","B509","B515","B53F","B53D","B53D","B503","B501","B501","B539","B53F","B535","B50A","B548","",""
"2008","67424","DF3A","DF33","DF3F","DF2B","DF27","DF27","DF2F","DF2B","DF2B","DF25","DF29","DF1F","DF24","DF32","",""
"2009","67440","2FF1","2FE8","2FF4","3002","2FFC","2FFC","2FD6","2FE0","2FE0","2FEC","2FEE","2FF4","2FD9","2FF7","",""
"2010","67456","A45A","A44F","A45B","A4A5","A49D","A49D","A44F","A447","A447","A49F","A49F","A495","A450","A4A8","",""
"2011","67472","D052","D045","D051","D09D","D093","D093","D047","D03D","D03D","D087","D095","D08B","D046","D08E","",""
"2012","67488","13C0","13C1","13CD","13E5","13D9","13D9","13B5","13B9","13B9","13DF","13DB","13D1","13B2","13E4","",""
"2013","67504","682C","682B","6837","6861","6853","6853","6821","6823","6823","684B","6855","684B","681C","685E","",""
"2014","67520","682C","682B","6837","6861","6853","6853","6821","6823","6823","684B","6855","684B","681C","685E","",""
"2015","67544","A64C","A649","A655","A66B","A66B","A66B","A641","A641","A641","A665","A65D","A663","A63A","A666","",""
"2016","67560","F386","F371","F37D","F38F","F38D","F38D","F36B","F369","F369","F389","F38F","F385","F372","F388","",""
"2017","67576","4D39","4D22","4D2E","4DC4","4DC0","4DC0","4D1E","4D1A","4D1A","4DBE","4DC2","4DB8","4D23","4DCB","",""
"2018","67592","8715","870C","8718","8746","8740","8740","870A","8704","8704","8740","8742","8738","870D","873B","",""
"2019","67608","CB00","CAF5","CB01","CB0B","CB13","CB13","CAF5","CAED","CAED","CB05","CB05","CB0B","CAE6","CB0E","",""
"2020","67624","1047","103A","1046","1078","106E","106E","103C","1032","1032","1072","1070","1066","103B","1079","",""
"2021","67640","6468","6459","6465","647F","6473","6473","645D","6451","6451","6469","6475","646B","645A","646E","",""
"2022","67656","A5F6","A5F5","A601","A5F7","A5F9","A5F9","A5EB","A5ED","A5ED","A5F1","A5EB","A5F1","A5E6","A5F4","",""
"2023","67672","D9DB","D9D8","D9E4","D9EC","D9EC","D9EC","D9D0","D9D0","D9D0","D9E6","D9EE","D9E4","D9D9","D9E7","",""
"2024","67688","4DE0","4DCB","4DD7","4E37","4E35","4E35","4DD5","4DC3","4DC3","4E31","4E37","4E2D","4DCC","4E40","",""
"2025","67704","771C","7715","7721","7769","7765","7765","7711","770D","770D","7751","7767","775D","7716","7760","",""
"2026","67728","195C","1953","195F","1977","1971","1971","1951","194B","194B","1961","1963","1969","1954","196C","",""
"2027","67744","6037","602C","6038","6068","6060","6060","602C","6024","6024","6062","6062","6058","602D","606B","",""
"2028","67760","A7FD","A7F0","A7FC","A7EE","A7F4","A7F4","A7E2","A7E8","A7E8","A7E8","A7E6","A7EC","A7E1","A7EF","",""
"2029","67776","154D","154E","155A","159E","1592","1592","1542","1546","1546","1598","1594","158A","153F","159D","",""
"2030","67792","32B3","32B2","32BE","3304","32F6","32F6","32A8","32AA","32AA","32FE","32F8","32EE","32A3","3301","",""
"2031","67808","7D40","7D3D","7D49","7D91","7D81","7D81","7D35","7D35","7D35","7D7B","7D83","7D79","7D2E","7D8C","",""
"2032","67824","C657","C652","C65E","C678","C666","C666","C64C","C64A","C64A","C662","C668","C65E","C643","C671","",""
"2033","67840","C657","C652","C65E","C678","C666","C666","C64C","C64A","C64A","C662","C668","C65E","C643","C671","",""
"2034","67856","0BEA","0BE3","0BEF","0BDB","0BD7","0BD7","0BDF","0BDB","0BDB","0BD5","0BD9","0BCF","0BD4","0BE2","",""
"2035","67880","5050","5047","5053","5051","504B","504B","5045","503F","503F","504B","504D","5043","5048","5046","",""
"2036","67896","9E5A","9E4F","9E5B","9E51","9E49","9E49","9E4F","9E47","9E47","9E4B","9E4B","9E41","9E50","9E54","",""
"2037","67912","0670","0663","066F","06B7","06AD","06AD","0655","065B","065B","06B1","06AF","06A5","0654","06B8","",""
"2038","67928","33D9","33CA","33D6","3414","3408","3408","33CE","33C2","33C2","33FE","340A","3400","33CB","3403","",""
"2039","67944","7C41","7C30","7C3C","7C5C","7C5E","7C5E","7C36","7C28","7C28","7C56","7C50","7C56","7C31","7C59","",""
"2040","67960","C8EA","C8E7","C8F3","C915","C915","C915","C8DF","C8DF","C8DF","C90F","C917","C90D","C8D8","C910","",""
"2041","67976","0F34","0F2F","0F3B","0F4F","0F4D","0F4D","0F29","0F27","0F27","0F49","0F4F","0F45","0F20","0F48","",""
"2042","67992","57DE","57D7","57E3","57EF","57EB","57EB","57D3","57CF","57CF","57D9","57DD","57E3","57C8","57E6","",""
"2043","68008","B21D","B214","B220","B26E","B268","B268","B212","B20C","B20C","B268","B26A","B260","B215","B273","",""
"2044","68024","EA4B","EA40","EA4C","EA8C","EA84","EA84","EA30","EA38","EA38","EA86","EA86","EA7C","EA31","EA8F","",""
"2045","68048","8253","8246","8252","826E","8264","8264","8248","823E","823E","8258","8266","825C","8247","825F","",""
"2046","68064","BE71","BE62","BE6E","BE8C","BE80","BE80","BE66","BE5A","BE5A","BE76","BE82","BE78","BE63","BE8B","",""
"2047","68080","05E6","05E5","05F1","05E1","05E3","05E3","05DB","05DD","05DD","05DB","05E5","05DB","05D6","05DE","",""
"2048","68096","74BD","74BA","74C6","74F2","74F2","74F2","74B2","74B2","74B2","74EC","74F4","74EA","74BB","74ED","",""
"2049","68112","976A","9765","9771","97BF","97BD","97BD","975F","975D","975D","97A9","97AF","97B5","9766","97B8","",""
"2050","68128","E418","E411","E41D","E43D","E439","E439","E40D","E409","E409","E437","E43B","E431","E412","E434","",""
"2051","68144","2D4D","2D44","2D50","2D6C","2D66","2D66","2D42","2D3C","2D3C","2D56","2D58","2D5E","2D45","2D61","",""
"2052","68160","2D4D","2D44","2D50","2D6C","2D66","2D66","2D42","2D3C","2D3C","2D56","2D58","2D5E","2D45","2D61","",""
"2053","68176","7917","790C","7918","7926","792E","792E","790C","7904","7904","7920","7920","7926","78FD","7929","",""
"2054","68192","BEC7","BEBA","BEC6","BEC6","BEBC","BEBC","BEBC","BEB2","BEB2","BEB0","BEBE","BEB4","BEBB","BEB7","",""
"2055","68208","07F4","07E5","07F1","07E3","07E7","07E7","07D9","07DD","07DD","07DD","07E9","07DF","07E6","07E2","",""
"2056","68232","7621","7620","762C","765A","765C","765C","7616","7618","7618","7654","764E","7654","7611","7657","",""
"2057","68248","A075","A062","A06E","A0BE","A0BE","A0BE","A06A","A05A","A05A","A0B8","A0B0","A0B6","A063","A0B9","",""
"2058","68264","E0D6","E0D1","E0DD","E0EF","E0ED","E0ED","E0CB","E0C9","E0C9","E0E9","E0EF","E0E5","E0C2","E0E8","",""
"2059","68280","2197","2190","219C","21AA","21A6","21A6","218C","2188","2188","21A4","21A8","219E","2191","21B1","",""
"2060","68296","67CD","67C4","67D0","67E0","67DA","67DA","67C2","67BC","67BC","67DA","67DC","67D2","67B5","67E5","",""
"2061","68312","B006","AFFB","B007","AFF7","AFEF","AFEF","AFEB","AFF3","AFF3","AFF1","AFF1","AFE7","AFEC","AFFA","",""
"2062","68328","31E1","31D4","31E0","321C","3212","3212","31D6","31CC","31CC","3216","3214","320A","31D5","321D","",""
"2063","68344","5A46","5A37","5A43","5A57","5A4B","5A4B","5A2B","5A2F","5A2F","5A41","5A4D","5A43","5A38","5A46","",""
"2064","68360","F1F0","F1EF","F1FB","F1F1","F1F3","F1F3","F1E5","F1E7","F1E7","F1EB","F1E5","F1EB","F1E0","F1EE","",""
"2065","68376","41B2","419F","41AB","41A3","41A3","41A3","41A7","4197","4197","419D","41A5","419B","41A0","41AE","",""
"2066","68400","88ED","88E8","88F4","88EE","88DC","88DC","88E2","88E0","88E0","88D8","88DE","88D4","88D9","88E7","",""
"2067","68416","D237","D220","D22C","D228","D224","D224","D21C","D218","D218","D222","D226","D21C","D221","D22F","",""
"2068","68432","1297","128E","129A","1298","1292","1292","128C","1286","1286","1282","1294","128A","128F","128D","",""
"2069","68448","59E1","59D6","59E2","59E8","59F0","59F0","59D6","59CE","59CE","59E2","59E2","59E8","59D7","59EB","",""
"2070","68464","9B00","9AF3","9AFF","9AF7","9AED","9AED","9AF5","9AEB","9AEB","9AF1","9AEF","9AE5","9AF4","9AF8","",""
"2071","68480","9B00","9AF3","9AFF","9AF7","9AED","9AED","9AF5","9AEB","9AEB","9AF1","9AEF","9AE5","9AF4","9AF8","",""
"2072","68496","DBD9","DBCA","DBD6","DBD0","DBC4","DBC4","DBBE","DBC2","DBC2","DBBA","DBC6","DBBC","DBBB","DBCF","",""
"2073","68512","2222","2211","221D","2211","2213","2213","2207","2209","2209","220B","2215","220B","2212","220E","",""
"2074","68528","6B41","6B2E","6B3A","6B40","6B30","6B30","6B36","6B26","6B26","6B2A","6B32","6B28","6B2F","6B3B","",""
"2075","68544","B71D","B718","B724","B71C","B71A","B71A","B712","B710","B710","B716","B71C","B712","B719","B715","",""
"2076","68568","FDC6","FDBF","FDCB","FDB5","FDB1","FDB1","FDBB","FDB7","FDB7","FDAF","FDB3","FDA9","FDB0","FDBC","",""
"2077","68584","47D1","47C8","47D4","47D6","47D0","47D0","47B6","47C0","47C0","47D0","47D2","47C8","47B9","47DB","",""
"2078","68600","92D7","92DC","92E8","92DC","92D4","92D4","92CC","92D4","92D4","92D6","92D6","92CC","92CD","92CF","",""
"2079","68616","064B","063E","064A","0640","0646","0646","0640","0636","0636","063A","0648","063E","063F","0641","",""
"2080","68632","318E","317F","318B","3183","3177","3177","3173","3177","3177","317D","3179","316F","3170","3182","",""
"2081","68648","7F04","7EF3","7EFF","7EF9","7EFB","7EFB","7EF9","7EEB","7EEB","7EF3","7EFD","7EF3","7EF4","7EF6","",""
"2082","68664","CAE8","CAD5","CAE1","CADD","CADD","CADD","CADD","CACD","CACD","CAD7","CADF","CAD5","CAD6","CAD8","",""
"2083","68680","662A","6625","6631","6625","6623","6623","661F","661D","661D","661F","6625","661B","6626","662E","",""
"2084","68696","B17F","B178","B184","B17A","B176","B176","B174","B170","B170","B164","B168","B16E","B169","B171","",""
"2085","68712","F8A6","F89D","F8A9","F8A1","F89B","F89B","F89B","F895","F895","F89B","F89D","F893","F89E","F896","",""
"2086","68736","41E9","41EE","41FA","41E4","41EC","41EC","41DE","41E6","41E6","41DE","41DE","41E4","41DF","41E7","",""
"2087","68752","7AC5","7AC8","7AD4","7ACE","7AC4","7AC4","7ABA","7AC0","7AC0","7AB8","7AC6","7ABC","7AB9","7ABF","",""
"2088","68768","B685","B676","B682","B67E","B672","B672","B66A","B66E","B66E","B668","B674","B66A","B677","B67D","",""
"2089","68784","FFEF","FFDE","FFEA","FFFE","FFF0","FFF0","FFD4","FFD6","FFD6","FFE8","FFF2","FFE8","FFDF","FFFB","",""
"2090","68800","FFEF","FFDE","FFEA","FFFE","FFF0","FFF0","FFD4","FFD6","FFD6","FFE8","FFF2","FFE8","FFDF","FFFB","",""
"2091","68816","4B16","4B13","4B1F","4B15","4B05","4B05","4B0B","4B0B","4B0B","4AFF","4B07","4AFD","4B04","4B10","",""
"2092","68832","91EC","91E7","91F3","91EB","91E9","91E9","91E1","91DF","91DF","91E5","91EB","91E1","91E8","91E4","",""
"2093","68848","DB05","DAFE","DB0A","DAF4","DAF0","DAF0","DAFA","DAF6","DAF6","DAEE","DAF2","DAE8","DAEF","DAFB","",""
"2094","68864","26F0","26E7","26F3","26EF","26E9","26E9","26E5","26DF","26DF","26D9","26DB","26E1","26D8","26E4","",""
"2095","68880","6925","691A","6926","6924","691C","691C","691A","6912","6912","691E","691E","6914","691B","6927","",""
"2096","68896","B752","B745","B751","B767","B75D","B75D","B747","B73D","B73D","B751","B75F","B755","B746","B758","",""
"2097","68912","2E79","2E6A","2E76","2E74","2E78","2E78","2E6E","2E62","2E62","2E6E","2E6A","2E70","2E6B","2E73","",""
"2098","68936","6019","6018","6024","6014","6016","6016","600E","6010","6010","600E","6018","600E","6019","6011","",""
"2099","68952","A67A","A677","A683","A675","A675","A675","A66F","A66F","A66F","A66F","A677","A66D","A678","A680","",""
"2100","68968","EFDB","EFC6","EFD2","EFD6","EFD4","EFD4","EFD0","EFBE","EFBE","EFC0","EFC6","EFCC","EFC7","EFCF","",""
"2101","68984","3B92","3B8B","3B97","3B8D","3B89","3B89","3B87","3B83","3B83","3B87","3B8B","3B81","3B8C","3B84","",""
"2102","69000","D775","D76C","D778","D780","D78A","D78A","D76A","D764","D764","D77A","D77C","D782","D76D","D785","",""
"2103","69016","2230","2225","2231","222B","2233","2233","2225","221D","221D","2225","2225","222B","2226","222E","",""
"2104","69032","6962","6955","6961","695D","6953","6953","6957","694D","694D","6957","6955","694B","6956","695E","",""
"2105","69048","AB3A","AB3B","AB47","AB35","AB39","AB39","AB2F","AB33","AB33","AB2F","AB2B","AB31","AB2C","AB34","",""
"2106","69064","E0B1","E0A0","E0AC","E0AC","E0AE","E0AE","E0A6","E098","E098","E0A6","E0A0","E0A6","E0A1","E0A9","",""
"2107","69080","26C9","26C6","26D2","26C4","26C4","26C4","26BE","26BE","26BE","26BE","26B6","26BC","26B7","26BF","",""
"2108","69104","709F","708A","7096","70B0","70AE","70AE","7094","7082","7082","709A","70A0","70A6","708B","70A9","",""
"2109","69120","709F","708A","7096","70B0","70AE","70AE","7094","7082","7082","709A","70A0","70A6","708B","70A9","",""
"2110","69136","B4DB","B4D4","B4E0","B4DC","B4D8","B4D8","B4D0","B4CC","B4CC","B4C6","B4CA","B4D0","B4D5","B4D3","",""
"2111","69152","052F","0526","0532","0520","051A","051A","0514","051E","051E","051A","051C","0512","0517","0525","",""
"2112","69168","4BBE","4BB3","4BBF","4BBF","4BB7","4BB7","4BB3","4BAB","4BAB","4BA9","4BB9","4BAF","4BB4","4BB2","",""
"2113","69184","9512","9505","9511","9513","9509","9509","9507","94FD","94FD","94FD","950B","9501","9506","9504","",""
"2114","69200","1C5E","1C5F","1C6B","1C99","1C8D","1C8D","1C53","1C57","1C57","1C93","1C8F","1C85","1C50","1C98","",""
"2115","69216","3ED9","3ED8","3EE4","3F0E","3F10","3F10","3ECE","3ED0","3ED0","3F08","3F12","3F08","3EC9","3F0B","",""
"2116","69232","894A","8947","8953","898F","898F","898F","893F","893F","893F","8989","8991","8987","8938","898A","",""
"2117","69248","D144","D13F","D14B","D13B","D139","D139","D139","D137","D137","D135","D13B","D131","D130","D134","",""
"2118","69272","1B57","1B40","1B4C","1B88","1B84","1B84","1B3C","1B38","1B38","1B82","1B86","1B7C","1B41","1B7F","",""
"2119","69288","6253","624A","6256","6254","624E","624E","6248","6242","6242","624E","6250","6246","624B","6259","",""
"2120","69304","BF8A","BF7F","BF8B","BFB5","BFAD","BFAD","BF6F","BF77","BF77","BFAF","BFAF","BFA5","BF70","BFB8","",""
"2121","69320","4C7B","4C6E","4C7A","4CBA","4CB0","4CB0","4C70","4C66","4C66","4CA4","4CB2","4CA8","4C6F","4CAB","",""
"2122","69336","8D38","8D29","8D35","8D47","8D4B","8D4B","8D1D","8D21","8D21","8D41","8D4D","8D43","8D2A","8D46","",""
"2123","69352","CA14","CA03","CA0F","CA13","CA05","CA05","CA09","C9FB","C9FB","C9FD","CA07","C9FD","CA04","CA10","",""
"2124","69368","0E65","0E62","0E6E","0E5E","0E5E","0E5E","0E5A","0E5A","0E5A","0E58","0E60","0E56","0E63","0E69","",""
"2125","69384","31A5","3190","319C","319E","319C","319C","318A","3188","3188","3188","318E","3194","3191","3197","",""
"2126","69400","CA8A","CA83","CA8F","CABD","CAB9","CAB9","CA7F","CA7B","CA7B","CAB7","CABB","CAB1","CA74","CAB4","",""
"2127","69416","001F","0016","0022","005C","0056","0056","0014","000E","000E","0046","0048","004E","0017","0051","",""
"2128","69440","001F","0016","0022","005C","0056","0056","0014","000E","000E","0046","0048","004E","0017","0051","",""
"2129","69456","25DF","25E4","25F0","25FC","2604","2604","25D4","25DC","25DC","25F6","25F6","25FC","25D5","25FF","",""
"2130","69472","6F5F","6F52","6F5E","6F76","6F6C","6F6C","6F54","6F4A","6F4A","6F70","6F6E","6F64","6F53","6F77","",""
"2131","69488","B832","B823","B82F","B849","B84D","B84D","B827","B81B","B81B","B843","B84F","B845","B824","B848","",""
"2132","69504","0060","004F","005B","0057","0059","0059","0055","0047","0047","0051","004B","0051","0050","0054","",""
"2133","69520","8778","8765","8771","87A9","87A9","87A9","876D","875D","875D","87A3","879B","87A1","8766","87A4","",""
"2134","69536","B409","B404","B410","B444","B442","B442","B3FE","B3FC","B3FC","B43E","B444","B43A","B405","B43D","",""
"2135","69552","FC6D","FC66","FC72","FC88","FC84","FC84","FC62","FC5E","FC5E","FC82","FC86","FC7C","FC67","FC8F","",""
"2136","69568","45BE","45B5","45C1","45D3","45CD","45CD","45B3","45AD","45AD","45CD","45CF","45C5","45B6","45D8","",""
"2137","69584","8F2D","8F22","8F2E","8F42","8F4A","8F4A","8F22","8F1A","8F1A","8F3C","8F3C","8F42","8F23","8F45","",""
"2138","69600","D71A","D70D","D719","D71F","D715","D715","D70F","D705","D705","D709","D717","D70D","D70E","D710","",""
"2139","69616","32AC","329D","32A9","32DB","32DF","32DF","32A1","3295","3295","32D5","32E1","32D7","329E","32DA","",""
"2140","69632","BD4A","BD39","BD45","BD63","BD65","BD65","BD3F","BD31","BD31","BD5D","BD57","BD5D","BD3A","BD60","",""
"2141","69648","0684","0681","068D","06A7","0697","0697","0679","0679","0679","0691","0699","068F","0682","06A2","",""
"2142","69664","4FCD","4FB8","4FC4","4FE0","4FDE","4FDE","4FB2","4FB0","4FB0","4FDA","4FE0","4FD6","4FB9","4FD9","",""
"2143","69680","9845","982E","983A","9830","982C","982C","982A","9826","9826","982A","982E","9824","982F","9837","",""
"2144","69704","B673","B66A","B676","B66E","B668","B668","B668","B662","B662","B668","B66A","B660","B66B","B663","",""
"2145","69720","2CA2","2C97","2CA3","2CD7","2CCF","2CCF","2C97","2C8F","2C8F","2CC1","2CD1","2CC7","2C88","2CCA","",""
"2146","69736","687B","686E","687A","68AA","68B0","68B0","6870","6866","6866","68A4","68A2","68A8","686F","68AB","",""
"2147","69752","687B","686E","687A","68AA","68B0","68B0","6870","6866","6866","68A4","68A2","68A8","686F","68AB","",""
"2148","69768","B118","B109","B115","B127","B12B","B12B","B0FD","B101","B101","B121","B11D","B123","B0FA","B126","",""
"2149","69784","FA45","FA34","FA40","FA5E","FA50","FA50","FA3A","FA2C","FA2C","FA48","FA52","FA48","FA35","FA5B","",""
"2150","69800","43AD","439A","43A6","43C6","43B6","43B6","4392","4392","4392","43B0","43B8","43AE","439B","43C1","",""
"2151","69816","8BB2","8BAD","8BB9","8BAB","8BA9","8BA9","8BA7","8BA5","8BA5","8BA5","8BAB","8BA1","8B9E","8BA4","",""
"2152","69832","E871","E86A","E876","E8DE","E8DA","E8DA","E866","E862","E862","E8D8","E8DC","E8D2","E86B","E8E5","",""
"2153","69848","1452","1449","1455","146F","1469","1469","1447","1441","1441","1459","146B","1461","143A","1464","",""
"2154","69864","5D90","5D95","5DA1","5DA7","5DAF","5DAF","5D85","5D8D","5D8D","5DA1","5DA1","5DA7","5D86","5DAA","",""
"2155","69880","A211","A204","A210","A228","A22E","A22E","A206","A1FC","A1FC","A222","A220","A226","A205","A229","",""
"2156","69896","DE97","DE88","DE94","DEA4","DEA8","DEA8","DE8C","DE80","DE80","DE9E","DEAA","DEA0","DE89","DEA3","",""
"2157","69920","24BE","24AD","24B9","24C1","24C3","24C3","24A3","24A5","24A5","24BB","24C5","24BB","24AE","24BE","",""
"2158","69936","6859","6856","6862","685C","684C","684C","684E","684E","684E","6846","684E","6844","6847","6857","",""
"2159","69952","3133","312E","313A","3186","3184","3184","3128","3126","3126","3170","3176","317C","312F","317F","",""
"2160","69968","6A69","6A62","6A6E","6A8C","6A88","6A88","6A5E","6A5A","6A5A","6A76","6A7A","6A80","6A63","6A83","",""
"2161","69984","AC51","AC48","AC54","AC74","AC6E","AC6E","AC46","AC40","AC40","AC6E","AC70","AC66","AC39","AC79","",""
"2162","70000","F52C","F521","F52D","F565","F55D","F55D","F521","F519","F527","F55F","F55F","F555","F522","F558","",""
"2163","70016","322D","3220","322C","323C","3232","3232","3222","3218","3218","3236","3234","322A","3221","323D","",""
"2164","70032","A579","A57A","A586","A5B2","A5A6","A5A6","A56E","A572","A572","A5AC","A5A8","A59E","A56B","A5B1","",""
"2165","70048","E18B","E17A","E186","E1D4","E1C6","E1C6","E180","E172","E172","E1CE","E1C8","E1BE","E17B","E1CF","",""
"2166","70072","E18B","E17A","E186","E1D4","E1C6","E1C6","E180","E172","E172","E1CE","E1C8","E1BE","E17B","E1CF","",""
"2167","70088","2721","270E","271A","276A","275A","275A","2706","2706","2706","2754","275C","2752","270F","2765","",""
"2168","70104","7331","732C","7338","7360","735E","735E","7326","7324","7324","735A","7360","7356","732D","7369","",""
"2169","70120","BB70","BB59","BB65","BB75","BB71","BB71","BB55","BB51","BB51","BB6F","BB73","BB69","BB5A","BB7C","",""
"2170","70136","FA92","FA89","FA95","FA87","FA81","FA81","FA87","FA81","FA81","FA81","FA83","FA79","FA8A","FA8C","",""
"2171","70152","2A98","2A9D","2AA9","2AB3","2AAB","2AAB","2A8D","2A95","2A95","2AAD","2AAD","2AA3","2A8E","2AA6","",""
"2172","70168","9ED9","9ECC","9ED8","9F0E","9F04","9F04","9ECE","9EC4","9EC4","9EF8","9F06","9EFC","9ECD","9EFF","",""
"2173","70184","DC2C","DC2D","DC39","DC81","DC75","DC75","DC21","DC25","DC25","DC7B","DC77","DC6D","DC1E","DC80","",""
"2174","70208","23B8","23B7","23C3","23DD","23CF","23CF","23AD","23AF","23AF","23C7","23D1","23C7","23A8","23DA","",""
"2175","70224","6DFD","6DEA","6DF6","6E22","6E22","6E22","6DE2","6DE2","6DE2","6E1C","6E14","6E18","6DEB","6E1D","",""
"2176","70240","B64D","B648","B654","B672","B660","B660","B642","B640","B640","B65C","B662","B658","B649","B66B","",""
"2177","70256","FF8D","FF86","FF92","FF98","FF94","FF94","FF82","FF7E","FF7E","FF92","FF96","FF8C","FF77","FF9F","",""
"2178","70272","94F8","94EF","94FB","9533","952D","952D","94ED","94E7","94E7","951D","952D","9525","94F0","9528","",""
"2179","70288","DD8D","DD82","DD8E","DD98","DDA0","DDA0","DD72","DD7A","DD7A","DD92","DD92","DD98","DD73","DD9B","",""
"2180","70304","26A5","26A8","26B4","26BA","26C0","26C0","269A","26A0","26A0","26B4","26B2","26B8","2699","26BB","",""
"2181","70320","7069","705A","7066","7084","7078","7078","705E","7052","7052","707E","707A","7070","705B","7083","",""
"2182","70344","AB64","AB53","AB5F","AB5F","AB51","AB51","AB59","AB4B","AB4B","AB49","AB53","AB49","AB54","AB5C","",""
"2183","70360","1D51","1D4E","1D5A","1D86","1D86","1D86","1D46","1D46","1D46","1D80","1D88","1D7E","1D3F","1D81","",""
"2184","70376","401A","4005","4011","405F","405D","405D","400F","3FFD","3FFD","4059","405F","4055","4006","4058","",""
"2185","70392","401A","4005","4011","405F","405D","405D","400F","3FFD","3FFD","4059","405F","4055","4006","4058","",""
"2186","70408","8C4B","8C44","8C50","8C70","8C6C","8C6C","8C40","8C3C","8C3C","8C5A","8C5E","8C64","8C45","8C67","",""
"2187","70424","D5A0","D597","D5A3","D5AF","D5A9","D5A9","D595","D58F","D58F","D5A9","D5AB","D5A1","D598","D5B4","",""
"2188","70440","1EE3","1ED8","1EE4","1EF2","1EEA","1EEA","1EC8","1ED0","1ED0","1EEC","1EEC","1EE2","1EC9","1EF5","",""
"2189","70456","66FF","66F2","66FE","66F4","66EA","66EA","66F4","66EA","66EA","66EE","66EC","66E2","66F3","66F5","",""
"2190","70472","B02A","B02B","B037","B02F","B023","B023","B01F","B023","B023","B019","B025","B01B","B01C","B02E","",""
"2191","70488","1374","1363","136F","13A3","13A5","13A5","1369","135B","135B","139D","1397","139D","1364","13A0","",""
"2192","70504","4406","43F3","43FF","443F","442F","442F","43FB","43EB","43EB","4429","4431","4427","43F4","443A","",""
"2193","70528","8C74","8C5F","8C6B","8C8D","8C8B","8C8B","8C69","8C57","8C57","8C87","8C7D","8C83","8C60","8C86","",""
"2194","70544","D68C","D675","D681","D6B5","D6B1","D6B1","D671","D66D","D66D","D69F","D6A3","D6A9","D676","D6AC","",""
"2195","70560","1F02","1EF9","1F05","1F1B","1F15","1F15","1EE7","1EF1","1EF1","1F05","1F17","1F0D","1EEA","1F10","",""
"2196","70576","672C","6721","672D","6725","671D","671D","6721","6719","6719","671F","671F","6715","6712","6718","",""
"2197","70592","08C7","08BA","08C6","08D4","08DA","08DA","08AC","08B2","08B2","08CE","08DC","08D2","08AB","08D5","",""
"2198","70608","521C","520D","5219","5233","5227","5227","5211","5205","5205","522D","5229","521F","520E","5232","",""
"2199","70624","8FAD","8F9C","8FA8","8FDA","8FDC","8FDC","8FA2","8F94","8F94","8FD4","8FDE","8FD4","8F9D","8FD7","",""
"2200","70640","D11E","D10B","D117","D121","D121","D121","D103","D103","D103","D11B","D123","D119","D10C","D11C","",""
"2201","70656","12A0","128B","1297","12A9","12A7","12A7","1285","1283","1283","12A3","12A9","129F","128C","12A2","",""
"2202","70680","5B9E","5B97","5BA3","5BAD","5BA9","5BA9","5B93","5B8F","5B8F","5BA7","5BAB","5BA1","5B88","5BA4","",""
"2203","70696","D5B6","D5AD","D5B9","D5F5","D5EF","D5EF","D59B","D5A5","D5A5","D5EF","D5F1","D5E7","D59E","D5FA","",""
"2204","70712","D5B6","D5AD","D5B9","D5F5","D5EF","D5EF","D59B","D5A5","D5A5","D5EF","D5F1","D5E7","D59E","D5FA","",""
"2205","70728","0A63","0A58","0A64","0AB2","0AAA","0AAA","0A58","0A50","0A50","0A9C","0AAC","0AA2","0A59","0AA5","",""
"2206","70744","4DCB","4DBE","4DCA","4DDA","4DE0","4DE0","4DC0","4DB6","4DB6","4DD4","4DE2","4DD8","4DBF","4DDB","",""
"2207","70760","9BFF","9BF0","9BFC","9C1E","9C22","9C22","9BF4","9BE8","9BE8","9C18","9C24","9C1A","9BF1","9C1D","",""
"2208","70776","E558","E557","E563","E58D","E58F","E58F","E54D","E54F","E54F","E587","E581","E587","E548","E58A","",""
"2209","70792","2D7F","2D7C","2D88","2D8A","2D8A","2D8A","2D74","2D74","2D74","2D84","2D8C","2D82","2D6D","2D95","",""
"2210","70808","8EF8","8EF3","8EFF","8F2D","8F2B","8F2B","8EED","8EEB","8EEB","8F27","8F2D","8F23","8EF4","8F26","",""
"2211","70824","BF7F","BF78","BF84","BFC4","BFC0","BFC0","BF74","BF70","BF70","BFBE","BFC2","BFB8","BF69","BFBB","",""
"2212","70840","0991","0988","0994","09D6","09E0","09E0","0986","0980","0980","09D0","09D2","09D8","0989","09DB","",""
"2213","70864","4CB4","4CA9","4CB5","4CDF","4CD7","4CD7","4C99","4CA1","4CA1","4CD9","4CD9","4CCF","4C9A","4CE2","",""
"2214","70880","944C","943F","944B","9447","943D","943D","9441","9437","9437","9441","943F","9435","9440","9448","",""
"2215","70896","BF0C","BEFD","BF09","BF1D","BF21","BF21","BF01","BEF5","BEF5","BF17","BF13","BF19","BEFE","BF1C","",""
"2216","70912","9D15","9D04","9D10","9D5C","9D5E","9D5E","9D0A","9CFC","9CFC","9D56","9D50","9D56","9D05","9D59","",""
"2217","70928","C832","C82F","C83B","C863","C863","C863","C827","C827","C827","C85D","C865","C85B","C820","C85E","",""
"2218","70944","14D6","14D1","14DD","150D","150B","150B","14CB","14C9","14C9","14F7","14FD","1503","14C2","1506","",""
"2219","70960","59B1","59AA","59B6","59D2","59CE","59CE","59A6","59A2","59A2","59BC","59C0","59C6","59AB","59C9","",""
"2220","70976","973B","9732","973E","9772","976C","976C","9730","972A","972A","975C","976E","9764","9733","9767","",""
"2221","70992","DE70","DE65","DE71","DE67","DE6F","DE6F","DE65","DE5D","DE5D","DE61","DE61","DE67","DE66","DE6A","",""
"2222","71016","398B","397E","398A","39D2","39D8","39D8","3980","3976","3976","39CC","39DA","39D0","397F","39D3","",""
"2223","71032","398B","397E","398A","39D2","39D8","39D8","3980","3976","3976","39CC","39DA","39D0","397F","39D3","",""
"2224","71048","73DA","73DB","73E7","741B","740F","740F","73CF","73D3","73D3","7405","7411","7407","73CC","740A","",""
"2225","71064","BD4B","BD4A","BD56","BD82","BD74","BD74","BD40","BD42","BD42","BD6C","BD76","BD6C","BD3B","BD7F","",""
"2226","71080","05AE","059B","05A7","05BF","05BF","05BF","0593","0593","0593","05B9","05B1","05B7","059C","05BA","",""
"2227","71096","505C","5057","5063","5093","5081","5081","5051","504F","504F","507D","5083","5079","5048","508C","",""
"2228","71112","970C","9705","9711","9703","96FF","96FF","9701","96FD","96FD","96FD","9701","96F7","96F6","970A","",""
"2229","71128","EC97","EC8E","EC9A","ECC8","ECC2","ECC2","EC8C","EC86","EC86","ECC2","ECC4","ECBA","EC8F","ECCD","",""
"2230","71144","197C","1971","197D","19A7","199F","199F","1961","1969","1969","19A1","19A1","1997","1962","19AA","",""
"2231","71160","66A2","6695","66A1","66B3","66B9","66B9","6697","668D","668D","66AD","66BB","66B1","6696","66B4","",""
"2232","71176","AFF0","AFE1","AFED","AFF9","AFFD","AFFD","AFD5","AFD9","AFD9","AFF3","AFEF","AFF5","AFD2","AFF8","",""
"2233","71192","FB53","FB64","FB70","FB7E","FB80","FB80","FB48","FB5C","FB5C","FB78","FB82","FB78","FB55","FB7B","",""
"2234","71216","415A","4157","4163","415D","414D","414D","414F","414F","414F","4147","414F","4145","4148","4158","",""
"2235","71232","0607","05F2","05FE","0634","0632","0632","05EC","05EA","05EA","062E","0634","062A","05F3","062D","",""
"2236","71248","330B","3304","3310","3342","333E","333E","3300","32FC","32FC","332C","3330","3336","32F5","3339","",""
"2237","71264","7B67","7B5E","7B6A","7B8E","7B88","7B88","7B5C","7B56","7B56","7B78","7B7A","7B80","7B5F","7B83","",""
"2238","71280","C4B0","C4A5","C4B1","C4C1","C4B9","C4B9","C4A5","C49D","C49D","C4BB","C4BB","C4B1","C4A6","C4C2","",""
"2239","71296","0148","0139","0147","015F","0155","0155","013D","0133","0131","0159","0157","014D","013C","0160","",""
"2240","71312","4970","4961","496D","4967","496B","496B","4965","4959","4959","4961","495D","4963","4962","4966","",""
"2241","71328","AABE","AABD","AAC9","AB29","AB2B","AB2B","AAB3","AAB5","AAB5","AB23","AB2D","AB23","AAAE","AB26","",""
"2242","71344","AABE","AABD","AAC9","AB29","AB2B","AB2B","AAB3","AAB5","AAB5","AB23","AB2D","AB23","AAAE","AB26","",""
"2243","71360","D9D2","D9CF","D9DB","DA01","DA03","DA03","D9C7","D9C7","D9C7","D9FD","D9F5","D9FB","D9C0","D9FE","",""
"2244","71376","223A","2225","2231","2245","2243","2243","222F","221D","221D","223F","2245","223B","2224","224E","",""
"2245","71400","669C","6695","66A1","66B7","66B3","66B3","6691","668D","668D","66A1","66A5","66AB","6686","66AE","",""
"2246","71416","B378","B36D","B38D","B373","B36D","B37F","B36D","B367","B377","B36D","B36F","B377","B360","B368","",""
"2247","71432","FCC0","FCC7","FCD3","FCBB","FCD5","FCD5","FCB5","FCAD","FCBF","FCB5","FCB5","FCCD","FCC6","FCD0","",""
"2248","71448","2731","2724","2730","272C","2732","2732","2726","271C","271C","2726","2724","272A","2725","272D","",""
"2249","71464","9FFF","9FF0","9FFC","A034","A028","A028","9FF4","9FE8","9FE8","A02E","A02A","A020","9FF1","A033","",""
"2250","71480","DCE8","DCD7","DCE3","DD2D","DD2F","DD2F","DCDD","DCCF","DCCF","DD27","DD21","DD27","DCD8","DD2A","",""
"2251","71496","1CFA","1CE7","1CF3","1D0F","1D0F","1D0F","1CEF","1CDF","1CDF","1D09","1D11","1D07","1CE8","1D0A","",""
"2252","71512","5B38","5B33","5B3F","5B57","5B45","5B45","5B2D","5B2B","5B2B","5B41","5B47","5B3D","5B34","5B50","",""
"2253","71528","A41D","A416","A422","A43C","A438","A438","A412","A40E","A40E","A436","A43A","A430","A417","A433","",""
"2254","71544","67F4","67EB","67F7","682D","6827","6827","67E9","67E3","67E3","6817","6819","681F","67DC","6822","",""
"2255","71568","9CED","9CE2","9CEE","9D20","9D18","9D18","9CE2","9CDA","9CDA","9D1A","9D1A","9D10","9CD3","9D13","",""
"2256","71584","E76D","E760","E76C","E7B0","E7A6","E7A6","E752","E758","E758","E7AA","E7A8","E79E","E751","E7B1","",""
"2257","71600","2F17","2F08","2F14","2F40","2F44","2F44","2F0C","2F00","2F00","2F3A","2F36","2F3C","2F09","2F3F","",""
"2258","71616","6991","6980","698C","698A","698C","698C","6986","6978","6978","6984","697E","6984","6981","6987","",""
"2259","71632","ADC2","ADAF","ADBB","ADB5","ADB5","ADB5","ADB7","ADA7","ADA7","ADAF","ADB7","ADAD","ADB0","ADB0","",""
"2260","71648","FB90","FB8B","FB97","FB93","FB91","FB91","FB85","FB83","FB83","FB7D","FB83","FB89","FB8C","FB8C","",""
"2261","71664","FB90","FB8B","FB97","FB93","FB91","FB91","FB85","FB83","FB83","FB7D","FB83","FB89","FB8C","FB8C","",""
"2262","71680","6D89","6D72","6D7E","6DB6","6DB2","6DB2","6D6E","6D6A","6D6A","6DB0","6DB4","6DAA","6D73","6DAD","",""
"2263","71696","93F7","93DE","93EA","941E","9418","9418","93DC","93D6","93D6","9418","941A","9410","93DF","9423","",""
"2264","71712","DC53","DC48","DC54","DC6A","DC72","DC72","DC48","DC40","DC40","DC64","DC64","DC6A","DC49","DC6D","",""
"2265","71728","259C","258F","259B","25AD","25B3","25B3","2591","2587","2587","25A7","25A5","25AB","2590","25AE","",""
"2266","71752","6ED0","6ED1","6EDD","6EF1","6EF5","6EF5","6EC5","6EC9","6EC9","6EEB","6EE7","6EED","6EC2","6EF0","",""
"2267","71768","B6F3","B6F2","B6FE","B6F4","B6E6","B6E6","B6E8","B6EA","B6EA","B6EE","B6E8","B6DE","B6E3","B6F1","",""
"2268","71784","1CA6","1C93","1C9F","1C97","1C97","1C97","1C8B","1C8B","1C8B","1C91","1C99","1C8F","1C94","1C92","",""
"2269","71800","497D","4968","4974","49A8","49A6","49A6","4972","4960","4960","49A2","49A8","499E","4969","49B1","",""
"2270","71816","8FFD","8FE6","8FF2","8FF8","8FF4","8FF4","8FE2","8FDE","8FDE","8FE2","8FE6","8FEC","8FE7","8FEF","",""
"2271","71832","D865","D85C","D868","D860","D85A","D85A","D85A","D854","D854","D85A","D85C","D852","D85D","D855","",""
"2272","71848","219A","218F","219B","2195","218D","218D","218F","2187","2187","218F","218F","2185","2190","2198","",""
"2273","71864","BEDA","BECD","BED9","BED5","BECB","BECB","BECF","BEC5","BEC5","BEBF","BECD","BEC3","BECE","BEC6","",""
"2274","71880","03AD","039E","03AA","0398","039C","039C","0392","0396","0396","0392","039E","0394","038F","0397","",""
"2275","71896","515C","514B","5157","5157","5149","5149","5141","5143","5143","5141","514B","5141","514C","5154","",""
"2276","71920","931D","930A","9316","9308","9308","9308","9302","9302","9302","9302","930A","9300","930B","9313","",""
"2277","71936","C6AA","C695","C6A1","C6A5","C693","C693","C68F","C68D","C68D","C68F","C695","C68B","C696","C69E","",""
"2278","71952","0F6E","0F67","0F73","0F69","0F65","0F65","0F63","0F5F","0F5F","0F63","0F67","0F5D","0F68","0F70","",""
"2279","71968","58AF","5896","58A2","589A","58A4","58A4","5894","588E","588E","5894","5896","589C","5897","589F","",""
"2280","71984","58AF","5896","58A2","589A","58A4","58A4","5894","588E","588E","5894","5896","589C","5897","589F","",""
"2281","72000","A1FE","A1F3","A1FF","A1F9","A1F1","A1F1","A1E3","A1EB","A1EB","A1E3","A1F3","A1E9","A1E4","A1EC","",""
"2282","72016","EB26","EB19","EB25","EB1F","EB25","EB25","EB1B","EB11","EB11","EB19","EB17","EB1D","EB1A","EB20","",""
"2283","72032","3471","3462","346E","346A","346E","346E","3466","345A","345A","3464","3460","3466","3463","3469","",""
"2284","72048","7DA8","7DA7","7DB3","7DA1","7DA3","7DA3","7D9D","7D9F","7D9F","7D9B","7DA5","7D9B","7D98","7D9E","",""
"2285","72064","F3C3","F3B0","F3BC","F3BC","F3BC","F3BC","F3B8","F3A8","F3A8","F3B6","F3AE","F3B4","F3B1","F3B7","",""
"2286","72080","236B","2356","2362","2364","2362","2362","2350","234E","234E","234E","2354","235A","2357","235D","",""
"2287","72104","6C5B","6C54","6C60","6C54","6C50","6C50","6C50","6C4C","6C4C","6C4E","6C52","6C48","6C45","6C4B","",""
"2288","72120","B5A2","B599","B5A5","B5A3","B59D","B59D","B597","B591","B591","B58D","B58F","B595","B59A","B598","",""
"2289","72136","FEDA","FECF","FEDB","FEDB","FED3","FED3","FECF","FEC7","FEC7","FED5","FED5","FECB","FED0","FECE","",""
"2290","72152","43B7","43BA","43C6","43B8","43AE","43AE","43AC","43B2","43B2","43B2","43B0","43A6","43AB","43B9","",""
"2291","72168","9163","9154","9160","9154","9158","9158","9158","914C","914C","914E","915A","9150","9155","9153","",""
"2292","72184","2E93","2E92","2E9E","2E94","2E86","2E86","2E88","2E8A","2E8A","2E8E","2E88","2E7E","2E83","2E91","",""
"2293","72200","705A","7057","7063","705B","704B","704B","704F","704F","704F","7045","704D","7043","7048","7056","",""
"2294","72216","AE0E","ADF9","AE05","ADFF","ADFD","ADFD","ADF3","ADF1","ADF1","ADF9","ADFF","ADF5","ADFA","ADF8","",""
"2295","72232","F6D0","F6C9","F6D5","F6D1","F6CD","F6CD","F6C5","F6C1","F6C1","F6CB","F6CF","F6C5","F6CA","F6C8","",""
"2296","72248","35EB","35E2","35EE","35DC","35D6","35D6","35E0","35DA","35DA","35D6","35D8","35CE","35D3","35E1","",""
"2297","72272","7F2D","7F22","7F2E","7F2E","7F26","7F26","7F22","7F1A","7F1A","7F28","7F28","7F1E","7F23","7F31","",""
"2298","72288","C867","C85A","C866","C868","C85E","C85E","C85C","C852","C852","C852","C860","C856","C85B","C859","",""
"2299","72304","C867","C85A","C866","C868","C85E","C85E","C85C","C852","C852","C852","C860","C856","C85B","C859","",""
"2300","72320","11B9","11AA","11B6","11B4","11A8","11A8","119E","11A2","11A2","119E","11AA","11A0","11AB","11A3","",""
"2301","72336","5AF8","5AE7","5AF3","5AF3","5AE5","5AE5","5ADD","5ADF","5ADF","5ADD","5AE7","5ADD","5AE8","5AF0","",""
"2302","72352","D316","D313","D31F","D311","D311","D311","D30B","D30B","D30B","D30B","D313","D309","D304","D30C","",""
"2303","72368","02EF","02EA","02F6","02EA","02E8","02E8","02D2","02E2","02E2","02D2","02EA","02E0","02EB","02F3","",""
"2304","72384","4BF0","4BE9","4C07","4BEB","4BE7","4BF9","4BE5","4BE1","4BE1","4BE5","4BE9","4BDF","4BEA","4BF2","",""
"2305","72400","90BF","90B6","90C2","90BA","90B4","90B4","90B4","90AE","90AE","90A4","90B6","90AC","90A7","90AF","",""
"2306","72416","DE82","DE89","DE95","DE7D","DE87","DE87","DE77","DE6F","DE81","DE77","DE77","DE7F","DE8A","DE70","",""
"2307","72440","27AB","279E","27AA","27A6","279C","279C","2790","2796","2796","2790","279E","2794","278F","2797","",""
"2308","72456","70D9","70DA","70E6","70D4","70D8","70D8","70CE","70D2","70D2","70CE","70DA","70D0","70CB","70D3","",""
"2309","72472","BA33","BA32","BA50","BA2E","BA30","BA42","BA28","BA2A","BA3C","BA28","BA22","BA3A","BA23","BA2B","",""
"2310","72488","036F","036C","038A","036A","036A","037C","0364","0364","0376","0364","035C","0362","035D","0365","",""
"2311","72504","8D81","8D7C","8D88","8D7C","8D7A","8D7A","8D76","8D74","8D74","8D76","8D7C","8D72","8D6D","8D75","",""
"2312","72520","D665","D65E","D66A","D660","D65C","D65C","D65A","D656","D656","D65A","D65E","D654","D65F","D657","",""
"2313","72536","1F9D","1F94","1FA0","1F9E","1F98","1F98","1F92","1F8C","1F8C","1F98","1F9A","1F90","1F95","1F93","",""
"2314","72552","68E1","68D6","68E2","68D2","68DA","68DA","68D6","68CE","68CE","68CC","68CC","68D2","68C7","68D5","",""
"2315","72568","A7FF","A7F2","A7FE","A800","A7F6","A7F6","A7F4","A7EA","A7EA","A7FA","A7F8","A7EE","A7F3","A801","",""
"2316","72584","F18B","F18C","F198","F186","F18A","F18A","F180","F184","F184","F180","F17C","F182","F17D","F185","",""
"2317","72608","3AF7","3AE6","3AF2","3AF2","3AE4","3AE4","3ADC","3ADE","3ADE","3ADC","3AE6","3ADC","3AE7","3AEF","",""
"2318","72624","3AF7","3AE6","3AF2","3AF2","3AE4","3AE4","3ADC","3ADE","3ADE","3ADC","3AE6","3ADC","3AE7","3AEF","",""
"2319","72640","C739","C736","C742","C76E","C76E","C76E","C72E","C72E","C72E","C768","C760","C766","C727","C769","",""
"2320","72656","D646","D631","D63D","D675","D673","D673","D63B","D629","D629","D66F","D675","D66B","D632","D66E","",""
"2321","72672","2465","244E","245A","248E","248A","248A","244A","2446","2446","2488","248C","2482","244F","2495","",""
"2322","72688","6C83","6C7A","6C86","6C9C","6C96","6C96","6C78","6C72","6C72","6C96","6C98","6C8E","6C6B","6C91","",""
"2323","72704","B73D","B732","B73E","B770","B778","B778","B732","B72A","B72A","B76A","B76A","B770","B733","B773","",""
"2324","72720","FE48","FE3B","FE47","FE4B","FE41","FE41","FE3D","FE33","FE33","FE35","FE43","FE39","FE3C","FE3C","",""
"2325","72736","4839","482A","4836","484C","4850","4850","482E","4822","4822","4846","4852","4848","482B","484B","",""
"2326","72760","90E6","90D5","90E1","90D9","90DB","90DB","90DB","90CD","90CD","90D3","90DD","90D3","90D6","90D6","",""
"2327","72776","DABD","DAAA","DAB6","DAD0","DAD0","DAD0","DAB2","DAA2","DAA2","DACA","DAD2","DAC8","DAAB","DACB","",""
"2328","72792","1BDE","1BC9","1BD5","1BD1","1BCF","1BCF","1BD3","1BC1","1BC1","1BCB","1BD1","1BC7","1BCA","1BCA","",""
"2329","72808","5B2D","5B26","5B32","5B4A","5B46","5B46","5B22","5B1E","5B1E","5B44","5B48","5B3E","5B17","5B41","",""
"2330","72824","F7C7","F7BE","F7CA","F7BE","F7B8","F7B8","F7BC","F7B6","F7B6","F7B8","F7BA","F7B0","F7BF","F7C3","",""
"2331","72840","4785","477A","4786","4796","478E","478E","477A","4772","4772","4790","4790","4786","476B","4799","",""
"2332","72856","8AAE","8AA1","8AAD","8A9F","8AA5","8AA5","8AA3","8A99","8A99","8A99","8AA7","8A9D","8AA2","8AA0","",""
"2333","72872","D70A","D70B","D717","D70B","D6FF","D6FF","D6FF","D703","D703","D705","D701","D6F7","D6FC","D70A","",""
"2334","72888","0CAF","0C9E","0CAA","0CA0","0CA2","0CA2","0CA4","0C96","0C96","0C9A","0CA4","0C9A","0C9F","0C9D","",""
"2335","72904","5EF8","5EF5","5F01","5EF9","5EF9","5EF9","5EED","5EED","5EED","5EF3","5EEB","5EF1","5EE6","5EF4","",""
"2336","72920","A40E","A3F9","A405","A3FF","A3FD","A3FD","A3F3","A3F1","A3F1","A3F9","A3FF","A3F5","A3FA","A3F8","",""
"2337","72944","A40E","A3F9","A405","A3FF","A3FD","A3FD","A3F3","A3F1","A3F1","A3F9","A3FF","A3F5","A3FA","A3F8","",""
"2338","72960","F1F5","F1EE","F1FA","F20E","F20A","F20A","F1EA","F1E6","F1E6","F208","F20C","F202","F1EF","F215","",""
"2339","72976","3B46","3B3D","3B49","3B59","3B53","3B53","3B3B","3B35","3B35","3B53","3B55","3B4B","3B2E","3B4E","",""
"2340","72992","8417","840C","8418","840A","8412","8412","840C","8404","8404","8404","8404","840A","840D","840D","",""
"2341","73008","AE71","AE64","AE70","AE64","AE6A","AE6A","AE66","AE5C","AE5C","AE5E","AE5C","AE62","AE65","AE65","",""
"2342","73024","DD61","DD62","DD6E","DD64","DD58","DD58","DD56","DD5A","DD5A","DD4E","DD5A","DD50","DD53","DD63","",""
"2343","73040","264D","263C","2648","2640","2642","2642","2632","2634","2634","263A","2634","263A","263D","263D","",""
"2344","73056","6F25","6F22","6F2E","6F28","6F28","6F28","6F1A","6F1A","6F1A","6F22","6F1A","6F20","6F23","6F23","",""
"2345","73072","1681","166C","1678","1674","1672","1672","1676","1664","1664","166E","1674","166A","166D","166D","",""
"2346","73088","4F6A","4F63","4F6F","4F87","4F83","4F83","4F5F","4F5B","4F5B","4F81","4F85","4F7B","4F64","4F7E","",""
"2347","73112","9AA1","9A98","9AA4","9ABE","9AB8","9AB8","9A96","9A90","9A90","9AB8","9ABA","9AB0","9A99","9AC3","",""
"2348","73128","E2E0","E2D5","E2E1","E2DD","E2D5","E2D5","E2D5","E2CD","E2CD","E2D7","E2D7","E2CD","E2D6","E2E0","",""
"2349","73144","766D","7660","766C","7664","765A","765A","7662","7658","7658","765E","765C","7652","7661","7665","",""
"2350","73160","C97E","C96F","C97B","C975","C969","C969","C963","C967","C967","C96F","C96B","C961","C970","C974","",""
"2351","73176","1353","1342","134E","1364","1356","1356","1338","133A","133A","135E","1358","134E","1343","1361","",""
"2352","73192","5BF8","5BE5","5BF1","5BE9","5BE9","5BE9","5BDD","5BDD","5BDD","5BE3","5BEB","5BE1","5BE6","5BE4","",""
"2353","73208","930A","9305","9311","92FB","92F9","92F9","92FF","92FD","92FD","92F5","92FB","92F1","92F6","9304","",""
"2354","73224","D122","D11B","D127","D123","D11F","D11F","D117","D113","D113","D11D","D121","D117","D11C","D11A","",""
"2355","73240","1A16","1A0D","1A19","1A17","1A11","1A11","1A0B","1A05","1A05","1A01","1A13","1A09","1A0E","1A0C","",""
"2356","73264","1A16","1A0D","1A19","1A17","1A11","1A11","1A0B","1A05","1A05","1A01","1A13","1A09","1A0E","1A0C","",""
"2357","73280","6358","634D","6359","6359","6351","6351","634D","6345","6345","6343","6353","6349","634E","634C","",""
"2358","73296","E736","E729","E735","E771","E767","E767","E72B","E721","E721","E75B","E769","E75F","E72A","E762","",""
"2359","73312","0FAC","0F9D","0FA9","0FE1","0FE5","0FE5","0FA1","0F95","0F95","0FDB","0FD7","0FDD","0F9E","0FE0","",""
"2360","73328","5953","5942","594E","5982","5984","5984","5938","593A","593A","597C","5976","597C","5943","597F","",""
"2361","73344","A1B7","A1A4","A1B0","A1A6","A1A6","A1A6","A19C","A19C","A19C","A1A0","A1A8","A19E","A1A5","A1A1","",""
"2362","73360","ECFE","ECE9","ECF5","ED61","ED5F","ED5F","ECE3","ECE1","ECE1","ED5B","ED61","ED57","ECEA","ED6A","",""
"2363","73376","324B","3244","3250","324E","324A","324A","3240","323C","323C","3238","323C","3242","3245","3245","",""
"2364","73400","7A9F","7A96","7AA2","7AA2","7A9C","7A9C","7A94","7A8E","7A8E","7A8C","7A9E","7A94","7A97","7A97","",""
"2365","73416","BF9D","BF92","BF9E","BF90","BF98","BF98","BF92","BF8A","BF8A","BF8A","BF8A","BF90","BF93","BF93","",""
"2366","73432","0D2D","0D20","0D2C","0D30","0D26","0D26","0D22","0D18","0D18","0D1A","0D28","0D1E","0D21","0D21","",""
"2367","73448","3AA4","3A95","3AA1","3A97","3A9B","3A9B","3A89","3A8D","3A8D","3A91","3A8D","3A93","3A96","3A96","",""
"2368","73464","D6FA","D6E9","D6F5","D6ED","D6EF","D6EF","D6EF","D6E1","D6E1","D6E7","D6F1","D6E7","D6EA","D6EA","",""
"2369","73480","2020","201D","2029","2019","2019","2019","2015","2015","2015","2013","201B","2011","201E","2024","",""
"2370","73496","7B63","7B4E","7B5A","7B96","7B94","7B94","7B58","7B46","7B46","7B90","7B86","7B8C","7B4F","7B8F","",""
"2371","73512","B60E","B607","B613","B63B","B637","B637","B603","B5FF","B5FF","B635","B639","B62F","B5F8","B642","",""
"2372","73528","F36C","F363","F36F","F3A3","F39D","F39D","F361","F35B","F35B","F39D","F39F","F395","F364","F398","",""
"2373","73544","3B98","3B8D","3B99","3BAF","3BA7","3BA7","3B7D","3B85","3B85","3BA9","3BA9","3B9F","3B7E","3BA2","",""
"2374","73568","865B","864E","865A","868C","8682","8682","8650","8646","8646","8686","8684","867A","864F","868D","",""
"2375","73584","865B","864E","865A","868C","8682","8682","8650","8646","8646","8686","8684","867A","864F","868D","",""
"2376","73600","CD66","CD67","CD73","CD67","CD5B","CD5B","CD5B","CD5F","CD5F","CD61","CD5D","CD53","CD58","CD66","",""
"2377","73616","1797","1796","17A2","17B8","17AA","17AA","178C","178E","178E","17B2","17AC","17A2","1787","17B5","",""
"2378","73632","609B","6088","6094","60AC","60AC","60AC","6090","6080","6080","60A6","60AE","60A4","6089","60A7","",""
"2379","73648","A949","A934","A940","A93A","A938","A938","A92E","A92C","A92C","A934","A93A","A930","A935","A933","",""
"2380","73664","D047","D030","D03C","D058","D054","D054","D02C","D028","D028","D052","D056","D04C","D031","D04F","",""
"2381","73680","0278","026F","027B","0273","026D","026D","026D","0267","0267","026D","026F","0265","0270","0278","",""
"2382","73696","4B7F","4B74","4B80","4B84","4B7C","4B7C","4B74","4B6C","4B6C","4B6E","4B7E","4B74","4B75","4B77","",""
"2383","73712","9456","9449","9455","9447","944D","944D","944B","9441","9441","9441","943F","9445","944A","9448","",""
"2384","73736","4672","4663","466F","469D","46A1","46A1","4667","465B","465B","4697","46A3","4699","4664","469C","",""
"2385","73752","7803","7802","780E","7838","783A","783A","77F8","77FA","77FA","7832","783C","7832","77F3","7835","",""
"2386","73768","C1A3","C190","C19C","C1D2","C1D2","C1D2","C198","C188","C188","C1CC","C1D4","C1CA","C191","C1CD","",""
"2387","73784","5FBD","5FB8","5FC4","5FF6","5FF4","5FF4","5FB2","5FB0","5FB0","5FF0","5FE6","5FEC","5FA9","5FEF","",""
"2388","73800","A8CF","A8C8","A8D4","A902","A8FE","A8FE","A8C4","A8C0","A8C0","A8FC","A900","A8F6","A8B9","A8F9","",""
"2389","73816","06FB","06F2","06FE","0728","0732","0732","06F0","06EA","06EA","0722","0724","072A","06F3","072D","",""
"2390","73832","3BC5","3BBA","3BC6","3BFC","3BF4","3BF4","3BBA","3BB2","3BB2","3BF6","3BF6","3BEC","3BBB","3BFF","",""
"2391","73848","7A0C","7A21","7A2D","7A7F","7A75","7A75","7A01","7A19","7A19","7A69","7A77","7A6D","7A12","7A70","",""
"2392","73864","C18C","C17D","C189","C18D","C181","C181","C181","C175","C175","C177","C183","C179","C17E","C17C","",""
"2393","73880","0B06","0B05","0B11","0B41","0B33","0B33","0AFB","0AFD","0AFD","0B2B","0B35","0B2B","0AF6","0B3E","",""
"2394","73896","0B06","0B05","0B11","0B41","0B33","0B33","0AFB","0AFD","0AFD","0B2B","0B35","0B2B","0AF6","0B3E","",""
"2395","73912","4FEC","4FD9","4FE5","5021","5021","5021","4FE1","4FD1","4FD1","501B","5013","5019","4FDA","501C","",""
"2396","73936","9C96","9C91","9C9D","9CBB","9CB9","9CB9","9C8B","9C89","9C89","9CA5","9CAB","9CB1","9C92","9CB4","",""
"2397","73952","07C8","07C1","07CD","0807","0803","0803","07BD","07B9","07B9","07F1","07F5","07FB","07C2","07FE","",""
"2398","73968","2F83","2F7A","2F86","2FBC","2FB6","2FB6","2F78","2F72","2F72","2FB6","2FB8","2FAE","2F7B","2FC1","",""
"2399","73984","7CB0","7CA5","7CB1","7CE3","7CDB","7CDB","7CA5","7C9D","7C9D","7CDD","7CDD","7CD3","7C96","7CD6","",""
"2400","74000","C846","C839","C845","C83D","C843","C843","C83B","C831","C831","C837","C845","C83B","C83A","C83E","",""
"2401","74016","0E86","0E87","0E93","0EC7","0EBB","0EBB","0E7B","0E7F","0E7F","0EB1","0EBD","0EB3","0E78","0EC6","",""
"2402","74032","584B","583A","5846","5876","5878","5878","5830","5832","5832","5870","586A","5870","583B","5873","",""
"2403","74048","A2A3","A2A0","A2AC","A29E","A29E","A29E","A298","A298","A298","A298","A2A0","A296","A2A1","A299","",""
"2404","74064","E77B","E776","E782","E776","E774","E774","E770","E76E","E76E","E770","E776","E76C","E777","E77F","",""
"2405","74088","309F","3098","30A4","309A","3096","3096","3094","3090","3090","3094","3098","308E","3099","30A1","",""
"2406","74104","B9A1","B998","B9A4","B99C","B996","B996","B996","B990","B990","B996","B998","B98E","B999","B9A1","",""
"2407","74120","02A5","029A","02A6","02A0","0298","0298","029A","0292","0292","029A","029A","0290","029B","02A3","",""
"2408","74136","8063","8066","8072","8098","809E","809E","8058","805E","805E","8092","8090","8096","8057","8099","",""
"2409","74152","B1DC","B1DD","B1E9","B21B","B20F","B20F","B1D1","B1D5","B1D5","B205","B211","B207","B1CE","B21A","",""
"2410","74168","F7F4","F7E3","F7EF","F81D","F81F","F81F","F7D9","F7DB","F7DB","F817","F821","F817","F7E4","F81A","",""
"2411","74184","4006","3FF3","3FFF","401F","400F","400F","3FEB","3FEB","3FEB","4009","4011","4007","3FF4","401A","",""
"2412","74200","8C89","8C84","8C90","8C82","8C80","8C80","8C7E","8C7C","8C7C","8C7C","8C82","8C78","8C85","8C8B","",""
"2413","74216","8C89","8C84","8C90","8C82","8C80","8C80","8C7E","8C7C","8C7C","8C7C","8C82","8C78","8C85","8C8B","",""
"2414","74232","D304","D2FD","D309","D337","D333","D333","D2F9","D2F5","D2F5","D331","D335","D32B","D2EE","D32E","",""
"2415","74256","1C7B","1C72","1C7E","1CB8","1CB2","1CB2","1C70","1C6A","1C6A","1CB2","1CB4","1CAA","1C73","1CAD","",""
"2416","74272","6830","6825","6831","684D","6845","6845","6825","681D","681D","6847","6847","683D","6826","6850","",""
"2417","74288","AC5E","AC51","AC5D","AC5B","AC51","AC51","AC53","AC49","AC49","AC55","AC53","AC49","AC52","AC5C","",""
"2418","74304","D46B","D46C","D478","D468","D46C","D46C","D460","D464","D464","D462","D45E","D464","D45D","D467","",""
"2419","74320","214C","213B","2147","2143","2145","2145","2141","2133","2133","213D","2147","213D","213C","2140","",""
"2420","74336","66D2","66BF","66CB","66C3","66C3","66C3","66B7","66B7","66B7","66BD","66C5","66BB","66C0","66BE","",""
"2421","74352","B037","B022","B02E","B028","B026","B026","B01C","B01A","B01A","B022","B028","B01E","B023","B021","",""
"2422","74368","3477","3470","347C","34E8","34E4","34E4","346C","3468","3468","34E2","34E6","34DC","3461","34DF","",""
"2423","74384","581F","5816","5822","585A","5854","5854","5814","580E","580E","5854","5856","584C","5817","584F","",""
"2424","74400","A028","A01D","A029","A043","A03B","A03B","A01D","A015","A015","A02D","A03D","A033","A00E","A036","",""
"2425","74416","3E4B","3E3E","3E4A","3E40","3E46","3E46","3E40","3E36","3E36","3E3A","3E48","3E3E","3E3F","3E41","",""
"2426","74432","8831","8822","882E","8846","884A","884A","8826","881A","881A","8840","884C","8842","8823","8845","",""
"2427","74448","D0B9","D0A8","D0B4","D0AE","D0B0","D0B0","D09E","D0A0","D0A0","D0A8","D0A2","D0A8","D0A9","D0AB","",""
"2428","74472","1AB3","1AA0","1AAC","1AC8","1AC8","1AC8","1AA8","1A98","1A98","1AC2","1ACA","1AC0","1AA1","1AC3","",""
"2429","74488","56FE","56E9","56F5","56F3","56F1","56F1","56E3","56E1","56E1","56ED","56E3","56E9","56EA","56EC","",""
"2430","74504","7DF7","7DF0","7DFC","7E16","7E12","7E12","7DEC","7DE8","7DE8","7E10","7E14","7E0A","7DF1","7E0D","",""
"2431","74520","BB65","BB5C","BB68","BB5E","BB58","BB58","BB4A","BB54","BB54","BB48","BB5A","BB50","BB4D","BB53","",""
"2432","74536","BB65","BB5C","BB68","BB5E","BB58","BB58","BB4A","BB54","BB54","BB48","BB5A","BB50","BB4D","BB53","",""
"2433","74552","03A6","039B","03A7","039F","03A7","03A7","039B","0393","0393","0399","0399","039F","039C","03A2","",""
"2434","74568","4E09","4DFC","4E08","4E22","4E18","4E18","4DFE","4DF4","4DF4","4E1C","4E1A","4E10","4DFD","4E23","",""
"2435","74584","B7E3","B7D4","B7E0","B7F2","B7F6","B7F6","B7D8","B7CC","B7CC","B7EC","B7F8","B7EE","B7D5","B7F1","",""
"2436","74600","DE33","DE22","DE2E","DE22","DE24","DE24","DE18","DE1A","DE1A","DE1C","DE26","DE1C","DE23","DE1F","",""
"2437","74616","27E8","27E5","27F1","27E7","27E7","27E7","27DD","27DD","27DD","27E1","27E9","27DF","27E6","27E2","",""
"2438","74638","7054","704F","705B","7053","7051","7051","7049","7047","7047","704D","7053","7049","7050","704C","",""