"Seeds for the Japanese Fire Red 1.1 version farmed by トノ.","","","","","",""
"","モノラル/LR","モノラル/かたて","モノラル/ヘルプ","ステレオ/LR","ステレオ/かたて","ステレオ/ヘルプ"
"Frame","MONO/LR","MONO/L=A","MONO/HELP","STEREO/LR","STEREO/L=A","STEREO/HELP"
"2090","A236","A22E","A237","A278","A25E","A26B"
"2091","04F6","04EC","04F2","0528","0522","0528"
"2092","3015","300A","3017","304A","3040","304A"
"2093","7FDC","7FC4","7FDC","8049","803E","8043"
"2094","C6C8","C6B3","C6BE","C6E6","C6CE","C6E4"
"2095","0FFD","0FFA","1003","0FFD","0FFA","0FFD"
"2096","596F","595B","5963","59A4","5990","5997"
"2097","A2AE","A29B","A2A3","A2DA","A2D0","A2E5"
"2098","08F4","08F6","08F4","092A","0920","0934"
"2099","3910","3906","3914","3945","3934","393F"
"2100","D6B0","D6A6","D6B0","D6B0","D6A6","D6A5"
"2101","20C9","20BF","20C0","20FE","20F4","20FE"
"2102","69E4","AFA1","69DA","6A0F","6A10","6A1A"
"2103","AFA8","ED40","AFA8","AF9F","AF9E","AF9F"
"2104","ED4E","367D","ED57","ED4E","ED40","ED57"
"2105","3683","73E2","3691","3683","3682","3691"
"2106","73EC","73E2","73EC","73EC","73E2","73EC"
"2107","73EC","B678","73EC","73EC","73E2","73EC"
"2108","B678","FF3B","B678","B678","B678","B678"
"2109","FF4D","488A","FF4D","FF4D","FF3B","FF4D"
"2110","4894","C87C","488A","4894","488A","488A"
"2112","F47D","F47D","F47D","C8B1","C8B1","C8B1"
"2113","3D9F","3D8B","3D95","F4B4","F4AA","F4B4"
"2114","8665","8652","8665","3DD2","3DC1","3DD4"
"2115","CFF8","CFE8","CFF2","8666","865B","8665"
"2116","1988","1984","1988","D031","D027","D028"
"2117","7780","7779","7780","19C5","19B4","19C5"
"2118","AABD","AAAE","AAB8","7780","7776","7777"
"2119","2802","27F7","27F8","AABD","AAA6","AAB0"
"2120","70E9","70E9","70F3","27F8","27F7","27F8"
"2121","B572","B55E","B572","70E9","70E9","70F3"
"2122","02DE","02D4","02E7","B572","B55E","B572"
"2123","A380","8040","8054","02DE","02D4","02E7"
"2124","EC9E","A377","A378","808E","8077","808A"
"2125","EC9E","EC87","EC9A","A3AE","A3BE","A3BD"
"2126","362F","EC87","EC9A","ECC8","ECBE","ECD1"
"2127","7EDF","7EC9","363E","ECC8","ECBE","ECD1"
"2128","C793","C789","7EDF","366B","366C","3674"
"2129","10D1","10CF","C78C","7EFA","7EE5","7EEF"
"2130","5A9E","5A9C","10D0","C7A4","C7A2","C7AD"
"2131","A35A","A35B","5A9E","10EF","10EC","10F6"
"2132","E481","E477","A363","5AB6","5AB6","5ABD"
"2133","23B5","23B5","E48A","E48A","A36F","A383"
"2134","6B8F","6B85","23BF","6B8F","E481","E48B"
"2135","B4C2","FA91","6B84","B4B9","23D2","23DE"
"2136","FA9B","9C15","B4B9","FAB9","6B7A","6B8F"
"2137","9C29","E611","FA93","9C1F","FAA6","B4C5"
"2138","E60F","2EA4","9C1F","E626","9C15","FAB0"
"2139","2EAE","77FC","E618","2EAE","E629","9C1F"
"2140","B5F7","B5ED","2EB8","B615","2EA4","E631"
"2141","FEA1","FEA0","7807","FEAA","77FC","2EAE"
"2142","2A56","2A4C","B5F7","2A56","B60C","7806"
"2143","578A","2A4C","FEA1","578E","FE97","B615"
"2144","A143","5780","2A62","A15C","2A4C","FEA1"
"2146","E9F0","A137","5793","EA07","2A4C","2A62"
"2147","9965","E9E9","A13A","9965","5780","2A62"
"2149","CBCC","9967","9965","CBDF","A150","5793"
"2150","17E5","CBBD","CBD2","17DD","E9FF","A150"
"2151","53C4","17D2","17DC","53C4","9967","EA10"
"2152","AE79","53BD","53BA","AE91","CBD4","9965"
"2153","F389","AE6E","AE6F","F38A","17D2","CBEA"
"2154","3CE5","F380","F37E","3CE5","53BA","17DD"
"2155","8A77","3CDB","3CEC","8A8E","AE86","53C4"
"2156","1B2B","8A64","8A77","1B2B","F380","AE8E"
"2157","5AF6","1B21","1B33","5AF6","3CE6","F37E"
"2158","A194","5AEC","5AF6","A194","8A79","3CEC"
"2159","EB15","A195","A194","EB15","1B29","8A8E"
"2160","55B0","EB00","EB0A","55B0","5AEC","1B2B"
"2161","91F4","91F3","55A4","920B","A195","5AFE"
"2162","DAFA","DAF0","91FE","DB18","EB00","A194"
"2165","26E8","DAF0","26F0","DB18","920A","EB15"
"2166","6CF6","26DE","6CF6","26F0","DB0E","55A4"
"2167","6CF6","6CF6","A8B7","6D00","26E9","9214"
"2168","A8AA","A8AA","FFC6","A8AA","6CF6","DB1C"
"2169","FFCE","FFC4","4D02","FFCE","6CF6","DB1C"
"2170","4CF9","4CF8","92A4","4D11","FFC4","26F0"
"2171","9299","929A","BF2A","92B9","4D0F","6CF6"
"2172","BF2A","BF2C","0BFD","BF35","4D0F","A8B7"
"2173","0BF6","0BEC","519A","0BF6","92AF","FFC6"
"2174","5198","518E","9B04","5198","BF20","4D19"
"2175","9B04","9B03","1A73","9B04","0BEC","92C2"
"2176","1A7E","1A74","9AEF","1AB5","518E","BF34"
"2177","9AF7","9AF1","E465","9B24","1AAB","0BFD"
"2178","E465","E458","2CD9","E498","9B1A","518F"
"2179","2CE3","2CCF","7608","2CFF","E490","9B04"
"2180","75FC","75F2","9527","761E","2CED","1AA9"
"2181","9527","951D","DA31","953B","760B","9B24"
"2182","DA27","DA28","2829","DA3F","953C","2CF7"
"2183","281F","DA28","2829","283E","DA40","7615"
"2184","281F","281F","5712","283E","2834","DA4A"
"2185","5710","5706","81CC","572F","2834","2847"
"2186","81D8","5706","CAD9","81D8","5727","2847"
"2187","CAD3","81CD","13AE","CAD3","81C3","572F"
"2188","13A5","13A4","BB16","13AC","CAD0","572F"
"2189","BB16","13A4","F611","13AC","139D","CAD9"
"2190","F619","F608","3F2E","F619","BB10","13AE"
"2191","3F34","3F29","890D","3F34","F608","13AE"
"2192","8911","3F29","D1A5","3F34","3F29","F611"
"2193","D1AC","8907","1AEA","D1A4","891E","3F2E"
"2194","1AFB","D19C","74E8","1AED","D19C","3F2E"
"2196","74E5","1AE7","479A","02FA","1AE7","D1AA"
"2197","02FA","74D2","9665","479A","74F1","1AEA"
"2198","479C","02F0","DEA7","479A","02E7","7506"
"2199","965C","4789","1C3D","DEA7","4789","02F1"
"2200","DEA7","965B","7AA3","1C4C","9673","479A"
"2201","1C34","DEA7","B1C0","7AA3","DE9D","967D"
"2202","7AA3","1C34","B1C0","B1BE","1C4E","DEA7"
"2203","B1BE","7A9A","FB66","FB85","7A9A","1C55"
"2204","B1BE","B1AC","4423","441A","B1AC","7A9B"
"2205","FB66","B1AC","8D58","8D50","B1AC","B1B5"
"2206","441A","FB5B","D694","8D50","FB77","B1B5"
"2207","8D50","8D46","206A","D692","4410","441A"
"2208","206B","D67C","69AB","2083","8D46","8D50"
"2209","69AB","206B","B24B","69CD","D67C","8D50"
"2210","B255","6998","F403","B255","2081","D694"
"2211","F403","B241","3244","F403","69BF","2083"
"2212","324C","F3F9","71E6","3244","B241","69C0"
"2213","71E6","3242","C51D","71E6","F402","B257"
"2214","C51D","71DC","7DB5","C535","3242","F403"
"2215","7DB5","C51C","C6D9","7DAB","71DC","3244"
"2216","C6DB","7DAB","0FF7","C6D0","C534","71E6"
"2217","0FED","C6CF","5938","0FF9","7DAC","C535"
"2218","5938","0FEF","9761","5941","C6CF","7DAB"
"2219","9757","592E","ED32","9761","0FEF","C6D0"
"2220","ED3A","974D","2BBD","ED53","592E","0FF7"
"2221","2BBD","ED30","2BBD","2BD5","974D","5938"
"2222","2BBD","2BAC","7441","744C","ED49","9761"
"2223","7441","2BAC","9CFF","9CFF","2BD1","ED4A"
"2224","9CFF","7437","E67A","E683","2BD1","2BD5"
"2225","E67A","E67A","2F3D","2F47","7442","744C"
"2226","2F47","2F33","ABA8","ABD5","9CFF","9CFF"
"2227","AB9E","AB9E","C926","C95B","E679","E683"
"2228","C925","C911","18CB","1938","2F3D","2F3D"
"2229","18D4","18C8","5FC4","5FD6","ABD4","ABDE"
"2230","5FB7","5FB7","A881","A8A3","C947","C95B"
"2231","A88D","A877","F1DB","F1F0","1938","1938"
"2232","F1D1","F1C7","3B8E","3B9D","5FD4","5FDE"
"2233","3B84","3B84","D929","D933","A88E","A8A3"
"2234","D929","D92A","1BB8","1BCB","F1F0","F1F0"
"2235","1BAF","1BAD","58AB","58AB","3B93","3BA5"
"2236","58B4","58A1","A174","A17D","D91F","D929"
"2237","A17D","A16A","E010","E025","58AA","1BCB"
"2238","E007","E007","283E","283E","A16A","58AB"
"2239","2848","283F","283E","7166","E024","A174"
"2240","7166","715D","7166","7166","2834","E02E"
"2241","7166","715D","BAA8","BA9F","7153","2848"
"2242","BA9F","BA95","BAA8","001E","7153","7167"
"2243","0005","FFFB","4D7F","4D7F","BA95","7167"
"2244","4D7F","4D75","96F7","971E","0014","BAA8"
"2245","96F7","96F6","96F7","DF96","4D6C","001D"
"2246","DF8C","DF8C","DF96","28E3","9714","4D7F"
"2247","28EC","28E3","28E3","723B","DF8F","9715"
"2248","723B","7231","723B","A03C","28E2","DF96"
"2249","A024","CEFE","A027","176E","7231","28E3"
"2250","CEFF","1759","CEFF","60F5","A036","723B"
"2251","1763","60D3","176B","4E67","CF16","A040"
"2252","60DD","4E5D","60DD","9AAA","1759","176B"
"2253","4E6A","9A83","4E6A","E54C","60EB","60F5"
"2254","9A96","E54B","9A8D","2B0E","4E60","4E67"
"2255","E555","2B05","E54C","5E13","9AA0","9AAA"
"2256","2B0F","5E13","2B0E","B5E0","E542","E555"
"2257","5E13","B5B5","5E13","01D1","2B04","2B0E"
"2258","B5C9","01C8","B5C9","01D1","5E13","5E1D"
"2259","01D1","4793","01D1","4796","B5CD","B5E0"
"2260","01D1","891E","01D1","891E","01BE","01C8"
"2261","4796","CA91","4796","CA9B","01BE","4796"
"2262","891E","100E","8928","1018","478E","8928"
"2263","CA9B","5A14","CA92","5A2C","8921","CA92"
"2264","1018","CA4E","100F","CA58","CA91","100F"
"2265","5A15","061B","5A15","0657","100E","5A2C"
"2266","CA58","4A59","CA58","4A6A","5A2C","CA60"
"2267","0623","A278","0623","A2B6","CA4E","065B"
"2268","4A6A","DD5D","4A6A","DDA0","4A59","4A62"
"2269","A28C","27B4","A28C","27EC","A2AC","A2BA"
"2270","DD73","BCF8","DD69","BD39","DD9E","DDAC"
"2271","27BF","0E60","27B4","0EA3","27E2","27EC"
"2272","BCF9","3D0B","BD02","3D54","BD25","BD2F"
"2273","0E6A","8F03","0E6A","8F3A","0E97","0EA2"
"2274","3D15","C3D7","3D1F","C417","3D3D","3D52"
"2275","8F0F","0E20","8F0D","0E5F","8F48","8F54"
"2276","C3E1","68A4","C3EA","68D8","C416","C420"
"2277","0E21","68A4","0E21","68D8","0E55","0E56"
"2278","68AF","9B72","68A2","9BB2","68D9","68E6"
"2279","68AF","E4B2","68A2","E4F3","68D9","68E6"
"2280","9B73","2E52","9B73","2E9B","9BA8","9BA8"
"2281","E4BC","76F3","E4B3","771B","E4EB","E4E8"
"2282","2E68","BFC2","2E5C","BFF1","2E91","2E9B"
"2283","76FD","0900","76F3","0920","7711","7712"
"2284","BFD6","52C3","BFD6","52E5","BFE4","BFEE"
"2285","0902","9B8B","0901","9BB3","0916","0920"
"2286","52CD","C3D2","52CD","C3E6","52DB","52DC"
"2287","9B95","BDDF","9B95","BE08","9B9F","9BA9"
"2288","C3E6","05F6","C3E6","05F7","C3DC","C3DC"
"2289","BDF4","4202","BDF3","4203","BDFE","BE08"
"2290","05F7","77D4","0600","77D5","05ED","0603"
"2291","41FE","0ACA","4203","0AEA","41F4","4203"
"2292","77D5","51B0","77DE","51EF","77D4","77DE"
"2294","C0DE","91A6","0AD2","91DC","C0DE","0AEA"
"2295","0AD2","F5A2","51BA","F5E7","0AE2","51F8"
"2296","51BA","F5A2","91AF","F5E7","51EE","91DD"
"2297","91B1","6D1E","F5AF","2517","91DD","F5DD"
"2298","F5AC","B612","F5AF","6D5B","F5DA","F5DD"
"2299","F5AC","FF19","24EB","B63D","F5DA","2516"
"2300","24E1","4462","6D39","FF41","250B","6D4A"
"2301","6D28","91EA","B625","4478","6D42","B634"
"2302","B625","F486","FF2C","9216","B634","FF4A"
"2303","FF23","2159","4469","F4A6","FF37","4478"
"2304","446A","6A5D","91EB","216B","4476","9209"
"2305","91EB","B3BC","F490","6A67","91FF","F4AF"
"2306","F490","FCD7","2163","B3C6","F4A5","2161"
"2307","216B","9BAC","6A70","FCD7","2162","6A70"
"2308","6A67","E57F","B3BE","9BAF","6A5D","B3C6"
"2309","B3C8","3697","FCE0","E5A1","B3BE","FCD7"
"2310","FCD7","5560","9BB6","36DC","FCD6","9BB6"
"2311","9BB6","8796","E589","55A9","9BAC","E5A1"
"2312","E589","D068","369D","87D7","E598","36DC"
"2313","36A1","6280","5573","D0A9","36C7","55A9"
"2314","5573","6280","8797","62AC","55A0","87D7"
"2315","87A0","8D07","D074","62AC","87C4","D09F"
"2316","D074","DC1C","6295","8D35","D095","62A8"
"2317","628A","23DE","6295","DC5F","629E","62A8"
"2318","628A","6CA4","8D1A","2403","629E","8D28"
"2319","8D1A","B6C7","DC1E","6CAE","8D28","DC54"
"2320","DC1E","FED7","23DE","B6EF","DC4A","2403"
"2321","23DE","637E","6CA5","FED8","23F9","6CA5"
"2322","6CA5","91B9","B6C8","637E","6CA4","B6E5"
"2323","B6D1","DABD","FEE1","91C1","B6E5","FEE2"
"2324","B6D1","2405","637E","DABD","FECE","637E"
"2325","637E","6D2C","91C2","240F","6374","91C2"
"2326","91C1","3542","DAC5","6D37","91B7","DABD"
"2327","91C1","5AE6","240F","3582","DABB","241A"
"2328","DAC7","A3E3","6D2D","5B22","240F","6D2D"
"2329","6D37","E8D4","354C","A423","6D2C","3582"
"2330","6D37","2AE0","5AF0","E914","3582","5B1A"
"2331","3557","72AF","A3EE","2B17","5B10","A423"
"2332","5AE4","BC6F","E8D3","72CC","A410","E912"
"2333","A3ED","BC6F","2AE6","BC85","E908","2B17"
"2334","E8D3","0548","72AE","BC85","2B0D","72CE"
"2335","2AE0","4DC9","BC7A","056F","72C5","BC8F"
"2336","72B0","90A6","BC7A","4DCB","BC7E","0572"
"2337","BC78","CDAB","0553","90C5","BC7E","4DD3"
"2338","BC78","1691","4DD3","CDBD","4DC9","90CD"
"2339","0548","60D6","90B0","169D","90C3","CDB5"
"2340","4DD4","A918","CDB5","60F4","CDB5","169D"
"2341","90A6","F248","169B","A922","1691","60F4"
"2342","CDB5","3B85","60D7","F25C","60F4","A922"
"2343","1693","8557","A919","3B8F","A918","F25C"
"2344","60D7","CDFA","F252","856F","A918","3B8E"
"2345","A922","6D17","3B8E","CE04","3B85","857D"
"2346","F25C","B584","8565","6D3E","8570","CE03"
"2347","3B8F","FED4","CE03","B584","CDF0","6D3E"
"2348","CDFA","2815","6D21","FEDE","CDF0","B584"
"2349","6D21","4AC7","B58E","2840","B584","FED5"
"2350","B584","93BE","FEDF","4AD1","B584","2843"
"2351","FED5","DD2A","281F","93CA","282C","4ACD"
"2353","281F","DD2A","93C4","DD3D","4AC7","93C4"
"2354","4AD1","8889","DD26","DD3D","93BE","DD3E"
"2355","93CA","BF31","DD26","8893","DD40","DD3E"
"2356","DD27","0AB4","88A0","BF3C","DD40","88A0"
"2357","DD27","533B","BF33","0ADC","8894","BF33"
"2358","88A0","9C8F","0AB5","5347","0AC6","0AD4"
"2359","BF3C","E5E8","533C","9CA0","0AC6","533C"
"2360","0ABE","2FC9","9CA0","E5F3","533B","9C98"
"2361","5346","6D93","E5F3","2FE6","E5E8","E5F3"
"2362","9CA0","C1EB","2FCF","6DB2","E5E8","6DBB"
"2363","E5F3","035E","6D9D","C1F4","2FE5","C1F4"
"2364","2FCF","DE44","C1FE","035E","6DA8","0368"
"2365","6D9D","569A","0368","416C","C1F4","4176"
"2367","035E","84B1","DE5A","DE6D","035D","DE6D"
"2369","4179","CDDB","84C5","84F1","4162","56D4"
"2370","DE5A","0A4C","CDD7","CE0F","DE58","84F1"
"2371","569D","53CE","0A55","0A54","56D0","CE0F"
"2372","84C9","9D65","53E1","5418","84F0","0A61"
"2373","CDE5","9D65","9D72","9DA4","CE0D","540F"
"2374","0A60","E42C","9D72","9DA4","0A55","9D9C"
"2375","53E1","2CAA","E442","E443","5402","9D9C"
"2376","9D6B","75D9","2CB7","2CB3","9D99","E442"
"2377","9D6B","A0A8","75E3","75E2","9D99","2CAB"
"2378","E441","EE7F","A0B2","A0AA","E42C","75E3"
"2379","2CB3","374B","EE93","EE89","2CAA","A0B2"
"2380","75E2","8074","3756","374C","75D9","EE93"
"2381","A0B2","01AD","807E","807E","A0A8","3756"
"2382","EE89","3806","01B7","01ED","EE89","807E"
"2383","374C","8131","381B","3846","374B","01ED"
"2384","807E","CAE2","8131","8166","8074","3846"
"2385","01B7","6894","CAEE","CB23","01E3","8170"
"2386","381B","6894","689D","68AC","3845","CB23"
"2387","813A","DC23","B1F3","B21A","8168","68B5"
"2388","CAEC","DC23","DC25","DC47","CB10","B211"
"2389","689D","25B0","25C4","DC47","68A2","DC47"
"2390","B1FB","743A","45A5","25F8","B210","45A5"
"2391","DC2D","743A","7447","7470","25E5","7462"
"2392","25BA","B8C3","B8D6","B8F3","45A4","B8F5"
"2393","45A5","B8C3","B8D6","074A","745A","B8F5"
"2394","744D","0719","0723","074A","B8E1","0745"
"2395","B8CD","BEB4","BEC0","BEEA","B8E1","BEEA"
"2396","B8CD","E88B","E895","E8D3","BEEA","E8C9"
"2397","072C","31A0","31B1","31E9","E8C0","31DF"
"2398","BEB4","7A86","7A8C","7A90","31DC","7A85"
"2399","E895","0D91","C3FB","C42E","7A86","C439"
"2400","31AF","7602","0D92","0DC8","C425","0DD1"
"2401","7A85","A008","760C","7642","0DC4","7642"
"2402","C3F8","E92C","A01C","A052","7638","A049"
"2403","0D92","31FA","E933","E969","A040","E969"
"2404","760C","3562","320A","320B","E95D","3204"
"2405","A012","5CBB","D0C7","D0FD","31FF","D0F4"
"2406","E931","AC74","356C","35A2","D0EA","35A2"
"2407","3204","E91A","5CC8","5CFE","3598","ACDD"
"2408","D0CA","7BB5","AC72","ACDD","5CF4","E942"
"2409","356C","7BB5","E918","E93A","ACD3","33EA"
"2410","5CC5","7BB5","33E0","33EC","E937","7BF6"
"2411","AC72","C4F6","7BBF","7BEA","33E0","7BF6"
"2412","E918","104E","7BBF","7BEA","7BE3","C537"
"2413","33EA","5692","7BBF","C543","7BE3","1082"
"2414","7BB8","96AC","C50A","108F","C539","56C3"
"2415","C50E","B7EA","1050","56C5","1079","96A8"
"2416","1050","FF36","569C","96A8","56B0","B7F4"
"2417","56A7","481A","96B4","B7FE","96AC","FF40"
"2418","96B2","EB3F","B7F4","FF38","B7F4","4824"
"2419","B7FE","1B13","FF40","481B","FF39","EB81"
"2420","FF38","642D","4824","EB76","481A","1B5D"
"2421","481B","A716","EB4A","1B5D","EB75","6463"
"2422","EB3F","4B88","1B1D","6463","1B49","A746"
"2423","1B1D","948A","6437","A752","6459","4BCF"
"2424","4B9A","DB91","A71B","4BCF","A73C","94C1"
"2425","948B","22C5","4B9B","94CC","4BBD","22D9"
"2426","DBA4","4205","948B","DBA4","94B7","22D9"
"2428","22D9","6D76","22D9","22D9","DB9A","6D7F"
"2429","4210","B4B9","420F","4210","22C5","B4C3"
"2430","6D75","B4B9","6D7F","6D75","4205","B4C3"
"2431","B4CC","FDA1","B4C3","B4CC","6D76","B4C3"
"2432","B4CC","9779","B4C3","B4CC","B4B9","97B9"
"2433","FDB3","BE98","FDAB","FDB3","B4B9","97B9"
"2434","977C","07C8","9783","97B2","FDA1","07FF"
"2435","BEAB","515A","BEA2","BEE2","97AF","519C"
"2436","07D2","99E0","07C9","0809","BED7","9A07"
"2437","5164","DE34","5164","519B","07F5","9A07"
"2439","DE3D","2D71","DE3D","9A07","5192","DE55"
"2440","2D7C","7530","2D7C","DE4C","99FD","2DBA"
"2441","753A","BDE5","753A","2DB1","DE42","7560"
"2442","BDEE","C9F1","BDEF","7558","2DA7","BDEE"
"2443","C9FB","A37A","CA05","BDEF","754E","CA19"
"2444","5A2F","109C","5A2F","CA19","BDDB","5A2F"
"2445","A37B","566A","A37B","5A39","CA0F","A384"
"2446","10A6","DE28","10AE","A37B","A37A","10AE"
"2447","566B","26DA","5674","10A6","109C","5674"
"2449","945D","26DA","DE32","5674","566A","DE4B"
"2450","DE3C","700E","26E4","945D","DE4A","26E7"
"2451","26E4","B9E8","26E4","DE4B","26DA","26E7"
"2453","26E4","FE46","B9E8","26E5","26DA","7024"
"2454","B9F1","4C18","FE44","26E5","7018","BA06"
"2455","FE46","5AC6","4C22","7023","BA06","FE50"
"2456","4C2C","8539","5ADA","BA06","FE3C","4C22"
"2457","5AD0","CDD6","854D","FE46","4C18","5AF2"
"2458","854C","1736","CDE0","4C22","5ADE","8543"
"2459","CDE3","B9F5","1740","5AE8","8544","CDE0"
"2460","1740","F2F4","B9FF","854D","CDD6","1758"
"2461","BA07","3EC2","F2FE","CDD7","174E","B9FF"
"2462","F2FE","D9C8","3ECC","1758","B9FD","F2FE"
"2463","3ECC","24BB","D9D2","B9FF","F2F4","3EEA"
"2464","D9D2","6E80","24C2","F308","3ED6","D9D2"
"2465","24C2","B720","6E8A","3EEA","D9C8","24C2"
"2466","6E8A","F5B4","B733","D9D2","24B8","6EA2"
"2467","B72A","30A0","F5C7","24C2","6E98","B72A"
"2468","F5BE","75E8","30B4","6EA2","B720","F5C6"
"2469","30B4","75E8","75F2","B72A","F5BD","30B4"
"2470","75FA","BE6D","75F2","F5BE","30A0","75F2"
"2471","75FA","0835","BE77","30AA","75F0","75F2"
"2472","BE81","9A75","0848","75FA","75F0","BE77"
"2473","0848","D53C","9A7F","75FA","BE6D","0860"
"2474","9A7F","1E7A","D53E","BE81","084C","9AAA"
"2475","D53E","6821","1E84","0861","9AAD","D55F"
"2476","6821","B045","6821","9AB7","D54C","1EA3"
"2477","B04F","FA3D","B04F","D55F","1E92","6842"
"2478","FA47","42BB","FA3E","1E9C","682F","B045"
"2479","42C5","8DC2","42CF","6842","B045","FA55"
"2480","8DCC","D596","8DC2","B045","FA56","42CF"
"2481","D5AA","5C19","D5A0","FA5F","42C5","8E01"
"2482","5C2C","9E44","5C2C","42CF","8DF8","D5A0"
"2483","9E43","EE13","9E4F","8E02","D596","5C2C"
"2484","8A25","8A1A","EE14","D5A0","5C19","9E4F"
"2485","B581","B577","8A24","5C23","9E44","EE14"
"2486","FEB8","FEA6","B58C","9E43","EE13","8A4F"
"2487","4871","4861","FEB8","EE1E","8A50","B5C1"
"2488","4871","4861","4871","8A5B","B5AC","FEEE"
"2489","90EB","90E9","4871","B5C1","FEE4","48AA"
"2490","D9D0","D9CE","90F5","FEE4","4896","48AA"
"2492","230D","230D","2318","48A0","90FF","9112"
"2493","6CC8","6CB3","6CC8","9113","D9DF","D9F4"
"2494","B59E","B587","B59C","D9F3","232A","2334"
"2495","0EDB","E2EF","E2FA","2334","6CCD","6CE0"
"2496","56C4","0ED9","0EE4","6CDF","B5AF","E2FB"
"2497","DE6A","56BA","56C4","E2FA","E2F0","0F03"
"2499","150F","DE60","1505","0EF8","0EEE","56C4"
"2500","61F1","1502","61F2","56C4","56BA","DE72"
"2501","00FC","61E7","00FC","DE77","DE6A","1521"
"2502","5A08","00F0","5A12","152B","1521","61F3"
"2503","933D","5A03","9334","61E9","61DE","0115"
"2504","EA40","9333","EA45","0108","010B","5A43"
"2505","1A0F","1A04","1A19","5A3D","5A32","936A"
"2506","6268","6259","6268","936A","936D","EA7B"
"2507","AB57","AB4D","AB57","EA77","EA71","1A42"
"2508","AB57","AB4D","AB57","1A42","1A39","627F"
"2509","F471","F45D","F473","627F","6276","AB7A"
"2510","3E41","3E2E","3E41","AB78","AB6E","AB7A"
"2511","9BD6","9BCC","9BD8","AB78","AB6E","F48F"
"2513","D417","D40E","1E36","F48F","F484","3E5B"
"2514","61CC","1E36","61CB","3E51","3E47","9BF2"
"2515","AFE2","61CA","AFE2","9BF2","9BE2","D417"
"2516","F8DB","AFE5","F8DC","D418","D40E","1E60"
"2517","4233","F8C5","4230","1E5D","1E53","61D2"
"2518","8B74","421E","8B7D","61D5","61C2","AFE2"
"2519","8555","8B73","D534","AFE2","AFE3","F8DB"
"2520","CE88","D533","8555","F8CF","F8D5","4230"
"2521","181F","854B","CE92","4230","421E","8B7D"
"2522","555F","CE88","1816","8B74","8B73","D54B"
"2523","84D7","1815","5560","D54B","D54B","8593"
"2524","CDE5","554B","84DF","8596","8589","CEC7"
"2525","17AC","84D5","CDE5","CEC7","CEB4","1856"
"2526","17AC","CDDB","17B3","184D","1843","5573"
"2527","606E","17A2","17B3","557D","5573","84F7"
"2528","A46C","17A2","6065","84FA","84E4","CE03"
"2529","3B81","6065","A461","CE03","CE02","17D9"
"2530","84C2","A462","F3B3","17BB","17C8","17D9"
"2531","84C2","F3A3","3B78","17BB","17C8","6083"
"2532","04D1","3B77","84C1","608C","6079","A461"
"2533","4D94","84AD","C680","A46C","A462","F3D3"
"2534","4D94","C675","04D5","F3D2","F3C9","3B81"
"2535","9751","04C9","4D94","3B83","3B77","84C1"
"2536","3ED3","4D8A","975A","84C1","84AD","C675"
"2537","DDB6","974E","1B01","C67F","C676","04C9"
"2538","25FF","1AF4","3ED8","04D1","04C9","4D94"
"2539","6F2A","3ECC","DDAC","4D94","4D8A","9769"
"2540","6F2A","DDAC","2609","9769","975F","1B2E"
"2541","F13E","25FF","6F2A","1B34","1B2A","3F02"
"2542","3EFE","B860","B872","3F0E","3F02","DDE2"
"2543","80C2","F13E","F13E","DDEC","DDD8","2627"
"2544","80C2","3EE6","3EF5","2627","261D","6F4A"
"2545","BDF9","80B8","80CB","6F3F","6F40","B887"
"2546","06B8","80B8","80CB","B887","B886","F157"
"2547","5001","BDEF","BDF9","F160","F14D","3F11"
"2548","9951","06AE","06B8","3F19","3F04","80E9"
"2549","E274","4FF7","500A","80DE","80DF","80E9"
"2550","2BAB","9946","9946","80DE","80DF","BDF0"
"2551","7581","E26C","E274","BDF9","BDE6","06B8"
"2552","BE43","2BA1","2BAB","06C3","06AE","500A"
"2553","0779","7577","758A","5001","5000","9946"
"2554","5131","0766","BE43","9950","993C","E274"
"2555","99F4","5130","0779","E26C","E262","2BAB"
"2556","17F0","99EA","5131","2BAB","2BA1","75A2"
"2558","4BA5","17E6","17E6","7597","758D","BE4C"
"2559","9359","4BA6","4BB0","BE43","BE39","0779"
"2560","DCC0","9346","9350","0779","5145","5159"
"2561","7EB9","DCB6","DCC0","514F","5145","99EB"
"2562","B3FB","7EAE","7EB2","99F4","17E6","17EE"
"2563","FF75","B3E9","B3F5","17F0","4BBD","4BC7"
"2564","FF75","FF6B","FF80","4BBF","4BBD","9350"
"2565","49C5","FF6B","FF80","9359","934F","DCDD"
"2566","8F7A","49BB","49CF","DCD5","7EA8","7EB8"
"2567","DAC0","8F77","8F7A","7EB2","7EA8","B3FB"
"2568","262F","DAB6","DACB","B3FB","FF87","FF9F"
"2569","6DCC","2630","263A","FF91","FF87","FF9F"
"2570","B668","6DC1","6DCB","FF91","49C5","49D0"
"2571","F9EF","B664","B66F","49CF","8F77","8F80"
"2572","3654","F9E6","F9FB","8F80","DAB6","DACB"
"2573","73E2","364A","3654","DAC0","DAB6","2653"
"2574","C94C","73D8","73E4","2651","2649","6DDF"
"2575","3764","C938","C942","6DE9","B65E","B668"
"2576","C7FB","3759","3763","B66E","B65E","F9FB"
"2577","1248","C7F1","C807","F9F7","F9ED","3657"
"2578","5A7C","1231","123B","F9F7","364A","73E4"
"2579","A3E4","5A66","5A7C","73E2","73D8","C95B"
"2580","E4B7","A3DA","A3E4","73E2","C959","3780"
"2581","2C38","E4A4","E4B7","C965","C7FD","C807"
"2582","74DD","2C27","2C3A","C7FB","123E","1248"
"2583","74DD","74D3","74D5","1248","5A66","5A7C"
"2584","A5A5","74D3","74D5","5A7C","A3CE","A3E4"
"2585","ED8C","A59B","A5A5","A3E4","A3CE","E4CF"
"2586","3646","ED82","ED8C","A3E4","E4BC","2C57"
"2587","B46D","ED82","3650","E4CE","2C4D","74DD"
"2588","2CD3","3646","B46D","2C4F","74CB","74DD"
"2589","73A2","DEF0","DEF1","74DD","74CB","A5A6"
"2590","BD9B","2CC9","2CD3","74DD","A59C","ED8C"
"2591","062B","7390","739A","A5A5","ED8E","3650"
"2592","5082","BD89","BD9B","ED8C","3646","B484"
"2593","98AB","0621","062B","3646","B47A","DF26"
"2594","1AD1","5079","5083","B484","DF1C","2CFA"
"2595","493A","98A1","98A3","DF31","2CF8","739A"
"2596","91CC","1AC7","1ADA","2D02","7398","BDAA"
"2597","DA84","4931","493A","739A","BDA0","0623"
"2598","5A89","91C2","91D4","BDB5","0621","509B"
"2599","910E","DA7A","DA8D","062B","5091","98A3"
"2600","DA27","5A7F","5A81","5099","1AC7","1ADA"
"2601","DA27","9102","910E","98AB","4931","4931"
"2602","1F4D","DA26","DA30","1AD1","91C2","91D6"
"2603","6D5B","DA26","DA30","493A","DA83","DA8D"
"2604","C06D","1F43","1F56","91D6","5A9D","5AAA"
"2605","FE6E","6D58","6D64","DA84","9121","9134"
"2606","5C70","C060","C06A","5AA7","DA43","DA50"
"2607","90F4","FE64","FE70","9134","DA43","DA50"
"2608","DAA7","5C68","5C70","DA4D","1F79","1F8C"
"2609","23B1","90EC","90F4","DA4D","6D6A","6D77"
"2610","6C7A","DAA0","DAA1","1F8C","C07F","C07E"
"2611","B673","239B","23B1","6D7D","FE7B","FE85"
"2612","1625","6C70","6C6C","C07E","5C7B","5C85"
"2613","9E3F","B66C","B676","FE8C","90FE","9111"
"2614","E7BE","1611","161B","5C85","DACD","DADF"
"2615","30E7","9E3F","9E49","9108","23BE","23BF"
"2616","72F6","E7A8","E7B2","DAD7","6C8E","6C8F"
"2617","B870","30E6","30E7","23C8","B699","B6AD"
"2618","00E8","72E5","72F6","6C99","1638","1642"
"2619","4965","B865","B870","B6AB","9E52","9E67"
"2620","4965","00D3","B870","1645","E7C6","E7D8"
"2621","A76F","495B","4965","9E67","30FB","72EF"
"2622","E4E7","495B","4965","E7D8","72E5","B8A4"
"2623","2E1B","A76D","4965","72EF","B89B","0104"
"2624","77DB","E4DD","A76F","B8B1","00F1","4964"
"2625","C501","2E07","E4F0","00FD","4953","4964"
"2626","08E6","77D4","2E1B","4965","A78D","4964"
"2627","50F3","C4F7","77D3","4965","E4DD","A797"
"2628","9A2E","08DC","C509","A78D","2E07","2E11"
"2629","E264","50F4","08EF","E4F0","77EC","2E11"
"2630","2C47","9A24","50FE","2E1B","C519","77E9"
"2631","8978","E251","9A2E","77F4","0911","C518"
"2632","1623","2C3F","E25B","C521","510C","091B"
"2633","3C7C","8976","2C3D","0926","9A40","510D"
"2634","855F","1610","8978","510D","E251","9A3E"
"2635","CE13","3C72","1625","9A46","2C4B","E25B"
"2636","0C0F","8555","3C85","E262","89A3","2C55"
"2637","8E36","CE11","855F","2C61","1683","89B7"
"2638","B29B","0C05","CE13","89AD","3C9B","168D"
"2639","B29B","8E2C","0C18","168D","8576","3C9B"
"2640","FB9E","B289","8E36","3CA5","CE26","8577"
"2641","455D","B289","B29F","8580","0C1D","CE30"
"2642","8DC3","FB94","B29F","CE3A","8E6E","0C27"
"2643","D6A0","4553","FBA9","0C27","B2BF","8E78"
"2644","1FE0","8DB9","455D","8E78","B2BF","B2C9"
"2645","69BA","D69F","8DCD","B2D1","FBCA","B2C9"
"2646","B260","1FD6","D6A0","B2D1","4595","FBD4"
"2647","EEE9","69AE","1FED","FBD4","8DD7","4595"
"2648","331B","B25F","69AE","4594","D6B8","8DE9"
"2649","7A93","EEEA","B269","8DE1","1FF4","D6B9"
"2650","C3C4","331A","EEE9","D6B9","69BC","2008"
"2651","5FB3","7A8C","3322","1FFE","B27E","69CF"
"2652","A85A","C3BB","7A93","69C6","EEDF","B288"
"2653","F21B","5F9F","C3C4","B28B","3339","EEF3"
"2654","3AE3","A85A","5FB4","EEF3","7A89","3343"
"2655","7857","F21C","A862","3339","C3B2","7A8A"
"2656","EA43","7843","F228","7A94","5FAB","C3C4"
"2657","2882","287C","3AE5","C3BC","A850","5FA9"
"2658","2882","287C","7859","5FA9","F234","A85A"
"2659","71C1","71AF","EA40","A85A","3AD0","F23F"
"2660","9EF3","9EE9","2886","F23F","7843","3AE3"
"2662","CE80","CE76","71C1","3AE5","EA53","7859"
"2663","6113","12B0","9EF3","784D","2873","EA55"
"2664","F657","6107","CE80","EA60","2873","2878"
"2666","2543","F653","6113","287C","71AF","2878"
"2667","6EE4","2539","F65D","287C","9EE9","71C0"
"2668","B76E","6ED0","2546","71C1","CE8F","9EF3"
"2669","00CE","B76C","6EDA","9EF3","12C8","CE99"
"2670","4A0D","00BA","B76E","CE99","6120","12C8"
"2671","E858","4A05","00CE","12C8","F653","612B"
"2672","3188","E84E","4A04","612A","2530","F65D"
"2673","7357","3175","E84F","F65D","6EED","2543"
"2674","B0FA","7355","3188","2543","B764","6EF7"
"2675","EE9B","B0EE","7357","6F02","00C4","B76E"
"2676","5A81","EE89","B0F0","B776","4A05","00C4"
"2677","93DB","5A77","EE93","00CE","E845","4A04"
"2678","93DB","93D1","5A89","4A0D","3181","E858"
"2679","E471","93D1","93DD","E858","7355","317F"
"2680","2CC3","E45C","93DD","317F","B0EE","7357"
"2681","7600","2CC3","E46D","7357","EE89","B0F0"
"2682","BF3C","75EC","2CC3","B0FA","5A77","EE93"
"2683","0895","BF3B","75FF","EE9B","93E9","5A89"
"2684","525A","524F","BF43","5A81","93E9","93F5"
"2685","9B8E","9B78","0891","93F3","E47A","93F5"
"2686","CA2A","CA28","525A","93F3","2CBB","E483"
"2687","13B1","13A7","9B8E","E48B","75EC","2CC3"
"2688","5C7A","5C70","CA2A","2CC3","BF3B","75FF"
"2689","A59E","A59D","13B1","75FF","087F","BF44"
"2691","4242","4238","A59E","BF3C","526E","0891"
"2692","8D29","8D13","4248","0895","9B95","5272"
"2693","CFA4","CF99","8D26","5272","CA2A","9BA9"
"2694","1F68","1F5E","CFA3","9BA0","13A7","CA34"
"2695","5B04","5AF2","1F5F","CA32","5C70","13B1"
"2696","A647","A63D","5B08","13B1","A59D","5C6D"
"2697","F030","F031","A652","5C7A","4259","A59E"
"2698","F030","F031","F030","A59E","8D30","4261"
"2699","3971","396E","F030","425A","CF90","8D3A"
"2700","6649","663F","3970","8D3A","1F55","CF9A"
"2701","9537","9530","6649","CFA3","5AF2","1F5F"
"2702","DE39","DE30","9545","1F68","A63D","5B08"
"2703","2716","2704","DE2F","5B04","F049","A652"
"2704","DB59","DB4F","270D","A647","F049","F049"
"2705","0AA2","0A9A","DB63","F049","3985","F049"
"2706","575D","575A","0AA3","F049","663F","398F"
"2708","A0A9","A09F","A0AB","3997","9530","6649"
"2709","E64E","E64F","E65D","6649","DE30","9545"
"2710","27C2","27C2","27CA","9546","2704","DE2F"
"2711","DDE3","DDE2","DDEC","DE39","DB77","270D"
"2712","1916","1917","1916","2716","0ABB","DB81"
"2713","62F3","AB35","62FA","DB82","577A","0AC0"
"2714","AB3F","EA6C","AB3F","0AC1","A0BA","5777"
"2715","EA76","334A","EA76","5783","E665","A0BE"
"2716","3354","9774","3354","A0BE","27D8","E670"
"2717","977E","9774","977E","E676","DE00","27E2"
"2718","977E","C841","977E","27D9","1917","DE00"
"2719","C84B","1128","C843","DE00","6312","1921"
"2720","113C","5B9D","113F","1916","AB35","631B"
"2721","5BAF","A40F","5BA8","6310","EA82","AB37"
"2722","A419","ED09","A424","AB40","334A","EA80"
"2723","ED0B","37C1","ED16","EA8A","9792","3354"
"2724","37D4","73CC","37D5","334C","9792","97A3"
"2725","73D6","C92A","73D6","979C","C857","97A3"
"2726","C93F","0AD5","C93F","979C","1152","C86A"
"2727","0AEB","0AD5","0AEA","C86B","5BBC","1159"
"2728","492B","916A","4923","1151","ED18","5BCD"
"2729","916C","4CFE","9174","5BCD","37DE","A442"
"2730","4D08","4CFE","4D08","ED2C","73C3","ED2C"
"2731","8389","8387","8391","37F1","C949","37F1"
"2732","CC77","1E94","CC77","73CD","0AFC","73CD"
"2733","1E93","1E94","1E93","C95D","4919","C95B"
"2734","54FC","54EA","54F2","0AFD","917A","0AFA"
"2735","9DBB","9DAF","9DC6","492B","4D26","4920"
"2736","F341","F337","F341","918D","83A2","918F"
"2737","F341","F337","F341","4D27","CC91","4D27"
"2738","2FA8","2F9E","2F9C","83A5","1EB2","83A5"
"2739","796C","7959","7962","CC99","5510","CC95"
"2740","B6C9","B6C9","B6D3","1EBC","9DD1","1EB1"
"2741","1816","1816","181C","5519","F34A","551B"
"2743","5531","5529","9E06","9DDC","F34A","9DDD"
"2744","9E08","9DF1","1016","F35F","2F9E","F354"
"2745","1016","1005","2B2B","F35F","7976","F354"
"2746","2B22","2B18","741D","2FA8","B6C9","2FA5"
"2747","7425","7413","BDDB","798B","1835","797D"
"2748","BDE5","BDDB","0647","B6D3","5541","B6C9"
"2749","0647","0634","A4D2","1835","9DFD","183A"
"2750","A4DA","A4D0","EE39","5552","1041","5554"
"2751","EE30","EE33","3745","9E00","2B4F","9E00"
"2752","374F","373B","7834","104B","7449","1045"
"2754","783D","7834","EE91","2B59","BE11","2B62"
"2755","AB62","AB58","EE91","7453","0652","7453"
"2756","EE9C","EE87","1C2E","0665","A4EF","BE12"
"2757","EE9C","1C2C","9F64","0665","EE45","0665"
"2758","1C2E","1C2C","DF0E","A4FA","3756","A4FD"
"2759","9F5F","9F54","2853","EE4F","7833","EE4E"
"2761","DF17","DF0D","7210","376C","AB76","376A"
"2762","2853","284A","BADF","7834","EE87","7834"
"2763","721A","720E","4DC3","AB80","1C23","AB8A"
"2764","BADF","BACB","4DC3","EE9C","1C23","EE91"
"2765","BADF","03FA","9685","1C38","9F54","1C36"
"2766","4DC3","4DB9","DFD1","1C38","DF04","1C36"
"2767","4DC3","967B","05C2","9F67","284A","9F5F"
"2768","9685","DFC3","2A18","DF17","7227","DF18"
"2769","05BA","05B8","EDCD","2853","BACB","2853"
"2770","05BA","2A0E","2652","7228","03FA","7228"
"2771","2A10","EDBB","772D","BADE","4DD8","BADE"
"2772","2659","2648","C039","03FB","967B","03FB"
"2773","2659","772D","FEC1","4DE2","DFC3","4DEB"
"2774","7737","FEB7","4818","968C","05B8","968C"
"2775","FEC1","4804","9138","DFC4","2A27","DFCD"
"2776","4817","912E","9138","05BA","EDBB","05C2"
"2777","9141","912E","DB34","2A28","265F","05C2"
"2778","9141","DB2A","2450","EDCD","772D","EDC5"
"2779","DB34","2445","6CF2","2672","C04D","2669"
"2780","2457","6CF5","B647","772D","FEB7","2669"
"2781","6CF2","B63D","FF7D","C060","480D","7737"
"2782","B647","FF7D","48BD","FEC1","912E","FEC1"
"2783","FF8A","48BE","E3C9","4817","912E","FEC1"
"2784","FF8A","E3BF","07E0","9141","DB45","4818"
"2785","48CA","07D6","50F5","9141","2463","9138"
"2786","E3BD","50E5","9603","DB4D","6CE8","9138"
"2787","50EF","95F9","E470","6CF2","B63D","DB4D"
"2788","9603","E45C","81D0","B63D","FF7D","246D"
"2789","E466","81D2","C7C1","FF8A","48BE","6CF2"
"2790","81DB","C7C3","100F","48BD","E3F5","B647"
"2791","81DB","1003","51B8","E3F2","0815","FF88"
"2792","C7C3","51B9","67AF","081F","511B","48BD"
"2793","51B9","67A3","B09D","5125","962D","E3FF"
"2794","67AB","B093","F975","9637","E492","081F"
"2795","B09D","F96B","F975","E4A6","8205","5125"
"2796","F975","F96B","722B","820F","C7B5","9637"
"2797","F975","721D","AE03","C7CC","1003","E4A6"
"2798","7220","ADF9","F741","100E","51AF","8208"
"2799","AE04","F72F","40EF","51C1","67A5","C7C1"
"2800","F741","40DD","897D","67AB","B093","1007"
"2801","40E7","897D","CDEC","B09D","F96B","51C1"
"2802","8988","CDD8","0129","F975","7255","67AF"
"2803","CDE2","0116","493F","F975","F76F","B09D"
"2804","0129","492B","915A","7255","411C","F975"
"2805","493F","9158","BFD0","AE39","8991","F975"
"2806","9162","BFBA","ED9E","F779","CDFA","7262"
"2807","BFCD","ED94","89C0","4128","014B","AE2F"
"2808","ED95","89AD","50CC","899B","4953","F76F"
"2809","89B7","50C2","8A56","CDFA","9158","411E"
"2810","50D6","8A4C","D358","0161","BFD8","CE07"
"2811","8A4C","D358","10EB","495E","ED8B","015F"
"2812","D362","10DF","5983","915A","89AD","4954"
"2813","10E0","5979","A2D9","BFE2","50C2","9164"
"2814","5983","A2CF","A2D9","ED95","8A42","BFEC"
"2815","A2CF","A2CF","FCAA","89B7","D358","ED95"
"2816","A2CF","FCA0","3063","50D6","10F7","89B7"
"2817","FCAD","3059","7E86","8A4C","5970","50D6"
"2818","3070","7E86","C7ED","D362","A2C5","8A56"
"2819","7E86","C7DC","10BB","10F7","A2C5","D358"
"2820","C7E6","10B1","59E6","597A","FCB6","1101"
"2821","10B0","59DC","A3A8","A2CF","3059","597A"
"2822","59DE","A3A6","0CA4","A2CF","7E86","A2D9"
"2823","A3A8","0C8E","39F1","FCCB","C7F4","A2D9"
"2824","0C98","39E5","8565","306D","10A6","FCC8"
"2825","39E4","8569","CFC9","7E86","59D4","306D"
"2826","8565","CFCA","6B28","C7FE","A3BF","7E86"
"2827","CFC9","6B2B","BBC4","10BA","A3BF","C806"
"2828","6B2F","BBB1","FEB0","59E6","39DD","10B0"
"2829","BBBB","FEA6","47D2","A3C0","8585","59E7"
"2830","FEB0","47C8","7398","0CA4","CFBF","A3C0"
"2831","47D2","7384","BF1D","858A","6B2B","0CA4"
"2832","738E","BF09","05E3","CFD2","6B2B","39F1"
"2833","BF1D","05E2","05E3","6B34","BBC9","858A"
"2834","05ED","05E2","4FB4","BBD3","FE9A","CFD6"
"2835","05ED","4FAA","C887","FEB0","47D4","6B2F"
"2836","4FB5","C87D","0035","47D2","7384","BBDD"
"2837","C892","002B","4948","738E","BF09","FEA4"
"2838","0035","4947","9438","BF1D","05E2","47DE"
"2839","4948","9425","DBBF","05E3","05E2","738E"
"2840","942F","DBB7","250E","05E3","4FC2","BF13"
"2841","DBB7","24F6","7716","4FCC","C89A","05E3"
"2842","250A","7716","B949","C8B1","002E","05E3"
"2843","7716","B93F","01D9","002A","4947","4FCB"
"2844","B949","01D1","2C40","4951","9425","C8AF"
"2845","01DD","2C36","BD48","942F","DBB7","002A"
"2846","2C48","BD3E","110A","DBB7","24F6","4948"
"2847","BD48","110B","84A2","250A","772F","9438"
"2848","1114","8498","AE06","772D","B961","DBBF"
"2849","84A2","ADFA","EAC9","B968","01CF","250E"
"2850","AE07","EAC8","345B","01D9","2C36","772D"
"2851","EAC9","7CED","7CEE","2C40","BD3E","B968"
"2852","345B","7CED","7CEE","BD48","1123","01D9"
"2853","7CF7","C5D6","C5E0","112D","84DA","2C48"
"2854","7CF7","0F16","0F20","84E4","AE2E","BD48"
"2855","C5E3","58AE","58AF","EB08","EAF5","1120"
"2856","0F17","A18D","A1A1","3492","3488","84E6"
"2857","58AF","C890","C89A","7D0D","7D03","AE3C"
"2858","A197","082B","0835","7D0D","7D03","EAFF"
"2859","C89A","4F5A","4F64","C5F9","C5E5","3491"
"2860","0836","A5D8","A5E2","0F3E","0F34","7D16"
"2861","4F64","E242","E24C","58CF","58BE","7D16"
"2862","A5DA","309F","30B2","A1B6","A1B4","C5F8"
"2863","E24D","774F","775B","C89A","C888","0F3E"
"2864","30B3","151B","152F","0854","084C","58CF"
"2865","7759","5F3C","5F46","4F64","4F5A","A1BE"
"2866","152F","A83D","A840","A5FA","A5F0","C89A"
"2867","5F3D","F0DC","F0DB","E27A","E27C","084A"
"2868","A840","13D1","13E2","30E0","30D0","4F59"
"2869","F0E4","3E76","3E80","7751","774F","A5FA"
"2870","13D8","8783","878D","1525","1527","E27A"
"2871","3E89","8783","878D","A867","5F54","30DA"
"2872","8785","D053","D05D","F0E4","A853","7751"
"2873","8785","5790","579A","13E3","F0DA","152F"
"2874","D05D","91AC","91B6","3E89","13D2","5F61"
"2875","579A","DA46","DA46","878D","3E76","A867"
"2876","91AC","1B05","1B10","878D","8783","F0DB"
"2877","DA51","6D98","6DA2","D05D","8783","13E2"
"2878","1B17","B611","B61B","579A","D053","3E80"
"2879","6DA2","FF54","FF55","91AC","5790","878D"
"2880","B612","488A","4894","DA51","91AC","878D"
"2881","FF5F","91CB","91DF","1B2E","DA46","D05D"
"2882","488A","D415","D41F","6DC0","1B1E","579A"
"2883","91DE","6451","645B","B612","6DC0","91B6"
"2884","D42A","AE13","AE2A","FF5F","B611","DA46"
"2885","645B","5F15","5F23","488A","FF4B","1B29"
"2886","AE1D","9968","9968","91DE","488A","6DCA"
"2887","5F1F","D6CC","D6D0","D441","91CB","B61B"
"2888","9972","1FF9","1FFC","645E","D42D","FF55"
"2889","D6D0","6999","69A3","AE35","644B","4894"
"2890","1FFC","6999","69A3","5F3D","5F37","91DF"
"2891","69AB","FC94","AAC7","9991","997D","D441"
"2892","69AB","4504","FCA8","D6E9","D6EB","645D"
"2893","AAD2","8D84","451A","2024","2018","AE42"
"2894","FCA8","BEDA","8D97","69C9","69BF","5F45"
"2895","451B","156B","BEE6","69C9","69BF","D6F9"
"2896","8D8E","541F","1576","AAC7","AABD","201A"
"2897","BEE4","9D74","5429","FCDF","FCCB","69C9"
"2898","1575","175D","9D7B","4538","4525","69C9"
"2899","5429","4C2F","1771","8D97","8D8E","AAC7"
"2900","9D7B","9770","4C37","BEF8","BEF9","FCDF"
"2901","1767","336A","9779","156B","156C","4538"
"2902","4C2F","7F00","3374","5429","541F","8D98"
"2903","9779","A942","7F01","1780","9D8D","BF03"
"2904","3374","EC42","A958","4C50","1780","1576"
"2905","7F0A","2FF2","EC4C","9791","4C46","5429"
"2906","A94C","5D5C","3007","337D","977E","9D95"
"2907","EC44","8829","5D5C","7F21","3373","4C46"
"2908","3005","8829","8832","A96A","7F17","978F"
"2909","5D66","D126","8832","EC65","A968","337D"
"2910","882A","1A00","D12C","2FFC","EC5B","7F21"
"2911","882A","C488","1A05","5D67","2FF2","A96A"
"2912","D12C","FB97","C492","882A","5D52","EC65"
"2913","1A07","4534","FBAB","882A","8829","3007"
"2914","C492","8E6C","453D","D12C","8829","5D5C"
"2915","FBA1","D67B","8E7A","1A07","D126","8832"
"2916","4547","206F","D686","C4B7","1A00","8832"
"2917","8E86","78EC","2071","FBC3","C4A1","D138"
"2918","D684","B426","78F6","4580","FBAD","19F9"
"2920","2078","9A24","FB8E","8E9D","456C","C4AB"
"2921","78F6","E2F9","9A2E","D684","8E89","FBB6"
"2922","B432","2C36","E2FB","2089","D67B","4580"
"2923","FB7F","89FF","2C38","78F6","2088","8E8F"
"2924","9A27","B51B","8A09","B461","78EC","D686"
"2925","E306","FE30","B525","FB8C","B456","2092"
"2926","2C40","4817","FE39","9A27","FB73","78F6"
"2927","8A09","4817","481F","E306","9A24","B469"
"2928","B51A","910D","481F","2C40","2C36","FB8A"
"2929","FE39","D954","9123","8A25","8A1B","9A2E"
"2930","4817","233F","D968","B541","B535","E2FB"
"2931","4817","6BBC","2340","FE5F","FE4E","2C38"
"2932","9117","B5B4","6BC7","4859","484A","8A25"
"2933","D969","F6C1","B5B5","4859","484A","B537"
"2934","234D","369A","F6CB","9140","9134","FE58"
"2935","6BCD","79CB","36AD","D969","D954","484C"
"2936","B5C6","C7E1","79DC","2367","2353","484C"
"2937","F6CB","40AB","C7EB","6BCD","6BC7","913E"
"2938","36AD","7085","40BF","B5DB","B5D1","D95E"
"2939","79DC","0F51","7096","F6D5","F6C1","235E"
"2940","C7EB","57C4","0F5B","36E4","36DB","6BC7"
"2941","40BF","A1AD","57CE","79ED","79EB","B5D4"
"2942","7091","03AC","A1BF","C804","C7F9","F6CB"
"2943","0F5B","03AC","03B6","40CD","40CE","36E5"
"2944","57CE","73F6","2AE0","70AE","70A0","79F7"
"2945","A1BF","9DCF","7409","0F75","0F6B","C806"
"2946","03B7","9DCF","9DE2","57C5","57C7","40D8"
"2947","2AEA","E642","9DE2","A1D0","A1C6","70B3"
"2948","7401","2FBA","E64C","03EE","03ED","0F75"
"2949","9DD9","B47A","2FC4","2AF8","2AF7","57D0"
"2950","9DD9","2228","2FC4","741F","740F","A1D9"
"2951","2FC4","2228","D267","9DF2","9DE8","03F7"
"2952","B484","68E1","2229","9DF2","9DE8","2AFE"
"2953","D267","B1F5","2229","E64C","E638","7423"
"2954","2234","FB06","B1F6","2FD2","2FD0","9DFB"
"2955","68EB","44B9","FB10","B4B2","B4B2","9DFB"
"2956","B200","8DAB","FB10","D294","D292","E64C"
"2957","FB19","D61D","44CE","22A1","228F","2FDA"
"2958","44CC","61D5","8DB5","6914","6900","B4BA"
"2959","8DB3","AAC8","D627","B217","B203","D294"
"2960","D631","F3E3","61E7","FB2D","FB23","2295"
"2961","61E7","3D4A","AAD1","44DB","44D1","690A"
"2962","AAD1","7AB2","F3ED","8DD2","8DC9","B219"
"2963","F3F7","C3E1","3D4A","D627","61DD","FB37"
"2964","3D4A","0955","7AC5","61DF","AABE","44E3"
"2965","7AC6","0955","C3EB","AAC8","F3E3","8DC9"
"2966","C3EA","56A9","0955","F3F7","7ABE","D627"
"2967","095D","A04B","0955","3D4A","C3E1","61E9"
"2968","095D","3220","56B5","7AC5","096B","AAC8"
"2969","56B5","7B8D","A04B","C3EA","096B","3D53"
"2970","A055","A78F","E8E0","0975","56A9","7ABC"
"2971","E8E0","D4E5","3229","0975","A068","C3EB"
"2972","3221","1D3E","7B97","56B3","E8D6","096D"
"2974","7B8D","66D9","D4F8","A072","321F","096D"
"2975","A799","17AA","1D48","E8E0","7B8D","56BD"
"2976","D4FB","4802","66DA","3229","A7A7","A072"
"2977","1D48","E9F8","17B4","7B8D","D4FF","E8EA"
"2978","66C9","30F8","4804","A7B1","1D3E","3221"
"2979","17BC","C49C","EA02","D512","66EF","7B97"
"2980","480B","06A3","3102","1D48","17AA","A7A7"
"2981","EA02","4C56","6F02","66E1","4802","D511"
"2982","310D","8DCB","C4A6","17B4","E9F1","1D48"
"2983","6EFF","8DCB","06B7","480B","30F8","66F2"
"2984","C4A6","CF32","4C60","EA02","6EF2","17BC"
"2985","06B7","14B1","8DDE","310D","C4B5","4804"
"2986","4C60","5EC6","8DDE","6EFF","06AD","E9FB"
"2987","8DDE","D2F7","CF39","C4BF","4C56","310F"
"2988","8DDE","0E2D","14B0","06AD","8DCB","6F02"
"2989","CF31","5726","5ED9","4C60","8DCB","C4BF"
"2990","14B9","A395","D30D","8DDE","14B1","06AD"
"2991","5ED0","E994","0E2C","8DDE","5EDF","4C60"
"2992","D30C","3325","5727","CF31","5EDF","8DDE"
"2993","0E37","B8E2","A397","14B9","0E22","8DDE"
"2994","5727","45F8","E99F","5EE9","571D","CF39"
"2995","A39F","910E","3325","D32B","A395","14B0"
"2996","E99E","D7DB","807A","0E38","E994","5EF1"
"2997","3325","21E3","B8F5","5727","E994","D31E"
"2998","8070","9402","4602","A39F","3325","0E38"
"2999","B8F2","C0B1","9122","E99E","807E","5727"
"3000","4602","09EE","D7E4","3325","B90A","A397"
"3001","9122","09EE","21ED","8088","45F8","E9A1"
"3002","D7DA","536C","9404","B911","910E","3325"
"3003","21F0","9C03","C0B2","4602","D7D0","8092"
"3004","9404","E4FA","09ED","9122","21EE","B906"
"3005","C0BB","1044","09ED","D7DA","9430","4602"
"3006","09F8","5A50","5372","2204","C0DD","4602"
"3007","09F8","A28C","9C18","9441","0A19","9122"
"3008","537E","CCAF","E4F9","C0F4","0A19","D7E4"
"3009","9C0D","FE5D","1058","0A2C","53A6","2203"
"3010","E4F9","45F8","5A51","0A2C","9C2C","943A"
"3011","104E","8EBF","A2A0","53A8","E513","C0E7"
"3012","5A5C","4076","CCAF","9C36","1062","0A2C"
"3013","A296","C7F6","FE72","E521","5A68","53B0"
"3014","CCAF","119C","4602","106C","A2B2","9C34"
"3015","FE69","59EB","8EC9","5A73","CCAF","E514"
"3016","460C","A30B","4075","A2B4","FE7C","1078"
"3017","8ED5","F03C","C80A","CCAF","45F8","5A72"
"3018","4080","29E9","11A6","FE84","8EC8","A2BC"
"3019","C808","728F","59EB","460C","40AC","CCAF"
"3020","11A8","728F","A315","8EC9","C837","FE8E"
"3021","59EB","BB35","F046","40AA","11C7","460F"
"3022","A31E","0570","29F4","C83F","5A06","8EC9"
"3023","29F2","48F7","7299","11DB","A323","40B6"
"3024","29F2","972D","7299","5A10","F064","C83F"
"3025","729B","F5C0","BB36","5A10","2A01","11D1"
"3026","729B","7604","057C","A335","72B6","5A10"
"3027","BB3F","BFD2","4901","2A0C","72B6","A336"
"3028","0586","0428","973D","2A0C","BB35","F066"
"3029","9738","51B6","F5D4","72C3","058D","2A00"
"3030","F5D4","9B8A","2894","72C3","48F7","72B9"
"3031","7611","38A0","760B","BB43","9727","72B9"
"3032","7611","7A6C","BFEA","05A3","F5C0","BB3B"
"3033","BFE8","B8B7","043B","4901","7600","05A2"
"3034","0432","00E5","51BE","972B","BFED","4901"
"3035","51C7","6FFA","9BA2","F5D4","0428","972F"
"3036","9B96","9B87","38B4","7611","51B6","F5D6"
"3037","38B4","ED9E","7A80","7611","9BA8","2889"
"3038","7A77","ED9E","B8CB","0432","38AA","760B"
"3039","B8CB","3720","00EF","51C7","7A76","C001"
"3040","00EF","7FE3","700A","9BB2","B8D0","043E"
"3041","700A","C910","9B94","38AA","00E5","51BE"
"3042","9B89","124A","EDA8","7A77","6FFA","9BBF"
"3043","EDA8","6885","EDA8","B8DA","9BA0","38B4"
"3044","EDA8","A6E8","372A","00F8","ED9E","7A77"
"3045","3722","CF03","7FE6","700A","ED9E","B8DA"
"3046","7FE6","1868","C91A","9BA0","373E","00F8"
"3047","C91A","612C","1254","EDB0","7FE3","700A"
"3048","125D","AA72","6897","EDB0","C91A","9BAD"
"3049","6897","2B6D","A6EA","3748","124A","EDB1"
"3050","A6F2","A1B1","CF0D","7FED","689D","EDB1"
"3051","CF0D","E695","1874","C91A","A706","3748"
"3052","1874","3491","6136","125D","CF03","7FEF"
"3053","612D","7CB9","AA86","68B0","1868","C91A"
"3054","AA86","BA14","2B7F","A710","612C","125D"
"3055","2B77","02FC","A1BB","CF10","AA72","68B0"
"3056","A1B1","4B76","E69E","1874","2BAA","A710"
"3057","E69E","4B76","3493","612D","A1E4","CF03"
"3058","349C","8E55","7CC0","AA86","E6CC","186A"
"3059","7CB8","CB80","BA26","2BAD","34BE","612D"
"3060","BA1E","1450","0306","A1EE","7CD8","AA86"
"3061","0306","5E96","4B78","E6D1","BA2C","2BB4"
"3062","4B80","A6CE","4B78","34C8","0322","A1EE"
"3063","4B80","F00B","8E5F","7CD6","4B6E","E6D1"
"3064","8E5F","393A","CB8B","BA36","4B6E","34D1"
"3065","CB8A","831B","145A","0323","8E7F","7CD6"
"3066","1451","CBC6","5EA9","4B80","CB81","BA36"
"3067","5EA0","1089","A6D8","4B80","1450","0323"
"3068","A6E1","5F01","F00C","8E88","5EBD","4B80"
"3069","F015","FC98","3944","CB8A","A6CE","4B80"
"3070","3944","2A79","8325","1451","F00B","8E88"
"3071","8325","5860","CBD1","5EBF","393A","CB81"
"3072","CBD0","A0D9","109F","A6D8","8334","145A"
"3073","109E","DF69","5F0B","F015","CBBD","5EC7"
"3074","5F0B","BF90","FCA4","3944","1092","A6D8"
"3075","FC98","BF90","2A83","8333","5F29","F015"
"3076","2A7A","0F11","5874","CBD1","FC9A","3944"
"3077","5874","5AF9","A0E3","109E","2A95","833E"
"3079","A0E3","9CE3","907D","5F29","586A","CBD0"
"3080","DF7B","EA66","BFA4","FCA2","A0E2","109C"
"3081","907D","37A2","BFA4","2A92","DF81","5F29"
"3082","BF9A","700E","0F21","586A","BF90","FC98"
"3083","BF9A","C66E","5B0E","A0E3","BF90","2A92"
"3084","0F16","07B1","9CEE","DF93","0F32","5873"
"3085","5B0E","493A","EA5D","907D","9CE3","A0E3"
"3086","9CF8","8EB7","37AC","BFA4","EA66","DFA4"
"3087","EA5D","D8A4","700E","BFA4","37BC","9086"
"3089","37AC","8D90","07C5","0F33","702A","BFA5"
"3090","7015","D69D","493A","5B03","C677","BFA5"
"3091","C677","2310","8EB8","9CF8","07BC","0F3C"
"3092","07C4","66BC","D8AE","EA5D","493A","5B0E"
"3093","493A","A4D4","8DA2","37C6","8EB7","9CEE"
"3094","8EC3","F197","D69F","7035","D8C5","EA5D"
"3095","D8AE","37C9","230D","C677","8DD1","37C6"
"3096","8DA2","37C9","66C8","07C4","D6CF","7034"
"3097","D69F","806A","A4DE","493A","2339","C677"
"3098","230D","A60C","F1AC","8EC3","66D0","07C5"
"3099","66C6","FD1C","37D2","D8C5","A4E1","4941"
"3100","A4DE","4126","37D2","8DD1","F1B4","8EC1"
"3101","F1A1","8A93","8074","D6D9","37E0","D8D2"
"3102","37D2","1037","A60C","234F","37E0","8DD1"
"3103","37D2","3E20","FD26","66E7","8089","D6D9"
"3104","8074","874D","4127","A4F5","A602","234F"
"3105","A616","D103","8A94","F1C7","FD30","66E4"
"3106","FD26","1987","103D","37DF","411D","A4EB"
"3107","4130","6267","3E2C","37DF","8A93","F1BE"
"3108","8A94","0159","8761","8089","1060","37DF"
"3109","1041","4A70","D115","A616","3E54","37DF"
"3110","3E21","771C","1991","FD45","8783","8089"
"3111","8761","88AD","6273","4127","D138","A60C"
"3112","D115","BFF8","0159","8A9E","19AF","FD45"
"3113","199B","0EC0","4A84","106A","6281","4130"
"3114","6271","B4BB","771B","3E55","0171","8A94"
"3115","0159","B4BB","88B7","878F","4A99","106A"
"3116","4A84","EFF6","C003","D14C","7711","3E55"
"3117","7724","3911","0EC6","19B9","88C2","8796"
"3118","88B7","82EC","B4C6","628B","BFF0","D142"
"3119","C004","E08A","B4C6","017C","0EC1","19B9"
"3120","0EC6","15DE","F000","4A99","B4BC","628B"
"3121","B4BB","6F0B","3916","771B","B4BC","0172"
"3122","B4BB","F153","82F0","88D4","EFF6","4A99"
"3123","F000","3A2F","E094","BFF9","3911","7724"
"3124","3914","836A","15E8","0EC7","E0C3","88CC"
"3125","82F0","CD1B","6F15","B4C5","1614","C003"
"3126","E09E","64FA","A8FE","B4C5","6F40","0EBE"
"3127","15E8","B3BC","F15D","F000","A92B","B4BB"
"3128","6F0A","FBFE","3A31","390F","F171","B4BB"
"3129","A8FE","4525","836D","830A","3A3F","F000"
"3131","F153","8226","64FB","E0CD","8387","3914"
"3132","3A31","CB6C","B3D0","1624","CD34","830B"
"3133","8374","14BD","FC08","6F42","64FA","E0CD"
"3134","CD25","14BD","452F","A935","B3D9","E0CD"
"3135","64FB","5E6E","8235","F171","FBF6","6F42"
"3136","B3CD","CCAD","CB75","3A49","4525","A935"
"3138","FC08","021C","14CC","8391","8226","A935"
"3139","4525","4B5E","5E75","CD47","CB6C","3A53"
"3140","8235","9501","CCAD","64FB","14C5","838C"
"3141","CB75","DEE2","0231","B3ED","14C5","838C"
"3142","14CC","17DF","4B64","FC08","5E84","6504"
"3143","14CC","6102","9504","4525","CCD3","B3ED"
"3144","5E75","A60E","DEE9","8227","025A","FC00"
"3145","CCAD","F3D5","17E9","CB75","4B88","4525"
"3146","022E","3D24","610B","14CC","9538","8236"
"3147","4B5C","E836","A616","5E8E","DEFD","CB75"
"3148","9504","2433","F3E9","CCDD","1802","CB75"
"3149","DEE9","6D50","3D2C","0264","6124","14CC"
"3150","17E9","B6AA","E840","4B92","A632","14CC"
"3151","6106","F387","243D","953A","F3F3","5E8E"
"3152","A616","3D53","6D5A","DF07","3D40","CCDD"
"3153","F3EA","AAC1","B6AC","180B","E836","025B"
"3154","3D20","AAC1","F387","612F","2436","4B99"
"3155","E839","CBB8","3D63","A63A","6D50","953A"
"3156","243D","14B1","AAC3","F405","B6AE","DEFD"
"3157","6D5A","5E82","AAC3","3D3E","F387","1803"
"3158","B6AC","A6E0","CBC0","E840","3D70","612E"
"3159","F387","EB1A","14C5","243D","AAEE","A63D"
"3160","3D67","EB1A","5E8C","6D5A","AAEE","F405"
"3161","AAC3","8490","A6E6","B6AC","CBEC","3D3E"
"3162","AAC3","CAD6","EB24","F387","14EF","E840"
"3163","CBB5","CAD6","3A7E","3D7A","5EB8","243D"
"3164","14C5","0DA9","84A1","AAF8","A6F6","6D5A"
"3165","5E81","939D","CAE6","AAF8","EB3B","B6B4"
"3166","A6E6","939D","0DBD","CBF3","3AAA","F390"
"3167","EB2D","5E80","4D1B","14FA","84B8","3D7A"
"3168","3A88","E3B5","939D","5EBF","CAE1","AB01"
"3169","849A","E3B5","5E8B","A70E","0DC8","AB01"
"3170","0DB3","2E8F","9A85","EB45","4D08","CBF7"
"3171","4D1C","69BD","E3B6","3AB4","939D","14FE"
"3172","93A7","B31B","2E99","84B8","939D","5EBF"
"3173","5E8A","FF20","69BF","CAE1","9A7A","A70F"
"3174","9A85","FF20","B32C","0DD2","E3B5","EB3B"
"3175","E3B6","40FA","B32C","4D12","2EA6","3ABE"
"3176","2EA3","8F16","FF33","93A7","69B5","84C1"
"3177","69C7","9CA4","4111","93A7","B31B","CAE6"
"3179","B330","E82E","9CB6","9A90","B31B","0DD2"
"3180","FF33","2E29","E838","E3B6","FF3E","4D1C"
"3181","FF33","77FB","E838","2EBB","4107","93A7"
"3182","4111","E196","2E31","69BF","4107","5E8B"
"3183","8F18","2175","E196","B330","8F16","9A85"
"3184","9CB6","6B51","E196","B330","9CBD","E3B6"
"3185","E83A","B63B","217F","FF51","E82E","2EB0"
"3186","2E29","FD4D","B649","4104","2E1F","69C7"
"3187","77F9","9C08","B649","8F18","7814","B32C"
"3188","E196","E3D9","FD58","9CCF","E18C","FF51"
"3189","217F","2CE9","9C0A","E82F","2175","FF51"
"3190","6B5E","4AE5","E3E2","2E29","6B7A","4110"
"3191","B645","6B9F","2CF5","7810","B63F","8F21"
"3192","FD58","B197","4AEF","E1A2","FD4D","9CCF"
"3193","9C12","FB02","6BA1","E1A2","9C1F","E82F"
"3194","E3E3","FB02","B1A1","6B84","E3D9","2E29"
"3195","2CEB","D595","FB0C","B645","2CE1","7810"
"3196","4AE7","FDCB","FB0C","B645","4ADD","E19F"
"3197","6BA1","46D7","FDDF","FD57","6B9F","217F"
"3198","FB03","9072","46EB","E3E3","B197","6B84"
"3199","FB03","D893","907A","E3E3","FB1A","B63E"
"3200","D5A2","2291","D8A0","2CEB","FB1A","FD58"
"3201","FDD5","7ECE","D8A0","4AE7","D5C1","9C1F"
"3202","46EA","B34A","229B","6BA1","FE01","E3E2"
"3203","907A","FB4A","7ED8","B1A1","4715","2CF3"
"3204","D896","449C","B35E","FB1A","9080","4AEF"
"3205","229B","8DAE","FB4B","FB1A","D8A9","6BA1"
"3206","7ED8","97AA","44AE","D5D6","22C8","B1A1"
"3207","B354","C8BD","8DB8","4723","7EC7","FB25"
"3208","FB4B","11D2","0D05","4723","B362","FB25"
"3209","44A6","4F2B","97AA","908A","FB41","D5CB"
"3210","8DC0","97C0","C8D0","D8B3","449C","FE0B"
"3211","0CFB","C1C5","11DC","22DB","8DAE","4717"
"3212","97B4","C1C5","4F35","7ED8","0CF1","908A"
"3213","C8D0","0B3D","97D5","B377","97D5","D8BC"
"3214","11D3","5474","C1D8","FB4B","C8F4","22DB"
"3215","11D3","9D46","C1D8","44AE","1200","7ED1"
"3216","97D5","E5D8","0B51","8DB8","4F60","B376"
"3217","C1D8","3021","5475","0CFB","97E8","FB4B"
"3218","C1D8","7859","9D47","97E9","C1E6","44AE"
"3219","C1D8","E2BB","E5E2","C905","C1E6","8DB8"
"3220","0B51","18D3","302B","1213","0B66","0D05"
"3221","5475","65C0","7862","4F6A","548C","97DF"
"3222","9D51","AEA6","E2C5","97E9","9D5B","C8FE"
"3223","E5E2","F8A5","18D4","C1F0","E5D8","1212"
"3224","3034","969E","65CA","C1F0","303E","4F74"
"3225","785A","EE35","AEA7","0B6F","7859","97F3"
"3226","E2C5","2943","F8A6","5496","E2BC","C1F0"
"3227","18DE","728B","96B1","9D65","18F5","C1F0"
"3228","65C9","AF79","EE3F","E5D8","65B7","0B66"
"3229","AEB0","F940","294D","3052","AEA6","548D"
"3230","F8AD","4273","7295","785A","F8BC","9D65"
"3231","96A8","4273","AF82","E2C5","96A8","E5D8"
"3232","EE3F","A518","F93E","18FB","EE4C","3048"
"3233","2957","D8D2","4286","65CA","294D","785A"
"3234","729F","2314","4286","AEA7","728B","E2BD"
"3235","AF7C","610C","A519","96A8","AF79","18FE"
"3236","F93E","FECB","D8E3","EE5E","F957","65BF"
"3237","427C","4835","231E","2957","4285","AEA7"
"3238","427C","DAA9","610C","729F","4285","96A8"
"3239","A522","5C3D","B832","AF7C","A518","EE5E"
"3240","D8DC","F6D8","FED5","F958","D8E8","294D"
"3241","231E","A441","4834","4293","2314","7295"
"3243","6116","ED50","DAA7","4293","610C","AF7C"
"3244","B828","2CE1","1C67","A522","B83D","F958"
"3245","FECD","B263","5C4F","D8F2","FEC3","429D"
"3247","4834","B263","6769","231E","4835","A519"
"3248","93D7","0753","A441","6116","93E8","D8FC"
"3249","DAB1","52AB","ED50","B847","DAA7","231E"
"3250","1C73","9A1E","2CEB","FED5","5C45","610C"
"3251","5C4F","C24E","7493","483F","F6D8","B850"
"3252","F6E1","0D5C","B264","93F0","676A","FED5"
"3253","6774","54A3","B264","DAB1","A458","4834"
"3254","A44B","9DC7","0753","1C72","ED6E","93E8"
"3255","ED50","2660","52C0","5C4F","2CEA","DAB2"
"3257","2CF5","4423","C24E","F6E1","B263","1C67"
"3258","7493","8D35","0D65","6774","B263","5C47"
"3259","B26B","D6DE","54A4","A462","0753","6769"
"3260","B26B","747D","9DD1","ED78","52C2","A459"
"3261","0753","BDC5","2675","2CF4","9A3A","2CF7"
"3262","52B5","0287","4425","7493","C24F","7493"
"3263","9A25","5080","8D3F","B26B","0D5C","B26B"
"3264","C258","C347","D6E0","B26B","549A","B26B"
"3265","0D5B","0C06","7489","0753","9DC7","0753"
"3266","54A4","0C06","BDC5","52CC","269F","52D8"
"3267","9DDC","554C","029B","9A46","4456","9A3C"
"3268","266A","A1AD","5095","C258","8D63","C258"
"3269","4422","E6E3","861A","0D5B","D70B","0D66"
"3270","8D3D","2F80","C347","54A4","7495","54A4"
"3271","D6DF","7966","0C06","9DDC","BDE3","9DD1"
"3272","7480","C791","0C06","26A0","02A9","26AA"
"3273","BDCF","0BF8","5556","4458","50AA","445A"
"3274","029B","7ACE","A1B6","8D6A","8635","8D76"
"3275","5092","BF0D","E6E3","D713","C345","D713"
"3276","861A","071C","2F94","749F","0C06","7498"
"3277","C347","3150","7977","BDE3","0C06","BDED"
"3278","0C10","B452","C790","02AA","5553","02AA"
"3280","0C10","FDC1","7AD8","50A7","A1A3","50A7"
"3281","5556","82FB","BF1B","8638","E6E1","8641"
"3282","A1B7","BA94","0731","C347","2F80","C34F"
"3283","E6E3","F862","3164","0C10","797E","0C06"
"3284","2F8A","4128","B45C","0C10","C79E","0C06"
"3285","7970","8A4F","FDBE","5556","0C10","5561"
"3286","C790","8A4F","82FD","A1B7","7B05","A1AD"
"3287","0C02","D39C","BA94","E6E3","BF26","E6E3"
"3288","7AE2","FD27","F875","2F8A","071C","2F94"
"3289","BF0E","47B3","4132","7988","316A","798F"
"3290","0726","8F6E","8A59","C7B6","B45C","C7B6"
"3291","3164","0D0E","8A59","0C24","FDDB","0C24"
"3292","B466","517F","D3AE","7B0F","8319","7B17"
"3293","FDBE","9F56","FD31","BF32","BA94","BF25"
"3294","82FD","368C","47BD","0726","F880","0734"
"3295","BA9E","6D58","8F81","317D","411E","3180"
"3296","4128","B68B","D217","B45C","8A4F","B466"
"3297","8A50","54C7","0D10","FDE5","8A4F","FDDD"
"3298","8A50","9DFF","5189","8319","D39C","8319"
"3299","D3A6","E73A","9F6C","BA9E","FD27","BA94"
"3300","FD28","30A1","369B","F88A","47EA","F893"
"3301","47BD","6D57","6D62","4128","8F77","4128"
"3302","8F81","9C85","B6A2","8A50","0D06","8A50"
"3303","D20E","CA7D","54D1","8A50","517F","8A50"
"3304","0D19","CA7D","9DFE","D3A6","9F56","D3AE"
"3305","5193","1248","E744","FD28","36C1","FD31"
"3306","9F69","B01B","30AF","47F4","6D99","47F4"
"3307","3694","E01E","6D62","8F82","B6CF","8F81"
"3308","6D6D","2E5E","9C98","D20E","54EE","D217"
"3309","B693","77B7","CA8F","0D18","9E17","0D10"
"3310","54D1","C19F","CA8F","5187","E757","5189"
"3312","9E09","0818","B032","9F6C","30BA","9F6C"
"3313","E744","549E","E028","36C9","6D75","36CD"
"3314","30A3","9D44","2E69","6DA1","9C8E","6D98"
"3315","6D69","E605","77B9","B6D0","CAA4","B6D8"
"3316","9C8F","1427","C1A9","54EF","CAA4","54EF"
"3318","CA8F","75A7","54A5","9E16","1248","9E1F"
"3319","CA8F","BDF5","9D58","E76B","B03F","E761"
"3320","B02F","62D4","E60F","30BC","E04C","30C4"
"3321","E028","A06A","1428","6D87","2E84","6D88"
"3322","77C1","DDC1","75B1","9C98","77B9","9C99"
"3323","C1A9","2091","BE07","CAAF","C1B6","CAAE"
"3324","082B","7122","62E6","CAAF","0818","CAAE"
"3325","54A5","7122","A06A","B048","54AA","125B"
"3326","9D57","C7FE","DDCE","E05F","9D6B","B04A"
"3327","E606","01AE","20A3","2E8E","E5FC","E05E"
"3328","1431","55B6","7124","77C1","1427","2E8E"
"3330","75B1","9498","C80E","C1C0","75A7","77C3"
"3331","BE09","DCA5","01B5","082E","BDF5","C1C0"
"3332","62DE","26AF","55C4","54B4","62D4","0822"
"3333","A072","6F27","94A4","9D75","A06A","0822"
"3334","DDBF","B974","DCAF","E606","DDC1","54BD"
"3335","20A3","19B3","26B3","1431","20A9","9D75"
"3336","712E","4CFA","6F31","75B1","7138","1431"
"3337","712E","9618","B97F","BDFF","7138","1431"
"3338","C808","34F2","19C8","62E6","C813","75B1"
"3339","01B7","78D2","4D06","A072","01C3","BE09"
"3340","55C0","C7A9","9622","DDBF","94B6","62E6"
"3341","94A9","10A3","34FC","20BB","DCA5","A06A"
"3342","DCAD","4D6D","78DC","714A","26C6","DDCA"
"3343","26B1","ADD5","C7AB","714A","6F1D","20BB"
"3344","6F27","F0DA","10AD","C81D","B997","714B"
"3345","B98C","F0DA","4D81","01CD","19D1","714B"
"3346","19C8","353A","ADD7","55CF","4D18","C828"
"3347","4D04","7E7F","F0DA","94B9","9634","01D1"
"3348","9613","D192","F0DA","DCAE","78D4","55CF"
"3350","34F4","0F4C","7E7F","26D1","C7C7","94B7"
"3351","78DC","5917","D19E","6F27","10C0","DCAF"
"3352","C7AB","A1B4","0F56","B9A2","4D8E","26CA"
"3353","10AD","EC1B","5921","19DB","ADF3","6F31"
"3354","4D78","343C","A1BE","4D24","F0E8","B995"
"3355","ADDF","7E04","EC2D","9637","355D","19DB"
"3356","F0E1","C21B","3446","3512","7E95","4D20"
"3357","F0E1","1034","7E02","78DC","D1AC","9638"
"3358","354D","8EA8","C225","C7D1","0F56","3512"
"3359","7E89","D773","1034","10CA","5937","78DE"
"3360","D19C","212E","8EB2","4D96","A1B4","C7C8"
"3361","0F56","B953","D77C","ADF5","EC3C","10CC"
"3362","5921","0253","2138","F0F2","3432","4D8F"
"3363","A1BE","4BFC","9CCD","F0F2","7E1E","ADF5"
"3364","EC25","4BFC","B951","3568","C212","F0F2"
"3365","3446","9478","0259","7EA1","1034","355D"
"3366","7E0D","DD5B","4C06","D1AD","8EA8","7EA1"
"3367","C225","26AC","4C06","0F62","D773","D1B6"
"3368","1034","7068","9482","5938","214D","0F60"
"3369","8EAA","B920","DD6D","A1C6","9CF8","5941"
"3370","D773","F59E","DD6D","EC3D","B97E","A1C6"
"3371","2138","39CF","26B2","3446","0286","EC3D"
"3372","9CD6","813F","7073","7E21","4C3B","343C"
"3373","B951","CA7F","B92A","C21C","4C3B","7E21"
"3374","0250","5CFF","F5AC","1034","949E","C225"
"3375","4C06","FBC9","39D9","8EAA","DD7B","1034"
"3376","4C06","4475","8149","D773","DD7B","8EB2"
"3377","9482","8DC0","CA89","2157","707D","D77C"
"3378","26B2","D781","13E0","9D0C","B93D","2157"
"3379","7068","146C","5D09","B988","B93D","9D02"
"3380","B932","5DCA","FBD3","0290","F59E","B988"
"3381","F59F","8B18","4487","4C45","39ED","0290"
"3382","8149","8B18","8DC1","4C45","813E","4C49"
"3383","8149","BAA7","D78B","94A0","CA7F","4C49"
"3384","13E1","FECC","1482","DD7D","5CFF","94A0"
"3385","5D09","4D31","5DCB","26C7","5CFF","DD7D"
"3386","FBDB","F4CA","8B2B","7080","FBE0","26D2"
"3387","4487","2E43","8B2B","B951","4475","708A"
"3388","8DC1","77F0","BAA8","F5AC","8DB7","B947"
"3389","8DC1","C094","FEDE","39F7","D796","F5A8"
"3390","D78E","09DC","4D31","8149","1478","3A02"
"3391","5DD5","5329","F4C9","CA89","5DCA","8151"
"3392","5DD5","9CEC","2E52","13D7","8B18","CA7F"
"3393","8B22","E62C","77F2","5D09","8B18","13D7"
"3394","8B22","7BD4","C0A0","FBF4","BABD","5D09"
"3395","BAB1","B973","09E0","448A","FEED","FBEA"
"3396","FEDE","0246","5328","8DCA","4D4A","4487"
"3397","4D31","7B72","9CEC","8DCA","F4C9","8DCA"
"3398","F4D3","99F6","E635","1480","2E44","D7A0"
"3399","2E52","99F6","7BDE","5DCB","7808","147F"
"3400","77F2","30A4","B97D","5DCB","C098","5DCB"
"3401","C096","30A4","025B","8B2B","09D8","8B2B"
"3402","09E8","795A","7B7C","BAC9","5329","8B2B"
"3403","5333","C2C1","9A01","BAC9","9D02","BABF"
"3404","9CF3","C2C1","E9AB","FEF7","E648","FEF7"
"3405","E62C","0C65","30AD","4D49","7BCA","4D49"
"3406","7BDE","5540","30AD","F4D6","B973","F4D3"
"3407","B986","9DC1","7965","2E48","0246","2E52"
"3408","025C","CE01","C2CA","7810","7BA8","781B"
"3409","7B86","167F","0C70","C09E","9A2B","C09E"
"3410","9A00","A98A","5553","09EB","EA16","09E8"
"3411","E9AB","A98A","9DC9","5333","30CA","5328"
"3412","30AD","26CB","CE0A","9D0F","30CA","9D04"
"3413","30AD","F8D4","167C","E654","7975","E64B"
"3414","7972","F8D4","5F29","7BDE","C2D5","7BD4"
"3415","C2C2","8F68","A995","B986","0C84","B97D"
"3416","0C79","D98F","26D0","025C","5559","025B"
"3417","5551","D98F","5E41","7BBC","9DC8","7BB2"
"3418","9DD2","17C8","F8DE","9A39","CE15","9A2E"
"3419","CE0A","605D","483A","EA1F","167C","EA1F"
"3420","167C","8F5D","8F68","30C9","5F1F","30D7"
"3421","5F34","8F5D","D995","30C9","A9A8","30D7"
"3422","A994","9CB3","17C5","797D","26E9","7987"
"3423","26D1","E56B","606A","C2DE","5E48","C2DE"
"3424","5E35","2F5B","8F68","0C8F","F90A","556A"
"3425","F8D5","DA81","8F68","9DC9","4857","9DCB"
"3426","4842","10D4","9CC5","CE1F","8F85","CE27"
"3427","8F68","59EC","E576","167C","D982","167C"
"3428","D98C","A348","2F6D","5F29","17E3","5F37"
"3429","17D2","ECCE","DA94","A9A9","605D","A9A9"
"3430","605E","2E0A","10DE","26E9","8F94","26E9"
"3431","8F5D","7FC3","59EA","5E5D","8F94","5E52"
"3432","8F5D","D84E","A351","F918","9CD4","F90A"
"3433","9CBC","6685","ECCB","4861","E56B","4857"
"3434","E57D","AF13","2E1D","8F86","2F8E","8F8F"
"3435","2F6D","F835","7FC9","D98C","DAA8","D98C"
"3436","DA94","420C","D864","17F0","10FD","17E3"
"3437","10DE","944C","6698","605E","5A09","6067"
"3438","59F7","C56F","AF12","8F9C","A360","8F92"
"3439","A34B","0E87","F836","8F9C","ECDF","8F92"
"3440","ECD3","0E87","4216","9CE1","2E0A","9CD6"
"3441","2E1D","5843","945E","E57D","8002","E57E"
"3442","7FC9","A058","C574","2FA4","D86C","2FA4"
"3443","D858","EA45","0E8D","DAB2","66AB","DAA9"
"3444","668F","35B2","0E8D","1107","AF08","10FD"
"3445","AF1D","789C","5844","5A14","4224","5A0C"
"3446","F836","C59C","A068","A36F","9463","A36F"
"3447","4216","0706","EA55","ECF3","C581","ECE9"
"3448","9456","4550","35CC","2E14","0E9E","2E1D"
"3449","C573","8E19","78A9","7FFE","5859","7FFE"
"3450","0E94","D752","C5AC","D876","A058","D876"
"3451","0E94","50D4","0710","66B5","EA5B","66AE"
"3452","5844","D417","455A","AF1B","35CF","AF19"
"3453","A068","1E13","8E2B","F836","78AA","F836"
"3454","EA4C","66A7","D75C","422E","C598","422E"
"3455","35BC","AF1D","50DE","9476","0706","9476"
"3456","78A6","0460","D421","C593","4546","C58D"
"3457","C5A9","355C","1E1D","0EAA","8E19","0EA1"
"3458","071A","7F13","66A7","0EAA","D752","0EA1"
"3459","4550","7F13","AF31","5861","50F3","585C"
"3460","8E23","C2EC","0460","A06A","D436","A061"
"3461","D751","12F2","3563","EA72","1E4A","EA6F"
"3463","50E8","5A11","7F26","35E3","66BB","35DA"
"3464","D421","A3E4","C303","78BE","AF27","78BF"
"3465","1E1D","176A","12F2","C5A9","0475","071A"
"3466","66A7","35D5","5A23","0710","354E","8E2B"
"3467","AF33","80FA","A3ED","4550","7F3D","D75C"
"3468","0460","CAAC","1781","8E23","C2F9","50FD"
"3469","3564","110A","35E2","D751","1326","1E5C"
"3470","7F26","5C03","8104","5107","5A11","66C5"
"3471","12FA","A786","CAC1","D435","A3FC","AF31"
"3472","5A22","4388","1112","1E54","17AC","047F"
"3473","A3ED","849F","5C06","66CE","360B","3563"
"3474","1781","C318","A79D","AF31","812A","7F45"
"3475","35E0","04D2","438A","0488","CAE0","7F45"
"3476","80F8","4958","84B1","3564","1134","C300"
"3477","CAB6","94A2","C322","7F45","5C15","1328"
"3478","1115","DBAA","04DC","7F45","A7AB","5A23"
"3479","5C10","DBAA","4964","C300","43A7","A410"
"3480","A7A2","24D2","94AC","1331","849F","17B6"
"3481","438A","6EAF","DBB4","5A22","C335","8134"
"3482","84B1","B74A","DBB4","A408","04D2","CAEA"
"3483","C32C","0095","24DC","17B6","4958","1132"
"3484","04D4","4C9F","6EBB","3613","94AB","5C27"
"3485","4957","9314","B75F","8134","DBAA","A7BD"
"3486","94AC","DC6A","009F","CAEA","DBAA","43A8"
"3487","DBAA","0523","4C9F","113D","24D2","84A9"
"3488","DBAA","34A6","931E","5C26","6EC7","C33F"
"3489","24DC","7D9E","DC74","A7BD","B74A","04D4"
"3490","6EBC","23DE","052D","43A8","0095","4962"
"3491","B75F","B135","34B0","84B1","931C","94AC"
"3492","009F","FABF","7DA8","C349","DC6C","DBB4"
"3493","4C9F","41CF","23DF","04D4","0523","DBB4"
"3494","931C","8CBC","B13F","4962","7DBF","24DC"
"3495","052D","CAB3","FABF","94B5","23DE","6ED3"
"3496","34B0","14B0","41E6","DBB4","B13F","B754"
"3497","7DA8","5DC8","8CD0","DBB4","FAD4","009F"
"3498","23E8","5DC8","CAC9","24DC","41CF","4CBD"
"3499","B13F","9F62","14BE","6ED5","8CBC","9326"
"3500","FABF","FD1B","5DDB","B754","CABE","DC74"
"3501","41E3","43A0","5DDB","009F","14CB","052D"
"3502","8CC6","8CD4","9F6C","4CBD","5DED","34C7"
"3503","14BA","EA16","FD25","9328","5DED","7DC0"
"3504","5DD3","1866","43A0","DC74","9F6A","23DF"
"3505","5DD3","619B","8CD4","052D","FD11","B149"
"3506","9F6C","A679","EA2D","34C7","43A0","FAE8"
"3507","FD1B","F4BB","186F","7DC0","8CD4","41D9"
"3508","43AA","3C9F","619A","23DF","EA4D","8CC6"
"3509","8CDE","8643","A68D","B146","18A1","CAC9"
"3510","EA20","23FD","F4BC","FADE","61C6","14D3"
"3511","1866","53EF","3CB3","41D9","A6B8","5DF2"
"3512","61A3","9C06","864D","8CD0","F4E9","5DF2"
"3513","A686","E4D6","2414","CAC0","3CC6","9F74"
"3514","F4BC","2354","53F9","14D3","865A","FD1B"
"3515","3CB3","9156","9C08","5DF2","2407","43A0"
"3516","8656","D227","E4ED","5DF2","540E","8CD4"
"3517","2407","D227","2367","9F6C","9BFE","EA63"
"3518","53F9","1D6E","9160","FD1B","E4E1","189F"
"3519","9C08","6738","D231","43AA","237E","61CE"
"3520","E4EB","ADAC","D231","8CDE","9156","A6C2"
"3521","235E","F22F","1D80","EA57","D21D","F4FC"
"3522","9160","434F","6742","18A8","D21D","3CD0"
"3523","D227","8E62","ADB6","61CE","1D6E","3CD0"
"3524","D227","D4E1","F23F","A6C4","6751","8665"
"3525","1D80","01EF","4359","F4F3","ADB3","2412"
"3526","674D","5115","8E61","3CD0","F22F","5418"
"3527","ADB5","9532","D4F6","8665","436D","9C10"
"3528","F237","DE78","0203","2412","8E57","E4E9"
"3529","4361","90D4","5129","5418","D4E1","2385"
"3530","8E61","D9D1","953C","9C10","0208","9160"
"3531","D4F2","234B","DE82","E4E9","511C","D231"
"3532","0204","6C5C","90D4","237C","9532","D231"
"3533","511F","A92B","D9DB","9157","DE91","1D80"
"3534","953E","0602","2355","D227","90E8","675B"
"3535","DE8B","34D7","6C69","D227","D9ED","ADB6"
"3536","90D4","34D7","A92F","1D80","2372","F23F"
"3537","D9DB","85EA","060C","6766","6C7B","4377"
"3538","2355","CF4A","34E1","ADB6","A92B","8E61"
"3539","6C66","1786","34E1","F237","0630","D4EB"
"3540","A92E","60A0","85F4","4377","34D7","0212"
"3541","060D","AA86","CF52","8E61","34D7","5126"
"3542","34E1","0D25","1784","D4F6","8605","953C"
"3543","34E1","3997","60B2","021A","CF63","DE9B"
"3544","85F4","82CE","AA84","5126","177C","90FC"
"3545","CF4C","CC72","0D3A","953E","AA93","D9F7"
"3546","1784","1507","39AA","DE9B","0D66","237C"
"3547","60AC","5DD8","82D8","90F2","39D7","6C85"
"3548","AA87","FCD1","CC70","DA05","8306","A939"
"3549","0D2F","45DF","1511","237C","CCA6","063A"
"3550","39AA","825B","5DDB","6C85","152F","34E3"
"3551","82D8","C5C9","FCDB","A933","5DF1","34E3"
"3552","CC79","01AE","45F4","A933","FCE9","860F"
"3553","151A","4AF5","826D","063A","45FD","CF6A"
"3554","5DE2","CC83","C5DD","34E1","8263","178E"
"3555","FCE4","CC83","01B6","34E1","C5E8","60A6"
"3556","45E9","F7C7","4AFF","8613","4AF8","AA9E"
"3557","826D","40D0","CC99","CF6E","CCB9","0D65"
"3558","C5DD","901C","CC99","178E","CCB9","39E1"
"3559","01B6","D30D","F7CE","60B1","F7FE","8307"
"3560","4AF5","1BDD","40E3","AA9C","4107","CCAD"
"3561","CC9A","7504","9026","0D65","905A","152E"
"3562","CC9A","AF04","D30E","39E1","D32B","5DF2"
"3563","F7C8","F7B4","1BF0","8307","7518","FCFE"
"3564","40E3","8A97","7506","1539","AF16","4607"
"3565","902F","CE24","AF11","1539","F7D1","8270"
"3566","D315","950F","F7BD","5DF2","45D0","C5FB"
"3567","1BE9","BAD2","45DC","FCFB","8AB5","01AD"
"3568","750F","03DE","8AA0","4611","CE17","4AFF"
"3569","AF11","4D5C","CE2A","826D","9537","CCCE"
"3570","F7C8","89D4","950D","C5FB","BB0E","CCCE"
"3571","45DC","D2B4","BAE3","01B6","0414","F7FF"
"3573","45DC","1BE9","4D66","4AF5","4D8A","4118"
"3574","CE2A","1BE9","89E2","CCCE","89F5","D335"
"3575","9519","65A1","D2B3","CCCE","D2C0","1C0E"
"3576","9519","F2CB","1BFC","F7FF","1C06","7522"
"3577","4D68","2EF1","1BFC","411A","1C06","AF26"
"3578","4D68","78D0","65B3","905D","65B4","F7DC"
"3579","89D4","C580","AE8F","D333","AE99","45DC"
"3580","D2B1","05A6","F2CC","1BFF","F2C2","8ABD"
"3581","1BFC","52D6","2F07","752D","2F0F","CE21"
"3582","1BFC","A021","78DA","AF28","78D0","BB18"
"3583","65AD","E9FA","C57F","F7E5","78D0","0414"
"3584","AE8D","3099","05A7","45DA","05B9","4D94"
"3585","F2D5","D062","52EB","8AB4","52D6","89F7"
"3586","2EFB","1915","A022","CE21","52D6","D2CA"
"3587","78DA","40AB","EA03","954E","A021","1C12"
"3588","C58B","6DE8","30A3","BB12","309B","1C12"
"3589","05A7","AD5B","30A3","041E","309B","65C8"
"3590","A02C","F619","191F","4D9D","40AB","AEA9"
"3591","EA03","9967","40AC","89F0","40AB","F2D5"
"3592","30A3","9967","6DFB","D2CB","6DE8","2F22"
"3593","D06C","D5FC","AD6F","1C11","AD71","78DA"
"3594","191F","1E90","F630","1C11","F632","C57F"
"3595","40AC","5E73","F630","65C4","9967","05C3"
"3596","6DFB","B1E9","9971","AEA9","9967","52EA"
"3597","AD63","FA58","D60F","F2D6","D61E","A022"
"3598","F62D","438A","D60F","2F22","1E88","EA1B"
"3599","9978","8D6A","1E96","78E4","B1FC","30A5"
"3600","9978","D603","B1E6","C58A","B1FC","D081"
"3601","D610","17C8","B1E6","05CE","FA49","191F"
"3602","1E94","566C","FA53","52EA","438A","40AC"
"3604","B1F0","9EB6","8D66","A023","8D80","6DFB"
"3605","FA55","6B91","D612","EA12","D60C","AD86"
"3606","438E","9F6A","17D1","30A3","17C5","F646"
"3607","8D72","E86A","566D","D08A","5663","9971"
"3608","D615","31FB","9EC0","191F","9EB6","9971"
"3609","17C7","6E57","6B99","40AC","6BC7","D626"
"3610","5676","B2B0","9F6B","6DFB","9FA0","1E91"
"3611","9ECC","01EB","E87E","AD85","E8A1","5E74"
"3612","6B9B","01EB","3200","F644","6E7D","FA53"
"3613","9F74","49CC","6E61","9978","6E7D","8D82"
"3614","E874","9240","B2B7","9978","B2C4","D60D"
"3615","3200","C18B","01EB","D627","0220","17C7"
"3616","6E6B","09E7","01EB","1E94","49EF","5676"
"3617","B2B9","52A7","49DE","B210","9240","9EC0"
"3618","01EB","9BEE","9253","FA55","C1AA","6BCF"
"3619","01EB","0978","C19F","438E","09F0","9FA2"
"3620","49DE","4E83","09F1","8D8A","52B1","E8AB"
"3621","924C","97B7","52BB","D60E","9BF1","323B"
"3622","C195","E181","9BF8","17C7","0978","6E87"
"3623","09F1","2A36","0979","5676","4E83","B2D0"
"3624","52BA","C987","4E83","9ECC","97B7","022A"
"3625","9BFB","0DBA","97CB","6BD1","E199","022A"
"3626","0982","5BBF","E180","9FAA","2A2C","49F2"
"3627","4E83","8B4B","2A36","E8B2","C9AE","9252"
"3628","97C1","AA56","C99C","3237","0DC4","C1BD"
"3629","E18A","D3A3","0DCD","6E81","5BC7","09F1"
"3630","2A40","1D3B","5BD5","B2D0","8B64","52BB"
"3631","C99B","1D3B","8B55","0220","AA4F","9BF0"
"3632","0DC4","D078","AA59","49F9","D3A4","0979"
"3633","5BD1","0210","D3AF","9252","1D55","4E8D"
"3634","8B4A","4B22","1D47","C1BE","1D55","97C1"
"3635","AA60","94D5","1D47","09F1","D0A5","E19A"
"3636","D3AD","DD5D","D082","52BA","0241","2A43"
"3637","1D3B","2640","021B","9BF8","4B64","C9BB"
"3638","D07D","7A21","4B2D","0983","9516","0DC4"
"3639","021B","B949","94E8","4E83","DD7E","5BD5"
"3640","4B2D","0207","DD65","97C1","2658","8B6E"
"3641","94DF","45F1","264D","E1A3","7A3F","AA59"
"3642","DD65","9534","7A36","2A40","B962","D3AF"
"3643","2640","328C","B95B","C9B8","0219","1D5E"
"3644","7A34","965E","020F","0DCD","45F1","1D5E"
"3645","B95C","C628","45F1","5BD1","955B","D0AF"
"3646","0205","0F3D","953D","8B61","3282","0251"
"3647","45FC","0F3D","3295","AA59","9694","4B68"
"3648","953D","4CA2","9668","D3AD","C65C","9520"
"3649","3295","9547","C628","1D57","0F6B","DD7A"
"3650","965E","DE04","0F47","1D57","4CD8","2662"
"3651","C628","DE04","4CA4","D0B4","955A","7A56"
"3652","0F47","315D","9548","0249","DE25","B96C"
"3653","4CAD","7130","DE1B","4B68","DE25","0231"
"3654","9548","FCA0","DE1B","9520","3188","45F1"
"3655","DE18","3A0F","315F","DD83","7165","955B"
"3656","DE18","7E15","713B","2659","BABB","3295"
"3657","315F","4C83","BA90","7A49","FCCD","969E"
"3658","7132","820C","FCAA","B96C","3A35","C65F"
"3659","BA8C","CB43","3A22","022F","7E2E","0F75"
"3660","FCAA","14F6","7E1F","45F2","CD6E","4CE3"
"3661","3A19","B29E","CD42","955B","4CB0","9570"
"3662","7E1F","0786","4C8D","3296","8249","DE2C"
"3663","CD42","45DE","8220","9694","CB72","DE2C"
"3664","4C8D","8F05","CB46","C65E","152F","3192"
"3665","8216","AABE","14F6","0F7D","B2C0","716E"
"3666","CB4D","F370","B2A8","4CE3","07C4","BAC2"
"3667","14F6","3BD5","0790","9564","461C","FCDF"
"3668","B2B1","3BD5","45F2","DE27","8F32","3A36"
"3669","0798","BA42","8F05","DE27","AAF4","7E2D"
"3670","45F2","DC8E","AAC0","319E","F398","CD6F"
"3671","8F05","2C4E","F37A","716E","3BE9","4CBA"
"3672","AAC0","732A","3BD4","BAC2","3BE9","824C"
"3673","F37A","BC1F","3BD4","FCD7","BA6C","CB84"
"3674","3BDC","0553","BA3F","3A3F","DCC5","1539"
"3675","3BDC","4F0A","DC8E","7E2D","2CB9","B2CC"
"3676","BA4C","E072","2C64","CD6F","734B","07C6"
"3677","DC94","2333","732B","4CC4","BC2F","4626"
"3678","2C58","4159","BC20","8258","0573","8F3C"
"3680","732B","DE82","4F1E","CB84","4F22","AB00"
"3681","BC20","2B8A","97E3","1539","97ED","F3A2"
"3682","0560","7119","E073","B2C9","E068","3BEC"
"3683","4F1E","BA6C","2334","07C6","234F","BA82"
"3684","97E3","F48A","4163","461E","414F","DCCF"
"3685","E07B","4257","DE8C","8F3C","DE9E","2CCC"
"3686","233D","8AD7","2BA1","AAFE","2BB5","734A"
"3687","4159","8AD7","712A","F399","713F","BC42"
"3688","DE89","D36F","BA7A","3BEC","BA8B","0573"
"3689","2B94","2214","F494","BA76","F4C0","4F2B"
"3690","712D","669B","4261","DCD0","427D","9801"
"3691","BA76","8EB5","8AEA","2CCC","8AF6","E073"
"3692","F49C","BC82","8AEA","7356","8AF6","2359"
"3693","4269","054C","D379","BC42","D36F","4162"
"3694","8AEA","FA4D","221E","057D","2229","2BBB"
"3695","8AEA","2DD0","66A7","4F2B","66BB","7149"
"3696","D37A","791E","8EC9","9801","8EF5","BA8C"
"3697","221E","C244","BC83","E07B","BCB8","F4D2"
"3698","669D","5902","0556","2352","056A","427E"
"3699","8EC9","AA2F","4DAB","4163","4DB9","8B09"
"3701","BC8C","F286","2DD0","DEA8","FA6B","8B09"
"3702","055F","3B24","7928","2BB2","2DEC","D36F"
"3703","4DAA","72C4","C258","7140","7933","223C"
"3704","FA63","AFE7","5917","BA95","C26C","66BB"
"3705","2DD0","F8A6","AA32","F4D2","5902","8EF6"
"3706","792A","428D","F290","427E","F2AD","BCC2"
"3707","C24E","CE53","3B24","8B09","3B24","057E"
"3708","5916","0E07","72CE","8B09","72E5","4DCD"
"3709","AA39","5727","AFF1","D36F","AFF0","FA80"
"3710","F298","A06D","F8B0","223E","F8A6","2DF9"
"3711","3B2E","E9BB","F8B0","66C3","42A5","7945"
"3712","72C4","32FB","F8B0","8EF6","CE53","C277"
"3713","AFFA","7D5A","4296","BCC2","0E07","5918"
"3714","F8BC","BE7C","0E11","057C","5727","F2BA"
"3715","F8BC","0F06","5731","4DCD","A076","3B24"
"3716","4296","3CC9","A077","FA75","E9BB","72E3"
"3717","CE5D","BB52","E9C9","2DF9","32FB","AFF1"
"3718","0E19","053C","E9C9","793D","7D92","F8B0"
"3719","5737","97C3","3303","C26D","BE7C","F8B0"
"3720","A07E","D0DD","7D5B","5917","0F06","42A5"
"3721","32FB","0DA1","BE7E","AA70","3CC9","CE65"
"3722","7D67","5763","0F1A","F2B7","BB52","0E19"
"3723","BE7A","9FE1","3CD3","3B31","0571","5731"
"3724","0F1A","9FE1","BB64","72EC","9802","A077"
"3725","3CC8","E8C7","0546","AFF1","D109","E9C9"
"3726","BB5C","3C0D","97D7","F8BC","0DD5","3305"
"3727","0546","7BF1","D0E5","F8BC","5793","7D92"
"3728","97D7","C52D","0DB6","42A5","9FFD","BE7E"
"3729","D0E5","ECF8","5764","CE5D","9FFD","0F1A"
"3730","0DB6","FFEB","9FEC","0E19","E8DD","3CD3"
"3731","576D","47BB","9FEC","5737","3C36","BB64"
"3732","9FE3","9096","E8D0","E9BE","7C1D","9802"
"3733","9FE3","43B3","3C0A","32FB","C564","D11D"
"3734","E8D0","7551","7BFB","7D9D","ED37","0DEB"
"3735","3C14","BE75","C537","BE7A","0021","57A7"
"3736","7BFD","5CA7","ED02","0F10","47E2","A000"
"3737","C537","A5C7","FFF6","3CC8","90AB","A000"
"3738","ED0A","FFBF","47CF","BB5C","43E0","E8E6"
"3739","FFF5","3903","90A0","980E","7589","3C40"
"3740","47C5","75E8","43B3","D11C","BEAA","7C27"
"3741","9094","BFA7","7558","D11C","5CBC","C575"
"3742","43BD","0826","BE75","57A6","A5D4","ED36"
"3743","755C","0826","5CB1","A007","FFFE","0022"
"3744","BE76","4C55","A5CF","A007","3938","47EF"
"3745","5CA8","9BB2","FFC9","E8DC","762B","90B8"
"3746","A5D1","0CF9","3914","3C40","BFD4","43EA"
"3747","FFD1","31E8","75FB","7C27","0850","7584"
"3748","390D","7AF0","BFA3","C575","0850","BEB1"
"3749","75F6","C48F","082F","ED36","4C6A","5CD0"
"3750","0831","0D36","082F","002E","9BED","A5EA"
"3751","0831","5603","4C5C","47E4","0D37","FFFF"
"3752","4C5C","A943","9BC9","90AC","3220","394C"
"3754","9BC7","E934","31F3","43EA","7B28","7636"
"3755","0D03","3274","7AF2","7591","C4C6","BFDF"
"3756","31F3","BD8D","C4A4","BEA7","0D55","0857"
"3757","7AFA","0642","0D3F","5CD0","5610","0857"
"3758","C499","7A7C","55FF","A5EA","A979","4C69"
"3759","0D41","B008","A94D","FFFF","E96C","9BF6"
"3760","560D","F39F","E940","3942","32A1","0D41"
"3761","A94E","F39F","3276","7635","BDA4","3221"
"3762","E93E","8360","BD8F","BFE7","0663","7B2D"
"3763","BD97","8360","0655","085B","7AA3","C4D7"
"3764","0655","8360","7A83","085B","B03D","0D5D"
"3765","7A79","CCA0","B010","4C69","F401","5621"
"3766","B006","165D","F39F","9C00","3AA4","A979"
"3767","F39F","693D","3A8F","0D41","8378","E975"
"3768","3A8F","A8F9","836A","322B","8378","32B7"
"3769","836A","D016","836A","7B2D","CCB5","BDAE"
"3770","836A","1A0B","CCAB","C4D0","1676","0665"
"3771","CCA2","620C","1667","0D5D","A939","7AB7"
"3772","166B","AADF","693E","5623","622A","B046"
"3773","693E","3255","A90C","A983","AAF8","F40B"
"3774","A90D","55FC","D020","E969","328A","3AA3"
"3775","D017","9EED","1A15","32B3","562F","838B"
"3776","1A0B","3E22","620C","BDB7","9F1C","838B"
"3777","6216","CFB9","AAF2","066D","3E4F","CCC8"
"3778","AAF2","18C5","325F","7AAD","866B","1676"
"3779","325F","551F","55FA","B03C","CFC7","697D"
"3780","55FB","97EB","9EF7","F418","18DB","A943"
"3781","9EF1","D50C","3E23","3AAE","5516","D056"
"3782","3E23","D50C","8655","8382","97FF","1A49"
"3783","8654","1DDB","CFC3","8382","D510","1A49"
"3784","18CF","681E","18CF","CCCA","D510","6235"
"3785","5527","F9B0","551F","1676","1DDB","3294"
"3786","97F5","452A","97EB","697D","6844","3294"
"3787","D516","8EFA","D51A","A942","B3CD","9F23"
"3789","D516","D570","1DDC","D04D","F9B0","3E62"
"3790","1DE9","1A23","6831","1A49","452A","8668"
"3791","6831","6AF4","B3CD","6235","8F16","CFD8"
"3792","B3CE","B360","F9BA","AB02","D578","18E5"
"3793","F9BA","FC94","4534","3294","1A23","551F"
"3794","4534","5F4D","8EFB","5638","6B12","9809"
"3795","8F04","A7D0","D584","9F2E","B360","D516"
"3796","D582","F131","1A2D","3E59","FC94","D516"
"3797","1A23","93A3","6AF4","8668","5F4D","1DDC"
"3798","6AFE","C543","B36A","CFD1","A7D0","F9C3"
"3799","B36A","0EF7","FC9E","18E5","F149","4534"
"3800","FCA9","57A9","5F5F","551D","93A5","8F13"
"3801","5F5F","A0CE","A7E4","9813","C543","D584"
"3802","A7E4","EA21","F144","D516","0F14","1A23"
"3803","F144","33EB","93A3","D516","57A2","6B1B"
"3804","93AD","73D6","C54E","1DE9","57A2","B36A"
"3805","C559","C620","0EF3","F9BA","A0D9","FC9E"
"3806","0EF7","0783","57B6","4534","EA21","5F5F"
"3807","57AF","45DC","57B6","8F1C","3407","A7E4"
"3808","57AF","8EA4","A0D7","D57A","73FD","F15C"
"3809","A0E0","5998","EA2C","1A2D","C62A","93AF"
"3810","EA2A","8834","3402","6B1B","0783","C54E"
"3811","33F3","2721","73E8","B36A","45DC","0F12"
"3812","73E8","6F95","C62B","FCA9","8EA4","57B6"
"3813","C635","B8B1","0797","5F63","D87F","57B6"
"3814","0797","01EF","45E3","A7E4","59CD","A0D7"
"3815","45E6","3F5A","8EA4","F15D","8861","EA2C"
"3816","8EA4","882B","D879","93AD","2757","3419"
"3817","D870","B03B","59A2","C559","6FB4","73FE"
"3818","59AF","B03B","8835","0F14","020D","C632"
"3819","8835","FFAD","272B","57B8","3F72","078D"
"3820","2735","46FF","6F9F","57B8","8841","45E3"
"3821","6F97","9047","B8BB","A0DF","B03B","8EA4"
"3822","B8BB","FE93","0200","EA2A","B03B","D889"
"3823","B8BB","4393","3F64","340F","FFCD","59D7"
"3824","3F6D","8CBC","8838","73FE","4708","8874"
"3825","3F6D","D69D","B04D","C628","9047","2769"
"3826","882D","1F40","B04D","0797","4393","6FB5"
"3827","B043","6898","FFB9","45E6","8CBC","B8DB"
"3828","B043","B257","4715","8EA4","D6B6","0220"
"3829","4712","FB13","9059","D889","1F4C","3F84"
"3830","9051","7F2F","FE9E","59D7","6898","8854"
"3831","FE9D","89CE","43A7","8874","B276","B045"
"3832","43A7","CD34","8CBD","2761","89E5","B045"
"3833","8CC9","1B88","D6AF","6FB5","CD2C","FFCB"
"3834","D6A7","C066","1F4A","B8DB","1BAF","4709"
"3835","1F55","F16E","68A2","0217","C09B","9059"
"3836","68AE","3A85","B261","3F7C","F1B2","FE94"
"3837","B261","3A85","FB12","8854","3ABD","43A9"
"3838","FB12","8449","7F32","B045","3ABD","8CBD"
"3839","7F32","CCBD","89D0","B045","8484","D6C0"
"3840","89D8","15A4","CD36","FFD6","CCE2","1F55"
"3841","CD3E","69C2","1B92","4713","15BB","68AE"
"3842","1B9D","A8B7","C070","9059","69DD","B280"
"3843","C079","F16B","F17B","FE9D","A8D9","FB1D"
"3844","F187","39FA","3A8B","43A9","F183","7F32"
"3845","3A92","844D","3A8B","8CC9","39FA","89E8"
"3846","3A92","CC66","845D","D6C0","846A","CD42"
"3847","845D","3A98","CCD0","1F4A","846A","1BB9"
"3848","CCD0","6087","15AF","68AD","CC70","C0AE"
"3849","15AD","0301","69D3","B280","60B3","F1BB"
"3850","69D7","4C2B","A8CD","FB1D","60B3","3ABD"
"3851","A8CD","956C","F169","7F32","4C39","3ABD"
"3852","F169","DED4","3A04","89EF","9589","848A"
"3853","3A0B","25BA","8460","CD3E","DEF3","CCEC"
"3854","8460","6594","CC7C","1BAF","DEF3","15BD"
"3855","CC79","A753","3A9F","C0A5","25E8","69F2"
"3856","3AA2","A753","608D","F1BB","65C1","A8DF"
"3857","608D","E5EC","0314","3ABD","A784","F190"
"3858","0314","2E14","4C2A","3ABD","A784","3A04"
"3859","4C2A","76E5","9576","8493","E62D","847D"
"3860","956C","E8A2","DEDE","CCE4","2E3B","CC72"
"3861","DEE5","190F","25BC","15C6","7700","3AD8"
"3862","25BC","622B","659E","69E7","E8E0","60BC"
"3863","659E","A747","A759","A8DA","1943","032A"
"3864","A758","F562","A759","F191","625F","4C4D"
"3865","A758","3D28","E600","3A0A","A775","9593"
"3866","E5F6","86E9","2E28","847D","F58F","DEFD"
"3867","2E28","E46D","76F1","CC6F","3D4E","25FE"
"3868","76E6","6F1A","E8B3","3AD8","86FB","65D5"
"3869","E8B3","B8B2","1911","60C3","E4A5","A798"
"3870","191A","0116","6237","4C4B","6F59","A798"
"3871","6237","4A30","A74B","9593","B8EF","E637"
"3873","A751","AB8E","3D37","DEFD","0137","2E45"
"3874","F56A","D1B0","86E9","25FB","4A49","76FD"
"3875","3D32","1AB9","E477","65D5","ABCF","E8EC"
"3876","86E9","1AB9","6F2E","A78D","D1E5","1950"
"3877","E477","6460","B8C5","A78D","1AEB","A789"
"3878","6F24","ACD9","0123","E62C","64A3","F599"
"3879","B8C5","F11F","4A32","2E3D","ACF8","3D50"
"3880","0119","4079","ABA3","76FD","F136","8706"
"3881","4A3A","88AB","D1B8","E8E2","40B6","E4BB"
"3882","ABA3","D1A9","1AC2","1944","88D2","6F63"
"3883","D1BA","132B","1AC2","A77E","D1BF","B8F1"
"3884","1AC4","4FE7","6469","F5A3","133E","0140"
"3885","1AC4","98C9","ACE1","3D5A","4FDC","4A53"
"3886","6469","E1EA","ACE1","870C","98C7","ABCD"
"3887","ACE1","3152","4082","E4AD","E1EA","D1E7"
"3888","F133","CB09","88BE","6F63","316A","1AF2"
"3889","408B","146D","88BE","B8F9","CB24","1AF2"
"3890","88B5","3C54","132A","0136","1484","649E"
"3891","D1A8","861A","4FE6","4A4A","8631","AD01"
"3892","1334","C8D0","4FE6","ABCD","C8FE","F140"
"3893","4FF0","087E","98D1","D1EC","0896","40C2"
"3894","98C8","5778","315C","1AFD","57A8","88DC"
"3895","E1EA","5778","315C","1AFD","57A8","D1C5"
"3896","3167","7C0E","147F","64A8","7C0E","1348"
"3897","CB0C","A98F","3C5E","ACF9","A9B1","4FF3"
"3898","147F","F1DF","3C5E","F14B","F1DF","98D1"
"3899","3C5E","3BD5","862F","40C2","3BEE","317D"
"3900","8624","E3E8","C8DA","88DC","E400","CB2E"
"3901","C8D2","1A46","088A","D1C5","1A5F","1499"
"3902","0880","63EC","5782","1348","641A","3C5E"
"3903","5782","AD06","5782","4FE6","AD1E","8647"
"3904","5782","F51E","7C18","98D1","F51E","C911"
"3905","7C18","3F1C","A9A2","317D","3F35","08A0"
"3906","F1EC","2560","F1E9","CB24","87AA","57B2"
"3907","3BDF","60DA","3BDF","148E","2556","57B2"
"3908","E3F2","A541","E3FD","3C5E","60DA","7C18"
"3909","1A47","EDBB","1A47","863B","A541","A9BA"
"3910","63F6","2C41","63EE","C911","EDBB","3BF8"
"3911","AD1A","BB22","AD10","0898","2C41","E413"
"3912","F532","FA41","F528","57A9","BB41","1A60"
"3913","3F30","FA41","3F30","7C0F","FA41","6424"
"3914","87BE","435D","87B4","A9BA","FA41","AD29"
"3915","2560","8D38","256A","F1E9","435D","F528"
"3916","60D8","D5D5","60E1","3C01","8D4F","3F49"
"3917","A54D","1F2B","A54B","E40A","D5D5","87BD"
"3918","EDBC","685D","EDC8","1A60","1F2B","2560"
"3919","2C4C","B232","2C4C","642D","685D","60E1"
"3920","BB24","FAF6","BB2C","AD29","B24F","A54B"
"3921","FA42","2826","FA4F","F528","FAEC","EDC8"
"3922","FA42","57BA","FA4F","3F3F","2830","2C4C"
"3923","4362","9980","4362","2560","57DB","BB4B"
"3924","D5EB","EA3C","8D43","60D8","9997","FA42"
"3925","1F2B","0EA3","D5E3","A543","EA54","FA42"
"3926","6860","A08C","1F35","EDC5","C59C","4368"
"3927","B23D","DCB2","6868","2C4E","0ED0","8D59"
"3928","FAF5","3283","B23A","BB41","5A75","D5E8"
"3929","2830","706B","FAFF","FA42","A09D","D5E8"
"3930","57D0","706B","283A","FA42","DCC2","6860"
"3931","998A","B90E","57CB","4362","32BB","B257"
"3932","EA3D","E72F","9982","8D5B","70AE","B257"
"3933","C571","E72F","EA3D","D5E3","70AE","FAF5"
"3934","0EAD","F4D2","C567","D5E3","B947","57E5"
"3935","5A42","EFD2","0EA4","1F2B","E764","57E5"
"3936","A093","EFD2","5A42","B259","F4F1","999B"
"3937","DCBE","6A57","A08A","B259","3DC9","EA55"
"3938","3283","B0A3","DCBE","FAF5","F007","C59D"
"3939","7077","B0A3","3283","283A","19F4","0EE1"
"3940","7077","FC28","706B","57E8","6ADC","5A73"
"3941","B90F","42B4","706B","999B","B0B6","A0B2"
"3942","E737","8C66","B91A","EA62","FC40","32BA"
"3943","F4DF","2CCE","E737","C5A8","42CF","70C2"
"3944","EFDC","C126","F4DB","0EE4","8C72","70C2"
"3945","19C8","0748","3DBD","5A73","2D10","B945"
"3946","6A6C","436B","EFDB","A0B2","7594","E764"
"3948","B0A3","B593","6A60","32C2","C157","F4F9"
"3949","FC27","D7ED","B0A3","70B8","0767","3DCA"
"3950","42B5","217B","FC32","70B8","438A","F006"
"3951","8C71","65E6","42BE","B94E","B5C9","19FE"
"3952","2CCE","FC09","8C66","E764","D82D","6AE8"
"3953","755F","FC09","2CDB","F4F9","D82D","B0CD"
"3954","C12E","45C6","7567","3DD3","21C4","FC4A"
"3955","075D","9B31","C12E","F011","6624","42D2"
"3956","4375","1A2F","0760","19FE","B709","8C89"
"3957","B59D","5B74","437E","6AE8","FC1F","2D1A"
"3958","D7F8","A0DE","B598","B0CD","45D4","759E"
"3959","D7F8","E9D2","D7FA","FC4A","9B70","C157"
"3960","217D","A558","D7FA","42DB","D939","0771"
"3961","65F0","EF15","217E","8C82","1A64","4387"
"3962","B6E2","3A2B","65F0","2D22","5BA0","B5CD"
"3963","FC0D","8078","B6E2","7595","A0FB","D838"
"3964","45D0","B7E2","FC14","C157","E9F3","D838"
"3965","9B3B","0773","45C6","0771","A58F","21D1"
"3966","D8F8","5BAD","9B46","438D","EF69","6625"
"3967","1A41","5BAD","D8F9","B5CD","3A5B","B724"
"3968","5B7E","99A4","1A39","D837","8096","FC35"
"3969","A0DF","C3BF","5B81","D837","B7F0","45E7"
"3970","E9E6","1046","A0DF","21C9","07A8","9B72"
"3971","A559","55A3","E9DC","6630","5BEB","D942"
"3972","EF1F","9E8F","A562","B719","5BEB","1A77"
"3973","3A2D","3158","EF29","FC2A","99E6","5BB4"
"3974","808C","4E08","3A35","45E5","C3ED","A0FD"
"3975","B7EB","96E8","808E","9B7A","107F","E9FD"
"3976","B7EB","DFA5","B7E3","D94D","55C1","A599"
"3977","5BB7","28D7","077D","1A77","9EA7","EF73"
"3978","5BB7","7108","5BC1","5BB5","319A","3A65"
"3979","C3C9","0BF4","5BC1","A0FD","4E40","80A0"
"3980","1046","5A1A","99AD","E9F4","971E","B7FB"
"3981","1046","9A6B","C3C9","A58F","DFBD","07AA"
"3982","55A5","D739","1046","EF74","28F5","5BF9"
"3983","9E99","1444","55A5","3A65","7109","5BF9"
"3984","316D","3EAC","9EA2","80A0","0C2A","99F9"
"3985","4E12","D407","316D","B7FB","5A47","C3FE"
"3986","96E7","D407","4E12","07B2","9A7E","107B"
"3987","DFAE","0B3F","96E7","5BED","D737","55C2"
"3988","28ED","53A8","DFAF","5BED","1444","9EBA"
"3989","7111","9D01","28E1","99F9","3EAC","31A4"
"3990","0C08","E632","710B","C401","D440","4E41"
"3991","5A1C","2E5C","0BFE","107B","0B6C","9728"
"3992","9A6B","9576","5A24","55CB","53BD","DFBD"
"3993","D73A","C070","9A75","9EB1","9D10","290A"
"3994","144E","08D3","D741","31A4","E647","7111"
"3995","3EBF","4D7C","1457","4E4C","2E53","0C34"
"3996","D40A","9B86","3EB6","971C","95AB","5A5A"
"3997","D40A","E377","D411","DFC9","C0A6","9A93"
"3998","0B4C","CEA2","D411","290A","08F1","D73A"
"3999","53B2","1721","0B49","710B","4D9C","1458"
"4000","9D01","6697","53A8","0C3D","9BA3","3EB6"
"4001","E633","A426","9D01","5A5A","E376","D44A"
"4002","2E5D","E721","E633","9A91","948C","D44A"
"4003","9580","454A","2E66","D741","CED8","0B76"
"4004","C06F","454A","9576","144E","1736","53D1"
"4005","08DD","801D","C06F","3EBF","66D1","9D1A"
"4006","4D86","C89A","08E1","D43D","A45D","2E5D"
"4007","9B9D","0CB0","4D90","D43D","E717","95AC"
"4008","E382","40FC","9B90","0B80","459D","C0AD"
"4009","945F","7EA5","E380","53C7","459D","08F2"
"4010","CEA3","ECF3","9455","9D1A","8067","4D9B"
"4011","1722","479A","CEAC","E651","C8CF","9BB7"
"4012","66AD","703B","1722","2E5D","0CD2","E376"
"4013","A430","BDBF","66A1","95B5","413B","948B"
"4014","E72C","0163","A433","C0B0","7EAF","CEDA"
"4015","455C","5060","E721","08F2","ED08","1749"
"4016","455C","0ACA","455B","4DA3","47EF","66DB"
"4017","8025","3BAB","455B","9BAD","7070","A45A"
"4018","C8A4","7FA1","801B","E376","BDFC","E721"
"4019","0CBA","C225","C89C","9496","0184","459E"
"4020","4110","F2C8","0CC2","CEDA","5085","459E"
"4021","7EB9","3B79","4110","1740","5085","8071"
"4022","ECFD","B1EF","7EAF","66D1","3C0A","0CD2"
"4023","47A4","B1EF","ED05","A45A","3C0A","4147"
"4024","7044","E43E","47A4","E72A","7FBE","4147"
"4025","BDC8","3302","7045","45A8","C247","7EB9"
"4026","0170","79A4","BDC8","45A8","F2E6","ED1A"
"4027","505B","C1B4","0178","8071","3B90","47F1"
"4028","0ADF","0B17","505B","C8DB","B222","7080"
"4030","3BC0","3574","3BC0","0CD2","B222","BDFE"
"4031","7FAC","ACF0","7FAA","413B","E483","0189"
"4032","C22B","E8AF","C22B","7EAF","79C3","508F"
"4033","F2DC","3122","F2D2","ED1A","C1B4","0B2C"
"4035","3B7B","7A6B","B1FC","47F9","0B17","3C14"
"4036","B1F0","C488","B1FC","7082","3574","7FC8"
"4037","B1F0","6D4E","E440","BDFE","AD2E","C25B"
"4038","E440","A0DC","330C","018C","E8DD","F2FB"
"4039","330C","E964","79A5","509A","3142","3B91"
"4040","79A5","2DE5","C1BE","0B1E","7A78","B22C"
"4041","C1BE","6F70","0B19","3C0C","C4C4","B22C"
"4042","0B21","B732","357E","7FBF","6D8B","E497"
"4043","3576","0135","ACFA","C25B","A11A","79CD"
"4044","ACFA","0135","E8B1","F2F0","E980","C1BE"
"4045","E8B9","772C","3125","3B99","2DFD","0B19"
"4046","312C","9CFD","7A75","B233","6F8E","357E"
"4047","7A6B","E5D4","C49C","B233","B729","AD2F"
"4048","C492","2F05","6D58","E48D","0141","E8F0"
"4049","6D61","76F0","A0E6","335B","0141","314C"
"4050","A0E6","C8A9","E96C","79D0","776E","7A8C"
"4051","E964","296D","2DE4","C1C5","9D2F","C4CE"
"4052","2DE4","5410","6F7D","0B21","E5FD","6D8E"
"4053","6F71","A18F","B733","3576","2F33","A11C"
"4054","B73C","EEAD","0135","AD2F","7708","E981"
"4055","0140","2EF5","0135","E8F1","C8BF","2E06"
"4056","0140","B2FE","7736","3143","29B8","6F8E"
"4057","7740","27CE","9D08","7A8D","5447","B73E"
"4058","9CFD","66D9","E5D3","C4C6","A1C2","0156"
"4059","E5DD","A37C","2F08","6D95","EED2","0156"
"4060","2F10","DA66","7704","E98A","2F16","776C"
"4061","76F9","1E0C","C8BD","2E05","B317","9D3F"
"4062","C8B3","6B51","2978","6F98","2826","E610"
"4063","2978","6B51","5411","B73C","672E","2F37"
"4064","5411","E606","A1A2","0156","A3A2","7722"
"4065","A1A3","1426","EEB7","0156","DA8B","C8D3"
"4066","EEB7","5D99","2EF6","776C","1E22","29C2"
"4067","2F01","A5DC","B308","9D34","6B67","5448"
"4068","B311","F021","27E3","E60F","6B67","A1D6"
"4070","27D8","374E","A391","2F41","E654","EEDC"
"4071","66E3","9FA1","DA68","771F","145D","2F1F"
"4072","A386","C490","1E0E","C8D4","5DD6","B321"
"4073","DA71","1452","6B64","29C3","A5F1","2825"
"4074","1E0E","6094","6B64","5451","F04B","6738"
"4075","6B64","A8BB","E609","A1CC","374E","DA9D"
"4076","6B64","3078","143A","EEDC","9FEE","1E35"
"4077","E610","A561","5DAD","2F16","C4BE","6B71"
"4078","143A","DD0A","A5DA","B321","1494","6B71"
"4079","5DAD","2132","F02A","2832","60C8","E65E"
"4080","A5DA","68BC","374F","6738","A8CF","1467"
"4081","F021","A67B","9FAB","A3AC","308E","5DE0"
"4082","374F","F3D3","C493","DA95","A5B4","A5F2"
"4083","9FAB","F3D3","1453","1E35","DD5D","F055"
"4084","C49D","4AB6","6094","6B7B","2150","374F"
"4085","1453","88C1","A8C7","6B7B","68E9","9FF8"
"4086","6094","CB16","3081","E654","A69A","C4CC"
"4087","A8C3","107D","A575","1467","F3E9","149E"
"4088","3079","6678","DD1C","5DD7","F3E9","60D2"
"4089","A56B","A621","2143","A5F2","4AEA","A8D0"
"4090","DD1C","DA33","68BC","F055","8921","3092"
"4091","2146","4EF6","A685","3759","CB33","A5BE"
"4092","68C6","7769","F3DD","A001","10AE","215A"
"4093","A685","C0B5","F3DD","C4CD","66B0","68EA"
"4094","F3DD","0DE8","4ABE","149E","A616","A69A"
"4095","F3DD","A82A","88CB","60D3","DA48","F3FB"
"4096","88C2","1678","CB16","A8D0","4F56","F3FB"
"4097","CB1E","4053","1087","3092","7790","4AEA"
"4098","1092","88F1","667B","A5BE","C0E9","CB34"
"4099","6682","C6A2","A62B","DD61","0DF4","10B8"
"4100","A620","0D24","DA3D","215A","A832","66AF"
"4101","DA47","5076","4EFE","68EA","16C2","A62B"
"4102","4EFE","5076","776A","A69A","40A1","DA5D"
"4103","7767","9F0E","C0BE","F3FB","892B","4F57"
"4104","C0B5","074F","0DF0","F3FB","C6B8","77A4"
"4105","0DF0","7C68","A834","4AF4","0D41","C0F1"
"4106","A834","0F59","A834","892F","5076","0DFE"
"4107","1682","580C","4069","CB34","5076","A83C"
"4108","4069","EA7C","4069","10B8","9F0E","16D4"
"4109","8906","31FC","C6AC","66B6","079B","40B3"
"4110","C6AC","7663","0D2F","A620","3440","8935"
"4111","0D2F","062D","0D2F","DA52","7C83","C6BB"
"4112","508A","75B1","508A","4F57","C950","0D53"
"4113","508A","A3E0","9F19","77AB","0F78","5080"
"4114","9F19","F2FF","9F19","C0EE","5817","5080"
"4115","075A","2D71","074F","0E0C","B316","9F0C"
"4116","3416","783D","7C7B","A83C","EABF","079B"
"4117","7C73","BEEF","7C7B","16CC","3210","344B"
"4118","C938","BEEF","0F67","40B2","767B","7C8E"
"4119","0F5F","0819","0F67","8935","0625","C95A"
"4120","5811","A0A2","5811","C6BB","75E6","0F8C"
"4121","5811","E101","B2D5","0D53","A413","5820"
"4122","B2D5","21D8","EA7C","5080","F33F","B328"
"4123","3204","67FE","3208","5080","2D86","EAD2"
"4124","3204","B020","7664","9F19","7832","3227"
"4125","766D","3155","0638","07A6","BEEF","7688"
"4126","062F","5C44","75C3","344B","BEEF","062F"
"4127","75BB","E6B1","A3E0","7C99","0819","75FC"
"4128","A3E0","8924","F307","C968","775B","75FC"
"4129","F309","D266","2D7B","0F8C","A0F1","F34B"
"4130","2D73","1DB2","783C","582B","E116","2D9B"
"4131","7846","6576","BEFB","B329","21E8","783C"
"4132","BEF0","9B25","BEFB","EAD2","681C","BEF9"
"4133","BEF0","DC02","081B","3223","B020","BEF9"
"4134","081B","223C","7739","767C","314B","BEF9"
"4135","7739","223C","A0A6","063B","5C7A","081B"
"4136","A0AE","6B6E","E10B","75F0","A36A","7770"
"4137","E103","B759","21DA","A413","E6A7","A0F1"
"4138","21E2","FDEE","6809","F351","8924","E120"
"4139","67FF","47D7","B02A","2D9A","D266","21FB"
"4140","B033","930C","315F","783C","1DB2","6825"
"4141","315F","070F","5C47","BEF0","6596","B037"
"4142","5C47","31B2","A35E","BEF0","9B28","3155"
"4143","A35E","7F4A","E6B1","081B","DC02","5C7E"
"4144","E6BB","CB0F","892E","7770","2247","A37D"
"4145","8937","5AFC","D270","A0EE","2247","E6B1"
"4146","D27A","F8DC","1DC6","E129","6B6E","892E"
"4147","1DBC","4227","6580","21FE","B759","D270"
"4148","658A","8607","9B2F","B02A","FDEE","1DC6"
"4149","9B32","C1A1","DC0C","3155","47ED","6598"
"4150","DC14","0017","2251","5C7E","9315","9B26"
"4151","2250","4B45","2251","A377","070F","DC0C"
"4152","2250","91F5","6B78","E6B1","31B2","2251"
"4153","6B78","91F5","B763","8937","7F4A","2251"
"4154","B763","DB24","FDEF","D27A","CB0F","6B78"
"4155","FDF7","2726","47D8","1DBC","124E","B763"
"4156","47D8","6950","931F","65A0","5AFA","FDEF"
"4157","931F","B79A","0719","9B26","F8DC","47EE"
"4158","0711","2F28","31B3","DC0C","422F","931F"
"4159","31BC","605A","7F5E","2250","85FC","0711"
"4160","7F55","A6A8","CB19","2250","C198","31B3"
"4161","CB25","F002","1244","6B78","002E","7F5E"
"4162","124D","3BC2","5AFD","B763","4B4F","CB19"
"4163","5AFD","8276","F8EF","FDF7","91F5","1258"
"4164","F8EE","CC47","4231","47EE","91F5","F8F0"
"4165","4239","69A1","860F","931F","DB24","4231"
"4166","860F","AB79","C1A2","0711","2726","860F"
"4167","C1AB","EB2B","0021","31BC","6950","C1A2"
"4168","0017","31ED","4B4F","7F55","B7B0","0036"
"4169","4B59","7034","91F5","CB25","2F30","4B59"
"4170","91F5","B591","91F5","1260","6057","91F5"
"4171","91F5","0585","DB38","5AFD","A6A8","91F5"
"4172","DB38","0585","2727","F8EE","F002","DB38"
"4173","2730","4BE8","6964","4239","3BC2","2730"
"4174","6963","9531","B7A4","860F","8276","6964"
"4175","B7AC","1D8C","2F3C","C1AB","CC5C","B7BA"
"4176","2F32","3F0C","6062","002D","69A1","2F3A"
"4177","6057","8978","A6A7","4B4F","AB6F","6063"
"4178","A6A7","D16D","F001","91F5","EB2B","A6A7"
"4179","F001","1B7C","3BD4","91F5","31ED","F001"
"4180","3BCE","1B7C","8276","DB38","7034","3BD4"
"4181","827F","C027","CC47","2730","B5A7","8276"
"4182","CC47","C027","69AB","6963","0585","CC5D"
"4184","69A1","F7A3","EB35","B7C3","0585","69AB"
"4185","AB84","CB33","31F7","2F3C","4BE8","EB35"
"4186","EB3D","CB33","7048","6057","9531","31F7"
"4187","31F7","0EA1","B5A4","A6A7","1DC4","7048"
"4188","703E","3DD3","058F","A6A7","3F41","B5B9"
"4189","B59B","D1E8","058F","3BCE","89CD","0587"
"4190","058F","0055","4BF0","827F","D16D","0587"
"4191","058F","2613","953B","827F","1BB2","4BE8"
"4192","4BF2","6F95","1D9D","69A9","C05B","953B"
"4193","953B","6F95","3F16","EB3D","F7D8","1DD4"
"4194","1D9D","B863","8982","703E","3FC3","89D8"
"4195","3F16","0080","D182","703E","CB5C","D182"
"4196","898C","8871","1B86","B5B1","0EA1","1BBC"
"4197","D177","B43E","628E","058F","0EA1","628E"
"4198","1B8E","FCA4","C02F","058F","D22A","C065"
"4199","628F","45F3","F7AD","4BF2","D22A","F7D8"
"4200","C02E","8F11","3FAF","953B","6FA4","3FC1"
"4201","F7A3","D741","CB3E","1DD4","6FA4","CB61"
"4202","3FAF","3360","0EB5","3F53","B877","0EAB"
"4203","CB3C","B2E2","3DD4","89CE","B877","3DDF"
"4204","0EB5","4F28","D1F2","D183","0089","D226"
"4205","3DDD","9877","0057","1BC5","889C","0094"
"4206","D1F2","C2E8","2614","628F","FCB8","2633"
"4207","0057","35F3","6F95","C05D","4600","6FB7"
"4208","261D","68AE","6F95","F7E2","8F2F","6FB7"
"4209","6F95","B130","B870","3FC1","D74B","B88B"
"4210","6F95","FA6A","0093","CB59","3397","0093"
"4211","B86D","FA6A","887B","0EB5","64AB","88B2"
"4212","0094","43D8","B43F","3DDD","B319","B475"
"4213","887A","8BDA","FCAC","D226","4F30","FCC9"
"4214","B448","E79E","45FE","008D","9880","4615"
"4215","FCA4","1539","8F1B","2633","C2E8","8F41"
"4216","45F4","5DB1","D755","6FB7","362A","D74B"
"4217","8F25","A24A","3375","6FB7","68E4","33AA"
"4218","D755","E09B","647C","B88B","B14F","64B2"
"4219","336A","2512","B2F6","0093","FA8A","B323"
"4220","647F","6882","4F32","88B1","FA8A","4F32"
"4221","B2EC","F6B4","988A","B475","43F1","988A"
"4222","4F3A","262B","C2F4","FCC9","8BDA","C2F2"
"4223","988C","ACBB","35F8","4616","E7D4","362C"
"4224","C2F4","F5A1","68B9","8F45","1566","68E5"
"4225","35F8","3DF4","B13A","D74B","5DCF","B160"
"4226","68AE","AE8B","FA74","33A1","A264","FA8C"
"4227","B144","E1E1","FA74","64A7","E0C5","FA8C"
"4228","FA7C","2519","43DF","B323","2520","43F4"
"4229","FA7C","7399","8BE4","4F3A","688C","8BEC"
"4230","43D6","7399","E7A8","988C","F701","E7DE"
"4231","8BE4","BCDB","153A","C2F4","2680","1570"
"4232","E7A0","FAB4","5DB1","362C","ACDB","5DD0"
"4233","1543","2B40","A254","68F0","F5D3","A263"
"4234","5DBB","A063","E09B","B163","3E0B","E0D9"
"4235","A254","DB6B","251C","FA94","AEC1","252A"
"4236","E0A4","24D8","6896","FA94","E236","6896"
"4237","2514","6D34","F6C9","43F4","2540","F715"
"4238","6899","B794","263F","8BEC","73CF","268A"
"4239","F6BE","FE9B","ACC6","E7D6","73CF","ACE4"
"4240","263F","5A6C","F5A1","1570","BD0E","F5DE"
"4241","ACC4","8883","3E01","5DD9","FAB4","3E1F"
"4242","F5A0","26EE","AE95","A26E","2B52","AED6"
"4244","3E08","703F","252C","E0D9","A0AD","E236"
"4245","AEA1","B8A6","73AC","252A","DBA0","2541"
"4246","252F","24EF","73AC","688C","250C","73DC"
"4247","73A3","4042","BCDB","F70B","6D4C","73DC"
"4248","73A3","8E13","FABD","2681","B7BF","BD18"
"4249","BCE1","D5B7","2B3E","ACED","FE9B","FABE"
"4250","FABE","D5B7","A06D","F5DE","5AAD","2B5C"
"4251","2B3E","1DEE","DB7E","3E13","88B8","A0C2"
"4252","A06D","671C","24E2","AED6","2705","DBAA"
"4253","DB75","B055","6D34","E236","705E","2516"
"4254","24EB","1446","B79F","2541","B8AA","6D56"
"4255","6D34","442C","FEA5","73D0","2525","FEAF"
"4256","B795","8D78","5A81","73D0","4099","5AB7"
"4257","FEAE","D5E2","888D","BD0F","8E42","88C2"
"4258","5A82","1F21","26F8","FAC5","D5D6","2707"
"4259","888E","6752","7049","2B53","D5D6","705D"
"4260","26F8","C1EC","B8B4","A0B7","1DE6","B8B4"
"4261","703F","FCF4","24F9","DBB6","671C","252F"
"4262","B8B0","8FF9","404D","2516","B055","40A2"
"4263","24F9","D28D","8E12","6D4C","1471","8E51"
"4264","4053","1E68","D5C0","FEA5","446C","D5E6"
"4265","8E12","6771","D5C0","5AAC","8DAA","D5E6"
"4267","D5CA","D69F","672C","2707","D5EB","1DEC"
"4268","D5CA","0ABD","B05F","705D","1F47","672C"
"4269","6726","4DEB","1450","B8B0","6752","B05F"
"4270","B060","4DEB","4448","252F","C217","1485"
"4271","144E","9C5D","8D84","40A1","FD20","4476"
"4272","4436","E5B9","D5E3","8E54","901E","8DA9"
"4273","8D84","2DD3","1F27","D5DD","D2B7","D5F9"
"4274","D5E3","8FE5","6757","6726","1E80","1F48"
"4275","675D","085E","C1EA","B058","6786","6751"
"4276","C1F6","4BF8","FCF3","1485","D6E3","C22B"
"4277","FCFC","958E","8FFB","4476","0B12","FD2D"
"4278","8FFB","BF40","D28C","8DB5","4E11","9031"
"4279","D27C","12A3","1E73","D600","4E11","D2CB"
"4280","1E7F","9936","6786","1F4E","9C89","1E8A"
"4281","6782","153D","D6A2","6751","E5EE","6793"
"4283","D6A9","59F2","4DF5","C22D","2DF1","D6ED"
"4284","0AD0","A3FC","4DF5","FD32","C025","0B15"
"4285","4DFE","EBA0","9C67","9031","0896","4E12"
"4286","4DFE","3A2C","E5C3","D2C9","4C11","4E12"
"4287","9C5E","7413","2DDD","1E8A","95AC","9C96"
"4288","E5C3","BD7C","8FE7","679A","BF56","E5EF"
"4289","2DE6","BD7C","BFE4","D6F3","12C3","2DF3"
"4290","8FE7","05D0","0868","0B1F","9977","9026"
"4291","BFD9","501A","4C02","4E12","156D","C02F"
"4292","0862","973B","95A2","4E12","5A13","0895"
"4294","4C02","ED6F","12B8","9C93","A434","4C11"
"4295","9598","199F","9934","E5F8","EBA0","95B6"
"4296","BF40","6870","1550","2DFF","3A7A","BF61"
"4297","12AD","B006","5A03","C026","743F","12C5"
"4298","9934","FA7E","A406","089E","BDA7","998D"
"4299","1547","4181","EBB8","4C1B","BDA7","157F"
"4300","A409","8B89","3A36","95BE","05E8","5A1D"
"4301","EBB5","7BAE","7414","BF60","504E","A432"
"4302","3A2F","C4E5","BD7D","12C5","973B","EBB5"
"4303","7414","0E28","BD7D","9987","EDA5","3A7D"
"4304","BD7D","5699","05E2","1577","19E1","7449"
"4305","BD7D","A9AD","5024","5A1D","689D","BDBA"
"4306","05DA","2324","973E","A43B","B01A","BDBA"
"4307","502F","66D4","ED71","EBAA","FA85","05F1"
"4308","9745","B52C","19B5","3A7D","4181","5062"
"4309","ED79","FD01","6870","7452","8B9F","973E"
"4310","19A9","2760","B010","BDBA","00C3","EDA7"
"4311","6872","A0A3","FA87","BDBA","7BCC","19E8"
"4312","B010","DD19","4193","05F1","C509","68B1"
"4313","FA77","1D1D","8B88","5058","0E44","B024"
"4314","418B","5B6C","008D","9745","5697","FA87"
"4315","8B88","A450","7BAD","EDA7","A9E4","4193"
"4316","008D","EC53","C4EF","19EB","DA1D","8B9F"
"4317","7BB8","61D1","0E32","68A6","2358","00C4"
"4318","C4EF","E5D1","5698","B02E","2358","7BCD"
"4319","0E3B","2F76","A9B7","FA7E","66EC","C508"
"4320","56A1","78AA","D9E5","418B","B546","0E50"
"4322","A9C2","BAAB","2323","8B9F","FD02","56A1"
"4323","D9E9","FC79","66D4","00CA","2760","A9EE"
"4324","2323","6E94","66D4","7BCD","A0D8","DA26"
"4325","2323","9424","FD06","C511","DD66","2362"
"4326","66D4","9424","FD06","0E57","1D43","2362"
"4327","B535","DC7A","2761","5698","5B83","66EB"
"4328","FD00","25CC","DD19","A9F9","A46D","B55E"
"4329","276A","6EFB","1D27","DA25","EC5A","FD00"
"4330","A0AD","B71D","1D27","2354","620C","2761"
"4331","DD19","1D4E","5B76","66F9","E5F2","A0D8"
"4332","1D30","49AC","A458","B554","2FA2","DD67"
"4333","5B6C","9027","EC5D","FD00","78DE","1D44"
"4334","A44E","21C0","61E1","276A","BAB0","5B8F"
"4335","EC67","6B13","E5DB","A0E4","FC71","A476"
"4336","61DB","B44C","2F7D","DD71","6EC1","EC64"
"4337","E5D2","934C","78B4","1D44","945A","6217"
"4338","2F7D","D0FE","BABE","5B84","945A","E5F9"
"4339","78BB","19D5","FC83","A46C","DCA4","2FAA"
"4340","BAB4","A216","6E95","EC5D","25D9","78F0"
"4341","FC83","EB55","9426","6211","6F1A","BABF"
"4342","6E9E","349E","9426","E5F9","B71E","FC83"
"4343","9426","7DD5","DC84","2FA1","1D4E","6ECB"
"4344","9426","F473","25D6","78E8","49DD","945D"
"4345","DC84","2391","6F13","BAB4","901E","945D"
"4346","25CB","6C7B","B728","FC83","D886","DCA0"
"4347","6F10","B5CC","1D58","6ED4","21C0","25E4"
"4348","6F10","FF0A","49B7","9462","6B13","6F26"
"4349","1D64","43E9","9031","9462","B442","B727"
"4350","49B5","9193","D89A","DCA0","518C","1D58"
"4351","49B5","DABA","21D7","25EA","934C","49EB"
"4352","D890","2405","6B10","6F26","19D5","9031"
"4353","21CA","AE39","B44C","B71F","58CA","D89A"
"4354","21CA","F717","5196","1D64","A216","21CA"
"4355","6B1A","404A","9357","49E9","EB55","21CA"
"4356","5196","C88A","D111","9031","EB55","B44C"
"4357","5196","11DD","19E1","D890","349E","5196"
"4358","935D","5B15","58D4","21D4","7DD5","5196"
"4359","D111","5B15","A220","21D4","F473","9357"
"4360","19D7","D3DC","EB5F","B44C","2391","D111"
"4361","58D4","0320","EB5F","5196","6C7B","19E1"
"4362","A228","4C28","349F","5196","B5CC","58D4"
"4363","EB5D","90E9","7DE8","935D","FF0A","A220"
"4364","EB5D","DEB1","F47D","D111","9193","EB5F"
"4365","34A8","27DF","239B","19D7","DABA","EB5F"
"4367","7DDF","7113","B5CC","58D4","2405","349F"
"4368","F474","BA6D","FF0C","A228","AE39","7DE8"
"4369","239B","03AD","43F3","EB5D","F717","F47D"
"4371","6C85","4568","DAC4","EB5D","404A","239B"
"4372","B5CC","8385","240F","34A8","C88A","B5CC"
"4373","FF14","1FE2","AE43","7DDF","11DD","FF0C"
"4374","43F3","691C","F722","F474","5B15","43F3"
"4375","919A","B263","404C","239B","5B15","DAC4"
"4376","DACD","FBF4","899C","6C85","D3DC","240F"
"4377","241A","3B18","C894","B5CC","0320","AE43"
"4378","AE43","C8D9","11DF","FF14","4C28","F722"
"4379","F718","D678","5B27","43F3","90E9","404C"
"4380","4054","D678","5B27","919A","DEB1","899C"
"4381","89A5","257F","D3DA","DACD","27DF","C894"
"4382","C89D","6E2A","0321","241A","7113","11DF"
"4383","11DF","B534","4C3B","AE43","BA6D","5B27"
"4384","5B28","FF1E","90F5","F718","03AD","5B27"
"4385","5B28","47AB","DEBB","4054","4568","D3DA"
"4386","D3E6","91B9","27EA","89A5","8385","0321"
"4387","032C","DA2B","7126","C89D","1FE2","4C3B"
"4388","4C2C","1D13","BA79","11DF","691C","90F5"
"4389","90EA","5A3C","03AB","5B28","B263","DEBB"
"4390","DEBA","5A3C","4572","5B28","FBF4","27EA"
"4391","27E7","A30E","838F","D3E6","3B18","7126"
"4392","7125","8AE4","1FEC","032C","C90F","BA79"
"4393","BA77","8AE4","6926","4C2C","D6A2","03AB"
"4394","03B8","D758","B26D","90EA","D6A2","4572"
"4395","4569","6A20","FBFE","DEBA","25CB","838F"
"4396","838F","6A20","3B2C","27E7","6E69","1FEC"
"4397","1FEC","A4B8","C8E3","7125","B534","6926"
"4398","691D","F226","D680","BA77","FF45","B26D"
"4399","B26D","3AEA","D680","03B8","47B3","FBFE"
"4400","FC00","3AEA","2589","4569","91D7","3B2C"
"4401","3B22","8447","6E34","838F","DA33","C919"
"4402","C8E3","AE9C","B541","1FEC","1D31","D6B5"
"4403","D676","DD91","FF28","691D","5A3C","D6B5"
"4404","D676","2682","47B5","B26D","A304","25DD"
"4405","2589","6F61","91CC","FC00","ED72","6E73"
"4406","6E40","179A","DA35","3B22","8AED","B535"
"4407","B535","4F12","1D29","C919","D74D","FF47"
"4408","FF28","9AA2","5A48","D6AC","1897","47BF"
"4409","47BD","E334","A319","D6AC","6A20","91ED"
"4410","91C3","2C76","ED66","25D5","A4D6","DA3D"
"4411","DA3D","6A4D","8AEE","6E69","F23D","1D47"
"4412","1D26","12F9","D760","B540","3ADF","5A46"
"4413","5A3F","5C32","1896","FF45","3ADF","ED83"
"4414","A319","9DF8","6A2A","47B5","8447","8AEE"
"4415","ED66","DB79","A4B8","91EB","AE9C","D760"
"4416","8AEE","1A51","F230","DA3D","DD91","1896"
"4417","D762","E827","3AF2","1D45","2682","6A2A"
"4418","189F","E827","3AF2","5A46","6F61","A4D5"
"4419","6A2A","0FD7","8451","A319","6F61","F250"
"4420","A4B8","597A","AEA6","ED83","4F1B","3AE9"
"4421","F237","A1D6","DD9B","8AEE","9AC4","3AE9"
"4422","3AE9","EB61","2692","D762","9AC4","8451"
"4423","3AE9","34D4","6F6B","189F","E32B","AEA6"
"4424","845C","7BAD","17A6","6A2A","2C76","DD9B"
"4425","AEAE","BFCF","4F1C","A4D5","6A57","2692"
"4426","DDA6","0D4D","9AA7","F250","1304","6F6B"
"4427","2688","3ABA","E33C","3AE9","5C32","17BD"
"4428","6F76","842C","2C7D","3AE9","9DF8","4F27"
"4429","17A7","CCFD","6A61","8451","DB79","9AC1"
"4430","4F1C","B654","1303","AEAE","6391","E333"
"4431","9AB0","FF0F","5C45","DDA6","E85D","2C7D"
"4432","E335","4799","9E00","2688","E85D","6A61"
"4433","2C88","8688","DB8F","6F76","100B","1303"
"4434","6A57","CD89","1A5B","17BE","59A8","5C45"
"4436","1303","1778","E831","4F1C","A1D4","9E00"
"4437","5C43","1778","E831","E340","EB98","DB8F"
"4438","9E00","6012","0FE7","2C88","350B","1A5B"
"4439","DB83","AA1A","5979","6A57","7BA3","639B"
"4440","1A52","CF49","A1E0","130E","BFD1","E867"
"4441","639B","0406","EB6D","5C43","0D4D","E867"
"4442","E831","4BAE","34E8","9E00","3AC3","1015"
"4443","E831","9470","7BAB","DB83","842C","59BE"
"4444","0FE1","473B","BFD3","1A52","CCF4","A1E0"
"4445","5979","7833","0D62","639B","7C5A","EBA4"
"4446","A1DE","C1D2","3ACD","E867","B67E","3515"
"4447","EB6B","0A30","8436","E867","FF48","7BB7"
"4448","34E7","53B6","CD07","1020","47C1","BFDC"
"4449","7BB4","07CD","7C21","59BC","86C0","0D62"
"4450","BFD1","3C09","B65B","A1E0","CD93","3AC4"
"4452","0D62","854D","47A3","EBA2","179D","8436"
"4453","3AC4","CD73","868A","351E","179D","CD07"
"4454","8442","0B32","CD9D","7BAB","600A","7C58"
"4455","CD07","5041","1782","BFD1","AA38","B688"
"4456","7C27","9B97","1782","0D62","CF50","FF48"
"4457","B65B","9B97","601E","3AC4","0425","47CB"
"4458","FF13","0840","AA1B","8442","4BA4","86C8"
"4459","47AE","2FB3","CF5C","CD07","9479","CD9D"
"4460","8692","7CE1","0410","7C5C","4770","17A0"
"4461","CD9D","C883","4BB8","B688","7884","17A0"
"4462","178B","0EC3","9483","FF48","C210","601C"
"4463","178B","5881","473C","47CD","0A30","AA42"
"4464","601C","A2EE","7847","86C0","53EB","CF5A"
"4465","AA25","E7B9","C1DC","CD9E","0803","0425"
"4466","CF51","30D5","0A45","17A0","3C48","9484"
"4467","0410","75CE","53C1","17A0","858D","477A"
"4468","9484","B0BE","07D7","601C","CD72","788C"
"4469","4745","814D","3C13","AA42","0B69","C21B"
"4470","7846","B22D","8557","CF53","9B97","0A44"
"4471","C1DD","0427","CD73","042F","9B97","0814"
"4472","0A45","","0B3C","947A","0877","3C50"
"4473","53C0","","5041","477A","2FEA","858D"
"4474","07DF","","9BA9","787C","7D20","CD73"
"4475","3C13","","9BA9","C21C","C88D","0B73"
"4476","8557","","0840","53F6","58B5","5077"
"4477","CD7D","","2FBD","080D","A2EE","9BA9"
"4478","0B3C","","7CF7","3C49","E7B9","9BA9"
"4479","5041","","C894","859A","30D5","0878"
"4480","9BAB","","0ECE","CD7C","75CE","2FF4"
"4481","9BAB","","587D","0B72","B0BE","7D2B"
"4482","084A","","A2F9","5077","8184","C894"
"4483","2FC7","","E7C6","9BA1","B25A","0F04"
"4484","7CEB","","30E8","9BA1","0477","58B6"
"4485","C894","","75D6","0881","4C98","A2F9"
"4486","0ED6","","B0C0","2FFC","8CCF","E7C3"
"4487","588A","","8157","7D22","D3A4","30E8"
"4488","A2FB","","B22D","C894","1B99","75D8"
"4489","E7BA","","0432","0F0B","1B99","B0C0"
"","30DF","","","58BE","6806","818E"
"","75CD","","","A2FB","ADE6","B264"
"","B0CA","","","30DF","","0486"
"","8157","","","75CD","",""
"","B22D","","","B0CA","",""
"","0428","","","818E","",""
"","","","","B264","",""
"","","","","0481","",""