"Seeds for the Japanese Fire Red 1.0 version farmed by トノ.","","","","","",""
"","モノラル/LR","モノラル/かたて","モノラル/ヘルプ","ステレオ/LR","ステレオ/かたて","ステレオ/ヘルプ"
"Frame","MONO/LR","MONO/L=A","MONO/HELP","STEREO/LR","STEREO/L=A","STEREO/HELP"
"2090","A236","A234","A230","A276","A260","A264"
"2091","04F6","04ED","04EB","0528","051F","0526"
"2092","3016","300D","3005","304C","3042","303B"
"2093","7FDD","7FC4","7FD4","803E","803F","8041"
"2094","C6C7","C6B4","C6BD","C6E9","C6D5","C6DE"
"2095","1008","1000","0FFC","0FFE","1000","0FFC"
"2096","596F","5966","5967","59A6","599C","599D"
"2097","A2A6","A29E","A2A7","A2DB","A2DC","A2D5"
"2098","08F6","08F6","08F8","0937","0922","092D"
"2099","3912","3909","3902","393F","3943","3938"
"2100","D6A9","D6A9","D6AB","D6AF","D6A9","D6A8"
"2101","20C1","20C1","20C3","20FF","20ED","20EF"
"2102","69E5","69D2","69DE","6A12","6A09","6A14"
"2103","AFA0","AF97","AFA3","AFA0","AFA1","AFA3"
"2104","ED4F","ED41","ED51","ED4F","ED41","ED51"
"2105","3693","3686","368D","3693","367E","368D"
"2106","73EC","73E3","73F0","73EC","73E3","73F0"
"2107","73EC","73E3","73F0","73EC","73E3","73F0"
"2108","B678","B66F","B67A","B678","B66F","B67A"
"2109","FF45","FF45","FF49","FF45","FF45","FF49"
"2110","488C","488C","4885","488C","488C","4885"
"2111","C87E","C87D","C87F","C8B3","C8B3","C8B5"
"2112","F47F","F480","F478","F4BD","F4B4","F4B6"
"2113","3D96","3D95","3D8F","3DD5","3DCC","3DCE"
"2114","865C","8653","865E","865C","865C","8655"
"2115","CFFD","CFEA","CFF1","D033","D02A","D02C"
"2116","198F","1989","198B","19C8","19B5","19B7"
"2117","777A","7777","7779","7780","7779","7773"
"2118","AABD","AAAF","AAB5","AABD","AAAF","AAB1"
"2119","2802","27F9","27FB","2802","27F9","27FB"
"2120","70F3","70EA","70ED","70F3","70EA","70E3"
"2121","B573","B56A","B563","B573","B56A","B563"
"2122","02DF","02D6","02D8","02DF","02D6","02D8"
"2123","8056","8042","804F","808C","8083","8085"
"2124","A379","A379","A372","A3AF","A3C0","A3BA"
"2125","EC93","EC93","EC8C","ECD0","ECC0","ECC9"
"2126","EC93","EC93","EC8C","ECD0","ECC0","ECC9"
"2127","3630","363B","3630","366F","366F","366E"
"2128","7EDE","7ED4","7ECC","7EFA","7EE8","7EEA"
"2129","C78D","C784","C786","C7A4","C7A5","C7AA"
"2130","10D1","10C8","10CA","10F0","10EF","10E9"
"2131","5A9F","5AA2","5A98","5AB7","5AAE","5ABC"
"2132","A35C","A35B","A35D","A383","A371","A37D"
"2133","E480","E481","E483","E48A","E477","E487"
"2134","23B7","23B6","23BA","23DE","23D5","23D7"
"2135","6B91","6B87","6B80","6B91","6B7E","6B89"
"2136","B4C3","B4B1","B4BC","B4BA","B4BD","B4BC"
"2137","FA93","FA93","FA95","FAB9","FAB2","9C1B"
"2138","9C2B","9C19","9C1B","9C22","9C19","E62B"
"2139","E610","E613","E613","E628","E62A","2EB0"
"2140","2EAF","2EAE","2EB0","2EAF","2EA6","77F8"
"2141","7808","77F6","7801","7808","77FF","B60E"
"2142","B5F8","B5E6","B5F2","B615","B604","FEA4"
"2144","FEA3","FEA2","2A4F","FEAC","FE9A","2A4F"
"2145","2A61","2A57","2A4F","2A56","2A4D","2A4F"
"2146","2A61","2A57","5794","2A56","2A4D","5794"
"2147","5783","5795","A133","5783","577A","A14A"
"2148","A144","A139","E9EA","A15D","A153","EA12"
"2149","E9F1","E9E9","996A","EA09","EA00","996A"
"2150","9967","9969","CBCC","9967","9968","CBE3"
"2151","CBCC","CBC4","17D5","CBE6","CBDF","17DE"
"2152","17E6","17D2","53BD","17DC","17DD","53BD"
"2153","53C4","53BB","AE6A","53BC","53BB","AE87"
"2154","AE71","AE6F","F377","AE8E","AE90","F377"
"2155","F38B","F377","3CEA","F37E","F377","3CEA"
"2156","3CE6","3CE9","8A70","3CE6","3CE8","8A86"
"2157","8A6F","8A6E","1B24","8A88","8A84","1B2C"
"2158","1B2B","5AEC","5AFA","1B2B","5AF8","A193"
"2159","5AF5","A195","A193","5AF5","A191","EB0D"
"2160","A19A","EB06","EB0D","A19A","EB06","55A0"
"2161","55A7","55A6","55A0","55A7","55A6","9206"
"2162","91F5","91F4","91EE","920D","920D","DB09"
"2163","DAF3","DAF3","DAF5","DB1A","DB11","DB09"
"2164","DAF3","DAF3","DAF5","DB1A","DB11","26EC"
"2165","26F2","26E9","26E3","26EA","26EA","6CF8"
"2166","6CF8","6CEF","6CF8","6D02","6CFA","A8AF"
"2167","A8AC","A8A4","A8AF","A8B5","A8A4","FFBF"
"2168","FFCF","FFBD","FFBF","FFCF","FFBD","4D14"
"2169","4D06","4CFB","4CFC","4D1E","4D13","92BB"
"2170","92A5","929C","9295","92BA","92B1","BF2E"
"2171","BF2C","BF2C","BF2E","BF35","BF23","0BF8"
"2172","0BF6","0BED","0BEF","0BF6","0BED","5189"
"2173","5199","5190","5189","5199","5190","9AFD"
"2174","9B0E","9AFB","9AFD","9B0E","9AFB","1AA4"
"2175","1A75","1A6C","1A6E","1AAB","1AA2","9B1F"
"2176","9AF8","9AF3","9AE9","9B2F","9B1D","E488"
"2177","E462","2CD1","E45D","E499","E486","2CF2"
"2178","2CE4","75F5","2CD3","2D01","2CF0","7618"
"2179","75FE","951D","7600","761F","760C","953E"
"2180","9526","DA2A","951F","953D","9534","DA3A"
"2181","DA32","2820","DA2B","DA4B","DA38","2838"
"2182","2821","2820","281A","283F","2836","2838"
"2183","2821","570A","281A","283F","2836","5729"
"2184","5713","81C5","570B","5725","571C","81D1"
"2185","81D8","CAD9","81C6","81D8","81C5","CADA"
"2186","CAD3","139F","CADA","CAD3","CADB","13A9"
"2187","13A5","BB0E","13A9","13A5","139F","BB08"
"2188","BB0F","F617","BB14","BB19","F615","F60A"
"2189","F61A","3F29","F60A","F61A","3F29","3F26"
"2190","3F33","8908","3F26","3F33","891F","891E"
"2191","891E","D1A7","8909","8934","D1A7","D1A3"
"2193","D1AC","1AE7","1AE3","D1AC","1AE7","1AE3"
"2194","1AEC","74D5","74D7","1AEC","74F2","74F4"
"2195","74DE","02F5","02EB","74FB","02E9","02F5"
"2196","02F2","478A","4794","02FE","478A","4794"
"2197","4793","965E","9660","479B","9676","9678"
"2198","9667","DE9F","DEA1","9680","DE9F","DEAA"
"2199","1C36","1C34","1C37","DEB4","1C4F","1C51"
"2200","7AA3","7A94","7A9C","1C4F","7A9F","7A9C"
"2201","B1BF","B1AE","B1AF","7AA3","B1AE","B1AF"
"2202","B1BF","B1AE","B1AF","B1C1","B1AE","B1AF"
"2203","FB68","FB53","FB54","B1C1","FB6F","FB7D"
"2204","441A","441B","441F","FB86","4410","441F"
"2205","8D4F","8D46","8D52","4426","8D46","8D52"
"2206","8D4F","D67E","8D52","8D4F","D67E","8D52"
"2207","2073","699A","2065","2084","69BF","D681"
"2208","69AB","B24D","699C","69C2","B243","69BB"
"2209","B255","F404","699C","B258","F3FB","69BB"
"2210","F40D","3245","F406","F404","3245","B245"
"2211","324E","71DE","323D","324E","71DE","F406"
"2212","324E","C521","323D","71E8","C539","323D"
"2213","C51E","7DAD","71E2","C536","7DA2","71E2"
"2214","7DB6","C6D1","C520","7DB6","C6C7","C538"
"2215","7DB6","0FE5","7DAF","C6D0","0FEF","7DA4"
"2216","C6D0","5939","C6C9","0FFA","5930","C6C9"
"2217","0FFA","9750","0FF0","5942","9750","0FF0"
"2218","5942","ED32","5932","9764","ED49","5932"
"2220","9764","2BAF","ED2C","ED52","2BD6","975D"
"2221","ED3B","2BAF","2BB8","2BD6","2BD6","ED44"
"2222","2BB8","7439","2BB8","2BD6","7444","2BCF"
"2223","2BB8","9CF7","7446","744D","9D02","743B"
"2224","7442","E672","9CF9","9D0A","E67B","9CF9"
"2225","9D0A","2F36","E67E","9D0A","2F3F","E67D"
"2226","E684","ABA0","2F42","E684","ABD6","2F42"
"2227","2F3F","ABA0","AB96","ABDF","ABD6","ABCE"
"2228","ABA9","18C4","C915","1938","1939","C957"
"2229","C926","5FB9","18CF","C95C","5FCD","193A"
"2230","18D6","5FB9","5FBD","5FE0","5FCD","5FD9"
"2231","5FC2","F1C9","A87A","5FE0","F1E8","A893"
"2232","A881","F1C9","F1D5","A89A","F1E8","F1EA"
"2233","F1D2","3B86","3B7F","F1F1","3B95","3BA0"
"2234","3B86","D92A","D92D","3BA7","D92D","D922"
"2235","D929","1BAE","1BA8","D935","1BC5","1BD0"
"2236","1BB7","58A2","58A4","1BD7","58AC","58AE"
"2237","58B8","A16C","A16E","58B5","A16C","A16E"
"2238","A17F","E007","E009","A17E","E027","E028"
"2239","E008","2837","2839","E026","2841","2841"
"2240","2848","715E","7157","2848","7161","7157"
"2241","7167","715E","7157","7167","7161","7157"
"2242","7167","BA97","BAA2","7167","BAA0","BAA2"
"2244","BAA9","0006","4D79","BAA9","001E","0017"
"2245","000F","4D6E","96F1","0027","4D7A","4D70"
"2246","4D80","96EF","DF90","4D77","970D","9718"
"2247","9701","DF8E","28E6","9720","DF85","DF87"
"2248","DF8E","28E5","7236","DF8E","28E5","28E6"
"2249","28ED","7234","A01F","28ED","7234","7236"
"2250","723E","A014","CEFA","723E","A02B","A038"
"2251","A01D","CF00","1766","A034","CF18","CF12"
"2252","CF01","175B","60D6","CF19","175B","1766"
"2253","1764","60D7","4E58","1764","60EF","60EE"
"2254","60E0","4E60","9A8F","60F8","4E56","4E61"
"2255","4E69","9A87","E54E","4E5F","E54C","9AAC"
"2256","9A96","E54C","2AFD","9AB5","2AFB","E54E"
"2257","E555","2AFB","5E0D","E54D","5E15","2B07"
"2258","2B0E","5E15","B5C1","2B0E","B5CE","5E18"
"2259","5E1E","B5B8","01CB","5E1E","01C2","B5D2"
"2260","B5BF","01C2","01CB","B5D9","01C2","01CB"
"2261","01D2","01C2","478F","01D1","4794","01CB"
"2262","01D2","4794","8922","01D1","8921","478F"
"2263","479B","8921","CA8B","479B","CA96","8922"
"2264","8920","CA96","100A","8920","1008","CA8B"
"2265","CA92","1008","5A18","CA92","5A25","100A"
"2266","1019","5A0D","CA50","1019","CA58","5A2F"
"2267","5A16","CA4E","061E","5A2E","0651","CA5A"
"2268","CA62","061D","4A5D","CA65","4A5B","064A"
"2269","0625","4A5B","A285","065A","A2B3","4A65"
"2270","4A6B","A283","DD64","4A6B","DD96","A2B5"
"2271","A282","DD6C","27AF","A2B7","27E3","DD99"
"2272","DD74","27B6","BCFD","DDA9","BD30","27E4"
"2273","27BF","BCFA","0E62","27EC","0E99","BD29"
"2274","BD03","0E59","3D1B","BD30","3D41","0E9B"
"2275","0E62","3D19","8F09","0EA2","8F4D","3D4B"
"2276","3D1F","8EFB","C3DA","3D52","C418","8F4E"
"2277","8F0E","C3E2","0E1B","8F3B","0E59","C41D"
"2278","C3E1","0E22","68A7","C421","68DB","0E59"
"2279","0E2B","689C","68A7","0E60","68DB","68DD"
"2280","68AE","689C","9B6D","68DB","9BAB","68DD"
"2281","68AE","9B75","E4AD","68DB","E4E0","9BAC"
"2282","9B74","E4AB","2E55","9BB5","2E94","E4EC"
"2283","E4B4","2E53","76F7","E4F4","7713","2E96"
"2284","2E66","76F5","BFD1","2E93","BFE6","7715"
"2285","76FE","BFC5","08FC","771C","0917","BFDF"
"2286","BFD7","0903","52BD","BFEF","52DE","0919"
"2287","0901","52C4","9B85","0920","9BA1","52D6"
"2288","52CD","9B83","C3E0","52E9","C3DE","9BAD"
"2289","9B8C","C3D4","BDEC","9BAA","BE09","C3D6"
"2290","C3DD","BDEA","05FA","C3DD","05F9","BE0B"
"2291","BDF5","05F8","4204","BE09","41F6","05F1"
"2292","0601","41F6","77DA","05F8","77D7","41F8"
"2293","420D","77D7","C0D7","420D","C0E2","77DA"
"2294","77D7","C0E2","0AC4","77D7","0AD8","C0D7"
"2295","C0DE","0AC2","51BD","C0DE","51E8","0ADA"
"2296","0AD3","51BB","91A9","0AED","91DD","51F2"
"2297","51C4","91A8","F5AD","51F1","F5DD","91D7"
"2298","91A7","F59F","F5AD","91E4","F5DD","F5D6"
"2300","F5A8","F59F","6D28","F5DD","2511","F5D6"
"2301","F5A8","24E1","B620","F5DD","6D44","2511"
"2302","24E3","6D15","FF1D","2517","B635","6D46"
"2303","6D29","B61D","4459","6D3D","FF42","B638"
"2304","B627","FF1B","91E5","B635","4478","FF44"
"2305","FF24","4457","F48A","FF41","9202","4472"
"2306","4460","91E3","2165","4479","F4A9","920C"
"2307","91F5","F480","6A60","920B","2163","F4A8"
"2308","F494","215B","B3B8","F4B2","6A5E","215D"
"2309","216E","6A5E","FCDD","216C","B3BF","6A69"
"2310","6A67","B3BF","9BB1","6A67","FCD8","B3B8"
"2311","B3C8","FCCE","E582","B3C8","9BAF","FCDA"
"2312","FCE1","9BAD","369B","FCD7","E59A","9BB1"
"2313","9BB8","E584","556D","9BB1","36D4","E59A"
"2314","E589","3699","8792","E5A3","5598","36D6"
"2315","5577","5562","D063","36D1","87C6","559A"
"2316","87A1","8798","6284","55AA","D0A0","87D0"
"2317","D06A","D06B","6284","87D7","62AC","D09A"
"2318","6295","628C","8D14","62B2","62AC","62AB"
"2319","6295","628C","DC21","62B2","8D29","62AB"
"2320","8D1B","8D09","23E0","8D29","DC4C","8D22"
"2321","DC28","DC1F","6CAB","DC55","23FB","DC4E"
"2322","23E7","23DE","B6CC","2404","6CA6","23FD"
"2323","6CAF","6CA6","FEDB","6CAF","B6E6","6C9F"
"2324","B6C9","B6C0","6382","B6E7","FECF","B6E0"
"2325","FEE5","FECF","91BE","FEE2","6380","FED1"
"2326","6389","6379","DAC0","6382","91B9","6382"
"2327","91C2","91B9","2412","91C2","DAC1","91B1"
"2328","DAC7","DAB4","6D27","DAC7","2410","DAC0"
"2329","2412","2410","3546","2412","6D2D","2415"
"2330","6D2E","6D2D","5AEA","6D2E","5B12","6D27"
"2331","3559","3544","A3E7","3583","A412","3586"
"2332","A3E5","5ADB","E8D7","5B25","E90B","5B14"
"2333","E8E0","A3DC","2AE1","A427","2B0F","A41E"
"2334","2AEB","E8D7","72AC","E90A","72CD","E90E"
"2335","72B2","2AE2","BC64","2B18","BC7F","2B18"
"2336","BC7C","72B0","BC64","72D0","BC7F","72D2"
"2337","BC7C","BC67","054D","BC92","055F","BC8B"
"2338","0552","BC67","4DCC","BC92","4DCA","BC8B"
"2339","4DCB","054A","90AA","056F","90C6","056C"
"2340","90B2","4DC1","CDAF","4DCB","CDAD","4DCC"
"2341","CDBF","909F","168C","90C6","168A","90C8"
"2342","1693","CDB6","60DA","CDBF","60F6","CDAF"
"2343","A923","168A","A912","1693","A91D","168C"
"2344","F25D","60D8","F24D","60F6","F254","60FA"
"2345","3B90","A91A","3B88","A923","3B88","A91C"
"2346","8559","F24B","8552","F25D","8572","F256"
"2347","CDFB","3B88","CDFE","3B90","CDF2","3B88"
"2349","6D20","8559","B588","857B","6D2E","856B"
"2350","B58F","CDFE","FED7","CE05","B587","CE00"
"2351","FEDE","6D17","2819","6D40","FED5","6D39"
"2352","2820","B587","4ACD","B58F","282F","B588"
"2353","4AC8","FED5","93BD","FEDE","4ABF","FED7"
"2354","93CA","2817","DD20","2838","93BF","2831"
"2356","DD31","4ABF","8899","4AC8","DD42","4ABF"
"2357","DD31","93BF","BF2B","93CA","DD42","93BD"
"2358","8894","DD2C","0AAE","DD49","8897","DD3B"
"2359","BF31","DD2C","5335","DD49","BF32","DD3B"
"2360","533C","888B","9C92","8894","0AD3","888D"
"2361","9C99","BF32","E5ED","BF31","533D","BF2B"
"2362","E5EA","0AB6","2FC8","0ADD","9C90","5335"
"2363","2FD9","533C","6D98","5349","E5EA","9C9A"
"2364","6D9F","9C90","C1F7","9CA2","2FE5","E5ED"
"2365","C1FE","E5EA","0358","E5EA","6DAA","2FE0"
"2366","035F","2FCE","4171","2FF1","C1EC","6DB7"
"2367","416E","6D96","DE47","6DB3","035E","C1F9"
"2368","DE59","C1EC","56A3","C1FE","416E","0358"
"2369","569D","0360","84C1","416E","DE63","4171"
"2370","84BE","4165","CDD2","DE62","56D7","DE5B"
"2371","CDD9","DE45","0A4E","56DE","84F4","56CC"
"2372","0A62","56A0","53DC","84F3","CE10","84F6"
"2373","53D9","84BE","9D5E","CE0F","0A4D","CE12"
"2374","9D70","CDD0","9D5E","0A62","5410","0A5B"
"2375","9D70","0A59","E43B","541A","9DA0","5409"
"2376","E435","53D9","2CA5","9DA6","9DA0","9D95"
"2377","2CAE","9D68","75D4","9DA6","E42D","9D95"
"2378","75DA","9D68","A0A3","E442","2CAC","9D95"
"2379","A0B4","E43B","EE8D","2CAB","75DD","E43D"
"2380","EE95","2CAC","3746","75DA","A0A1","2CA7"
"2381","374D","75DD","8077","A0B4","EE82","75DF"
"2382","8088","A0AB","01BB","EE95","3744","A0A3"
"2383","01B7","EE82","380A","374D","8075","EE8D"
"2384","381A","3744","8129","8088","01E5","3746"
"2385","813B","8075","CAE9","01EE","3847","8077"
"2386","CAEF","01AE","689A","3847","816A","01F2"
"2387","6895","3811","B1ED","8167","CB1B","3849"
"2388","B1FB","8132","DC1E","CB24","68AD","816C"
"2389","DC2F","CAE6","25B3","68AC","B211","CB15"
"2390","25BA","6895","459F","B211","DC3E","68AF"
"2391","45AF","B1EB","7441","DC3D","25E8","B20A"
"2392","7446","DC26","B8D1","25F8","45A6","DC36"
"2393","B8D8","25B1","B8D1","45AF","745C","25F1"
"2394","B8D8","45A7","071C","7461","B8ED","459F"
"2395","072B","7443","BEAC","B8F6","B8ED","745E"
"2396","BEB3","B8C5","E88E","B8F6","0735","B8E5"
"2397","E8A0","B8C5","31AE","0749","BEE1","B8E5"
"2398","31B5","0721","7A7F","BEEA","E8C1","073E"
"2399","7A86","BEB6","C3FE","E8CB","31E3","BEE3"
"2400","C3F8","E88C","0D95","31E0","7A87","E8D0"
"2401","0D94","31A1","75FA","7A92","C431","31E4"
"2402","760B","C3EF","A015","C42F","0DC0","7A89"
"2403","A014","0D93","E921","0DC9","7638","C432"
"2404","E935","75F8","3203","7635","E962","0DCB"
"2405","3204","A00B","D0C3","A049","3201","763A"
"2406","D0BE","E921","3565","E96A","D0F3","A042"
"2407","356C","3201","5CB7","320E","359B","E963"
"2408","5CBE","D0B5","AC6C","D0FC","5CEC","31FD"
"2409","AC7C","3563","E918","35A6","ACD6","D0F5"
"2410","E927","5CBE","33DC","5CF5","E93C","359B"
"2411","7BBF","AC73","7BB8","ACDF","33E2","5CEE"
"2412","7BBF","E91D","7BB8","E940","7BEF","ACD8"
"2413","C511","33D9","7BB8","7BF7","7BEF","E932"
"2414","1051","7BB6","1053","7BF7","C531","33E4"
"2416","56A8","7BB6","96A3","C543","107B","7BEF"
"2417","96B3","C501","B7EF","108F","56BE","7BEF"
"2418","B7FF","1050","FF3B","56C6","96A1","C534"
"2419","FF42","5697","FF3B","96AA","B7ED","1088"
"2420","4826","96AC","4815","B7FF","FF39","56BC"
"2421","EB49","B7ED","1B18","FF42","481D","96A3"
"2422","1B1F","FF31","1B18","4826","EB77","B7EF"
"2423","642D","481D","6426","EB80","1B4B","FF33"
"2424","A721","EB40","4B8A","1B5F","6465","4815"
"2425","4B91","1B1F","4B8A","646D","A748","EB7C"
"2426","9496","6424","948E","A752","4BC8","1B57"
"2427","DBA5","A70C","DB95","4BD1","94B9","6466"
"2428","22DB","4B88","22D3","94CB","DB9C","A744"
"2429","420F","948C","4208","DBA5","22C7","4BC2"
"2430","6D77","DB93","6D7A","22DA","4206","94C3"
"2431","B4CD","22C7","B4BD","420F","6D76","DB95"
"2432","B4CD","4206","B4BD","6D77","B4BB","22D3"
"2433","FDB6","6D76","FDA5","B4CD","B4BB","4208"
"2434","9787","B4C4","9775","B4CD","FDAD","6D7A"
"2435","BEAC","B4C4","BE9C","FDB6","97B0","B4BD"
"2436","07D2","FDAD","5154","97BE","0800","B4BD"
"2437","5165","977A","5154","BEE2","5189","FDA5"
"2438","99EA","BE9A","99ED","0800","9A00","97AB"
"2439","DE3D","07C9","DE36","519B","DE4C","BEDB"
"2440","2D84","515C","2D76","9A11","2DAA","07F9"
"2441","7545","99E1","7533","DE4D","754F","518B"
"2442","BDEE","DE2B","BDEB","2DB3","BDDC","9A02"
"2443","C9FD","2D74","C9F6","7558","CA1B","DE4E"
"2444","5A2F","753C","5A28","BDEE","CA1B","2DB4"
"2445","A37B","BDDC","A374","CA1A","A37F","7551"
"2446","10A6","C9FD","109F","5A39","109D","BDDE"
"2447","566C","5A30","566E","A37B","566E","CA13"
"2448","945D","A37C","944C","10A6","944A","5A28"
"2449","DE34","109D","DE34","5675","DE43","A374"
"2450","26DC","566E","26D5","945D","DE43","109F"
"2451","26DC","9455","26D5","DE4C","26D3","566E"
"2452","7025","DE32","701B","26E5","26D3","944C"
"2453","B9F3","26DC","B9E2","26E5","7011","DE4D"
"2454","FE46","26DC","FE3F","7023","BA08","26D5"
"2455","4C2E","7011","4C26","BA11","FE48","26D5"
"2456","5AD0","B9EA","5AC9","FE51","4C1A","701B"
"2457","8544","FE46","8549","4C2D","5AE9","B9FF"
"2458","CDD8","4C1A","CDD1","5AF3","853B","FE4A"
"2459","1741","5AD1","1731","8544","CDD8","4C1C"
"2460","BA0A","853B","BA05","CDE1","1750","5AE2"
"2461","F307","CDD8","F303","175A","BA01","853D"
"2462","3ECD","CDD8","3EC8","BA00","F2F6","CDDA"
"2463","D9D2","B9F7","D9CB","F30A","3EE2","1753"
"2464","24B9","F2F6","24B2","3EEB","D9C9","B9F9"
"2465","6E8B","F2F6","6E84","D9DC","24BA","F303"
"2466","B72B","D9D3","B724","24C4","6EA3","3EE4"
"2467","F5C8","24B0","F5B7","6EA3","B722","D9D5"
"2468","30B5","24B0","30AE","B72B","F5BF","24BC"
"2469","75FC","6E89","75F5","F5BE","30AE","6E9C"
"2470","75FC","F5B5","75F5","F5BE","75F3","B724"
"2471","BE82","F5B5","BE71","30AC","75F3","F5BF"
"2472","0849","30A3","0845","75FC","BE7B","30AE"
"2473","9A79","75EA","9A78","75FC","0858","75EC"
"2474","D548","75EA","D538","BE82","9AAE","75EC"
"2475","1E85","BE78","1E7E","0861","D557","BE71"
"2476","6823","0840","6825","9AB7","1E9B","085C"
"2477","B051","9A76","B049","1E9C","6832","9AA4"
"2478","FA3E","D540","FA37","6844","B03E","D55A"
"2479","42C7","6823","42C9","6844","FA4E","1E9E"
"2480","8DCC","6823","8DBB","B050","42C7","683D"
"2481","D5A2","B047","D59B","FA57","8DEF","B040"
"2482","5C2D","FA35","5C27","42D0","D5A1","FA50"
"2483","9E45","42BE","9E3E","8DF8","5C1B","8DFD"
"2484","EE21","8DB9","EE0E","D5A2","9E47","D59B"
"2485","8A26","D599","8A12","5C2D","EE14","5C29"
"2486","B583","5C1B","B585","9E45","8A45","9E3E"
"2487","FEB9","9E47","FEB2","EE21","B5B8","EE0E"
"2488","4874","EE14","486E","8A4E","FEE7","8A47"
"2489","4874","8A1C","486E","B5C3","4899","B5BC"
"2490","90EB","B57A","90E4","FEE7","4899","FEE9"
"2491","D9DA","FEA7","D9D3","48AA","910D","4899"
"2492","231A","4863","2310","48AA","D9DF","4899"
"2493","6CCA","4863","6CC0","9112","6CCF","9103"
"2494","B593","90ED","B595","D9F2","B5B2","D9E1"
"2495","E2FA","D9D3","E2F5","2338","E2E8","2326"
"2496","0EDC","230E","0EDE","6CDF","0EF9","6CD8"
"2497","56C6","6CB6","56C8","B5BD","56BD","B5B4"
"2498","DE6B","B58A","DE64","E2F1","DE6C","E2EA"
"2499","150F","E2F3","1507","0EFA","1525","0EF3"
"2500","61E9","0EDA","61EB","56C6","61E0","56BF"
"2501","00FA","56C5","00F3","DE6B","0101","DE64"
"2502","5A0B","DE6E","5A0C","152D","5A3E","1526"
"2503","9335","1506","932E","61F1","9362","61E2"
"2504","EA4D","61EA","EA3A","0112","EA77","0103"
"2505","1A10","00F4","1A13","5A47","1A3A","5A3A"
"2506","6268","5A08","6261","936B","6283","9364"
"2507","AB57","932C","AB59","EA78","AB70","EA79"
"2508","AB57","EA42","AB59","1A43","AB70","1A3C"
"2509","F472","1A10","F45E","6289","F485","6279"
"2510","3E42","6265","3E3D","AB70","3E4A","AB69"
"2511","9BDA","AB4E","9BC7","AB70","9BE2","AB69"
"2512","D418","AB4E","D411","F486","D414","F47F"
"2513","1E41","F460","1E3A","3E52","1E56","3E56"
"2514","61D5","3E30","61CC","9BF6","61C3","9BEF"
"2515","AFE6","9BC5","AFE8","D418","AFDD","D411"
"2516","F8DB","D406","F8C9","1E5F","F8D6","1E4E"
"2517","4234","1E38","422D","61CE","4222","61CD"
"2518","8B80","61CD","8B75","AFE6","8B73","AFDF"
"2519","D535","AFE8","D52E","F8DB","D54E","F8C9"
"2520","8560","F8C7","8550","4232","858D","422B"
"2521","CE92","4222","CE8D","8B74","CEB5","8B75"
"2522","1821","8B73","1810","D54C","184E","D550"
"2523","555F","D535","555A","8596","556E","858F"
"2524","84D8","854E","84D1","CEC8","84F0","CEB7"
"2525","CDEF","CE8B","CDE8","1857","CE04","1850"
"2526","17AE","180E","17AE","557D","17CF","5576"
"2527","17AE","5551","17AE","84F0","17CF","84F2"
"2528","6070","84D9","6068","CE03","6084","CE07"
"2529","A46E","CDDD","A45D","17BC","A465","17C5"
"2530","F3AB","179B","F3AD","17BC","F3CB","17C5"
"2531","3B84","179B","3B7B","608D","3B71","607C"
"2532","84B9","6066","84BA","A464","84B0","A45D"
"2533","C67F","A464","C67A","F3CA","C679","F3CD"
"2534","04D3","F3A4","04C1","3B82","04CB","3B73"
"2535","4D95","84B0","4D8E","84C1","4D8C","84BA"
"2536","9752","C679","9753","C67F","9760","C670"
"2537","1AFE","04CB","1AF1","04D3","1B26","04C1"
"2538","3ED3","4D8C","3ED1","4D95","3F03","4D8E"
"2539","DDB7","9749","DDB0","9773","DDDB","976C"
"2540","2609","1AF7","2605","1B35","2616","1B28"
"2541","6F2B","3ECE","6F2D","3F0F","6F41","3EFE"
"2542","B874","DDAE","B86D","DDEC","B889","DDDD"
"2543","F148","2600","F141","2628","F14F","2621"
"2544","3EF5","6F22","3EF2","6F42","3F11","6F43"
"2545","80CC","B86C","80C5","B893","80E0","B881"
"2546","80CC","F13F","80C5","F161","80E0","F15A"
"2547","BDFB","3EE8","BDE9","3F18","BDF2","3F10"
"2548","06C5","80B9","06B4","80E1","06BB","80E2"
"2549","5003","80B9","5006","80E1","5003","80E2"
"2550","9948","BDF2","9941","BDF0","9947","BDF4"
"2551","E276","06B2","E266","06C5","E270","06BE"
"2552","2BAD","5005","2BB0","5003","2BA4","5006"
"2553","7582","993F","7585","9950","7591","9949"
"2554","BE44","E270","BE47","E26D","BE3B","E266"
"2555","077A","2BA4","0773","2BAD","0768","2BB0"
"2556","513A","7579","512A","759A","514F","759C"
"2557","99F5","BE3B","99E5","BE44","99E3","BE46"
"2558","17F0","0768","17E8","077A","17DD","BE46"
"2559","4BA8","5131","4BA8","5158","4BC0","5149"
"2560","935A","99EC","9349","99F5","9351","5149"
"2561","DCBF","17DD","DCB8","17F1","DCD9","17E0"
"2562","7EBB","4BA6","7EAC","4BBF","7EAA","4BC2"
"2563","B3FE","9347","B3EE","9350","B3F4","4BC2"
"2564","FF75","DCB6","FF6E","DCD5","FF8A","9349"
"2565","FF75","7EAA","FF6E","7EBA","FF8A","7EAC"
"2566","49C6","B3F5","49C8","B3FE","49C6","7EAC"
"2567","8F81","FF6C","8F7A","FF93","8F7B","FF8C"
"2568","DACB","FF6C","DAC4","FF93","DAB7","FF8C"
"2569","2631","49BD","2635","49C6","264A","49CA"
"2570","6DD0","8F71","6DC7","8F7A","6DE3","8F73"
"2571","B670","DAB7","B66D","DACC","B667","8F73"
"2572","F9EF","2633","F9F2","2649","F9E7","DAC4"
"2573","3658","6DC5","3651","6DEA","364D","264C"
"2574","73DA","B667","73DC","B670","73DA","6DD9"
"2575","C94B","F9E7","C93D","3658","C953","B669"
"2576","375D","364D","375D","73E5","3772","F9F2"
"2577","C808","73DA","C801","C965","C7FF","3651"
"2578","1248","C93B","1237","3786","123F","73DC"
"2579","5A7D","375B","5A74","C808","5A69","C955"
"2580","A3E3","C7FF","A3DC","1248","A3CF","C801"
"2581","E4B6","123F","E4A8","5A7D","E4BE","C801"
"2582","2C39","5A74","2C2B","A3E3","2C50","1237"
"2583","74DD","A3CF","74D6","E4D3","74D4","A3DC"
"2584","74DD","E4A6","74D6","2C50","74D4","A3DC"
"2585","A59C","2C29","A59F","74DD","A59D","E4C0"
"2586","ED8D","74CE","ED86","74DD","ED84","2C49"
"2587","3648","74CE","364B","A5A6","3649","74DB"
"2588","B46D","A593","B466","ED8D","B47B","74DB"
"2589","DEF2","ED84","DEEB","3648","DF1F","A59F"
"2590","2CD4","3649","2CCD","B484","2CFE","ED86"
"2591","73A3","B464","7392","DF31","739A","364B"
"2592","BD9E","DEF3","BD98","2D03","BDAE","B47D"
"2593","062C","2CC2","0625","7399","0623","DF21"
"2594","5083","7390","507C","BDB6","5092","2CF4"
"2595","98AD","BD97","989C","062E","989A","739C"
"2596","1AD2","061B","1ACB","509B","1AD2","BDA6"
"2597","493B","507A","4934","98AD","4929","061D"
"2598","91CD","98A4","91CE","1AD2","91C4","509D"
"2599","DA85","1AD2","DA87","493B","DA7C","989C"
"2600","5A8B","4929","5A86","91CD","5AA1","1ACB"
"2601","910F","91C4","9108","DA85","912D","4934"
"2602","DA32","DA85","DA28","5AA9","DA43","91CE"
"2603","DA32","5A82","DA28","9128","DA43","DA87"
"2604","1F57","910E","1F4E","DA4F","1F84","5A98"
"2605","6D65","DA1D","6D5D","DA4F","6D79","912E"
"2606","C061","DA1D","C062","1F8D","C077","DA48"
"2607","FE6E","1F44","FE6A","6D7F","FE86","DA48"
"2608","5C6A","6D52","5C62","C080","5C7D","1F7D"
"2609","90E9","C058","90ED","FE92","9100","6D72"
"2610","DAAC","FE66","DAA2","5C86","DACF","C081"
"2611","23A9","5C60","23AA","9109","23B3","FE85"
"2612","6C7A","90ED","6C6A","DAD8","6C8E","5C89"
"2613","B676","DAA2","B670","23C9","B6A5","910D"
"2614","161D","23A8","161E","6C91","163B","DADE"
"2615","9E3F","6C71","9E44","B6AE","9E5F","23B9"
"2616","E7BF","B66D","E7B4","163D","E7D1","6C89"
"2617","30E8","161F","30E1","9E68","30FC","B6A9"
"2618","72F8","9E42","72F1","E7D9","72E6","163C"
"2619","B87A","E7B2","B86A","310E","B89C","9E61"
"2621","00DE","30E6","4959","72EF","00F6","E7C9"
"2622","4969","72E6","4959","B8A5","495E","30FE"
"2623","4969","B867","A771","00FE","495E","72E8"
"2624","4969","00D4","E4EB","4969","495E","B89E"
"2625","A770","495E","2E17","4969","A791","00F7"
"2626","2E1B","495E","2E17","A78D","2E09","495D"
"2627","2E1B","A76F","C507","E4F2","2E09","495D"
"2628","77DD","E4DF","08E0","2E1B","77E3","A791"
"2629","08EF","2E09","08E0","2E1B","091D","E4E1"
"2630","08EF","77CA","9A2A","C519","091D","2E17"
"2631","50F7","C502","E25D","0928","510C","77E5"
"2632","9A31","08DE","E25D","0928","9A36","C51C"
"2633","E264","50F4","2C36","9A48","E252","0915"
"2634","2C3D","9A26","8972","E264","2C56","5108"
"2635","8976","E252","1612","E264","89A5","9A38"
"2636","1624","2C34","3C76","2C62","1687","E254"
"2637","3C7D","896D","8559","1690","3C9C","2C4E"
"2638","8569","1610","CE16","1690","856E","89B0"
"2639","CE1D","3C7C","0C09","3CA5","CE29","1689"
"2640","0C10","8560","8E31","8584","0C1F","3C94"
"2641","8E38","CE0A","B28C","CE3C","8E6E","8570"
"2642","B29D","CE0A","B28C","0C28","B2C1","CE2B"
"2643","B29D","8E2F","FBA0","8E6F","B2C1","0C21"
"2644","FB9F","B28A","4560","B2D1","FBCC","B2CA"
"2645","455F","B28A","8DBD","FBD5","4595","B2CA"
"2646","8DCC","FB9E","D6A6","4595","8DD9","FBCE"
"2647","D6A2","455E","1FDB","8DEA","D6B1","458E"
"2648","1FE2","8DC3","69B2","D6C4","2001","8DE7"
"2649","69AF","D6A2","B264","2000","69C7","D6BD"
"2650","B26C","1FE2","EEE4","69C8","B277","2001"
"2651","EEEB","69A6","331F","B280","EEEA","69C9"
"2652","3323","B259","7A8D","EEEB","3339","B279"
"2653","7A8B","EEED","C3BF","333A","7A8B","EEEC"
"2654","C3C6","331D","5FA3","7A8B","C3BD","333D"
"2655","5FB4","7A82","A85D","C3C6","5FAB","7A84"
"2656","A85B","C3B4","F220","5FAA","A852","C3BF"
"2657","F21D","5FA1","3ADD","A85B","F238","5FA3"
"2658","3AE4","A85B","7847","F241","3ADB","A85D"
"2659","784E","F21F","EA3B","3AE4","784D","F22E"
"2660","EA38","3ADD","2874","784E","EA4D","3AD5"
"2661","2885","7845","2874","EA56","2875","784F"
"2662","2885","EA2F","71BC","2882","2875","EA58"
"2663","71BA","287D","9EF8","2882","71B1","2881"
"2664","9EF4","287D","CE7A","71BA","9EF4","2881"
"2665","CE81","71B7","12B2","9EF4","CE91","71BC"
"2666","12B1","9EEB","610C","CE9A","12C8","9EF8"
"2667","6113","CE78","F64F","12C8","6121","CE93"
"2668","F65F","12B0","2540","6121","F65A","12CA"
"2669","253B","610A","6ED2","F65F","2532","6123"
"2670","6EE4","F65A","B768","253B","6EEF","F658"
"2671","B778","253B","00BE","6F02","B76E","2534"
"2672","00CE","6ED0","4A09","B778","00BC","6EFB"
"2673","4A0E","B76E","E849","00CE","4A07","B768"
"2674","E85A","00BC","3182","4A0E","E847","00C7"
"2675","3189","49FC","7351","E859","3181","4A09"
"2676","7357","E847","B0E9","3189","734C","E852"
"2677","B0FB","3177","EE95","7357","B0E7","3183"
"2678","EE9C","7358","5A7B","B0FB","EE8B","7351"
"2679","5A88","B0F1","93D7","EE9C","5A7F","B0E9"
"2680","93E0","EE8B","93D7","5A88","93EC","EE95"
"2681","93E0","5A7F","E45F","93F8","93EC","5A7B"
"2682","E466","93D4","2CC0","93F8","E47B","93EF"
"2683","2CCF","93D4","75F9","E48D","2CBE","93EF"
"2684","7600","E45D","BF36","2CD0","75F7","E47D"
"2685","BF3D","2CC6","0882","7600","BF35","2CC0"
"2686","0889","75EE","5253","BF3D","0889","75F0"
"2687","525A","BF3E","9B86","0889","5273","BF40"
"2688","9B8D","0889","CA24","5272","9BA0","0882"
"2689","CA2B","525B","13AD","9BA1","CA22","526B"
"2690","13B4","9B7A","5C68","CA34","13AB","9BA4"
"2691","5C6F","CA2B","A598","13B4","5C6F","CA2D"
"2692","A59F","13AB","4244","5C6F","A59F","13AD"
"2693","4243","5C6F","8D20","A59F","425B","5C68"
"2694","8D2A","A59F","CF94","425A","8D3B","A598"
"2695","CFA7","4242","1F58","8D3C","CF9A","425D"
"2696","1F69","CF9A","5AF6","CFA3","1F60","8D35"
"2697","5AFD","1F60","A64C","1F69","5AFD","CF94"
"2698","A653","5AF4","F02A","5B06","A641","1F58"
"2699","F031","A641","F02A","A653","F041","5AF6"
"2700","F031","F028","396B","F04A","F041","A64C"
"2701","3972","F028","663A","F04A","3986","F043"
"2702","664A","3971","953E","3998","6641","F043"
"2703","9545","6641","DE2A","664A","953C","3993"
"2704","DE3A","9539","2707","9545","DE26","6643"
"2705","271A","DE31","DB5D","DE3A","2705","953E"
"2706","DB65","2705","0A9F","271A","DB6F","DE2A"
"2707","0A9C","DB5B","5756","DB78","0ABE","2707"
"2708","575D","0A9B","A099","0AC1","577B","DB7A"
"2709","A0A0","5754","E647","5783","A0BB","0ABA"
"2710","E64E","A0A1","27C5","A0BE","E672","577C"
"2711","27C2","E650","DDDC","E678","27DA","A0BF"
"2712","DDE3","27B9","1912","27DB","DE02","E66A"
"2713","1919","DDE3","62EF","DE0B","1919","27DC"
"2714","62F6","191A","AB30","1919","630B","DE04"
"2715","AB37","62F0","EA67","6314","AB39","191B"
"2716","EA6E","AB39","3352","AB37","EA84","630D"
"2717","3359","EA6F","9782","EA80","334E","EA84"
"2718","977D","334D","9782","334D","979B","3346"
"2719","977D","9774","C83D","979C","979B","9795"
"2720","C84C","C843","1138","979C","C861","9795"
"2721","113D","1136","5BA1","C86A","1149","C863"
"2722","5BB0","5B9F","A41D","1152","5BBE","1154"
"2723","A41B","A412","ED0E","5BC7","A430","5BC7"
"2724","ED14","ED02","37C4","A442","ED26","A43B"
"2725","37D5","37CC","73D0","ED2D","37E0","ED26"
"2726","73D7","73CE","C92E","37E9","73C6","37E2"
"2727","0AE1","C936","0ADA","73CF","C954","73D0"
"2728","492A","0AD7","4923","C953","0AF5","C94C"
"2729","916D","4921","916D","0B06","491B","0B01"
"2730","4D13","916B","4D0E","492D","917B","9187"
"2731","838A","4D0A","838B","9184","4D2B","4D1F"
"2732","CC78","8389","CC7D","4D31","839D","839F"
"2733","1E95","CC6F","1E97","83B1","CC97","CC99"
"2734","54FB","1E95","54EB","CCA0","1EB3","1EB5"
"2735","9DC5","54F4","9DBE","1EBC","5512","5514"
"2736","F342","9DB0","F32F","5513","9DD4","9DCB"
"2737","F342","F338","F32F","9DDE","F356","F358"
"2738","2FA7","F338","2F98","F35F","F356","F358"
"2739","796D","2F9F","795B","F35F","2FA1","2F98"
"2740","B6D4","7964","B6C4","2FA7","797F","7977"
"2741","1818","B6C2","181B","798A","B6C2","B6C4"
"2742","553E","180F","5535","B6CB","182B","182D"
"2743","9E08","5536","9E00","1834","5542","5546"
"2744","101C","9DFF","1010","5557","9DF1","9DFA"
"2745","2B24","100E","2B1D","9DFF","1044","103E"
"2746","7427","2B1B","7417","104D","2B51","2B5D"
"2747","BDE6","741F","BDD5","2B66","744B","744D"
"2748","063F","BDDE","0641","7454","BE12","BE14"
"2749","A4D3","063F","A4CC","BE13","0653","065F"
"2750","EE3C","A4D3","EE2B","0666","A4F3","A4EA"
"2751","3745","EE29","373E","A4FC","EE42","EE47"
"2752","783E","3747","7837","EE4E","3759","3764"
"2753","AB63","7835","AB64","376D","7835","782D"
"2754","EE9B","AB5A","EE8D","7834","AB78","AB84"
"2755","1C38","EE8B","1C30","AB81","EE8B","EE96"
"2756","1C38","1C2E","1C30","EE94","1C24","EE96"
"2757","9F5F","1C2E","9F5D","1C37","1C24","1C30"
"2758","DF18","9F5F","DF12","1C37","9F5F","1C30"
"2759","2854","DF0F","284D","9F69","DF0F","9F59"
"2760","7211","2842","7212","DF1B","2842","DF12"
"2761","BAD6","7210","BACF","2854","721F","722B"
"2762","03FC","BAD6","03FE","7232","BAD6","722B"
"2763","4DC5","03F3","4DC5","BADF","03F3","BAD9"
"2764","968F","4DBC","967F","03FC","4DE2","03F5"
"2765","DFC5","9686","DFC7","4DE2","9686","4DE5"
"2766","05BB","DFBC","05BD","968F","DFBC","9688"
"2767","2A11","05BB","2A0A","DFC5","05BB","DFC7"
"2768","EDC6","2A11","EDBF","05BB","EDBD","05BD"
"2769","265C","EDBD","264C","EDCE","2662","2A2B"
"2770","772F","264A","7728","2673","772F","EDC8"
"2771","C043","7726","C033","772F","C04F","2664"
"2772","FEB7","C03D","FEBB","C062","FEB9","7731"
"2773","480E","FEAE","4811","FEB7","480F","C051"
"2774","9145","480F","9131","480E","9139","FEB0"
"2775","9145","9139","9131","9145","9139","4811"
"2776","DB36","9139","DB2F","9145","DB3B","9131"
"2777","245A","DB23","2449","DB4E","246D","9131"
"2778","6CF4","2447","6CF5","2476","6CF5","DB47"
"2779","B649","6CEB","B640","6CF4","B63E","246F"
"2780","FF87","B63E","FF78","B649","FF7E","6CED"
"2781","48C7","FF7E","48B8","FF7F","48BE","B640"
"2782","E3CA","48BE","E3B6","48CA","E3F6","FF78"
"2783","07EA","E3C0","07DA","E3F1","0816","48B8"
"2784","50F8","07E1","50F2","081F","511C","E3EA"
"2785","960D","50E7","9606","5125","9639","0818"
"2786","E471","9604","E45F","9642","E49E","511E"
"2787","81D3","E468","81CC","E49E","8208","9633"
"2788","100D","81C7","C7C5","8215","C7B9","E497"
"2789","51BA","C7B9","100A","C7D0","1004","8201"
"2790","67AD","1005","51B3","100E","51B9","C7BB"
"2791","B0A7","51B9","679D","51BA","67A7","100A"
"2792","F976","67A7","B0A0","67AD","B095","51B3"
"2793","F976","B095","F96F","B0A7","F96D","679D"
"2794","722A","F963","F96F","F976","F96D","B0A0"
"2795","AE05","F963","7223","F976","7255","F96F"
"2796","F739","7221","ADFC","725E","AE30","F96F"
"2797","40E8","ADF2","F732","AE39","F773","7257"
"2798","897F","F730","40EA","F779","411E","AE29"
"2799","CDE4","40E0","8978","4128","8994","F769"
"2800","0129","897E","CDE6","899D","CDFB","4120"
"2801","4940","CDDB","0126","CDFC","0159","8996"
"2802","9167","0122","493A","0157","4955","CDF5"
"2803","BFCE","492D","9153","495E","915B","0150"
"2804","ED9E","9151","BFBE","915A","BFD9","494E"
"2805","89B8","BFBC","ED90","BFE2","ED8E","915E"
"2806","50D8","ED95","89BA","ED97","89AF","BFE8"
"2807","8A4E","89AF","50CE","89B8","50C4","ED90"
"2808","D364","50C4","8A51","50CD","8A45","89BB"
"2809","10E1","8A4F","D35D","8A4E","D35B","50CE"
"2810","5986","D35B","10E6","D364","10F7","8A51"
"2811","A2D1","10E0","5975","10F9","5973","D354"
"2812","A2D1","5979","A2D1","5982","A2CF","10FD"
"2813","FCA9","A2CF","A2D1","A2D1","A2CF","5975"
"2814","306E","A2CF","FCA2","A2D1","FCB6","A2D1"
"2815","7E87","FC99","3067","FCC9","3066","A2D1"
"2816","C7E6","305C","7E80","306F","7E87","FCC2"
"2818","10BB","7E87","10B4","7E87","C7F6","3067"
"2819","59DF","C7DD","59D8","C7FF","10B4","7E80"
"2820","A3B2","10B2","A3A2","10BB","59D6","C801"
"2821","0C9A","59DD","0C9C","59E6","A3C1","10B6"
"2822","39EF","A3A9","39EB","A3CA","A3C1","59D8"
"2823","8571","0C91","855F","A3CA","39E7","A3C3"
"2824","CFD5","39E0","CFC5","39E4","8586","0C9C"
"2825","6B29","856B","6B22","8591","CFC4","39E0"
"2826","BBC7","CFCE","BBBD","CFCC","6B2B","8585"
"2827","FEB0","6B20","FEA9","6B29","6B2B","CFCE"
"2828","47D1","BBB3","47D7","6B29","BBCB","6B2D"
"2829","7390","BBB3","7392","BBD4","FE9A","BBCD"
"2830","BF1D","FE9A","7392","FEB0","47D5","FE9C"
"2831","05EC","7390","05DC","47D1","7390","47D7"
"2832","05EC","7390","05DC","7390","BF14","7392"
"2833","4FC0","BF14","05DC","BF1D","05DA","BF0E"
"2834","C889","05DA","4FAF","05EC","05DA","05DC"
"2835","0034","05DA","C88A","05EC","4FC5","05DC"
"2836","4952","4FB5","002D","4FD7","C8A6","4FC7"
"2837","942F","C888","4942","C8B1","0023","C8A9"
"2838","DBC1","0023","9432","002C","4949","0025"
"2839","250B","4949","DBBA","4949","9426","4942"
"2840","7717","9426","24FB","942F","DBBB","9432"
"2841","B941","DBBB","7718","DBC1","2502","DBBA"
"2842","01DA","2502","B943","250B","7727","24FB"
"2843","2C49","770E","01D3","7730","B960","B962"
"2844","BD49","B944","2C39","B969","01D1","01D3"
"2845","110A","01D3","BD42","01D2","2C37","2C39"
"2846","84AF","2C40","1103","2C40","BD40","BD42"
"2847","AE07","BD4A","849D","BD49","1118","111A"
"2848","EACA","1101","ADFE","1121","84D1","84D3"
"2849","345C","8498","EAC3","84E5","AE2A","AE36"
"2850","7CF9","ADF5","3455","AE31","EAF7","EAF9"
"2851","7CF9","EACB","7CE9","EB09","3480","348A"
"2852","C5E2","3456","7CE9","3489","7D0E","7D10"
"2853","0F21","7CF0","C5D0","7D17","7D0E","7D10"
"2854","58B9","7CF0","0F11","7D17","C5EF","C5F1"
"2855","A198","C5D7","58B2","C5F8","0F37","0F39"
"2856","C892","0F18","A19B","0F3F","58C0","58CC"
"2857","0837","58B0","C898","58C9","A1B7","A1B0"
"2858","4F65","A18F","0830","A1B7","C889","C895"
"2859","A5DB","C893","4F5F","C89C","084B","0842"
"2860","A5DB","4F5C","A5DE","0855","4F53","4F55"
"2861","30B3","A5DB","E245","4F65","A5EA","E274"
"2862","7752","E23B","30AC","A5FF","E272","30DE"
"2863","7752","30A1","7754","E284","30DA","7754"
"2864","152F","7752","1528","30E3","7752","1528"
"2865","5F3E","1526","5F43","7752","1529","5F5B"
"2866","A841","5F35","A843","1527","5F56","A861"
"2867","F0DB","A838","F0DE","5F5F","A85F","F0DE"
"2868","13D8","F0DC","13DA","A85F","F0DC","13DA"
"2869","3E8A","13D6","3E7A","F0E5","13D8","3E7A"
"2870","8790","3E78","8789","13D8","3E78","8788"
"2871","8790","8786","8789","3E8A","8786","8788"
"2872","D05E","8786","D058","8790","8786","D058"
"2873","579D","D055","5796","8790","D055","5796"
"2874","91AE","5794","91AF","D05E","5794","91A7"
"2875","DA46","91AD","DA3F","57A5","91AD","DA3F"
"2876","1B19","DA3D","1B13","91AE","DA3D","1B21"
"2877","6DAD","1B08","6DA6","DA50","1B1F","6DC5"
"2878","B614","6D9A","B618","1B2F","6DC2","B60D"
"2879","FF55","B60B","FF58","6DCC","B60B","FF4E"
"2880","4894","FF56","4890","B61D","FF56","4890"
"2881","91DF","488B","91DB","FF55","488B","91D8"
"2882","D42B","91CC","D422","4894","91CC","D431"
"2883","645D","D420","6456","91D5","D438","644E"
"2884","AE26","644C","AE1F","D444","6454","AE2F"
"2885","5F1F","AE1D","5F21","6455","AE37","5F3F"
"2886","996A","5F16","996E","AE36","5F3F","9989"
"2887","D6D8","9968","D6D1","5F3E","997F","D6EF"
"2888","1FFD","D6D3","1FF6","9990","D6ED","2013"
"2889","69AD","1FFA","699B","D6E9","201C","69BA"
"2890","69AD","6999","699B","2023","69C1","69BA"
"2891","AAD2","6999","AAC3","69CB","69C1","AACB"
"2892","FC9E","AAC1","FCA1","69CB","AAC1","FCD0"
"2893","451A","FC95","4513","AAD2","FCCE","4534"
"2894","8D8F","4504","8D91","FCE1","4528","8D91"
"2895","BEE6","8D90","BEE2","452C","8D8F","BEFE"
"2896","1575","BED3","1570","8D8F","BEFC","1571"
"2897","542A","156C","5423","BEFB","156C","5423"
"2898","9D7C","5421","9D76","156D","5421","9D8D"
"2899","1768","9D74","176A","542A","9D8D","1782"
"2900","4C30","175F","4C29","9D94","1780","4C49"
"2901","977A","4C27","9773","1780","4C47","978B"
"2902","3375","9773","336E","4C52","977F","3377"
"2903","7F02","336C","7EFB","9792","3375","7F19"
"2904","A956","7F00","A946","337E","7F11","A964"
"2905","EC44","A944","EC47","7F25","A969","EC5F"
"2906","3007","EC45","2FF6","A96B","EC5D","3000"
"2907","5D66","2FFE","5D5F","EC67","2FF4","5D5F"
"2908","882B","5D54","882D","2FFD","5D60","882D"
"2909","882B","882C","882D","5D66","882C","882D"
"2910","D136","882C","D126","882B","882C","D126"
"2911","19FF","D122","19FA","882B","D122","19FE"
"2912","C49E","1A01","C48C","D136","1A01","FBB3"
"2913","FBAB","C48A","FB9B","19FF","C4A1","4578"
"2914","4549","FB98","4540","C4B7","FBB0","8E95"
"2915","8E85","4537","8E7E","FBBA","456D","D687"
"2916","D68F","8E73","D687","4576","8E93","2083"
"2917","2073","D684","206C","8E9F","D684","78F1"
"2918","78F8","2076","78F1","D68F","208D","B465"
"2919","B439","78F7","B41F","2093","78F7","FB85"
"2920","FB8B","B42C","FB7D","78F8","B461","9A29"
"2921","9A30","FB79","9A29","B462","FB81","E2FE"
"2923","E2FC","9A2B","2C33","FB8E","9A2B","2C3B"
"2924","2C45","E2FC","8A0B","9A30","E2FC","8A29"
"2925","8A13","2C3C","B51D","E2FC","2C3C","B53B"
"2926","B524","8A09","FE34","2C42","8A27","FE52"
"2927","FE47","B51D","481A","8A30","B538","4850"
"2928","4821","FE3A","481A","B542","FE4F","4850"
"2929","4821","4819","910F","FE61","484B","9138"
"2930","9116","4819","D961","484F","484B","D956"
"2931","D968","910E","233C","484F","9135","2356"
"2932","234C","D95D","6BC6","9134","D95D","6BC0"
"2933","6BCD","2337","B5B8","D95D","2353","B5D6"
"2934","B5BF","6BC7","F6CE","2367","6BC7","F6C6"
"2935","F6CD","F6CC","369F","B5DD","B5D3","36D4"
"2936","36A6","369D","79D7","F6CD","F6CC","79E7"
"2937","79D5","79D7","C7E5","36DB","36D2","C7F4"
"2938","C7EC","C7E3","40AE","79EE","79ED","40C6"
"2939","40BE","40AC","7092","C803","C7FA","70AD"
"2940","7092","7090","0F58","40CD","40CF","0F6F"
"2941","0F55","0F55","57CB","70B4","70A2","57C8"
"2942","57C7","57C9","A1B1","0F76","0F6D","A1D3"
"2943","A1B8","A1AF","03BA","57C7","57BE","03F0"
"2944","03B7","03AE","2ADA","A1DA","A1C8","2AFB"
"2945","2AE1","2AD8","7404","03F7","03E2","7413"
"2946","7409","7400","9DDF","2AF8","2AF9","9DF6"
"2947","9DDB","9DD2","9DDF","7422","7411","9DF6"
"2948","9DDB","9DD2","E63D","9DF3","9DEA","9DF6"
"2949","E644","E63B","2FBE","9DF3","9DEA","2FCC"
"2950","2FBA","2FBC","B47F","E64E","E63B","2FCC"
"2951","B486","B47D","D262","2FD3","2FD3","B4AD"
"2952","D267","D25E","222F","B4B4","B4B4","228E"
"2953","2235","222F","68E4","D294","D295","228E"
"2954","68F5","68E3","B1FA","22A1","2290","6902"
"2955","B1F7","B1F8","FB0A","6914","6901","FB32"
"2956","FB11","FB11","44BD","B20F","B20F","FB32"
"2957","44C4","44BB","8DAD","FB2E","FB25","44D5"
"2958","8DB4","8DAE","D62B","44E5","44D3","8DCC"
"2959","D632","D629","61E1","8DD4","8DCA","D621"
"2960","61EA","61D7","AACB","D628","D629","61D9"
"2961","AAD2","AAC0","F3F0","61E0","61E1","AAC2"
"2962","F3F8","F3E5","3D4D","AAC9","AAC0","F3F1"
"2963","3D4B","3D42","7AB6","F3F8","F3E5","3D4D"
"2964","7AC6","7AB4","C3E6","3D4B","3D42","7AB6"
"2965","C3EC","C3E2","0959","7AC6","7AB4","C3E6"
"2966","095F","0956","0959","C3EC","C3E2","0971"
"2967","095F","0956","56AE","0977","096F","0971"
"2968","56BE","56AC","A045","0977","096F","56B7"
"2969","A055","A04F","E8DA","56B5","56AC","A063"
"2970","E8E1","E8D8","3224","A074","A06C","E8E4"
"2971","3222","3221","7B88","E8E1","E8D8","321B"
"2972","7B97","7B8E","A796","322A","3219","7B88"
"2973","A791","A790","D4F1","7B8F","7B8E","A7AD"
"2974","D4EF","D4E6","1D4A","A7B3","A7A9","D50B"
"2975","1D48","1D3F","66D3","D506","D500","1D4A"
"2976","66CA","66DB","17B6","1D48","1D3F","66EC"
"2977","17BD","17AC","47FD","66E2","66F2","17AE"
"2978","4804","4803","E9FC","17B5","17B4","4807"
"2979","EA04","E9F2","3106","480F","4803","E9F4"
"2980","310D","3105","6EFF","E9FB","E9FA","3106"
"2981","6F04","6EF3","C4A0","310F","3105","6EFF"
"2982","C4A7","C4A6","06B0","6F04","6EF3","C4B8"
"2983","06BA","06B0","4C5B","C4C8","C4BF","06A7"
"2984","4C62","4C59","8DD0","06B7","06A5","4C5B"
"2985","8DE1","8DCE","8DD0","4C58","4C59","8DD0"
"2986","8DE1","8DCE","CF37","8DE1","8DCE","8DD0"
"2987","CF3B","CF29","14B3","8DE1","8DCE","CF37"
"2988","14BA","14A7","5ECB","CF3B","CF29","14B3"
"2989","5ED2","5EC9","D2FC","14B0","14A7","5EE3"
"2990","D30C","D2FA","0E27","5EEA","5EE1","D323"
"2991","0E39","0E25","5728","D322","D319","0E30"
"2992","5728","5729","A39B","0E2E","0E25","5721"
"2993","A3A1","A38E","E98F","5728","571F","A39B"
"2994","E99E","E995","331F","A3A1","A398","E98F"
"2995","332F","3326","8074","E99E","E995","331F"
"2996","8072","8069","B8DF","332F","3326","808D"
"2997","B8F7","B8E2","45FB","8089","8080","B901"
"2998","460E","4605","911B","B909","B90C","45FB"
"2999","9122","9119","D7DE","460D","45F9","911B"
"3000","D7DF","D7DB","21DB","9117","910E","D7DE"
"3001","21E2","21D9","93FD","D7DF","D7DB","21FC"
"3002","9404","93FB","C0AC","21F8","21EF","9433"
"3003","C0BC","C0AA","09F2","9442","943C","C0E0"
"3004","09F9","09F0","09F2","0A2D","C0DE","0A1E"
"3005","09F9","09F0","5371","0A2D","0A1C","0A1E"
"3006","537F","5374","9C11","53A8","0A1C","53AA"
"3007","9C0D","9C0F","E4F4","9C36","53AA","9C2F"
"3008","E4FB","E4F2","1052","E514","9C2E","E50D"
"3009","1059","1046","5A4C","1077","9C2E","1070"
"3010","5A5B","5A52","A29A","5A74","E517","5A64"
"3011","A297","A296","CCA9","A2B4","106E","A2B7"
"3012","CCB0","CCA7","FE6C","CCB0","5A69","CCA9"
"3013","FE68","FE5E","45FD","FE87","A2B5","FE87"
"3014","460C","4603","8ECC","FE87","CCB1","45FD"
"3015","8ECA","8EC1","4079","8ECA","FE86","8ECC"
"3016","4080","406E","C804","40AC","4603","40B0"
"3017","C809","C800","1195","C840","8EC1","C839"
"3018","11A5","59ED","59ED","11D3","40AD","11CC"
"3019","59F4","A30D","A317","5A13","C82E","5A0C"
"3020","A31E","A30D","F04B","5A13","11CA","A330"
"3021","F048","29EC","29ED","A337","5A0A","F068"
"3022","29EB","29EC","729C","F065","A32E","2A07"
"3023","729C","729E","729C","2A0E","F066","72BC"
"3024","729C","729E","BB2F","72C4","2A03","BB33"
"3025","BB3F","BB38","BB2F","72C4","72AF","059C"
"3026","0586","0571","48FC","BB43","72AF","4907"
"3027","4903","9730","9727","05A6","BB29","9727"
"3028","972B","9730","F5CC","490E","058E","F5C6"
"3029","F5CD","F5CE","2884","972B","48FA","2884"
"3030","2894","7601","760B","F5CD","9728","760B"
"3031","7612","7601","BFDB","7612","F5C4","BFEF"
"3032","BFE2","042A","0435","7612","288B","0438"
"3033","0433","042A","0435","0433","7601","51B7"
"3034","51BE","51C0","51B7","51C9","BFEF","9BAC"
"3035","9B96","9B92","9B8F","9BB3","042A","38A4"
"3036","38B7","38AB","38AD","38B4","51C0","7A7A"
"3037","7A78","7A78","7A7A","7A78","9BB4","B8D4"
"3038","B8CE","B8BA","B8C7","B8DB","38AB","00F3"
"3039","00FA","00E7","00E9","00F9","7A7A","7008"
"3040","700E","7005","7008","700E","B8D2","9B9B"
"3041","9B92","9B8C","9B82","9BAB","00E7","EDAA"
"3042","EDA9","EDA0","EDAA","EDB1","7005","EDAA"
"3043","EDA9","EDA0","EDAA","EDB1","9BA3","3741"
"3044","EDA9","3720","3722","3740","EDA8","7FEA"
"3045","7FE6","7FE5","7FDF","7FF0","EDA8","C91D"
"3046","C91C","C913","C915","C924","373F","124F"
"3047","C91C","1256","1258","1256","7FE5","68AA"
"3048","1256","6886","6893","68A6","C913","A70B"
"3049","A6F7","A6E9","A6E4","A711","1256","CF07"
"3050","A6F7","CEFC","CF07","CF05","689D","1864"
"3051","CF0E","186E","1864","1877","A708","6130"
"3052","1874","612E","6132","612E","CEFC","AA77"
"3053","612E","AA7E","AA80","AA7E","1862","2BB0"
"3054","AA7E","2B78","2B7A","2BB7","612E","A1EA"
"3055","2B81","A1B1","A1B7","A1F1","AA7E","E6CA"
"3056","A1B2","E689","E698","34D3","2BAE","34CC"
"3057","E698","348B","348D","7CD6","A1E8","7CCF"
"3058","3494","7CAE","7CB3","BA36","E6CD","BA2F"
"3059","7CBA","BA15","BA21","032D","34C0","0326"
"3060","BA1E","02FD","02FF","4B81","7CCD","4B7A"
"3061","0306","4B78","4B7A","4B81","BA37","4B7A"
"3062","4B81","4B78","4B7A","8E88","031C","8E78"
"3063","4B81","8E58","8E65","CB82","4B78","CB7B"
"3064","8E61","CB79","CB86","1453","4B78","1454"
"3065","CB8E","1452","1454","5EC0","8E76","5EC2"
"3066","145B","5EA3","5EA3","A6D9","CB85","A6DA"
"3067","5EA2","A6D0","A6D2","F016","1452","F012"
"3068","A6D9","F003","F012","3946","5EBF","393F"
"3069","F016","393D","393F","833F","A6D8","832E"
"3070","3946","831E","8320","CBD1","F00D","CBCB"
"3071","8327","CBBE","CBC0","1095","393D","108E"
"3072","CBD1","1094","1099","5F32","8336","5F23"
"3073","109E","5F03","5F0C","FCA5","CBC8","FC9C"
"3074","5F0C","FC9A","FC9E","2A9B","1094","2A94"
"3075","FCA3","2A7C","2A7E","586B","5F21","586C"
"3076","2A85","5862","5864","A0E4","FC9C","A0E5"
"3078","5877","A0DB","DF87","DF95","2A95","DFA0"
"3079","A0EC","DF74","907F","907E","586A","9083"
"3080","DF7D","907D","BF9D","BF9C","A0DB","BF9D"
"3081","907E","BF93","BF9D","BF9C","DF9D","BF9D"
"3082","BF9C","BF93","0F19","0F33","907D","0F38"
"3083","BF9C","0F17","5B06","5B03","BF93","5AFC"
"3084","0F16","5AFA","9CE9","9CFB","BF93","9CF1"
"3085","5B0D","9CE3","EA57","EA5E","0F2C","EA57"
"3086","9CFB","EA59","37B0","37CE","5B05","37C7"
"3087","EA5E","37A5","7011","7037","9CE3","7026"
"3088","37B7","7006","C670","C682","EA59","C670"
"3089","700F","C66F","07B4","07C5","37BE","07BE"
"3090","C682","07BC","4934","493B","702B","4934"
"3091","07C5","4932","8EBE","8EC2","C66F","8EBE"
"3092","493B","8EB0","D8A8","D8CE","07BC","D8C0"
"3093","8EC2","D8B0","8D9F","8DDA","4932","8DCC"
"3094","D8B8","8D9C","D698","D6E0","8EB0","D6D2"
"3095","8DA5","D6A2","2306","234F","D8C8","2348"
"3096","D69F","2304","66C2","66E7","8DD5","66DE"
"3097","2319","66BE","A4D7","A4F5","D6D7","A4E7"
"3098","66C7","A4D6","F19B","F1C9","66D1","F1B9"
"3099","A4DE","F1A0","37CF","37E0","A4E5","37D9"
"3100","F1A2","37C1","37CF","37E0","F1C1","37D9"
"3101","37CA","37C1","806E","8094","37E2","808E"
"3102","37CA","8063","A607","A617","37E2","A610"
"3103","8074","A60E","FD21","FD47","808A","FD36"
"3104","A619","FD1F","4120","4131","A605","4120"
"3105","FD28","411E","8A8E","8A9D","FD34","8A98"
"3106","4131","8A94","102D","1076","411E","1064"
"3107","8A9D","102B","3E24","3E61","8A98","3E50"
"3108","1040","3E17","875C","8798","1062","8788"
"3109","3E20","8751","D110","D144","3E58","D13D"
"3110","875A","D10E","198B","19BA","8786","19B4"
"3111","D117","1989","626B","628F","D144","627B"
"3112","1992","626A","015C","017F","19A6","0175"
"3113","6272","015C","4A7F","4A9A","6286","4A93"
"3114","015B","4A73","7716","771D","0173","771E"
"3115","4A85","771E","88A8","88D6","4A9B","88C5"
"3116","7725","88AE","BFFE","C004","7714","BFF5"
"3117","88B7","BFF3","0EBF","0EC7","88CD","0EBF"
"3118","C004","0EB8","B4C1","B4C8","BFF3","B4B6"
"3119","0EC2","B4BC","B4C1","B4C8","0EB8","B4B6"
"3120","B4C5","B4BC","EFFA","F001","B4BC","EFFA"
"3121","B4C5","EFF8","390F","390E","B4BC","390F"
"3122","F001","3905","82EB","8313","EFF8","8304"
"3123","3916","82E9","E08E","E0D5","3905","E0CE"
"3124","82F6","E095","15E1","1629","830A","1622"
"3125","E09F","15DF","6F05","6F4C","E0CC","6F47"
"3126","15E8","6F0B","A8EF","A92D","1620","A930"
"3127","6F0C","A8F7","F157","F172","6F46","F174"
"3128","A8F6","F155","3A2C","3A55","A92E","3A4D"
"3129","F153","3A2A","836D","8395","F172","838E"
"3130","3A3C","8365","CD27","CD4A","3A4C","CD3A"
"3131","8374","CD1D","64F5","64FC","838C","64F5"
"3132","CD26","64FD","B3C8","B3E5","CD41","B3E8"
"3133","64FC","B3BE","FC02","FC09","64FD","FBF8"
"3134","B3C7","FC00","452A","4527","B3DC","4520"
"3135","FC09","4525","822E","8226","FC00","822E"
"3136","452E","8229","CB5E","CB75","4525","CB5E"
"3137","8235","CB66","14C4","14CB","8229","14C4"
"3138","CB75","14BF","14C4","14CB","CB66","14C4"
"3139","14CB","14BF","5E72","5E91","14BF","5E8A"
"3140","14CB","5E70","CCB0","CCE9","14BF","CCD7"
"3141","5E79","CCAE","021F","0266","5E87","0254"
"3142","CCB7","0226","4B60","4B9C","CCD5","4B8C"
"3143","022F","4B5D","9507","953A","025D","4B8C"
"3144","4B66","9502","DEE1","DF09","4B8A","DEF6"
"3145","950B","DEE3","17E2","180D","953C","DEF6"
"3146","DEE8","17E9","6101","6125","DEF4","17FA"
"3147","17E9","60FF","A60F","A630","17F8","A636"
"3149","6108","A612","3D25","F40A","6125","A636"
"3150","A61B","F3D6","E83A","3D3E","A634","F401"
"3151","F3EB","3D18","2438","E841","F3F3","3D44"
"3152","3D21","E83C","6D4B","243E","3D41","E832"
"3153","E839","2435","B6A6","6D5C","E838","2438"
"3154","2434","6D53","F381","B6AD","2435","6D4B"
"3155","6D5C","B6B0","3D60","F388","6D53","B6A6"
"3156","B6AD","F388","AAC4","3D73","B6B0","F381"
"3157","F388","3D54","AAC4","AB03","F388","3D72"
"3158","3D5D","CBAD","CBB0","AB03","3D6A","AAF9"
"3159","AAC3","14B2","14BF","CBF5","AAEF","AAF9"
"3160","AAC3","5E83","5E87","14F9","AAEF","CBF0"
"3161","CBC0","A6E1","A6DF","5EBF","14EF","14EE"
"3162","14BD","EB1C","EB1E","A70D","5EB8","5EB8"
"3163","5E8E","3A80","3A77","EB47","A6FB","A6FC"
"3164","A6EC","8499","8492","3ABD","EB3C","EB36"
"3165","84A0","CAE2","CADF","84B9","3AB5","3AB6"
"3166","CAEC","0DAC","0DAE","CAEC","84B1","84B2"
"3167","0DB5","4D0A","4D15","0DDD","CAE2","CADF"
"3168","4D1F","939E","9398","4D1F","0DD4","0DCC"
"3169","93A7","5E84","5E86","93A7","4D13","4D15"
"3170","5E89","9A86","9A7E","5E89","939E","93A0"
"3171","9A85","E3B7","E3B0","9A85","5E84","5E86"
"3172","E3C1","2E90","2E92","E3C1","9A86","9A88"
"3173","2EA4","69B6","69B8","2EBA","E3B7","E3B0"
"3174","69BF","B31C","B328","69BF","2EAA","2EAC"
"3175","B332","FF22","FF2E","B32F","69B6","69C2"
"3176","FF34","4107","FF2E","FF47","B31C","B31E"
"3177","FF34","8F0F","4109","FF47","FF3E","FF4C"
"3178","410A","9CB2","8F19","410A","FF3E","FF4C"
"3179","8F20","E831","9CB1","8F20","4108","4109"
"3180","9CB8","2E2D","E833","9CD1","8F0F","8F19"
"3181","E83C","77FB","2E2C","E830","9CC8","9CCA"
"3182","2E2A","E198","77FC","2E2A","E831","E833"
"3183","7803","2177","E190","781B","2E21","2E23"
"3184","E197","6B55","2179","E1A1","7809","7814"
"3185","2189","B63F","6B60","2180","E18E","E199"
"3186","6B66","FD4F","B638","6B7D","2181","2179"
"3187","B648","9C09","FD47","B64B","6B7C","6B7E"
"3188","FD4E","E3DA","9C0B","FD4E","B63F","B638"
"3189","9C0B","2CE2","E3DC","9C22","FD45","FD47"
"3190","E3E3","4AE7","2CEE","E3E3","9C1F","9C21"
"3191","2CEB","6B99","4AE0","2CF5","E3DD","E3DC"
"3192","4AF0","B1A3","6BA5","4AF0","2CE2","2CEE"
"3193","6BA2","FAFB","B19A","6BAC","4ADE","4AEB"
"3194","B1AC","FAFB","FB07","B1AC","6BA2","6BA4"
"3195","FB04","D596","FB07","FB1C","B198","B19A"
"3196","FB04","FDCD","D58E","FB1C","FB13","FB1F"
"3197","D5A2","46D8","FDCF","D5D6","FB13","FB1F"
"3198","FDE0","906A","46E4","FE16","D5C2","D5C4"
"3199","46EB","D88E","906C","4724","FE03","FE05"
"3200","907B","229C","D890","908A","4718","471A"
"3201","D897","7ED1","2296","D8BD","9081","908B"
"3202","229D","B34D","7ECA","22DC","D8AA","D8B6"
"3203","7EDD","FB4F","B356","7EDA","22C8","22D5"
"3204","B356","449E","FB43","B36E","7EC8","7ECA"
"3205","FB56","0CFD","44A9","FB4A","B365","B367"
"3206","44B0","97AB","8DB2","44A7","FB4C","FB4E"
"3207","8DB9","C8C8","0CF6","8DC1","449E","44A9"
"3208","0D08","11CC","97A5","0CFD","0CFD","8DB2"
"3209","97AC","4F36","C8CA","97EC","0CFD","0D00"
"3210","C8D2","97C3","11D5","C907","97E1","97DB"
"3211","11D5","C1D1","4F38","1214","1200","C8F6"
"3212","4F3F","C1D1","97C5","4F6C","1200","120D"
"3213","97CC","0B40","C1D2","97F2","97EB","4F65"
"3214","C1D9","5475","C1D2","C1F1","C1E8","97ED"
"3215","C1D9","5475","0B4A","C1F1","C1E8","C1EB"
"3216","0B51","E5DB","5479","0B66","C1E8","C1EB"
"3217","5476","3022","5479","5496","0B67","0B5F"
"3218","9D52","3022","E5D2","9D66","548D","5487"
"3219","E5D9","7851","302E","E5E3","9D5D","9D5F"
"3220","3035","18CD","302E","3053","E5DA","E5DC"
"3221","785A","18CD","E2C0","785A","3041","304D"
"3222","E2BD","F8A6","18CE","E2C6","785B","785C"
"3223","18C4","F8A6","65B9","18FC","E2BE","E2BF"
"3224","65CA","96A0","AEA1","65C0","18F6","18EB"
"3225","AEB4","EE3A","F89F","AEB1","65B8","65B9"
"3226","F8A6","2950","F89F","F8BD","AEA9","AEA1"
"3227","96B1","AF74","96A2","96B4","F8BF","F8B6"
"3228","EE39","F942","EE3C","96B4","96A0","96A2"
"3229","294F","4273","2948","2959","EE58","EE5A"
"3230","72A0","4273","7299","7296","2950","2948"
"3231","AF7C","A51A","AF7F","F957","F959","7299"
"3232","F940","D8E0","F941","F957","4287","AF7F"
"3233","F940","2314","427F","4296","4287","4297"
"3234","427B","B82B","427F","4296","A51A","4297"
"3235","A518","FEC4","A512","A518","D8F6","A512"
"3236","A518","4836","D8D5","D8FD","231F","D8F6"
"3237","6118","93C6","610F","6118","6104","2316"
"3238","B828","DAA9","610F","B848","B849","6111"
"3239","FECD","1C6C","B82E","FED4","FEC4","B84D"
"3240","FECD","5C48","FECD","FED4","4837","FECD"
"3241","4836","F6DD","482F","483F","93E9","482F"
"3242","93D9","6760","93D2","93F2","DAA9","93EA"
"3243","DAB2","A443","DAAB","DAB2","1C63","DAAD"
"3244","1C76","ED48","1C60","1C76","5C48","1C6D"
"3245","5C52","2CE1","5C4A","5C52","F6DD","5C40"
"3246","F6E2","7480","F6DB","F6E2","676C","F6DB"
"3247","6775","B264","676E","6775","A45A","676E"
"3248","A44C","B264","A439","A463","ED70","A453"
"3249","ED51","074B","ED52","ED79","2CEB","ED67"
"3250","2CF8","52AE","2CE3","2CF4","7480","2CE3"
"3251","7495","9A16","748C","7493","B264","748C"
"3252","B264","C246","B25D","B264","B264","B25D"
"3253","B264","0D54","B25D","B264","074B","B25D"
"3254","0754","549B","074D","0754","52D0","074D"
"3255","52B7","9DC8","52B0","52CE","9A32","52C7"
"3256","9A27","266C","9A20","9A46","C246","9A36"
"3257","C258","4427","C251","C258","0D54","C253"
"3258","0D65","8D3A","0D5F","0D65","549B","0D56"
"3259","54AC","D6E0","549D","54AC","9DC8","549D"
"3260","9DDB","7477","9DD3","9DDB","26A2","9DCA"
"3261","266B","BDC7","266E","26A1","445B","26A4"
"3262","442B","0289","441F","445C","8D6E","4454"
"3263","8D40","508A","8D2E","8D6D","D70C","8D69"
"3264","D6E0","8619","D6DF","D713","7490","D70D"
"3265","7480","C347","7479","7499","BDE4","7492"
"3266","BDD1","0C07","BDC9","BDEF","02AB","BDDE"
"3267","0292","0C07","0294","02B4","50AB","02AD"
"3268","5093","5557","5090","50A8","8638","50AB"
"3269","8622","A1AF","8613","8641","C347","C341"
"3270","C351","E6DB","C349","C351","0C07","0C09"
"3271","0C10","2F8D","0BFF","0C06","0C07","0C09"
"3272","0C10","7968","0BFF","0C06","5557","554F"
"3273","5556","C793","554F","5560","A1B1","A1B0"
"3274","A1AE","0C02","A1B0","A1B7","E6E7","E6DD"
"3275","E6E4","7AD0","E6DD","E6E4","2F8D","2F90"
"3276","2F96","BF11","2F85","2F95","797F","798A"
"3277","7979","0727","7972","7991","C7A1","C7AD"
"3278","C793","315C","C78C","C7B5","0C12","0C14"
"3279","0C0B","B454","0BFB","0C1B","7B07","7B12"
"3280","7AE5","FDC1","7AD2","7B10","BF1F","BF28"
"3281","BF10","82EF","BF12","BF32","071F","072C"
"3282","0728","BA8C","072C","0728","316C","3178"
"3283","3165","F86D","315F","317D","B45D","B45F"
"3284","B467","4129","B456","B45D","FDDE","FDD7"
"3285","FDBF","8A51","FDB8","FDE6","830D","831B"
"3286","82FD","8A51","82FD","831B","BA95","BA8E"
"3287","BAA0","D39D","BA8E","BAA0","F88B","F883"
"3288","F86D","FD20","F866","F88A","4121","4123"
"3289","412A","47B5","4123","412A","8A51","8A53"
"3290","8A51","8F70","8A4A","8A51","8A51","8A53"
"3291","8A51","D205","8A4A","8A51","D39D","D39F"
"3292","D3B0","0D12","D3A9","D3A6","47EC","FD22"
"3293","47BE","518B","FD22","47F5","8F79","47EE"
"3294","8F82","9F61","47B7","8F82","D20F","8F72"
"3295","D20E","3685","8F7B","D20E","0D08","D211"
"3296","0D18","6D63","D211","0D18","518B","0D11"
"3297","5189","B699","0D11","5192","9F61","5183"
"3298","9F60","54C9","5183","9F60","36BC","9F66"
"3299","368E","9E01","9F66","36C5","6D9B","36C3"
"3300","6D63","E745","3692","6D98","B6D1","6D9E"
"3301","B696","30A5","6D5C","B6D9","54F0","B6D2"
"3302","54D2","6D59","B69B","54EF","9E0E","54E8"
"3303","9E0A","9C86","54D7","9E18","E75A","9E19"
"3304","E744","CA7F","9E01","E763","30BD","E765"
"3305","30A4","CA7F","E747","30BD","6D75","30BF"
"3306","6D62","1249","30A7","6D7D","9C90","6D86"
"3307","9C99","B01E","6D5D","9C8F","CAA5","9C88"
"3308","CA91","E020","9C88","CAB0","CAA5","CAA7"
"3309","CA91","2E60","CA8A","CAB0","1249","CAA7"
"3310","125C","C1A0","CA8A","125F","B041","1255"
"3311","B032","0822","1255","B049","E04C","B042"
"3312","E01F","5495","B020","E05E","2E90","E057"
"3313","2E60","9D4F","E018","2E8E","C1B8","2E87"
"3314","77C3","E5FC","2E62","77C3","0822","77BF"
"3315","C1B4","1429","77B3","C1CC","54AC","C1BA"
"3316","082B","75A8","C1A2","0822","9D6D","081B"
"3317","549E","BE01","0826","54BF","E5FC","54B8"
"3318","9D57","62DF","54A0","9D76","1420","9D66"
"3319","E605","A061","9D53","E60F","75A8","E5FE"
"3320","1433","DDC3","E608","1432","BDF7","1422"
"3321","75BA","2092","1422","75BA","62D7","1422"
"3322","BE0A","7126","75B3","BE00","A061","BDF9"
"3323","62E0","7126","BDF9","62E0","DDC3","62D9"
"3324","A06A","C806","62D9","A06A","20AA","62D9"
"3325","DDC1","01AD","A063","DDCD","7139","A06C"
"3326","20A5","55B0","DDC6","20BD","7139","20B6"
"3327","7130","9499","209E","714D","C820","20B6"
"3328","7130","DCA7","7128","714D","01BD","713C"
"3329","C809","26B4","7128","C82A","55D3","C822"
"3330","01BA","6F1D","C808","01CF","94BA","C822"
"3331","55B9","B974","01A9","55D1","DC9D","01BF"
"3332","94A2","19B6","55B2","94BA","26C2","94BA"
"3333","DCAD","4CF2","94A3","DCAE","6F1D","DCA9"
"3334","26BE","961B","DCA9","26D2","B990","26C6"
"3335","6F27","34F5","26AB","6F2E","19DD","6F2A"
"3336","B98D","78D5","6F2A","B9A4","4D11","B98E"
"3337","19C8","C7AF","B978","19E6","9638","19D7"
"3338","4D04","109A","19C1","4D24","350A","4D1D"
"3339","9621","4D79","4CFD","9643","78D9","9631"
"3340","34FE","ADCF","961C","3513","C7CC","350C"
"3341","78DE","F0D1","34F8","78DE","10B8","78D7"
"3342","C7AB","F0D1","78D7","10CB","4D92","C7C3"
"3343","10AD","353B","C7AD","4D9B","ADF4","10C4"
"3344","4D78","7E7F","10A8","ADFD","F0E9","4D89"
"3345","ADDF","D18D","4D74","F0F2","F0E9","ADEF"
"3346","F0E3","0F4F","ADD8","F0F2","355E","F0EB"
"3347","F0E3","5918","F0E0","355D","7E97","F0EB"
"3348","3544","A1BF","F0E0","7E98","D1A3","3556"
"3349","7E88","EC26","3548","D1AC","0F58","7E99"
"3350","D19E","343E","7E79","0F60","593A","D1B0"
"3351","0F60","7E06","D18F","5939","A1BF","0F5A"
"3352","5921","C21F","0F59","A1C8","EC33","593D"
"3353","A1C8","102D","591A","EC47","3440","A1B7"
"3354","EC2F","8EA8","A1C0","3447","7E25","EC40"
"3355","3447","D777","EC28","7E2A","C213","3440"
"3356","7E0D","2131","3442","C228","102D","7E27"
"3357","C226","9CCD","7E08","1036","8EA8","C221"
"3358","103E","B94A","C215","8EAB","D777","1037"
"3359","8EAB","0248","1037","D774","214F","8EA4"
"3360","D774","4C06","8EAD","2161","9D03","D76D"
"3361","2142","4C06","D776","9D05","B980","215A"
"3362","9CCE","9482","213B","B989","0286","9D08"
"3363","B953","DD5C","9CD3","028F","4C3E","B982"
"3364","025A","26AE","B94C","4C47","4C3E","0288"
"3365","4C0F","7060","024A","4C47","949F","4C43"
"3366","4C0F","B921","4C01","94AB","DD7E","4C43"
"3367","948C","F5A2","4C01","DD87","26C9","94A1"
"3368","DD6F","39DB","947C","26D2","7080","DD77"
"3369","26B4","813F","DD68","708B","B940","26CB"
"3370","7072","CA81","26AE","B949","F5A1","7084"
"3371","B92A","13CF","706B","F5AA","39F0","B942"
"3372","F5AA","5D01","B923","39F9","8141","F5A3"
"3373","39D9","FBD3","F59A","8151","CA81","39F2"
"3374","8151","4476","39D2","CA8A","13CF","CA83"
"3375","CA8A","8DC2","8143","13D8","5D01","13D1"
"3376","13D8","D784","CA83","5D01","FBEB","5D03"
"3377","5D01","146E","13DA","FBF4","4476","FBE5"
"3378","FBDC","5DCC","5D03","447F","8DBA","4482"
"3379","4489","8B23","FBCC","8DCB","D799","8DC4"
"3380","8DCB","8B23","4482","D7AD","146E","D79B"
"3381","D78D","BAA9","8DC4","1480","5DCC","1479"
"3382","1480","FECE","D77D","5DD6","8B23","5DD1"
"3383","5DD5","4D33","1479","8B22","8B23","8B25"
"3384","8B22","F4CC","5DC5","8B22","BAC2","8B25"
"3385","8B22","2E45","8B1B","BACA","FEE6","BAC3"
"3386","BAB2","77F0","8B1B","FEF9","4D4A","FEF1"
"3387","FEE1","C098","BAAB","4D52","F4CB","4D43"
"3388","4D3B","09E2","FED9","F4C7","2E45","F4C0"
"3389","F4D4","532A","4D2B","2E47","7810","2E4D"
"3390","2E47","9CED","F4CD","780F","C08C","7808"
"3391","77F1","E62D","2E4B","C09F","09D9","C098"
"3392","C095","7BD5","77EA","09E0","531C","09E3"
"3393","09EA","B974","C098","5327","9D02","5320"
"3394","5327","0251","09E3","9D0F","E64F","9CFE"
"3395","9CF5","7B74","5320","E64A","7BCC","E64F"
"3396","E62D","99EE","9CE8","7BDE","B97F","7BCE"
"3397","7BDE","E9A5","E62F","B987","0249","B976"
"3398","B987","30AD","7BCE","0252","7BA9","0256"
"3399","0252","30AD","B976","7BB2","9A30","7BAB"
"3400","7B7D","795B","0256","9A39","EA16","9A30"
"3401","9A00","C2C2","7B76","EA1F","30CA","EA10"
"3402","E9B9","0C66","99F9","30CD","30CA","30C6"
"3404","30B6","5540","30A7","30CD","7977","30C6"
"3405","30B6","9DC3","30A7","7988","C2E2","7977"
"3406","7965","CE01","795E","C2E7","0C7F","C2DB"
"3407","C2C2","1675","C2C5","0C88","555B","0C89"
"3408","0C7C","5F22","0C72","5565","9DC9","556B"
"3409","5552","A98E","5542","9DCB","CE17","9DC5"
"3410","9DD2","26C1","9DCB","CE20","167F","CE22"
"3411","CE0A","5E39","CE03","167E","5F2C","1680"
"3412","167E","F8D7","1680","5F35","A9AD","5F2F"
"3413","5F2B","4831","5F24","A9AA","26E4","A9AC"
"3414","A98C","8F6C","A985","26ED","5E54","5E4D"
"3415","26CA","D983","26C3","5E54","F904","F906"
"3416","5E35","D983","5E2E","F90D","4859","4852"
"3417","F8D5","17BC","F8D9","4862","8F87","8F89"
"3418","4844","8F60","4833","8F87","D983","D98F"
"3419","8F68","8F60","8F6A","D98C","17E4","17DD"
"3420","D996","8F60","D991","17E4","6062","6061"
"3421","D996","9CB3","17BE","6069","8F8C","8F97"
"3422","8F5F","E56D","6059","8F9D","8F8C","9CCF"
"3423","8F5F","2F68","8F58","8F9D","9CD5","E57B"
"3424","8F5F","DA82","8F58","9CE1","E56D","2F9D"
"3425","E57D","10E0","9CC1","E57D","2F90","DAAC"
"3426","2F6F","59EE","E576","2FA6","DAAA","10F7"
"3427","DA95","ECD0","2F65","DAB3","10FE","5A06"
"3428","10DE","ECD0","DA8E","1107","5A0C","A36B"
"3429","A34B","2E0D","10D7","5A16","A369","ECE4"
"3430","ECD3","7FCA","59E4","A372","ECE2","2E18"
"3431","ECD3","D84F","A349","ECF3","ECE2","8004"
"3432","2E1E","668F","ECC4","2E16","7FF8","D87A"
"3433","7FC9","AF0B","2E17","8001","D878","66B1"
"3434","D864","F836","7FC2","D881","D878","AF15"
"3435","6698","420D","D85D","AF1C","66A4","F83C"
"3436","AF1C","9456","6691","F83F","F836","421F"
"3437","F83F","C570","AF0A","422E","F836","9468"
"3438","4216","0E87","F82F","9478","4225","C586"
"3439","945F","0E87","420F","C592","9466","0E9A"
"3440","C574","5844","9458","0EA9","C582","0E9A"
"3441","0E87","A059","C576","0EA9","0E95","5855"
"3442","0E87","EA46","0E81","5866","585B","A05C"
"3443","5843","35BD","0E81","A061","A059","EA5C"
"3444","EA4E","789E","5847","EA64","A059","35D4"
"3445","35BD","C59F","A05C","35DB","EA5B","78B8"
"3446","78A7","0712","A05C","78C1","35DC","C5A4"
"3447","C5AB","4548","35B6","C5AB","78B5","0709"
"3448","071B","8E24","35B6","071B","C598","4554"
"3449","4551","D754","C59D","071B","0707","8E26"
"3450","8E2B","50E2","0709","8E2B","4548","D756"
"3451","D754","1E15","0709","D754","8E24","50F5"
"3452","50E9","66A9","4554","D754","D755","D439"
"3453","D419","AF29","8E26","5106","50F3","1E57"
"3454","1E27","0459","D756","1E5E","D437","66BF"
"3455","66A8","354F","50D7","1E5E","1E55","AF2B"
"3456","AF2A","7F1F","D41C","66C6","66BD","0481"
"3457","0462","7F1F","1E17","AF2A","AF29","355C"
"3458","3564","C2EF","66AB","0488","0476","7F3E"
"3459","7F26","12F4","AF2B","3564","355C","7F3E"
"3460","7F26","5A14","0462","7F45","7F3F","C2F9"
"3461","C2F8","A3EF","354F","7F45","7F3F","1321"
"3462","12FC","176C","7F1F","C300","C2EF","5A1C"
"3463","5A2A","35CF","7F1F","1332","132A","A400"
"3464","A3EF","80FA","C2FC","5A29","5A14","17AE"
"3465","1780","CAB5","12EC","A407","A404","360D"
"3466","35D6","110C","5A1C","17AC","17A3","8136"
"3467","8103","5C00","A3F1","3615","360D","CAEC"
"3468","CAC0","A78C","1779","8134","8134","1134"
"3469","1115","438A","35DB","CAED","CAEC","5C18"
"3470","5C11","84A1","8102","113C","1135","A7AE"
"3471","A798","C318","CAB9","5C1F","5C17","43A9"
"3472","438B","04D5","111A","A7BE","43A7","84AF"
"3473","84B5","4951","5C01","43A8","84AC","C339"
"3474","C32C","94AD","A791","84B5","C337","04D6"
"3475","04DD","DBAC","438C","C34B","04D8","495B"
"3476","4962","DBAC","84A3","04D5","4951","94A6"
"3477","94AD","24DF","C31A","4962","94A3","DBA4"
"3478","DBB5","6EB2","04D6","94B6","DBAC","DBA4"
"3479","DBB5","B74E","4953","DBB5","DBAC","24D7"
"3480","24DE","0098","94A6","DBB5","24DE","6EC2"
"3481","6EB2","4C97","DBA4","24DE","6ECB","B750"
"3482","B75F","9315","DBA4","6EC9","B756","009A"
"3483","00A1","DC6C","24D7","B75F","00A1","4CC0"
"3484","4CA0","0526","6EAB","00AA","4CBF","9317"
"3485","931E","34A7","B750","4CBD","931F","051D"
"3486","DC6B","7DAC","009A","931E","DC6E","34CB"
"3487","052F","23E2","4CA2","DC75","0526","7DB9"
"3488","34B1","B141","9320","052F","34BE","23D7"
"3489","7DA8","FAB8","DC64","34C9","7DC4","B143"
"3490","23DE","41D2","051D","7DC0","23E2","FAD6"
"3491","B148","8CC8","34B3","23DE","B141","41DC"
"3492","FAC1","CABF","7DA1","B14A","FAD4","8CCA"
"3493","41E5","14BF","23D7","FADD","41DA","CAB6"
"3494","8CD1","5DD1","B138","41E3","8CC8","14CB"
"3495","CABF","5DD1","FABA","8CD1","CABF","5DEC"
"3496","14BA","9F64","41DE","CABF","14CB","5DEC"
"3497","5DDD","FD15","8CCA","14D2","5DEF","9F65"
"3499","5DDD","43A3","14B7","5DF2","9F6C","FD20"
"3500","9F75","8CD4","5DD5","5DF2","FD15","43A5"
"3501","FD1E","EA1B","5DD5","9F6D","43A4","8CCF"
"3502","43AC","186A","9F70","FD1E","8CD4","EA53"
"3503","8CDD","619C","FD20","43AC","EA51","1897"
"3504","EA24","A685","43A5","8CDD","18A1","61C8"
"3505","1875","F4BD","8CCF","EA5A","61D2","A6BC"
"3506","61A2","3CA1","EA1D","18A9","A6B2","F4ED"
"3507","A68F","8643","1869","61CF","F4EB","3CCA"
"3508","F4BE","2400","6194","A6C6","3CC8","3CCA"
"3509","3CB4","53F2","A67F","F4F4","8666","240C"
"3510","8657","9C07","F4B7","3CD1","2409","240C"
"3511","2409","E4D9","3CAD","8666","5410","5412"
"3512","53FB","2356","8645","2409","9C00","9C09"
"3513","9C09","914E","240B","5419","E4E3","E4E3"
"3514","E4EC","D220","53F4","9C10","2374","2380"
"3515","2368","D220","9C0C","E4EA","914E","9150"
"3516","9157","1D79","E4E3","2387","D229","D22B"
"3517","D232","673B","2361","9161","D229","D22B"
"3518","D232","ADAD","9150","D229","1D7C","1D7B"
"3519","1D79","F231","D22B","D229","6752","6754"
"3520","6744","4351","D22B","1D79","ADAD","ADAF"
"3521","ADB6","8E57","1D7B","675B","F231","F22E"
"3522","F240","D4E3","673D","ADB6","436F","4379"
"3523","4366","01F2","ADBD","F240","8E57","8E64"
"3524","8E60","5120","F22E","4384","D4E3","D4E5"
"3525","D4F8","9536","435C","8E6B","020A","0215"
"3526","01FB","DE7A","8E59","D4F8","5115","5117"
"3527","5129","90D6","D4E5","0213","9536","9538"
"3528","953F","D9D2","01FD","511E","DE93","DE95"
"3529","DE83","2356","5117","953F","90EB","90F8"
"3530","90D5","6C5F","9538","DEA6","D9F0","D9FB"
"3531","D9DB","A925","DE7C","90FD","2376","236D"
"3532","2355","05FC","90CE","D9F9","6C81","6C80"
"3533","6C68","34CF","D9D4","2374","A92C","A932"
"3534","A92D","34CF","234E","6C87","063A","063C"
"3535","060C","85F2","6C58","A92D","34D9","34D1"
"3536","34E2","CF4A","A934","0644","34D9","34D1"
"3537","34E2","1787","0605","34D8","8615","8610"
"3538","85FF","60A0","34DD","34D8","CF6C","CF62"
"3539","1786","AA88","34DD","8617","177C","178A"
"3540","60AB","0D28","85F5","CF68","60A0","609E"
"3541","0D31","3999","CF4D","178E","AAA1","AAA3"
"3542","39AD","82C9","177D","60B3","0D69","0D61"
"3543","82D2","CC74","60AD","AAA1","39D8","39DA"
"3544","CC71","1508","AA7C","0D68","830B","8300"
"3545","151C","5DDC","0D32","39E1","CCAA","CCA0"
"3546","5DE5","FCD3","39A6","8307","1527","1532"
"3547","FCE5","45E0","82CB","CCA7","5DF6","5DF6"
"3548","45E9","8266","CC6A","1530","FCEB","FCED"
"3549","826F","C5CC","150A","5DF2","45FF","4601"
"3550","C5DF","01B1","5DE1","FCF4","8266","8268"
"3551","01AD","4AED","FCDE","4608","C5E9","C5F4"
"3552","4B00","CC86","45E2","826F","01AE","01B0"
"3553","CC8E","CC86","8268","C5FF","4AED","4AFA"
"3554","CC8E","F7CB","C5D8","01B7","CCC5","CCC7"
"3555","F7C7","901E","01B0","4B00","CCC5","CCC7"
"3556","40E4","D306","4AEF","CCCE","F800","F7F8"
"3557","9027","1BE2","CC92","CCCE","4108","4106"
"3558","D31B","7506","CC92","F808","905D","905F"
"3559","1BF2","AF05","F7C8","411A","D32D","D326"
"3560","7506","F7B6","40DD","905D","1BF8","1C08"
"3561","AF13","45D3","902C","D334","751C","751E"
"3562","F7C8","8A98","D311","1BFF","AF22","AF20"
"3563","45DF","CE1A","1BEB","7525","F7DD","F7D5"
"3564","8A9A","950F","74FF","AF27","45C8","45D5"
"3565","CE23","BAD4","AF0C","F7E5","8AB8","8AB9"
"3566","9518","03D6","F7C1","45DC","CE22","CE1C"
"3567","03DF","4D5E","45CA","8AB3","9538","953A"
"3568","4D5E","89CA","8A9C","CE23","BB10","BB0C"
"3569","89DB","D2AC","CE24","954E","0415","040F"
"3570","D2B1","1BF5","9506","BB19","4D8A","4D97"
"3571","1C00","1BF5","BADD","0416","89F3","89EB"
"3572","1C00","65AB","03E0","4D9E","D2C3","D2CD"
"3573","65AD","AE84","4D64","89FB","1C07","1C0B"
"3574","AE85","F2CD","89CA","D2D7","1C07","1C0B"
"3575","F2D6","2EF3","D2AD","1C1C","65C0","65C1"
"3576","2EFC","78DC","1BF7","1C1C","AE9C","AEA2"
"3577","78DB","C582","1BF7","65C4","F2C3","F2CF"
"3578","C581","05A8","65A2","AEA3","2F11","2F1F"
"3579","05A7","52E2","AE8A","F2D6","78DC","78D4"
"3580","52EC","A024","F2CF","2F1A","C578","C57A"
"3581","A023","E9F2","2F01","78E5","05BD","05C9"
"3582","E9FB","309B","78D4","C58B","52D9","52E4"
"3583","30A4","D063","C57A","05CF","A024","A01D"
"3584","D06D","1917","05A0","52EC","EA0A","EA15"
"3585","1929","40AD","52E6","A02E","309E","309D"
"3586","40B6","6DEA","A01D","EA1B","D082","D07B"
"3587","6DFB","AD5E","E9FE","30A4","1917","1919"
"3588","AD6E","F623","309D","D08C","40AD","40A5"
"3589","F62F","9967","D05D","1920","6DEA","6DF4"
"3590","9970","9967","1919","40AC","AD72","AD7F"
"3591","9970","D604","40A5","6DFB","F63A","F635"
"3592","D608","1E88","6DF4","AD86","9967","9969"
"3593","1E98","5E74","AD69","F645","9967","9969"
"3594","5E7D","FA4C","F61E","9970","D620","D61E"
"3595","B1F2","438D","9969","9970","1E93","1E8A"
"3596","FA55","8D6B","9969","D61F","5E6D","5E6F"
"3597","438E","D603","D607","1E98","B207","B200"
"3598","8D6A","17BE","1E91","5E7D","FA4C","FA5A"
"3599","D60E","5665","5E6F","B212","438D","4386"
"3600","17D4","9EC2","B1DE","FA55","8D81","8D7B"
"3601","5677","6B91","FA4C","438E","D611","D60F"
"3602","9ECD","9F6C","438F","8D81","17BE","17CD"
"3603","6B93","E86D","8D60","D60E","5665","5670"
"3604","9F75","31FB","D60D","17C7","9EC4","9EBC"
"3605","E880","6E5A","17C0","5677","6BC7","6BC9"
"3606","3202","B2B7","5670","9ECD","9FA3","9FA5"
"3607","6E6C","01ED","9EBC","6BD0","E8A1","E8A3"
"3608","B2B9","01ED","6B97","9FAF","322F","3233"
"3609","01EC","49CD","9F70","E8B5","6E82","6E84"
"3610","01EC","9246","E878","3238","B2C6","B2CB"
"3611","49DF","C18E","31FB","6E8B","0221","0224"
"3612","924B","C18E","6E5C","B2DA","0221","0224"
"3613","C197","09F2","B2AE","022A","49F1","49EB"
"3614","09F2","9BF1","01E5","022A","9246","924B"
"3615","52BE","9BF1","01E5","49F9","C1AC","C1AE"
"3616","9BFC","097A","49CF","9252","09F3","09EB"
"3617","0983","4E87","9244","C1C1","52B2","52AA"
"3618","4E85","97C1","C190","09F2","9BF3","9BF3"
"3619","97C3","E184","09F4","52BE","097A","097C"
"3620","97C3","2A37","52AA","9BFC","4E87","4E7E"
"3621","2A40","C992","9BF3","0983","97C1","97BC"
"3622","2A40","0DC4","097F","4E85","E19E","E194"
"3623","C99D","5BC0","4E85","97C3","2A37","2A39"
"3624","0DCF","8B4B","97BC","E19B","C9B1","C9A9"
"3625","8B54","AA50","E183","2A40","0DC6","0DBD"
"3626","8B54","D3A5","2A39","C9BC","5BC0","5BC2"
"3627","AA63","1D3C","C996","0DCF","8B63","8B5A"
"3628","D3A6","1D3C","0DC6","5BD3","8B63","AA52"
"3629","1D3B","D078","5BC2","8B6C","D39D","D3A9"
"3630","1D3B","0214","8B44","AA59","1D56","1D59"
"3631","021C","4B24","AA5C","D3AF","1D56","1D59"
"3632","021C","94D6","D3A9","1D57","1D56","D0B1"
"3633","4B2E","DD5E","1D42","1D57","0242","0244"
"3634","94DF","263A","1D42","D0B8","0242","4B62"
"3635","DD5F","7A2C","D07C","024B","9516","9518"
"3636","2642","B94D","020C","4B6B","DD80","DD73"
"3637","7A38","020A","4B27","9516","DD80","265B"
"3638","B95F","45EC","94E4","DD84","2650","7A44"
"3639","0211","9540","DD58","265A","7A4A","B966"
"3640","45FF","3284","2643","7A4B","B96D","021D"
"3641","953F","965F","7A2E","B976","021A","45EC"
"3642","3299","C62B","B958","0224","45EC","955D"
"3643","9662","0F3E","020A","45F4","955D","328E"
"3644","C62A","4CA4","45EC","955A","3284","9697"
"3645","0F47","954A","9540","3298","9695","C660"
"3646","4CA6","DE0F","3286","9698","C656","0F78"
"3647","9553","DE0F","9661","C65F","0F79","4CDC"
"3648","DE0F","3160","C622","0F7F","4CDA","9569"
"3649","DE0F","7134","0F41","4CE3","955B","DE2A"
"3650","315F","BA7D","4CA7","9566","DE27","DE2A"
"3651","713B","FCA3","954C","9566","DE27","3196"
"3652","BA8F","3A1A","DE15","DE27","318D","7168"
"3653","FCAC","7E0E","DE15","319D","7169","BABE"
"3654","3A19","CD3A","3158","319D","BABB","FCD9"
"3655","7E17","4C86","712B","716F","FCCE","3A3B"
"3656","CD3A","820D","BA80","BAC2","3A2F","7E30"
"3657","4C8C","CB45","FCA7","FCD7","7E31","CD71"
"3658","821F","14EF","3A1C","3A40","CD71","4CBD"
"3659","CB50","B29F","7E10","7E2F","824D","8245"
"3660","1502","0787","CD3C","CD78","CB7A","CB75"
"3661","B2B2","45E1","4C85","4CC7","1524","1526"
"3662","0790","8EFE","821A","824C","B2C1","B2C4"
"3663","45F5","AAB7","CB3E","CB7C","07BE","07C0"
"3664","8F07","F37C","14FB","1538","461F","4621"
"3665","AAC8","3BCB","B2A1","B2CA","AAF6","8F3F"
"3666","F385","3BCB","0789","07C7","F39B","AAF0"
"3667","3BD4","BA43","45ED","461E","3BED","F393"
"3668","3BD4","DC8F","8F07","8F3C","3BED","3BE5"
"3669","BA4C","2C59","AAB9","AAFF","BA6D","3BE5"
"3670","DC9A","7324","F37E","3BF6","DCCA","BA7B"
"3671","2C5B","BC21","3BCD","3BF6","2CBB","DCC9"
"3672","732C","0549","3BCD","BA76","734E","2CC7"
"3673","BC29","4F13","BA39","DCD0","BC37","7344"
"3674","0555","97D2","DC8A","2CD0","056B","BC3D"
"3675","4F1F","E074","2C54","7356","4F2C","056E"
"3676","97E5","2335","732C","BC41","97F1","4F24"
"3677","E073","4159","BC1A","057D","E06A","97FD"
"3678","233D","DE81","0558","4F2B","2353","E06C"
"3679","4158","2B94","0558","97F8","4159","2355"
"3680","DE82","711B","4F16","E07C","DEA3","415B"
"3681","2BA0","BA66","E075","2353","2BAA","DEA0"
"3682","7124","F48C","E075","4166","7144","2BB6"
"3683","BA77","4261","2337","DE9F","BA8C","713B"
"3684","F49D","8AE1","415B","2BB3","F4CB","BA86"
"3685","426A","8AE1","DE7B","714A","4282","F4CE"
"3686","8AEA","D370","2B8E","BA8D","8AF8","4282"
"3687","8AEA","2217","7126","F4CB","8AF8","8B01"
"3688","D370","669D","BA74","427F","D370","8B01"
"3689","2223","8EB8","F48E","8B08","222C","8B01"
"3690","66A7","BC85","425A","8B08","66BB","D372"
"3691","8EC1","054E","8AE3","D379","8EFA","2237"
"3692","BC84","4DAD","8AE3","223D","BCBB","8EEF"
"3693","055F","FA4E","D372","66C4","056C","8EEF"
"3694","4DAC","2DD4","2219","8EF6","4DBB","BCBC"
"3695","FA63","7917","66A0","BCC6","FA6B","0577"
"3696","2DD1","C246","8EC3","057E","2DEF","4DC7"
"3697","7920","590D","BC7D","4DC4","7935","FA7A"
"3698","C259","F287","0550","FA81","C265","2DE7"
"3699","5916","3B27","4DAD","2DF7","590D","7940"
"3700","AA3B","AFE8","FA50","793E","AA68","C267"
"3701","F29A","F8A7","2DCA","C26E","F2B1","590F"
"3702","3B2F","F8A7","7919","590E","3B26","AA62"
"3703","72CF","428F","C248","AA69","72DA","F2B3"
"3704","AFFB","CE56","5907","F2B8","AFF3","3B1F"
"3705","F8B0","0E08","AA34","3B31","F8B4","72E6"
"3706","F8B0","5731","F293","72E3","F8B4","AFEA"
"3707","428D","A06E","3B1F","AFF1","42A9","F8A9"
"3708","CE5F","E9BF","72C8","F8B0","CE56","F8A9"
"3709","0E1B","32F2","AFF5","F8B0","0E08","42A8"
"3710","573A","7D5B","F8A9","42AF","5731","CE5F"
"3711","A080","BE7E","F8A9","CE5F","A06E","0E0A"
"3712","E9BD","0F11","4290","0E1B","E9BF","572A"
"3713","32FB","3CC2","CE58","573A","32F2","A070"
"3714","7D68","BB5E","0E0A","A080","7D93","E9C4"
"3715","BE89","0540","572A","E9BD","BE80","32FE"
"3716","0F1C","97C5","A070","32FB","0F11","7D8A"
"3717","3CD3","D0D5","E9C4","7D9F","3CC2","BE78"
"3718","BB5D","0DAC","32FE","BE7E","BB5E","0F13"
"3719","0547","5767","7D56","0F11","0577","3CCC"
"3720","97D9","9FE3","BE7F","3CD3","9806","BB56"
"3721","D0DD","9FE3","0F13","BB5D","D115","056C"
"3722","0DB5","E8BD","3CCC","0573","0DE2","97FD"
"3723","5770","3C03","BB56","9804","579E","D10D"
"3724","9FEE","7BF4","0537","D11D","9FF7","0DDD"
"3725","9FEE","C53A","97D0","0DE4","9FF7","57A0"
"3726","E8C6","ECFA","D0D7","579D","E8D5","9FF9"
"3727","3C13","FFE4","0DAE","A00B","3C42","9FF9"
"3728","7BFD","47BE","5769","A00B","7C22","E8DF"
"3729","C539","9098","9FE7","E8E6","C564","3C39"
"3730","ED0C","43AC","9FE7","3C40","ED38","7C24"
"3731","FFED","7545","E8BF","7C2B","0019","C572"
"3732","47C7","5CA0","3C05","C579","47E8","ED32"
"3733","9094","A5BE","7BEC","ED43","90AD","001B"
"3734","43BD","FFCC","C53C","0022","43E2","47E7"
"3735","755B","3905","ED05","47E5","7580","90A6"
"3736","BE7E","75E9","FFEE","90AD","BEA1","43E4"
"3737","5CA9","BFA8","47C0","43EB","5CBF","758B"
"3738","A5D1","0831","9097","7592","A5E0","BEAF"
"3739","FFD5","0831","43AE","BEB4","FFF6","5CCB"
"3740","390E","4C4B","7558","5CC8","393A","A5D9"
"3741","75F7","9BC5","BE6E","A5E0","762D","FFF8"
"3742","BFAF","0CFD","5CA2","FFFF","BFD5","3946"
"3743","083A","31EC","A5CA","3943","084F","7626"
"3744","083A","7AEA","FFC2","7628","084F","BFDE"
"3745","4C54","C490","3911","BFE7","4C6B","0850"
"3746","9BCC","0D38","75F3","084E","9BEE","0850"
"3747","0D0C","5605","BF9D","084E","0D3A","4C65"
"3748","31EA","A944","0829","4C75","3218","9BF0"
"3749","7AF3","E92C","0829","9BF5","7B1E","0D3C"
"3750","C4A3","3277","4C57","0D43","C4C7","3223"
"3751","0D34","BD8F","9BC5","322A","0D4C","7B2B"
"3752","560C","0645","0D05","7B32","561B","C4D5"
"3753","A943","7A75","31EE","C4D1","A97B","0D55"
"3754","E943","B008","7AEC","0D5C","E964","5615"
"3755","3285","F3A1","C493","5628","32AB","A973"
"3756","BD98","3A87","0D38","A985","BDAD","E96E"
"3757","0657","8362","55FD","E976","0666","32A2"
"3758","7A7E","8362","A946","32B5","7AB1","BDA7"
"3759","F3AA","CCA3","E93E","BDAE","B03D","065F"
"3760","3A90","1656","3270","0666","F40E","7AB3"
"3761","836B","6940","BD91","7AB4","3AA7","B03F"
"3762","836B","A904","0647","B03E","8379","F40E"
"3763","CCA2","D019","7A77","F415","8379","3AA7"
"3764","166A","1A0C","B001","8382","CCC0","837B"
"3766","6948","620E","3A80","8382","1679","837B"
"3767","A90E","324E","836C","CCCB","696B","CCB9"
"3768","D018","55F0","836C","1678","A939","1671"
"3769","1A0B","9EE5","CCA5","697D","D04E","6976"
"3770","6218","3E22","1658","A942","1A39","A932"
"3771","AAF3","8642","6938","D057","622B","D050"
"3772","3257","CFB0","A906","1A42","AAFA","1A3B"
"3773","5605","18BF","D01A","622A","328D","6231"
"3774","9EEF","5516","1A0E","AB03","9F1E","AAFC"
"3775","3E2B","97E3","6211","563B","3E4F","328D"
"3776","8655","D50F","AAEC","9F26","8669","5631"
"3777","CFC2","D50F","3258","3E58","CFC9","9F2B"
"3778","18D4","1DDD","55F3","866A","18E4","3E5C"
"3779","552A","681F","9EE6","CFD2","5516","8663"
"3780","97F6","B3C6","3E1D","18E6","9802","CFD2"
"3781","D50E","F9BB","8644","551E","D50F","18DF"
"3782","D50E","452C","CFBB","9814","D50F","5518"
"3783","1DDE","8EFC","18CA","D519","1DDD","980D"
"3784","6828","D571","5518","D519","683E","D507"
"3785","B3CF","1A25","97EF","1DDE","B3D0","D507"
"3786","F9C4","6AF7","D511","6847","F9B2","1DDF"
"3787","4536","B362","D511","B3CF","452C","6849"
"3788","8F05","FC98","1DDF","F9BB","8F15","B3C8"
"3789","D584","5F58","682A","4536","D57B","F9BE"
"3790","1A25","A7DC","B3C8","8F1E","1A25","452E"
"3791","6AF6","F133","F9BE","D57A","6B13","8F0D"
"3792","B36B","93A3","452E","1A2F","B362","D580"
"3793","FCA9","C544","8EF6","6B14","FCA0","1A1E"
"3794","5F58","0EEA","D573","B36B","5F58","6B15"
"3795","A7E5","57B3","1A1E","FCA1","A7DC","B364"
"3796","F13C","57B3","6AEF","5F64","F14B","FC9A"
"3797","93AE","A0DC","B36C","A7E5","939D","5F5B"
"3798","C54C","EA22","FC9A","F154","C544","A7DF"
"3799","0EFE","33F9","5F5A","93AC","0F09","F156"
"3800","57AE","73D8","A7E0","C55A","57A2","93A7"
"3801","57AE","C622","F13E","0F1C","57A2","C549"
"3802","A0D8","0786","93A5","57BB","A0CF","0F14"
"3803","EA2B","45E0","C549","57BB","EA22","57A5"
"3804","33F3","8EA6","0EED","A0E3","340A","57A5"
"3805","73EA","D868","57B1","EA2B","7402","A0D0"
"3806","C637","5999","57B1","340F","C62D","EA17"
"3807","0797","882D","A0D0","73FF","078E","3411"
"3808","45E9","2723","EA17","C628","45D4","7400"
"3809","8EAF","6F98","33FB","0799","8EA6","C626"
"3810","D87B","B8BC","73E2","45E7","D881","0793"
"3811","59A2","B8BC","C626","8EA6","59DB","45DE"
"3812","883D","3F5C","0793","D893","8861","8EA9"
"3813","6F98","3F5C","45D6","59D9","2765","D883"
"3814","B8BC","882E","8E9F","886A","6FB5","59D2"
"3815","01FA","B03D","D86A","2761","B8CB","8863"
"3817","3F6F","B03D","8836","6FBE","020F","2762"
"3818","8837","FFAF","272D","B8DC","3F73","6FAF"
"3819","B046","4702","6F9A","0221","3F73","B8D5"
"3820","B046","9048","B8B5","3F86","B044","021B"
"3821","FFB8","FE94","01FC","8855","B044","3F7F"
"3822","4712","4396","3F68","B04D","B044","884F"
"3823","9051","8CBF","8827","B04D","FFCD","B046"
"3824","9051","D69F","B03F","FFCE","9048","B046"
"3825","43AA","1F4C","B03F","470B","9048","FFC7"
"3826","8CBF","68A4","FFA8","905B","FE94","4704"
"3827","8CBF","B263","470B","FE9D","4396","9054"
"3828","D6A8","FB13","9054","43A7","8CBF","FE8C"
"3829","1F57","7F35","FE8C","8CBF","D6B7","43A3"
"3830","68AD","89D0","43A0","D6C0","1F43","8CC1"
"3831","B262","CD37","8CC1","1F4C","689B","D6C3"
"3832","FB1F","1B93","D6AA","68A4","B27F","1F45"
"3833","7F3C","C068","1F45","68A4","FB0B","689D"
"3834","89D8","F173","689D","B281","7F35","B281"
"3835","CD40","3A82","B265","7F3C","89E9","FB15"
"3836","1B93","3A82","FB15","7F3C","CD2D","7F2A"
"3837","C071","844C","7F2A","89F1","1BA8","89EA"
"3838","F186","CCC6","89D1","CD40","C0A6","CD39"
"3839","3A93","15A4","CD39","1BB1","F1B7","1BB4"
"3840","3A93","69C3","1B8C","C0A7","3ABF","C0A8"
"3841","845E","A8B9","C071","F1BA","3ABF","F1B5"
"3842","CCD1","F162","F174","3ABF","848C","3AB8"
"3843","15AE","3A01","3A86","3ABF","CCDA","3AB8"
"3844","69D6","844E","3A86","CCE4","15BF","848E"
"3845","A8CE","CC71","8458","CCE4","69E1","CCDD"
"3846","F16A","3A99","CCC1","15C6","A8D0","15B6"
"3847","3A0F","6088","CCC1","69EA","F180","69ED"
"3848","8462","030C","69C5","A8DB","3A01","A8DE"
"3849","CC7B","4C2C","A8C5","F188","846D","F181"
"3850","3AA0","956E","A8C5","3A0A","CC71","39FD"
"3851","608C","DEDE","39FD","847C","3AD0","8475"
"3852","0315","25B3","8459","CC7B","60B5","CC74"
"3853","4C2C","658C","8459","3AE1","032A","3AD2"
"3854","9577","A753","CC6A","60C8","4C3C","60C0"
"3855","DEE9","A753","6086","0333","9584","032C"
"3856","25C7","E5EF","6086","4C4C","DEEE","4C45"
"3857","6595","2E1F","4C2E","958D","25E9","958E"
"3858","A763","76DD","9571","DEFF","65C4","DEF8"
"3859","A763","E8AA","DED7","25FA","A78E","25F6"
"3860","E5F8","1909","DED7","65D7","A78E","65D0"
"3861","2E28","622E","25B5","A793","E62E","A791"
"3862","76E6","A74A","6599","A793","2E3E","A791"
"3863","E8B3","F566","A753","E62E","7701","E630"
"3864","191B","3D29","A753","2E3D","E8E2","2E36"
"3865","622F","86EA","E5FA","76FE","1942","76F7"
"3866","A751","E478","2E21","E8E3","6260","E8DC"
"3867","F56C","6F1B","76EC","1949","A778","1942"
"3868","3D31","B8B3","E8AC","626C","F59A","6265"
"3869","86E8","4A34","190B","A789","3D48","A782"
"3870","E478","AB90","6228","F59A","86FB","F593"
"3871","6F24","D1B2","A750","3D59","E4A6","3D4A"
"3872","B8C6","1AB6","F55F","870C","6F52","86FE"
"3873","0118","646C","3D2A","E4AF","B8EA","E4A8"
"3874","4A3D","ACD3","86F3","6F5B","0139","6F54"
"3875","ABA3","F122","E471","B8FD","4A4B","B8F7"
"3876","D1B1","407A","6F1D","0142","ABCF","013B"
"3877","1ACB","88AD","B8BF","4A4C","D1E6","4A45"
"3878","1ACB","D1AA","011C","ABD8","1AF7","ABC7"
"3879","6469","1323","4A2C","D1F0","1AF7","D1E0"
"3880","ACE6","4FDE","AB92","1AFD","64A3","1AFC"
"3881","F12B","98BF","D1AA","1AFD","ACFE","1AFC"
"3882","4082","E1EC","1ABC","64A0","F141","64A1"
"3883","88BF","3160","1ABC","ACFA","40BB","AD00"
"3884","D1B3","CB0D","6462","F143","88D4","F143"
"3885","1334","146E","ACDF","40BA","D1C5","40BA"
"3886","4FF0","3C57","F124","88E1","1349","88D4"
"3887","98D2","861C","4084","D1CC","4FDE","D1C5"
"3888","E1EB","C8D3","88B8","1352","98BF","1342"
"3889","3169","0882","D1AC","4FE7","E1E2","4FE0"
"3890","CB15","577B","132D","98D2","316C","98CB"
"3891","1481","577B","4FE0","E1EB","CB1B","E1E4"
"3892","3C60","7C10","98CB","3175","1491","3177"
"3893","8625","A991","E1EE","CB24","3C57","CB27"
"3894","C8DD","F1D8","3155","148F","8634","1491"
"3895","088A","3BD8","CB05","3C60","C90A","3C63"
"3896","577B","E3E9","1470","863D","0899","8636"
"3897","577B","1A4B","3C59","C912","57A1","C90B"
"3898","7C19","63EE","861E","08A2","57A1","0892"
"3899","A99A","AD09","C8CB","57B3","7C08","57AC"
"3900","F1EB","F520","0884","57B3","A9A9","57AC"
"3901","3BE1","3F1F","577D","7C19","F1E2","7C12"
"3902","E3F2","87AC","577D","A9BC","3BF0","A9B5"
"3903","1A51","2559","7C12","F1EB","E402","F1E4"
"3904","63EE","60DA","A99C","3BF9","1A61","3BF2"
"3905","AD19","A53B","F1DA","E40B","641C","E404"
"3906","F533","EDBC","3BDA","1A6A","AD29","1A5A"
"3907","3F2F","BB28","E3EB","642E","F520","641E"
"3908","87B5","FA3A","1A4A","AD32","3F36","F52E"
"3909","256B","FA3A","63E7","F529","87AC","3F42"
"3910","60E1","435E","AD12","3F49","2562","3F42"
"3911","A54E","8D3A","F522","87BE","60D0","87AE"
"3912","EDC7","D5DB","3F2C","256B","A53B","60DA"
"3913","2C4D","1F2C","87B7","60E1","EDBC","60DA"
"3914","BB24","685E","2565","A54E","BB45","A53C"
"3915","FA43","B232","60DA","EDBD","FA42","EDC0"
"3916","FA43","FAF8","A53C","2C4C","435E","2C47"
"3917","4362","2832","EDC0","BB43","8D50","BB43"
"3918","8D39","57C4","2C47","FA4F","D5DB","FA3C"
"3920","D5E3","9984","FA48","FA4F","1F2C","FA3C"
"3921","1F2C","EA36","FA48","4362","685E","8D55"
"3922","6862","C568","4363","8D52","B24F","D5DB"
"3923","B234","0E9C","8D40","D5E3","FAED","D5DB"
"3924","FAF5","5A3A","D5E6","1F2C","2828","1F2F"
"3925","283B","A082","1F2F","6862","57DC","6863"
"3926","57CD","DCAD","6863","B250","999C","B255"
"3927","9984","327C","B237","FAF5","EA4E","FAF9"
"3928","EA3F","706D","FAF9","283B","C595","282A"
"3929","C571","706D","282A","57E5","0ED2","57D6"
"3930","0EA5","B913","57BE","999B","5A77","9994"
"3931","5A4E","E727","997D","EA57","A0A0","EA50"
"3932","A095","F4D3","EA38","C5A7","DCCF","C597"
"3933","DCB6","3DB7","C56A","0EE5","32BE","0EDC"
"3934","328E","EFD3","0E9E","5A73","70B8","5A6C"
"3935","7078","19C0","5A47","A0B1","70B8","A0AA"
"3936","7078","6A64","A084","DCCE","B93E","DCCF"
"3937","B91A","B0A5","DCAF","32BA","E767","32B3"
"3938","E738","FC2A","3287","70B8","F4F3","70B1"
"3939","F4DF","42B4","7066","70B8","3DCC","70B1"
"3940","3DBC","8C61","7066","B94E","F009","B947"
"3941","EFD2","2CD1","B913","E76E","19F6","E75E"
"3942","19D3","7556","E729","F4FB","6AE0","F4E9"
"3943","6A62","C128","F4D6","3DD6","B0B8","3DC5"
"3944","B0A6","0754","3DAD","F013","FC39","F00C"
"3945","FC27","4374","EFD4","1A07","42CA","19F8"
"3946","42BC","B59C","19CB","6AF0","8C83","6AE9"
"3947","8C72","D7EE","6A5B","B0C4","2D1B","B0C6"
"3948","2CCF","D7EE","B0A6","FC40","758C","FC44"
"3949","755F","217D","FC2C","42D4","C15A","42D6"
"3950","C131","65F1","42B7","8C8C","0767","8C7A"
"3951","075D","B6E3","8C5E","2D24","438B","2D14"
"3952","4377","FC10","2CD4","7595","B5CB","7598"
"3953","B59C","45BD","7558","C161","D827","C150"
"3954","D7F8","9B3E","C11E","0770","D827","0769"
"3955","D7F8","D8F1","074D","4397","21C6","4391"
"3956","217E","1A31","436F","B5DA","661E","B5D3"
"3957","65F0","5B76","B591","D82E","B718","D832"
"3958","B6E2","A0D7","D7F4","D82E","FC21","D832"
"3959","FC0F","E9D3","D7F4","21CB","45D8","21D0"
"3960","45D1","EF1F","2178","6627","9B71","6620"
"3961","9B3C","3A2C","65F4","B719","D943","B71D"
"3962","D8F9","8083","B6DB","FC2A","1A67","FC2D"
"3963","1A43","B7E4","FC0D","45DF","5BAC","45E0"
"3964","5B81","0774","45BE","9B73","A0FE","9B6C"
"3965","A0EA","5BAE","9B40","D94F","E9EB","D940"
"3966","E9E6","5BAE","D8F3","1A78","A591","1A69"
"3967","A559","99A7","1A33","5BAB","EF6B","5BA4"
"3968","EF2B","C3C1","5B78","A0FD","3A5B","A0F6"
"3969","3A36","1047","A0D9","E9F4","8098","E9F7"
"3970","8083","559D","E9D5","A598","B7FD","A593"
"3971","B7EE","9E91","A55C","EF74","07AB","EF6D"
"3972","077D","315B","EF24","3A6D","5BE5","3A66"
"3973","5BC0","4E03","3A2E","B7FB","5BE5","809A"
"3974","5BC0","DF9E","807C","07B4","99F1","B7F4"
"3975","99A4","28E3","B7E8","5BF7","C3F9","07A3"
"3976","C3CA","710A","0776","5BF7","107F","5BF0"
"3977","1048","0BF6","5BBB","99FA","55BB","5BF0"
"3978","55B0","5A13","5BBB","C3F8","9EB3","99F4"
"3979","9E9A","9A6B","99A7","1087","3191","C3FB"
"3980","316C","D730","C3C3","55CE","3191","1081"
"3981","4E13","1446","1049","9EBB","9713","55BD"
"3982","96E8","D40C","55A9","31A4","DFC0","9EB4"
"3983","DFA8","D40C","9E93","4E4D","DFC0","3193"
"3984","28EC","0B42","3165","9725","28F6","4E3C"
"3985","7113","53AA","4E11","DFBD","0C35","971E"
"3986","0C09","9CFA","96EA","290A","0C35","DFC2"
"3987","9A6C","E62C","DFA0","7115","5A51","2903"
"3988","D73B","2E56","28DF","0C3E","9A81","7104"
"3989","145B","2E56","710C","5A5D","D739","0C37"
"3990","3EBF","C068","0C00","9A92","144F","5A53"
"3991","D40B","08CC","5A1F","D73B","3EAE","9A8E"
"3992","D40B","08CC","9A71","144F","D441","D734"
"3993","0B4B","4D86","D73D","3EBF","D441","1451"
"3994","53A9","E378","1448","D43E","0B6F","3EB0"
"3995","9D03","E378","3EB8","D43E","53BE","D437"
"3996","E63B","9458","D404","0B78","9D1B","D437"
"3997","2E5F","CE9C","D404","53C7","E64A","0B71"
"3998","9575","1723","0B44","9D1B","2E5E","53C0"
"3999","C079","6698","53A2","E653","95A3","9D14"
"4000","08DE","A42A","9CFC","2E5F","C09D","E654"
"4001","08DE","E724","E634","95AC","08E9","2E62"
"4002","9B9C","454B","2E60","C0B0","4D93","95A5"
"4003","E379","454B","956E","08F2","9BAE","C0AB"
"4004","9461","801D","C073","4DA3","E378","08EB"
"4005","1723","C89C","08CE","9BB0","948D","4D9C"
"4006","1723","0CB1","4D89","9496","CEDB","9BB3"
"4007","66AC","40FF","9B89","CEE4","1740","E37A"
"4008","E720","7EB0","E37A","1741","66C9","9486"
"4009","E720","ECF4","9450","66D2","A453","CEDD"
"4010","4561","47A4","CEA7","A467","E717","1742"
"4011","801D","BDC1","171C","E72D","4598","66CB"
"4012","801D","0165","669A","45AB","4598","A455"
"4013","0CBA","0165","A42C","45AB","8069","E726"
"4014","4111","505F","E71A","8069","C8D0","459A"
"4015","4111","0ACA","4555","C8D1","0CD6","459A"
"4016","ED06","3BB9","4555","0CD3","413C","806B"
"4017","47A6","7FA2","801F","413C","7EA8","C8CA"
"4018","7045","C228","C896","ED1D","ED14","0CCC"
"4019","BDD1","F2CB","0CBE","7082","47F3","4135"
"4020","0171","3B7C","4101","BDFF","7070","7EB2"
"4021","505C","B1F1","7EAA","018C","BDFE","ED0D"
"4022","505C","B1F1","ECFF","5096","0185","47EB"
"4023","0AE1","E440","47A6","0B1D","5088","7071"
"4024","3BC1","3303","7047","3C0B","0B14","BDF8"
"4025","7FAD","79A7","BDC5","3C0B","3C0C","0182"
"4026","C231","C1B6","0170","C25A","7FBF","508F"
"4027","F2DD","0B11","5055","F2FC","C251","0B16"
"4028","3B7C","3577","0ACC","F2FC","F2F2","3C04"
"4029","B1F5","ACFB","3BB9","3B9E","3B92","7FC1"
"4030","B1F5","E8B2","7FA4","B236","B224","C24A"
"4031","E44B","3126","C21D","B236","B224","F2F4"
"4032","330C","7A6C","F2CD","E48E","E48D","3B8B"
"4033","79B0","C48A","3B7E","79C4","3350","B226"
"4034","C1C9","6D4E","B1EE","79C4","79C6","B226"
"4035","0B22","A0E8","B1EE","C1BF","C1BF","E48F"
"4036","3576","E966","E442","0B22","0B19","3348"
"4037","ACFB","2DE6","32FC","3576","3577","79C9"
"4038","E8BD","6F72","79A0","AD31","AD2F","C1B8"
"4039","312F","B734","C1B8","E8E7","E8DE","0B1B"
"4040","7A74","0136","0B1B","3143","3144","357A"
"4041","C493","0136","0B1B","7A8D","7A83","AD2A"
"4042","6D63","773A","357A","C4C6","C4BD","E8E9"
"4043","A0E7","9CFD","ACF4","6D9B","6D8F","3146"
"4044","E964","E5D5","E8B4","A127","A11E","7A7C"
"4045","2DE4","2F00","312B","E98A","E981","C4C9"
"4046","6F72","76FC","7A65","2E09","2DF5","6D91"
"4047","B73F","C8B7","C494","6F98","6F8F","A120"
"4048","0142","2963","6D5E","B73D","B72C","E983"
"4049","0142","5412","A0EA","0157","0144","2E02"
"4050","7743","A192","E966","0157","0144","6F89"
"4051","9CFE","EEB2","2DE7","776E","7765","B739"
"4052","E5D3","2EF9","6F74","9D33","9D34","0151"
"4053","2F0B","B300","B72E","E60F","E607","0151"
"4054","7707","66D9","013B","2F38","2F35","776F"
"4056","C8BD","A387","772F","7717","770E","9D2C"
"4057","296C","DA69","9D01","C8D6","C8C1","E609"
"4058","541A","1E05","E5D6","29C3","29BA","2F31"
"4059","A1A2","6B5C","2F0A","5453","5448","7710"
"4060","EEB9","6B5C","7700","A1D7","A1C3","C8CE"
"4061","2EF9","E60A","C8B9","EEDF","EED6","29BC"
"4062","B313","1429","2970","2F17","2F0F","544C"
"4063","27D9","5D9C","540A","B32B","B319","A1D0"
"4064","66E4","A5D1","A194","2825","2828","EED8"
"4065","A390","F021","EEA9","672F","6732","2F18"
"4066","DA68","3750","2EF2","A3AF","A3A6","B31B"
"4067","1E0E","9FAE","B302","DA97","DA8E","281E"
"4068","6B5C","C494","27DD","1E2D","1E24","6733"
"4069","6B5C","144A","66D7","6B7B","6B72","A39F"
"4070","E608","6096","A38B","6B7B","6B72","DA90"
"4071","143C","A8BE","DA61","E655","E655","1E2F"
"4072","5DA5","307A","1E11","1471","146B","6B74"
"4073","A5DA","A56A","6B55","5DD9","5DD8","6B74"
"4074","F02A","DD0C","6B55","A5F3","A5F5","E64E"
"4075","374F","2134","E601","F05E","F055","1460"
"4076","9FB5","68B5","142B","3759","3750","5DDA"
"4078","C49D","A67E","A5DE","9FF9","9FF9","A5EC"
"4079","1460","F3DD","F01B","C4D3","C4C9","F050"
"4080","609F","F3DD","3748","14A8","149F","3748"
"4081","A8C5","4AB7","9FAE","60D6","60CB","9FF2"
"4082","307E","88C3","C496","A8D2","A8D2","C4CB"
"4083","A56B","CB0D","1454","3095","3092","1498"
"4084","DD1C","107E","608E","A5BF","A5B6","60CC"
"4085","213D","667C","A8B3","DD61","2159","A8CB"
"4086","68C5","A61A","3077","215B","A692","308E"
"4087","A687","DA3E","A571","68F6","F3EB","A5B0"
"4088","F3DE","4EEB","DD15","A6A3","F3EB","DD5A"
"4089","F3DE","7760","213E","F3F4","4AED","215B"
"4090","4AB4","C0AD","68BE","F3F4","8925","68ED"
"4091","88C2","0DEA","A67F","4AEC","CB35","A69C"
"4092","CB16","A82C","F3D7","8925","10B0","F3F5"
"4093","1087","167F","F3D7","CB34","66A7","F3F5"
"4094","6685","4054","4AB9","10B9","A622","4AE5"
"4095","A623","88FD","88C5","66B9","DA4C","891E"
"4096","DA3F","C6A3","CB18","A62D","4F4F","CB2D"
"4097","4EF4","0D2D","1080","DA55","77A0","10BB"
"4098","7774","5079","6675","4F58","C0E9","66B2"
"4099","C0BF","5079","A626","77AB","0DF7","A624"
"4100","0DF4","9F13","DA38","C0EF","A835","DA4E"
"4101","A835","0750","4EED","0E0C","16C5","4F51"
"4102","1681","340E","7763","A83E","40AA","7798"
"4103","406A","7C6A","C0AE","16D5","892B","C0EB"
"4104","8906","C932","0DDD","40AB","C6B0","0DFC"
"4105","C6AD","0F5C","A82E","8934","0D42","A837"
"4106","0D2F","580E","1682","C6C5","5082","16CD"
"4107","5082","EA7C","4056","0D58","5082","40A4"
"4108","5082","31F5","88FF","508B","9F13","8938"
"4109","9F11","7664","C6A6","508B","079C","C6B4"
"4110","074E","0630","0D28","9F11","3444","0D50"
"4111","3416","75B1","5086","07A5","7C87","5084"
"4112","7C72","A3E1","5086","344D","C951","5084"
"4113","C939","F2F6","9F09","7C99","0F7A","9F16"
"4114","0F5F","2D6A","0752","C95A","5818","079E"
"4115","5817","7834","3407","0F8D","B324","3446"
"4116","B2D5","BEF1","7C76","582C","EACA","7C92"
"4117","EA87","BEF1","C929","B32A","3220","C953"
"4118","3205","081C","0F58","EAD4","767E","0F86"
"4119","766D","7726","580F","3224","75F3","5825"
"4120","062F","A0A8","B2D5","7685","A415","B323"
"4122","75BA","E0FB","3202","0639","F343","EACD"
"4123","A3ED","21DE","766A","75FC","2D88","3220"
"4124","F308","67FF","0632","A422","7834","7676"
"4125","2D73","B022","75C1","F34C","BEF1","0628"
"4126","7849","3157","A3D8","2D9A","BEF1","75F6"
"4127","BEF1","5C45","F2F9","783D","081C","A41A"
"4128","BEF1","A363","2D79","BEF1","775C","F345"
"4129","081B","E6B5","7836","BEF1","A0F3","2D8A"
"4130","773B","8926","BEF6","081B","E121","7836"
"4131","A0B4","D268","BEF6","7765","21EA","BEF3"
"4132","E104","1DC0","081E","A0F3","681E","BEF3"
"4134","21E3","6579","A09F","E12C","B022","081E"
"4135","6808","9B28","E105","21F3","314B","7768"
"4136","B035","DC0E","21D4","682A","5C7D","A0EA"
"4137","3161","223E","6803","B02B","A377","E119"
"4138","5C48","223E","B024","3162","E6AA","21F8"
"4139","A363","6B6F","314D","5C7F","8926","681F"
"4140","E6BA","B753","5C41","A376","D272","B030"
"4141","892F","FDF3","A35C","E6B3","1DB5","314D"
"4142","D27B","47D0","E6B3","892F","658E","5C78"
"4143","1DBE","930F","8932","D27B","9B27","A37E"
"4144","658C","0714","D26A","1DBE","DC05","E6B3"
"4145","9B27","31AB","1DB7","65A2","223E","8928"
"4146","DC16","7F4E","6586","9B30","223E","D26A"
"4147","2252","CB1D","9B29","DC0E","6B6F","1DB7"
"4148","2252","123A","DC07","2247","B753","659C"
"4149","6B78","5AFE","2240","2247","FDEE","9B29"
"4150","B765","F8DF","2240","6B78","47E5","DC07"
"4151","FDFA","4229","6B71","B765","930F","2240"
"4152","47D9","85FD","B755","FDFA","0714","6B71"
"4153","9321","C1A2","FDE9","47EE","31AB","B755"
"4154","0714","001A","47D2","9318","7F4E","FDE9"
"4155","31BC","4B51","9319","071B","CB1D","47E7"
"4156","7F55","91F6","070D","31BC","1251","9319"
"4157","CB26","91F6","31B5","7F60","5AFE","070D"
"4158","124E","DB28","7F59","CB26","F8DF","31B5"
"4159","5AFE","2720","CB1F","1265","4229","CB1F"
"4160","F8F2","695C","123D","5B06","85FD","1254"
"4161","4232","B79C","5AFF","F8E7","C1A2","5AF6"
"4162","8606","2F36","F8E1","423A","002F","F8EB"
"4163","C1AB","6052","4233","8606","4B47","422B"
"4164","0022","A6AA","85FF","C1A2","91F8","8609"
"4165","4B50","EFFA","C19B","0038","91F8","C19B"
"4166","91F7","3BC2","0012","4B50","DB28","0026"
"4167","91F7","8278","4B49","91F7","2720","4B49"
"4168","DB38","CC49","91F8","91F7","695C","91F8"
"4169","2733","6998","91F8","DB38","B7B2","91F8"
"4170","6967","AB7B","DB2A","2733","2F34","DB2A"
"4171","B7AE","EB2D","272A","6967","6052","2722"
"4172","2F32","31ED","6960","B7C3","A6AA","6960"
"4173","6064","7037","B79E","2F32","EFFA","B7B4"
"4174","A6B3","B593","2F38","6064","3BC2","2F2B"
"4175","F002","057F","605D","A6A7","8278","604F"
"4176","3BD8","057F","A6A0","F002","CC5E","A6A0"
"4177","8277","4BEC","EFFB","3BD8","69A3","A6A0"
"4178","CC47","9533","3BD1","8277","AB7B","3BD1"
"4179","69A1","1D99","8270","CC5E","EB2D","8270"
"4180","AB86","3F17","CC40","69AC","31ED","8270"
"4181","EB3F","897A","69A5","AB86","7037","CC57"
"4182","31F9","D16F","AB7D","EB3F","B5A7","69A5"
"4183","7048","1B86","EB2F","31F9","0588","AB73"
"4184","B59C","6284","31E8","7048","0588","EB2F"
"4185","0591","C027","7039","B5B0","4BEC","31EF"
"4186","0591","F79C","B59E","0591","9533","7041"
"4187","4BF3","3F9E","058A","0591","1DCF","B5B3"
"4188","953C","CB34","058A","4BF3","3F49","058D"
"4189","1DA3","0EA3","4BEB","953C","89D0","058D"
"4190","3F20","3DD7","9535","1DD9","D17A","4BE1"
"4191","898D","D1F6","1D9B","3F4D","1BB3","953D"
"4192","D178","0057","3F0F","89D9","1BB3","1DD1"
"4193","1B90","260D","8986","D178","C055","3F4E"
"4194","6286","6F97","D17C","1BC9","C055","89D3"
"4195","C02F","6F97","1B7F","628F","F7DA","D171"
"4196","F7A5","B865","6287","C05E","CB5D","1BB5"
"4197","3FA7","0082","C029","F7E4","CB5D","6287"
"4198","CB46","8875","F79B","3FC2","0EAE","C060"
"4199","0EAC","B437","3FA9","CB64","3DD7","F7DD"
"4200","3DE1","FCA6","CB3C","0EAC","D22C","3FBB"
"4201","D1F1","FCA6","0EB0","3DE1","0084","CB5B"
"4202","0057","8F1D","3DCF","D227","262A","0EAF"
"4203","261F","D743","D1EA","008D","6FAE","3DCF"
"4204","6F97","D743","0050","2633","6FAE","D220"
"4205","6F97","336D","260F","6FB7","B883","0090"
"4206","B86E","B2ED","6F90","6FB7","0082","2635"
"4207","B86E","B2ED","6F90","B88C","88AA","6FA7"
"4208","008B","4F2A","B85E","0093","B46C","6FA7"
"4209","887A","9882","0084","88B1","FCBA","B87C"
"4210","B44A","C2EB","886A","B482","4604","008C"
"4211","FCA4","35F6","B439","FCC3","8F31","88AC"
"4213","45F4","68AF","45F8","4617","D74D","B46E"
"4214","8F26","B13D","8F21","8F43","3397","FCC3"
"4215","D74C","FA6D","D751","D74C","64AB","460F"
"4216","336A","FA6D","D751","33A0","B324","8F3F"
"4217","647F","43CE","6478","64A7","4F33","D74F"
"4218","B2F6","8BE5","B2E7","B330","9882","33A7"
"4219","4F3D","E7A4","B2E7","4F33","C2EB","64AC"
"4220","988C","153B","4F2C","9882","362C","B326"
"4221","C2F5","5DB4","9884","C2F5","68DC","4F2C"
"4222","35FF","A24C","C2F0","362C","B15A","9884"
"4223","68B8","E09C","35F1","68E5","FA8C","C2F0"
"4224","B146","250B","68B1","B163","FA8C","3625"
"4225","FA76","6885","B135","FA8C","43F5","68DE"
"4226","FA76","F6C0","FA6F","FA8C","8BE5","B152"
"4227","43D7","2635","43D8","43F4","E7D7","FA85"
"4228","8BE4","ACBE","43D8","8BEE","1570","43ED"
"4229","E7A3","F5A2","8BE7","E7E0","5DD1","8BEA"
"4230","153B","3DFF","E7A5","1571","A265","E7DB"
"4231","5DBD","AE92","1534","5DDA","E0C8","1572"
"4232","A255","E1ED","5DB4","A270","2521","5DD3"
"4233","E0A4","2525","A24E","E0D0","6885","A25D"
"4234","2514","739A","E095","252A","F70D","E0CA"
"4235","688E","739A","2517","688E","2681","252E"
"4236","F6C9","BCDD","6887","F716","ACE0","6891"
"4237","2641","FAB6","F6C2","268A","F5D4","F708"
"4238","ACC7","2B40","263A","ACED","3E17","267B"
"4239","F5A3","A06E","ACB6","F5D6","AECF","ACE7"
"4240","3E0F","DB6B","F59F","3E16","E238","F5D1"
"4241","AE9B","24D9","3DFA","AED7","2541","3E17"
"4242","E1F4","6D35","AE94","E241","73D1","AEC9"
"4243","252E","B795","E1ED","2543","73D1","E231"
"4244","73AB","FEA5","2527","73D1","BD11","253C"
"4245","73AB","5A78","739C","73D1","FABE","73CA"
"4246","BCDB","8879","739C","BD0F","2B4B","73CA"
"4247","FAC7","26EE","BCDF","BD0F","A0AE","BD15"
"4248","2B47","7042","FAB8","2B54","DBA3","FAB8"
"4249","A06C","B8A9","2B40","2B54","250E","2B59"
"4250","DB74","24F0","A070","A0B7","6D44","A0B0"
"4251","24EC","4046","DB79","2517","B7C1","DBAE"
"4253","6D3E","8E18","6D2E","2517","FEA5","2510"
"4254","B796","D5BC","B78F","6D4D","5AA5","6D51"
"4255","FEB1","D5BC","FEA0","B7D1","88B8","B7CA"
"4256","5A77","1DF0","5A70","FEAE","26FF","FEA0"
"4257","888F","6728","8888","5AB7","705E","5AB0"
"4258","26F7","B055","26F2","88C3","B8AA","88BC"
"4259","7040","1442","7044","2708","2528","270D"
"4260","B8B2","4439","B8A1","706A","409B","7055"
"4261","2502","8D7A","24F2","B8A8","8E49","B8AE"
"4262","404F","D5D8","4047","2531","D5E4","252A"
"4263","8E13","1F23","8E16","4099","D5E4","408F"
"4264","D5C0","6756","D5B9","8E53","1DF0","8E4B"
"4265","D5C0","C1EE","D5B9","D5E6","6728","D5D6"
"4266","1DFC","FCF6","1DF5","D5E6","B055","D5D6"
"4267","6726","8FFD","672A","1DF8","1479","1DF1"
"4268","B063","D290","B05C","6726","446E","672A"
"4269","144B","1E74","1444","B063","8DA4","B05C"
"4270","4438","6774","4440","1485","D5ED","147B"
"4271","8D85","D6A2","8D72","4476","1F49","4471"
"4272","D5E8","0AC8","D5DC","8DB5","6755","8DA3"
"4273","1F33","4DEC","1F21","D604","C223","D5F3"
"4274","675F","4DEC","6749","1F48","FD2A","1F47"
"4275","C1F7","9C5F","C1E4","6751","901F","6749"
"4276","FCFC","E5B3","FCEE","C22E","D2C0","C21C"
"4277","8FFD","2DD4","8FFF","FD26","1E8E","FD2A"
"4278","D27D","8FDE","D286","9033","6786","902C"
"4279","1E77","BFD3","1E6F","D2CA","D6EE","D2C4"
"4280","6784","0861","6781","1E8A","0B17","1E8E"
"4281","D6A4","4BF2","D6A4","6793","4E0A","678D"
"4282","0AD1","958F","0ACD","D6F7","9C85","D6F0"
"4283","4DF5","BF42","4DEE","0B15","E5F0","0B0E"
"4284","4DF5","12A7","4DEE","4E1C","2DF4","4E0C"
"4285","9C5F","992D","9C60","4E1C","9021","4E0C"
"4286","E5C5","1546","E5BE","9C8E","C01E","9C87"
"4287","2DE7","59F4","2DD6","E5F9","088C","E5F5"
"4288","8FE7","A3FF","8FE0","2DFD","4C09","2DF6"
"4289","BFDC","EBAB","BFD5","9029","95AD","9020"
"4290","0861","3A2F","0863","C027","BF5A","C02C"
"4291","4C02","7416","4BFE","089F","12C6","088E"
"4292","9598","BD7E","959C","4C1E","9979","4C13"
"4293","BF40","BD7E","BF44","95C0","156F","95AF"
"4294","12B0","05D2","12B1","BF63","5A15","BF59"
"4295","9936","501C","992F","12C5","A429","12BE"
"4296","154F","973E","1541","998C","EBA2","9985"
"4297","59FD","ED70","59F6","157F","3A81","157B"
"4298","A40B","19AA","A401","5A1F","7441","5A17"
"4299","EBB7","6871","EBA4","A43D","BDB5","A42B"
"4300","3A38","B008","3A31","EBB4","BDB5","EBAD"
"4301","7415","FA80","7416","3A85","05EA","3A7E"
"4302","BD7E","4183","BD80","744A","5051","7443"
"4303","BD7E","8B89","BD80","BDBE","973E","BDAA"
"4304","05E2","008B","05DB","BDBE","EDA8","BDAA"
"4305","5030","7BA7","5027","505A","19D7","05F3"
"4306","9747","C4E8","9737","973E","68A5","5053"
"4307","ED79","0E35","ED6B","EDAF","B01C","9737"
"4308","19AA","5691","19A3","19E0","FA86","EDA0"
"4309","687D","A9B8","6871","68B1","4183","19D9"
"4310","B011","D9EA","B000","B02F","8BA0","68AB"
"4311","FA7F","2327","FA8A","FA7F","00C8","B028"
"4312","4194","2327","418D","4194","7BC4","FA8A"
"4313","8B89","66D7","8B8B","8B9F","C4FE","418D"
"4314","008F","B52E","0088","00CB","0E52","8BA2"
"4315","7BB7","FD02","7BB2","7BCD","569C","00BE"
"4316","C4F1","2762","C4F5","C512","A9E6","7BC6"
"4317","0E32","A0A5","0E2C","0E59","DA20","C50E"
"4318","56A2","DD10","569B","569A","2359","0E52"
"4319","A9C1","1D1F","A9B1","A9EF","2359","569B"
"4320","D9EA","5B65","D9EC","DA1F","66EE","A9F2"
"4321","2332","A44F","231C","2362","B549","DA21"
"4322","2332","EC55","231C","2362","FCF9","DA21"
"4323","66D5","61D8","66D9","66F7","2762","235B"
"4324","B53D","E5D3","B539","B554","A0DA","66F0"
"4325","FD0B","2F6C","FCFA","FD0B","DD6C","66F0"
"4326","276B","78B6","2764","276E","1D3C","FCFA"
"4327","A0A5","BAAC","A0A7","A0E3","5B87","FCFA"
"4328","DD1A","FC72","DD13","DD72","A465","2764"
"4329","1D2F","6E95","1D21","1D45","EC55","A0DE"
"4330","5B6E","9426","5B71","5B86","620D","1D3E"
"4331","A450","9426","A451","A477","E5F1","1D3E"
"4332","EC5E","DC7A","EC57","EC5E","2F98","5B7F"
"4333","61DC","25CC","61DA","6211","78E8","A470"
"4334","E5DC","6F00","E5CC","E5FB","BAB3","EC5F"
"4335","2F7E","B714","2F77","2FAC","FC72","620F"
"4336","78BF","1D5C","78B6","78F1","6EC2","E5F3"
"4337","BAB6","49AE","BAB9","BAB6","9454","2FA5"
"4338","FC84","9029","FC7D","FC84","9454","78EB"
"4339","6E9E","D893","6E8D","6ED4","DCA5","BAB9"
"4340","9425","21C2","941E","9468","25E5","FC7D"
"4341","9425","6B08","941E","9468","6F26","6EC4"
"4342","DC84","B44D","DC7D","DCAB","B71F","9461"
"4343","25CD","518F","25C6","25E5","1D51","9461"
"4345","6F12","934C","B717","6F2F","49DF","DC9D"
"4346","B728","D0FE","1D5C","B71F","9020","25E5"
"4347","1D63","19D8","49A2","1D63","D888","6F28"
"4348","49B5","58D5","9022","49EB","21CC","B721"
"4349","9032","A217","D895","9029","6B08","1D53"
"4350","D89B","EB4D","21C4","D891","B44D","49DD"
"4351","21D7","EB4D","6B0A","21D5","518F","9022"
"4352","6B1B","3496","B447","6B1B","934C","D895"
"4353","B44E","7DD7","5191","B44E","D0FE","21C4"
"4354","519F","F473","9350","519F","19D8","6B0A"
"4355","9355","2393","D10B","9355","58D5","B447"
"4356","D112","6C7E","19D1","D112","A217","5191"
"4357","19E1","B5C4","58DA","19E1","EB4D","9350"
"4358","58DE","FF03","A223","58DE","EB4D","D10B"
"4359","A22A","43E1","EB4F","A22A","3496","19D1"
"4360","EB5E","9194","EB4F","EB5E","7DD7","58DA"
"4361","EB5E","DAC5","34A1","EB5E","F473","A223"
"4362","34A8","2411","7DD9","34A8","2393","EB4F"
"4363","7DE0","AE45","F475","7DE0","6C7E","EB4F"
"4364","F481","F70F","2395","F481","B5C4","34A1"
"4365","239C","404D","6C89","239C","FF03","7DD9"
"4366","6C87","8994","B5D0","6C87","43E1","F475"
"4367","B5D7","C88C","FF05","B5D7","9194","2395"
"4368","FF15","11E0","43E3","FF15","DAC5","6C89"
"4369","43F5","5B17","918B","43F5","2411","B5D0"
"4370","9192","5B17","DABD","9192","AE45","FF05"
"4371","DACE","D3DD","240B","DACE","F70F","43E3"
"4372","241B","0327","AE46","241B","404D","918B"
"4373","AE45","4C33","F711","AE45","8994","DABD"
"4374","F721","4C33","4046","F721","C88C","240B"
"4375","404D","90E2","8996","404D","11E0","AE46"
"4376","899D","DEBC","C88E","899D","5B17","F711"
"4377","C89E","7115","11D9","C89E","5B17","4046"
"4378","11E0","7115","5B22","11E0","D3DD","8996"
"4379","5B20","BA67","5B22","5B20","0327","C88E"
"4380","5B20","03AE","D3D2","5B20","4C33","11D9"
"4381","D3E6","4562","0327","D3E6","90E2","5B22"
"4383","0324","8390","90E4","0324","DEBC","5B22"
"4384","4C3B","1FE5","DEB7","4C3B","27E0","D3D2"
"4385","90F4","691E","27D9","90F4","7115","0327"
"4386","DEBE","B265","7120","DEBE","BA67","4C36"
"4387","27E8","FBF7","BA71","27E8","03AE","90E4"
"4388","7126","3B23","03A6","7126","4562","DEB7"
"4389","BA6A","C8DD","456E","BA6A","8390","27D9"
"4390","03B8","D677","8392","03B8","1FE5","7120"
"4391","456B","D677","1FDE","456B","691E","BA71"
"4392","456B","2582","6917","8399","B265","03A6"
"4393","1FEE","6E2B","B267","1FEE","FBF7","456E"
"4394","691E","B536","FBF9","691E","3B23","8392"
"4395","691E","FF20","3B1C","B26F","C913","1FDE"
"4396","FC00","47B6","C8DF","FC00","D6AD","6917"
"4397","3B23","91BB","D67A","3B23","D6AD","B267"
"4398","3B23","DA35","D67A","C91C","25D6","FBF9"
"4399","C8E6","1D1E","2584","D6AD","6E6B","3B1C"
"4400","D676","5A41","6E38","D6AD","B537","C915"
"4401","D676","A311","B52F","25DF","FF3D","D6A6"
"4402","258B","ED56","FF23","6E74","47B6","D6A6"
"4403","B536","8AE6","47B8","B540","91D8","25CF"
"4404","B536","D74F","91BD","FF47","DA35","6E64"
"4405","FF2A","188F","DA2F","47B5","1D3C","B538"
"4406","47BF","6A22","1D20","91E1","5A3F","FF4A"
"4407","91C4","A4B0","5A43","DA3E","A306","47AE"
"4408","DA3E","F228","A313","1D3B","ED73","91E4"
"4409","1D1D","3AE1","ED58","5A48","8AEF","DA2F"
"4410","5A40","3AE1","8AF1","A31A","D75B","1D34"
"4411","A30F","8452","D75A","ED7D","188F","5A43"
"4412","ED67","AEA7","1891","8AEF","6A22","A308"
"4413","8AFB","DD94","6A2D","D758","A4CE","ED7D"
"4414","D758","2684","A4BB","18A1","F247","8AE8"
"4415","18A1","6F63","F232","6A2B","3AE1","D751"
"4416","6A2B","179D","3AEC","A4DF","3AE1","1891"
"4417","A4C2","4F13","3AEC","F253","8449","6A2D"
"4418","F230","9AA8","844B","3AEA","AEA7","A4D8"
"4419","3AEA","E337","AEA9","845E","DD94","F249"
"4420","8452","2C77","DD9D","AEB0","2684","3AE3"
"4421","AEB0","6A57","2690","DDA8","6F6C","3AE3"
"4422","DDA8","12FE","6F6E","2696","17B4","844B"
"4423","2696","5C3B","1797","6F78","4F1C","AEA9"
"4424","6F78","9DF8","4F1E","17B7","9AC4","DD9D"
"4425","17A9","DB7D","9AA6","4F1C","E336","2690"
"4426","4F1C","1A52","E335","9AC2","2C77","17B0"
"4427","9AB0","6393","2C81","E336","6A5A","4F22"
"4428","E336","E829","6A52","2C81","1306","9AC5"
"4429","2C88","E829","1307","6A60","5C3B","E32F"
"4430","6A60","0FD9","5C36","1306","9DF8","2C76"
"4431","1306","597A","9DFB","5C44","DB7D","6A52"
"4432","5C44","A1D8","DB7F","9E02","1A52","1300"
"4433","9E02","EB63","1A55","DB86","6393","5C3D"
"4434","DB86","34DE","6394","1A5B","E85F","9DF8"
"4435","1A5B","7BA5","6394","639B","E85F","DB7F"
"4436","639B","BFD2","E837","E868","100D","1A4C"
"4437","E832","0D57","0FE4","E868","59B4","6394"
"4438","E832","3AC4","0FE4","1021","A1D4","E86D"
"4439","0FEB","842E","A1DB","59BD","EB99","E86D"
"4440","597B","CCFF","EB5D","A1E2","3517","100F"
"4441","A1E1","7C18","EB5D","EBA2","7BA5","59AC"
"4442","EB6C","B652","7BA6","3521","BFC9","A1D6"
"4443","34E7","FF12","BFCB","7BB4","0D4F","EB9C"
"4444","7BAD","479C","BFCB","BFDB","3ABB","3519"
"4445","BFD1","868B","0D5A","0D61","842E","7BB0"
"4446","0D61","CD8C","8439","3AC4","CCFF","BFD5"
"4447","3AC4","177A","8439","8443","7C4E","0D56"
"4448","8443","177A","CCF9","CD0B","B688","3ABD"
"4449","CD0B","6016","7C20","7C58","FF41","8439"
"4450","7C21","AA1B","B64C","B689","47C4","CCF9"
"4451","B65D","CF4B","FF0C","FF54","86C2","7C54"
"4452","FF13","040C","47A7","47CD","CD96","B682"
"4453","47AE","4BAF","8682","86CB","17A1","FF43"
"4454","8694","9472","CD98","CD9D","17A1","47C6"
"4455","CD95","473D","177C","CD9D","600B","86C2"
"4456","178B","7834","177C","17A1","AA31","CD98"
"4457","178B","C1D3","600D","17A1","CF52","179A"
"4458","601D","0A34","AA14","601F","041E","179A"
"4459","AA1B","53AF","CF4D","CF54","4BAF","6018"
"4460","0412","07CD","0401","0430","947B","AA3D"
"4461","4BAF","3C13","4BB2","4BB9","4771","CF56"
"4462","947B","8558","947D","9485","787B","0429"
"4463","4746","CD6A","4736","477A","C215","4BB2"
"4464","7846","0B3D","7841","787D","0A3D","9480"
"4465","C1E6","5043","C1D6","C21C","0A3D","4776"
"4466","0A3B","9B99","0A36","0A44","53ED","788A"
"4467","53B8","9B99","53B1","53EE","0805","C215"
"4468","07E2","0843","07CF","0817","3C4B","0A3D"
"4469","3C14","2FC0","3C0D","3C52","858F","53F0"
"4470","8559","7CEC","8552","8599","CD74","0813"
"4471","CD7D","C88E","CD6C","CD73","0B73","3C43"
"4472","0B3E","0ECD","0B3E","0B72","9BA2","8588"
"4473","5043","5880","5045","5079","9BA2","CD6C"
"4474","9BAC","A2E8","9BA4","9BA2","0879","0B75"
"4475","9BAC","E7BA","9BA4","9BA2","2FF8","5072"
"4476","084C","30E0","083B","0879","7D23","9BA5"
"4477","2FC9","75C6","2FC0","2FF3","C886","9BA5"
"4478","7CF6","B0C1","7CF1","7D22","0F01","087B"
"4479","C897","814E","C891","C897","58AC","2FF7"
"4480","0ED6","B22E","0EC7","0F0A","A2E8","7D26"
"4481","588B","042C","5879","58B6","E7BA","0EFC"
"4482","A2FC","4C6E","A2F4","A2F0","30E0","58BA"
"4483","E7BB","8CD2","E7C0","E7BB","75C6","A2F4"
"4484","30E0","D364","30E2","30E0","B0C1","E7C0"
"4485","75CF","1B86","75D0","75CF","8185","30E2"
"4486","B0CB","1B86","B0B9","B0CB","B264","75C8"
"4487","8157","67E1","8150","818E","047F","B0B9"
"4488","B237","ADCE","B230","B264","4CA3","8187"
"4489","0428","D518","0421","0481","8CD5","B25D"
"4490","4C77","2194","4C66","4CAA","D39A","0481"
"4491","8CD1","6702","8CD4","8CDB","1B9A","4CA5"
"4492","D377","B063","D366","D3A3","1B9A","8CD4"
"4493","1B8D","33E7","1B7D","1BAB","680B","D39C"
"4494","1B8D","57F9","1B7D","1BAB","ADE9","1BA4"
"4495","67EA","A179","67EC","6811","D511","1BA4"
"4496","ADCB","E4E9","ADD0","ADE9","2197","680A"
"4497","D51A","34B4","D51E","D51A","6702","ADE2"
"4498","219D","D0EC","218C","219C","B063","D513"
"4499","670B","1AEC","6707","670B","341C","218C"
"4501","B06C","637A","33E9","B06D","582E","66FA"
"4502","33F1","8A3B","57FB","3428","A1B9","B065"
"4503","57E7","BB8A","A17D","5830","E513","341E"
"4504","A184","03D2","E4F7","A1C3","34F3","5827"
"4505","E4F2","4E32","34BC","E51A","D0E3","A1B1"
"4506","34BE","4E32","D0F0","34FC","1B09","E512"
"4507","D0F5","B82C","1AEC","D0EC","6372","34EB"
"4508","1AFC","DE57","6374","1B1A","8A4D","D0F1"
"4509","637B","27CA","8A31","637B","BB81","1B0B"
"4510","8A40","7082","","8A5E","03D2","637E"
"4511","BB93","","","BB93","4E51","8A57"
"4512","03DB","","","03DB","4E51","BB83"
"4513","4E3B","","","4E59","B846","03D4"
"4514","4E3B","","","4E59","DE4E","4E48"
"4515","B82E","","","B846","27D6","4E48"
"4516","DE60","","","DE60","7082","B83F"
"4517","27D3","","","27D3","","DE50"
"4518","7094","","","7094","","DE50"
"4519","","","","","","708D"