"Settings:","","Mono / Help / A","Stereo / Help / A","Mono / Help / START","Stereo / Help / START","Mono / LR / A","Stereo / LR / A","Mono / LR / START","Stereo / LR / START","Mono / L=A / A","Stereo / L=A / A","Mono / L=A / START","Stereo / L=A / START","Mono / L=A / L","Stereo / L=A / L","","","","","","","","",""
"Seed index","Seed Time (1/16) GBA Frames","Seed","Seed","Seed","Seed","Seed","Seed","Seed","Seed","Seed","Seed","Seed","Seed","Seed","Seed","","","","","","","","",""
"0","23380","A02F","","","","","","","","","","","","","","","","","","","","","",""
"1","23402","EDE7","","","","","","","","","","","","","","","","","","","","","",""
"2","23418","3614","","","","","","","","","","","","","","","","","","","","","",""
"3","23432","804B","","","","","","","","","","","","","","","","","","","","","",""
"4","23450","C936","","","","","","","","","","","","","","","","","","","","","",""
"5","23465","11CF","","","","","","","","","","","","","","","","","","","","","",""
"6","23483","405D","","","","","","","","","","","","","","","","","","","","","",""
"7","23498","95DD","","","","","","","","","","","","","","","","","","","","","",""
"8","23515","D4D0","","","","","","","","","","","","","","","","","","","","","",""
"9","23530","1F36","","","","","","","","","","","","","","","","","","","","","",""
"10","23545","9252","","","","","","","","","","","","","","","","","","","","","",""
"11","23560","CF23","","","","","","","","","","","","","","","","","","","","","",""
"12","23576","1702","","","","","","","","","","","","","","","","","","","","","",""
"13","23594","5FDC","","","","","","","","","","","","","","","","","","","","","",""
"14","23608","A924","","","","","","","","","","","","","","","","","","","","","",""
"15","23624","EDDE","","","","","","","","","","","","","","","","","","","","","",""
"16","23638","3C39","","","","","","","","","","","","","","","","","","","","","",""
"17","23656","84E2","","","","","","","","","","","","","","","","","","","","","",""
"18","23669","CE40","","","","","","","","","","","","","","","","","","","","","",""
"19","23685","FC3F","","","","","","","","","","","","","","","","","","","","","",""
"20","23701","08F6","","","","","","","","","","","","","","","","","","","","","",""
"21","23717","528E","","","","","","","","","","","","","","","","","","","","","",""
"22","23737","99AA","","","","","","","","","","","","","","","","","","","","","",""
"23","23753","4AA2","","","","","","","","","","","","","","","","","","","","","",""
"24","23767","7D48","","","","","","","","","","","","","","","","","","","","","",""
"25","23783","C650","","","","","","","","","","","","","","","","","","","","","",""
"26","23797","0F3D","","","","","","","","","","","","","","","","","","","","","",""
"27","23813","58AF","","","","","","","","","","","","","","","","","","","","","",""
"28","23830","A249","","","","","","","","","","","","","","","","","","","","","",""
"29","23845","051C","","","","","","","","","","","","","","","","","","","","","",""
"30","23862","3031","","","","","","","","","","","","","","","","","","","","","",""
"31","23875","7DC9","","","","","","","","","","","","","","","","","","","","","",""
"32","23893","C793","","","","","","","","","","","","","","","","","","","","","",""
"33","23911","1182","","","","","","","","","","","","","","","","","","","","","",""
"34","23928","5972","","","","","","","","","","","","","","","","","","","","","",""
"35","23943","A30A","","","","","","","","","","","","","","","","","","","","","",""
"36","23957","09A1","","","","","","","","","","","","","","","","","","","","","",""
"37","23975","3915","","","","","","","","","","","","","","","","","","","","","",""
"38","23990","8233","","","","","","","","","","","","","","","","","","","","","",""
"39","24008","CB10","","","","","","","","","","","","","","","","","","","","","",""
"40","24022","148D","","","","","","","","","","","","","","","","","","","","","",""
"41","24036","5E32","","","","","","","","","","","","","","","","","","","","","",""
"42","24052","A507","","","","","","","","","","","","","","","","","","","","","",""
"43","24072","ED62","","","","","","","","","","","","","","","","","","","","","",""
"44","24084","3695","","","","","","","","","","","","","","","","","","","","","",""
"45","24103","7400","","","","","","","","","","","","","","","","","","","","","",""
"46","24117","B68B","","","","","","","","","","","","","","","","","","","","","",""
"47","24134","FF52","","","","","","","","","","","","","","","","","","","","","",""
"48","24149","4893","","","","","","","","","","","","","","","","","","","","","",""
"49","24167","C8F0","","","","","","","","","","","","","","","","","","","","","",""
"50","24179","F48A","","","","","","","","","","","","","","","","","","","","","",""
"51","24198","3DA9","","","","","","","","","","","","","","","","","","","","","",""
"52","24216","8667","","","","","","","","","","","","","","","","","","","","","",""
"53","24231","D00A","","","","","","","","","","","","","","","","","","","","","",""
"54","24244","199A","","","","","","","","","","","","","","","","","","","","","",""
"55","24261","77A1","","","","","","","","","","","","","","","","","","","","","",""
"56","24280","AABC","","","","","","","","","","","","","","","","","","","","","",""
"57","24292","F3CE","","","","","","","","","","","","","","","","","","","","","",""
"58","24310","1D4C","","","","","","","","","","","","","","","","","","","","","",""
"59","24324","66C6","","","","","","","","","","","","","","","","","","","","","",""
"60","24343","AB48","","","","","","","","","","","","","","","","","","","","","",""
"61","24356","F8B9","","","","","","","","","","","","","","","","","","","","","",""
"62","24370","8096","","","","","","","","","","","","","","","","","","","","","",""
"63","24387","A533","","","","","","","","","","","","","","","","","","","","","",""
"64","24401","ED19","","","","","","","","","","","","","","","","","","","","","",""
"65","24420","3589","","","","","","","","","","","","","","","","","","","","","",""
"66","24436","7E98","","","","","","","","","","","","","","","","","","","","","",""
"67","24453","C7A5","","","","","","","","","","","","","","","","","","","","","",""
"68","24468","1168","","","","","","","","","","","","","","","","","","","","","",""
"69","24484","5A4D","","","","","","","","","","","","","","","","","","","","","",""
"70","24499","A2C4","","","","","","","","","","","","","","","","","","","","","",""
"71","24517","E5A7","","","","","","","","","","","","","","","","","","","","","",""
"72","24531","23CE","","","","","","","","","","","","","","","","","","","","","",""
"73","24545","6B9A","","","","","","","","","","","","","","","","","","","","","",""
"74","24564","B5E2","","","","","","","","","","","","","","","","","","","","","",""
"75","24576","F982","","","","","","","","","","","","","","","","","","","","","",""
"76","24594","474C","","","","","","","","","","","","","","","","","","","","","",""
"77","24613","906C","","","","","","","","","","","","","","","","","","","","","",""
"78","24626","DAA1","","","","","","","","","","","","","","","","","","","","","",""
"79","24644","22F5","","","","","","","","","","","","","","","","","","","","","",""
"80","24659","6CD3","","","","","","","","","","","","","","","","","","","","","",""
"81","24673","B56D","","","","","","","","","","","","","","","","","","","","","",""
"82","24690","FEB3","","","","","","","","","","","","","","","","","","","","","",""
"83","24706","2A66","","","","","","","","","","","","","","","","","","","","","",""
"84","24724","57A8","","","","","","","","","","","","","","","","","","","","","",""
"85","24738","A0B6","","","","","","","","","","","","","","","","","","","","","",""
"86","24755","E974","","","","","","","","","","","","","","","","","","","","","",""
"87","24772","9A27","","","","","","","","","","","","","","","","","","","","","",""
"88","24787","CB44","","","","","","","","","","","","","","","","","","","","","",""
"89","24798","17F0","","","","","","","","","","","","","","","","","","","","","",""
"90","24817","5453","","","","","","","","","","","","","","","","","","","","","",""
"91","24834","ADAA","","","","","","","","","","","","","","","","","","","","","",""
"92","24848","F391","","","","","","","","","","","","","","","","","","","","","",""
"93","24864","3DD4","","","","","","","","","","","","","","","","","","","","","",""
"94","24881","8A79","","","","","","","","","","","","","","","","","","","","","",""
"95","24896","CFAB","","","","","","","","","","","","","","","","","","","","","",""
"96","24911","1122","","","","","","","","","","","","","","","","","","","","","",""
"97","24929","529A","","","","","","","","","","","","","","","","","","","","","",""
"98","24942","980B","","","","","","","","","","","","","","","","","","","","","",""
"99","24961","E187","","","","","","","","","","","","","","","","","","","","","",""
"100","24977","5642","","","","","","","","","","","","","","","","","","","","","",""
"101","24995","91FF","","","","","","","","","","","","","","","","","","","","","",""
"102","25010","DA72","","","","","","","","","","","","","","","","","","","","","",""
"103","25024","2702","","","","","","","","","","","","","","","","","","","","","",""
"104","25041","6D05","","","","","","","","","","","","","","","","","","","","","",""
"105","25057","A8C1","","","","","","","","","","","","","","","","","","","","","",""
"106","25075","FF92","","","","","","","","","","","","","","","","","","","","","",""
"107","25089","4D06","","","","","","","","","","","","","","","","","","","","","",""
"108","25103","92F8","","","","","","","","","","","","","","","","","","","","","",""
"109","25117","BF33","","","","","","","","","","","","","","","","","","","","","",""
"110","25137","0C0D","","","","","","","","","","","","","","","","","","","","","",""
"111","25149","51A7","","","","","","","","","","","","","","","","","","","","","",""
"112","25170","9B17","","","","","","","","","","","","","","","","","","","","","",""
"113","25181","1A93","","","","","","","","","","","","","","","","","","","","","",""
"114","25198","4587","","","","","","","","","","","","","","","","","","","","","",""
"115","25218","8EB0","","","","","","","","","","","","","","","","","","","","","",""
"116","25234","D84B","","","","","","","","","","","","","","","","","","","","","",""
"117","25249","20DE","","","","","","","","","","","","","","","","","","","","","",""
"118","25263","69C3","","","","","","","","","","","","","","","","","","","","","",""
"119","25283","9521","","","","","","","","","","","","","","","","","","","","","",""
"120","25296","DA3B","","","","","","","","","","","","","","","","","","","","","",""
"121","25311","27E3","","","","","","","","","","","","","","","","","","","","","",""
"122","25328","55FC","","","","","","","","","","","","","","","","","","","","","",""
"123","25344","834C","","","","","","","","","","","","","","","","","","","","","",""
"124","25360","CAE4","","","","","","","","","","","","","","","","","","","","","",""
"125","25376","14CF","","","","","","","","","","","","","","","","","","","","","",""
"126","25390","BB21","","","","","","","","","","","","","","","","","","","","","",""
"127","25408","F625","","","","","","","","","","","","","","","","","","","","","",""
"128","25420","3F47","","","","","","","","","","","","","","","","","","","","","",""
"129","25440","8925","","","","","","","","","","","","","","","","","","","","","",""
"130","25458","D1BE","","","","","","","","","","","","","","","","","","","","","",""
"131","25472","1B01","","","","","","","","","","","","","","","","","","","","","",""
"132","25485","74E7","","","","","","","","","","","","","","","","","","","","","",""
"133","25501","AD9D","","","","","","","","","","","","","","","","","","","","","",""
"134","25517","F6BE","","","","","","","","","","","","","","","","","","","","","",""
"135","25535","3B5B","","","","","","","","","","","","","","","","","","","","","",""
"136","25548","8959","","","","","","","","","","","","","","","","","","","","","",""
"137","25563","D27C","","","","","","","","","","","","","","","","","","","","","",""
"138","25584","1C91","","","","","","","","","","","","","","","","","","","","","",""
"139","25601","7ABE","","","","","","","","","","","","","","","","","","","","","",""
"140","25612","B1CC","","","","","","","","","","","","","","","","","","","","","",""
"141","25630","FB68","","","","","","","","","","","","","","","","","","","","","",""
"142","25641","4428","","","","","","","","","","","","","","","","","","","","","",""
"143","25661","8D69","","","","","","","","","","","","","","","","","","","","","",""
"144","25676","D6A4","","","","","","","","","","","","","","","","","","","","","",""
"145","25693","207A","","","","","","","","","","","","","","","","","","","","","",""
"146","25707","69AB","","","","","","","","","","","","","","","","","","","","","",""
"147","25726","B25E","","","","","","","","","","","","","","","","","","","","","",""
"148","25740","F41F","","","","","","","","","","","","","","","","","","","","","",""
"149","25756","3258","","","","","","","","","","","","","","","","","","","","","",""
"150","25772","71F0","","","","","","","","","","","","","","","","","","","","","",""
"151","25789","C45F","","","","","","","","","","","","","","","","","","","","","",""
"152","25806","3EE7","","","","","","","","","","","","","","","","","","","","","",""
"153","25822","7351","","","","","","","","","","","","","","","","","","","","","",""
"154","25837","BBA4","","","","","","","","","","","","","","","","","","","","","",""
"155","25852","04C5","","","","","","","","","","","","","","","","","","","","","",""
"156","25872","4E12","","","","","","","","","","","","","","","","","","","","","",""
"157","25886","9770","","","","","","","","","","","","","","","","","","","","","",""
"158","25901","ED2E","","","","","","","","","","","","","","","","","","","","","",""
"159","25915","2BC8","","","","","","","","","","","","","","","","","","","","","",""
"160","25935","7449","","","","","","","","","","","","","","","","","","","","","",""
"161","25948","9D17","","","","","","","","","","","","","","","","","","","","","",""
"162","25964","E692","","","","","","","","","","","","","","","","","","","","","",""
"163","25979","2F57","","","","","","","","","","","","","","","","","","","","","",""
"164","25997","AC4D","","","","","","","","","","","","","","","","","","","","","",""
"165","26011","C92C","","","","","","","","","","","","","","","","","","","","","",""
"166","26029","16CA","","","","","","","","","","","","","","","","","","","","","",""
"167","26043","6076","","","","","","","","","","","","","","","","","","","","","",""
"168","26059","A9E6","","","","","","","","","","","","","","","","","","","","","",""
"169","26074","F1DB","","","","","","","","","","","","","","","","","","","","","",""
"170","26090","3B91","","","","","","","","","","","","","","","","","","","","","",""
"171","26107","846E","","","","","","","","","","","","","","","","","","","","","",""
"172","26124","CCF3","","","","","","","","","","","","","","","","","","","","","",""
"173","26140","0FB7","","","","","","","","","","","","","","","","","","","","","",""
"174","26158","4CF5","","","","","","","","","","","","","","","","","","","","","",""
"175","26174","95C5","","","","","","","","","","","","","","","","","","","","","",""
"176","26186","E01C","","","","","","","","","","","","","","","","","","","","","",""
"177","26204","284B","","","","","","","","","","","","","","","","","","","","","",""
"178","26221","7169","","","","","","","","","","","","","","","","","","","","","",""
"179","26236","BAAF","","","","","","","","","","","","","","","","","","","","","",""
"180","26252","0019","","","","","","","","","","","","","","","","","","","","","",""
"181","26267","4D36","","","","","","","","","","","","","","","","","","","","","",""
"182","26286","9674","","","","","","","","","","","","","","","","","","","","","",""
"183","26299","E072","","","","","","","","","","","","","","","","","","","","","",""
"184","26317","28EC","","","","","","","","","","","","","","","","","","","","","",""
"185","26332","7246","","","","","","","","","","","","","","","","","","","","","",""
"186","26350","A034","","","","","","","","","","","","","","","","","","","","","",""
"187","26361","CE94","","","","","","","","","","","","","","","","","","","","","",""
"188","26380","1786","","","","","","","","","","","","","","","","","","","","","",""
"189","26395","60F7","","","","","","","","","","","","","","","","","","","","","",""
"190","26411","124F","","","","","","","","","","","","","","","","","","","","","",""
"191","26429","433E","","","","","","","","","","","","","","","","","","","","","",""
"192","26443","9084","","","","","","","","","","","","","","","","","","","","","",""
"193","26458","DC81","","","","","","","","","","","","","","","","","","","","","",""
"194","26475","2075","","","","","","","","","","","","","","","","","","","","","",""
"195","26489","5E24","","","","","","","","","","","","","","","","","","","","","",""
"196","26504","B593","","","","","","","","","","","","","","","","","","","","","",""
"197","26518","026B","","","","","","","","","","","","","","","","","","","","","",""
"198","26537","47EB","","","","","","","","","","","","","","","","","","","","","",""
"199","26555","8942","","","","","","","","","","","","","","","","","","","","","",""
"200","26568","CAA3","","","","","","","","","","","","","","","","","","","","","",""
"201","26583","1021","","","","","","","","","","","","","","","","","","","","","",""
"202","26601","5A2E","","","","","","","","","","","","","","","","","","","","","",""
"203","26620","CA6E","","","","","","","","","","","","","","","","","","","","","",""
"204","26633","0630","","","","","","","","","","","","","","","","","","","","","",""
"205","26647","4A78","","","","","","","","","","","","","","","","","","","","","",""
"206","26666","A28E","","","","","","","","","","","","","","","","","","","","","",""
"207","26681","DD88","","","","","","","","","","","","","","","","","","","","","",""
"208","26696","27C2","","","","","","","","","","","","","","","","","","","","","",""
"209","26714","7D1B","","","","","","","","","","","","","","","","","","","","","",""
"210","26731","B0C1","","","","","","","","","","","","","","","","","","","","","",""
"211","26743","0384","","","","","","","","","","","","","","","","","","","","","",""
"212","26760","3045","","","","","","","","","","","","","","","","","","","","","",""
"213","26779","8990","","","","","","","","","","","","","","","","","","","","","",""
"214","26792","C4D1","","","","","","","","","","","","","","","","","","","","","",""
"215","26809","0C0D","","","","","","","","","","","","","","","","","","","","","",""
"216","26823","68C5","","","","","","","","","","","","","","","","","","","","","",""
"217","26841","9B76","","","","","","","","","","","","","","","","","","","","","",""
"218","26858","E4BF","","","","","","","","","","","","","","","","","","","","","",""
"219","26874","2E6B","","","","","","","","","","","","","","","","","","","","","",""
"220","26889","7702","","","","","","","","","","","","","","","","","","","","","",""
"221","26904","BFDC","","","","","","","","","","","","","","","","","","","","","",""
"222","26920","0915","","","","","","","","","","","","","","","","","","","","","",""
"223","26938","52CC","","","","","","","","","","","","","","","","","","","","","",""
"224","26955","9B98","","","","","","","","","","","","","","","","","","","","","",""
"225","26968","C3F1","","","","","","","","","","","","","","","","","","","","","",""
"226","26981","BDB2","","","","","","","","","","","","","","","","","","","","","",""
"227","26999","0734","","","","","","","","","","","","","","","","","","","","","",""
"228","27017","4F5C","","","","","","","","","","","","","","","","","","","","","",""
"229","27033","3A15","","","","","","","","","","","","","","","","","","","","","",""
"230","27049","6B9E","","","","","","","","","","","","","","","","","","","","","",""
"231","27066","B4B3","","","","","","","","","","","","","","","","","","","","","",""
"232","27078","FE9F","","","","","","","","","","","","","","","","","","","","","",""
"233","27096","51CD","","","","","","","","","","","","","","","","","","","","","",""
"234","27111","91B3","","","","","","","","","","","","","","","","","","","","","",""
"235","27125","F5C3","","","","","","","","","","","","","","","","","","","","","",""
"236","27143","24EE","","","","","","","","","","","","","","","","","","","","","",""
"237","27155","6D39","","","","","","","","","","","","","","","","","","","","","",""
"238","27175","B640","","","","","","","","","","","","","","","","","","","","","",""
"239","27188","FF4A","","","","","","","","","","","","","","","","","","","","","",""
"240","27206","447A","","","","","","","","","","","","","","","","","","","","","",""
"241","27224","91C0","","","","","","","","","","","","","","","","","","","","","",""
"242","27241","F3A7","","","","","","","","","","","","","","","","","","","","","",""
"243","27254","22E1","","","","","","","","","","","","","","","","","","","","","",""
"244","27271","6A81","","","","","","","","","","","","","","","","","","","","","",""
"245","27286","B4FA","","","","","","","","","","","","","","","","","","","","","",""
"246","27302","FCFC","","","","","","","","","","","","","","","","","","","","","",""
"247","27317","462E","","","","","","","","","","","","","","","","","","","","","",""
"248","27336","8F7D","","","","","","","","","","","","","","","","","","","","","",""
"249","27351","D951","","","","","","","","","","","","","","","","","","","","","",""
"250","27366","2CB6","","","","","","","","","","","","","","","","","","","","","",""
"251","27381","492E","","","","","","","","","","","","","","","","","","","","","",""
"252","27395","87AC","","","","","","","","","","","","","","","","","","","","","",""
"253","27413","D081","","","","","","","","","","","","","","","","","","","","","",""
"254","27434","629C","","","","","","","","","","","","","","","","","","","","","",""
"255","27443","8D25","","","","","","","","","","","","","","","","","","","","","",""
"256","27461","DAD1","","","","","","","","","","","","","","","","","","","","","",""
"257","27479","2474","","","","","","","","","","","","","","","","","","","","","",""
"258","27494","6DB6","","","","","","","","","","","","","","","","","","","","","",""
"259","27513","B6EA","","","","","","","","","","","","","","","","","","","","","",""
"260","27527","FEFC","","","","","","","","","","","","","","","","","","","","","",""
"261","27540","63A6","","","","","","","","","","","","","","","","","","","","","",""
"262","27556","92F0","","","","","","","","","","","","","","","","","","","","","",""
"263","27576","DAE6","","","","","","","","","","","","","","","","","","","","","",""
"264","27586","2433","","","","","","","","","","","","","","","","","","","","","",""
"265","27604","6D4E","","","","","","","","","","","","","","","","","","","","","",""
"266","27619","B721","","","","","","","","","","","","","","","","","","","","","",""
"267","27637","2F98","","","","","","","","","","","","","","","","","","","","","",""
"268","27653","4EB1","","","","","","","","","","","","","","","","","","","","","",""
"269","27671","97B4","","","","","","","","","","","","","","","","","","","","","",""
"270","27685","DCDB","","","","","","","","","","","","","","","","","","","","","",""
"271","27701","29FD","","","","","","","","","","","","","","","","","","","","","",""
"272","27717","72BC","","","","","","","","","","","","","","","","","","","","","",""
"273","27733","BD76","","","","","","","","","","","","","","","","","","","","","",""
"274","27749","0550","","","","","","","","","","","","","","","","","","","","","",""
"275","27764","4DDD","","","","","","","","","","","","","","","","","","","","","",""
"276","27783","90B3","","","","","","","","","","","","","","","","","","","","","",""
"277","27797","CDC2","","","","","","","","","","","","","","","","","","","","","",""
"278","27812","16A6","","","","","","","","","","","","","","","","","","","","","",""
"279","27829","60DA","","","","","","","","","","","","","","","","","","","","","",""
"280","27843","A924","","","","","","","","","","","","","","","","","","","","","",""
"281","27862","F266","","","","","","","","","","","","","","","","","","","","","",""
"282","27876","3B91","","","","","","","","","","","","","","","","","","","","","",""
"283","27893","8565","","","","","","","","","","","","","","","","","","","","","",""
"284","27906","CE0A","","","","","","","","","","","","","","","","","","","","","",""
"285","27919","12DF","","","","","","","","","","","","","","","","","","","","","",""
"286","27940","611D","","","","","","","","","","","","","","","","","","","","","",""
"287","27957","A9D0","","","","","","","","","","","","","","","","","","","","","",""
"288","27969","F367","","","","","","","","","","","","","","","","","","","","","",""
"289","27988","1C67","","","","","","","","","","","","","","","","","","","","","",""
"290","28006","4B67","","","","","","","","","","","","","","","","","","","","","",""
"291","28021","93D6","","","","","","","","","","","","","","","","","","","","","",""
"292","28034","DD2A","","","","","","","","","","","","","","","","","","","","","",""
"293","28053","89CA","","","","","","","","","","","","","","","","","","","","","",""
"294","28064","BF47","","","","","","","","","","","","","","","","","","","","","",""
"295","28085","0AC8","","","","","","","","","","","","","","","","","","","","","",""
"296","28099","534B","","","","","","","","","","","","","","","","","","","","","",""
"297","28117","9CAB","","","","","","","","","","","","","","","","","","","","","",""
"298","28131","E5FE","","","","","","","","","","","","","","","","","","","","","",""
"299","28148","2FD9","","","","","","","","","","","","","","","","","","","","","",""
"300","28161","6DA5","","","","","","","","","","","","","","","","","","","","","",""
"301","28179","C1B6","","","","","","","","","","","","","","","","","","","","","",""
"302","28193","037D","","","","","","","","","","","","","","","","","","","","","",""
"303","28210","41CD","","","","","","","","","","","","","","","","","","","","","",""
"304","28223","8A74","","","","","","","","","","","","","","","","","","","","","",""
"305","28243","D43C","","","","","","","","","","","","","","","","","","","","","",""
"306","28257","504C","","","","","","","","","","","","","","","","","","","","","",""
"307","28272","7883","","","","","","","","","","","","","","","","","","","","","",""
"308","28288","C19A","","","","","","","","","","","","","","","","","","","","","",""
"309","28304","0A65","","","","","","","","","","","","","","","","","","","","","",""
"310","28319","53E4","","","","","","","","","","","","","","","","","","","","","",""
"311","28337","9D72","","","","","","","","","","","","","","","","","","","","","",""
"312","28354","E452","","","","","","","","","","","","","","","","","","","","","",""
"313","28370","2CB9","","","","","","","","","","","","","","","","","","","","","",""
"314","28384","75E4","","","","","","","","","","","","","","","","","","","","","",""
"315","28404","A0BE","","","","","","","","","","","","","","","","","","","","","",""
"316","28415","EE9E","","","","","","","","","","","","","","","","","","","","","",""
"317","28433","3762","","","","","","","","","","","","","","","","","","","","","",""
"318","28450","808A","","","","","","","","","","","","","","","","","","","","","",""
"319","28466","01C1","","","","","","","","","","","","","","","","","","","","","",""
"320","28482","3822","","","","","","","","","","","","","","","","","","","","","",""
"321","28496","8141","","","","","","","","","","","","","","","","","","","","","",""
"322","28510","CAF2","","","","","","","","","","","","","","","","","","","","","",""
"323","28531","1384","","","","","","","","","","","","","","","","","","","","","",""
"324","28547","5C55","","","","","","","","","","","","","","","","","","","","","",""
"325","28561","A5FF","","","","","","","","","","","","","","","","","","","","","",""
"326","28577","CFEB","","","","","","","","","","","","","","","","","","","","","",""
"327","28592","1A58","","","","","","","","","","","","","","","","","","","","","",""
"328","28611","45B8","","","","","","","","","","","","","","","","","","","","","",""
"329","28622","74C7","","","","","","","","","","","","","","","","","","","","","",""
"330","28640","B8C3","","","","","","","","","","","","","","","","","","","","","",""
"331","28655","0711","","","","","","","","","","","","","","","","","","","","","",""
"332","28671","BE95","","","","","","","","","","","","","","","","","","","","","",""
"333","28688","EA43","","","","","","","","","","","","","","","","","","","","","",""
"334","28703","3223","","","","","","","","","","","","","","","","","","","","","",""
"335","28722","7A95","","","","","","","","","","","","","","","","","","","","","",""
"336","28735","C40D","","","","","","","","","","","","","","","","","","","","","",""
"337","28748","0D4C","","","","","","","","","","","","","","","","","","","","","",""
"338","28768","75A0","","","","","","","","","","","","","","","","","","","","","",""
"339","28781","A027","","","","","","","","","","","","","","","","","","","","","",""
"340","28801","E93A","","","","","","","","","","","","","","","","","","","","","",""
"341","28814","320A","","","","","","","","","","","","","","","","","","","","","",""
"342","28829","7B90","","","","","","","","","","","","","","","","","","","","","",""
"343","28848","C520","","","","","","","","","","","","","","","","","","","","","",""
"344","28863","2FB4","","","","","","","","","","","","","","","","","","","","","",""
"345","28877","508B","","","","","","","","","","","","","","","","","","","","","",""
"346","28896","9E5F","","","","","","","","","","","","","","","","","","","","","",""
"347","28913","E9E9","","","","","","","","","","","","","","","","","","","","","",""
"348","28929","3572","","","","","","","","","","","","","","","","","","","","","",""
"349","28939","7BBC","","","","","","","","","","","","","","","","","","","","","",""
"350","28961","C563","","","","","","","","","","","","","","","","","","","","","",""
"351","28978","0E2C","","","","","","","","","","","","","","","","","","","","","",""
"352","28990","549C","","","","","","","","","","","","","","","","","","","","","",""
"353","29009","9645","","","","","","","","","","","","","","","","","","","","","",""
"354","29023","B803","","","","","","","","","","","","","","","","","","","","","",""
"355","29035","FF53","","","","","","","","","","","","","","","","","","","","","",""
"356","29054","4825","","","","","","","","","","","","","","","","","","","","","",""
"357","29070","EB78","","","","","","","","","","","","","","","","","","","","","",""
"358","29088","1B2A","","","","","","","","","","","","","","","","","","","","","",""
"359","29100","6438","","","","","","","","","","","","","","","","","","","","","",""
"360","29118","A72A","","","","","","","","","","","","","","","","","","","","","",""
"361","29135","F80A","","","","","","","","","","","","","","","","","","","","","",""
"362","29152","3FE9","","","","","","","","","","","","","","","","","","","","","",""
"363","29165","8AE9","","","","","","","","","","","","","","","","","","","","","",""
"364","29180","D20D","","","","","","","","","","","","","","","","","","","","","",""
"365","29198","18AD","","","","","","","","","","","","","","","","","","","","","",""
"366","29212","4211","","","","","","","","","","","","","","","","","","","","","",""
"367","29232","6D84","","","","","","","","","","","","","","","","","","","","","",""
"368","29244","B4E0","","","","","","","","","","","","","","","","","","","","","",""
"369","29264","FDBF","","","","","","","","","","","","","","","","","","","","","",""
"370","29280","9746","","","","","","","","","","","","","","","","","","","","","",""
"371","29292","BEAE","","","","","","","","","","","","","","","","","","","","","",""
"372","29309","07D5","","","","","","","","","","","","","","","","","","","","","",""
"373","29325","5168","","","","","","","","","","","","","","","","","","","","","",""
"374","29343","9A00","","","","","","","","","","","","","","","","","","","","","",""
"375","29359","DE43","","","","","","","","","","","","","","","","","","","","","",""
"376","29373","2C1F","","","","","","","","","","","","","","","","","","","","","",""
"377","29389","75B7","","","","","","","","","","","","","","","","","","","","","",""
"378","29406","BEF4","","","","","","","","","","","","","","","","","","","","","",""
"379","29421","CA06","","","","","","","","","","","","","","","","","","","","","",""
"380","29438","07B5","","","","","","","","","","","","","","","","","","","","","",""
"381","29454","4F70","","","","","","","","","","","","","","","","","","","","","",""
"382","29471","99D9","","","","","","","","","","","","","","","","","","","","","",""
"383","29486","0679","","","","","","","","","","","","","","","","","","","","","",""
"384","29502","4B36","","","","","","","","","","","","","","","","","","","","","",""
"385","29518","945F","","","","","","","","","","","","","","","","","","","","","",""
"386","29534","DE3D","","","","","","","","","","","","","","","","","","","","","",""
"387","29545","26E1","","","","","","","","","","","","","","","","","","","","","",""
"388","29566","702D","","","","","","","","","","","","","","","","","","","","","",""
"389","29581","BA00","","","","","","","","","","","","","","","","","","","","","",""
"390","29598","FE50","","","","","","","","","","","","","","","","","","","","","",""
"391","29611","4BDC","","","","","","","","","","","","","","","","","","","","","",""
"392","29625","5A46","","","","","","","","","","","","","","","","","","","","","",""
"393","29645","8639","","","","","","","","","","","","","","","","","","","","","",""
"394","29660","CDE5","","","","","","","","","","","","","","","","","","","","","",""
"395","29675","1743","","","","","","","","","","","","","","","","","","","","","",""
"396","29694","BA1D","","","","","","","","","","","","","","","","","","","","","",""
"397","29709","F309","","","","","","","","","","","","","","","","","","","","","",""
"398","29722","3ED2","","","","","","","","","","","","","","","","","","","","","",""
"399","29738","8791","","","","","","","","","","","","","","","","","","","","","",""
"400","29754","CEA2","","","","","","","","","","","","","","","","","","","","","",""
"401","29772","1A0B","","","","","","","","","","","","","","","","","","","","","",""
"402","29788","63E3","","","","","","","","","","","","","","","","","","","","","",""
"403","29801","AD0F","","","","","","","","","","","","","","","","","","","","","",""
"404","29817","F5D1","","","","","","","","","","","","","","","","","","","","","",""
"405","29836","30CD","","","","","","","","","","","","","","","","","","","","","",""
"406","29850","75D1","","","","","","","","","","","","","","","","","","","","","",""
"407","29865","BE9E","","","","","","","","","","","","","","","","","","","","","",""
"408","29883","08A6","","","","","","","","","","","","","","","","","","","","","",""
"409","29901","9A91","","","","","","","","","","","","","","","","","","","","","",""
"410","29914","D54E","","","","","","","","","","","","","","","","","","","","","",""
"411","29928","1E97","","","","","","","","","","","","","","","","","","","","","",""
"412","29944","6837","","","","","","","","","","","","","","","","","","","","","",""
"413","29960","B05C","","","","","","","","","","","","","","","","","","","","","",""
"414","29979","FA53","","","","","","","","","","","","","","","","","","","","","",""
"415","29994","42DB","","","","","","","","","","","","","","","","","","","","","",""
"416","30006","8DCE","","","","","","","","","","","","","","","","","","","","","",""
"417","30025","D5AF","","","","","","","","","","","","","","","","","","","","","",""
"418","30043","292C","","","","","","","","","","","","","","","","","","","","","",""
"419","30057","50E9","","","","","","","","","","","","","","","","","","","","","",""
"420","30076","9290","","","","","","","","","","","","","","","","","","","","","",""
"421","30091","E31D","","","","","","","","","","","","","","","","","","","","","",""
"422","30104","82B3","","","","","","","","","","","","","","","","","","","","","",""
"423","30122","B734","","","","","","","","","","","","","","","","","","","","","",""
"424","30138","FF29","","","","","","","","","","","","","","","","","","","","","",""
"425","30156","47C7","","","","","","","","","","","","","","","","","","","","","",""
"426","30166","909D","","","","","","","","","","","","","","","","","","","","","",""
"427","30184","D9DB","","","","","","","","","","","","","","","","","","","","","",""
"428","30200","238B","","","","","","","","","","","","","","","","","","","","","",""
"429","30221","6C57","","","","","","","","","","","","","","","","","","","","","",""
"430","30230","B4EC","","","","","","","","","","","","","","","","","","","","","",""
"431","30247","E421","","","","","","","","","","","","","","","","","","","","","",""
"432","30267","0EF2","","","","","","","","","","","","","","","","","","","","","",""
"433","30282","56D1","","","","","","","","","","","","","","","","","","","","","",""
"434","30297","DF99","","","","","","","","","","","","","","","","","","","","","",""
"435","30309","13F5","","","","","","","","","","","","","","","","","","","","","",""
"436","30329","61AA","","","","","","","","","","","","","","","","","","","","","",""
"437","30348","AAE4","","","","","","","","","","","","","","","","","","","","","",""
"438","30359","F509","","","","","","","","","","","","","","","","","","","","","",""
"439","30374","51E4","","","","","","","","","","","","","","","","","","","","","",""
"440","30394","86FF","","","","","","","","","","","","","","","","","","","","","",""
"441","30405","E0A8","","","","","","","","","","","","","","","","","","","","","",""
"442","30425","1A1E","","","","","","","","","","","","","","","","","","","","","",""
"443","30440","6271","","","","","","","","","","","","","","","","","","","","","",""
"444","30455","AB62","","","","","","","","","","","","","","","","","","","","","",""
"445","30471","F47E","","","","","","","","","","","","","","","","","","","","","",""
"446","30487","3E4C","","","","","","","","","","","","","","","","","","","","","",""
"447","30505","9BEF","","","","","","","","","","","","","","","","","","","","","",""
"448","30522","D424","","","","","","","","","","","","","","","","","","","","","",""
"449","30536","1E44","","","","","","","","","","","","","","","","","","","","","",""
"450","30552","62F9","","","","","","","","","","","","","","","","","","","","","",""
"451","30567","AFAA","","","","","","","","","","","","","","","","","","","","","",""
"452","30582","F9FF","","","","","","","","","","","","","","","","","","","","","",""
"453","30599","427B","","","","","","","","","","","","","","","","","","","","","",""
"454","30614","8B73","","","","","","","","","","","","","","","","","","","","","",""
"455","30634","D53F","","","","","","","","","","","","","","","","","","","","","",""
"456","30648","43BD","","","","","","","","","","","","","","","","","","","","","",""
"457","30662","7920","","","","","","","","","","","","","","","","","","","","","",""
"458","30681","C253","","","","","","","","","","","","","","","","","","","","","",""
"459","30696","0C04","","","","","","","","","","","","","","","","","","","","","",""
"460","30713","4BFE","","","","","","","","","","","","","","","","","","","","","",""
"461","30724","84F0","","","","","","","","","","","","","","","","","","","","","",""
"462","30745","CE0A","","","","","","","","","","","","","","","","","","","","","",""
"463","30757","17C5","","","","","","","","","","","","","","","","","","","","","",""
"464","30775","6081","","","","","","","","","","","","","","","","","","","","","",""
"465","30787","A46E","","","","","","","","","","","","","","","","","","","","","",""
"466","30808","F37C","","","","","","","","","","","","","","","","","","","","","",""
"467","30824","3CB1","","","","","","","","","","","","","","","","","","","","","",""
"468","30838","8633","","","","","","","","","","","","","","","","","","","","","",""
"469","30853","C68A","","","","","","","","","","","","","","","","","","","","","",""
"470","30868","04DF","","","","","","","","","","","","","","","","","","","","","",""
"471","30888","4D9F","","","","","","","","","","","","","","","","","","","","","",""
"472","30901","9765","","","","","","","","","","","","","","","","","","","","","",""
"473","30918","1A90","","","","","","","","","","","","","","","","","","","","","",""
"474","30936","3ED9","","","","","","","","","","","","","","","","","","","","","",""
"475","30950","87E5","","","","","","","","","","","","","","","","","","","","","",""
"476","30965","D1AC","","","","","","","","","","","","","","","","","","","","","",""
"477","30983","1A10","","","","","","","","","","","","","","","","","","","","","",""
"478","31001","62FC","","","","","","","","","","","","","","","","","","","","","",""
"479","31014","AC38","","","","","","","","","","","","","","","","","","","","","",""
"480","31030","F15E","","","","","","","","","","","","","","","","","","","","","",""
"481","31045","3EB6","","","","","","","","","","","","","","","","","","","","","",""
"482","31062","7FB1","","","","","","","","","","","","","","","","","","","","","",""
"483","31080","BF63","","","","","","","","","","","","","","","","","","","","","",""
"484","31090","06C4","","","","","","","","","","","","","","","","","","","","","",""
"485","31110","5128","","","","","","","","","","","","","","","","","","","","","",""
"486","31124","9959","","","","","","","","","","","","","","","","","","","","","",""
"487","31140","E284","","","","","","","","","","","","","","","","","","","","","",""
"488","31154","2BBF","","","","","","","","","","","","","","","","","","","","","",""
"489","31171","7589","","","","","","","","","","","","","","","","","","","","","",""
"490","31188","BE56","","","","","","","","","","","","","","","","","","","","","",""
"491","31203","0782","","","","","","","","","","","","","","","","","","","","","",""
"492","31221","513D","","","","","","","","","","","","","","","","","","","","","",""
"493","31238","99F6","","","","","","","","","","","","","","","","","","","","","",""
"494","31250","E35C","","","","","","","","","","","","","","","","","","","","","",""
"495","31267","0C2E","","","","","","","","","","","","","","","","","","","","","",""
"496","31284","3F93","","","","","","","","","","","","","","","","","","","","","",""
"497","31297","8897","","","","","","","","","","","","","","","","","","","","","",""
"498","31316","D241","","","","","","","","","","","","","","","","","","","","","",""
"499","31333","7E8B","","","","","","","","","","","","","","","","","","","","","",""
"500","31350","B408","","","","","","","","","","","","","","","","","","","","","",""
"501","31363","FF8D","","","","","","","","","","","","","","","","","","","","","",""
"502","31381","49D9","","","","","","","","","","","","","","","","","","","","","",""
"503","31395","8F88","","","","","","","","","","","","","","","","","","","","","",""
"504","31415","DAD7","","","","","","","","","","","","","","","","","","","","","",""
"505","31430","264B","","","","","","","","","","","","","","","","","","","","","",""
"506","31443","6DD0","","","","","","","","","","","","","","","","","","","","","",""
"507","31457","B674","","","","","","","","","","","","","","","","","","","","","",""
"508","31472","FA08","","","","","","","","","","","","","","","","","","","","","",""
"509","31488","3661","","","","","","","","","","","","","","","","","","","","","",""
"510","31504","73EA","","","","","","","","","","","","","","","","","","","","","",""
"511","31520","C87C","","","","","","","","","","","","","","","","","","","","","",""
"512","31538","3742","","","","","","","","","","","","","","","","","","","","","",""
"513","31554","7529","","","","","","","","","","","","","","","","","","","","","",""
"514","31572","BD67","","","","","","","","","","","","","","","","","","","","","",""
"515","31584","0853","","","","","","","","","","","","","","","","","","","","","",""
"516","31601","4FE5","","","","","","","","","","","","","","","","","","","","","",""
"517","31617","9940","","","","","","","","","","","","","","","","","","","","","",""
"518","31632","E4B9","","","","","","","","","","","","","","","","","","","","","",""
"519","31650","2C3D","","","","","","","","","","","","","","","","","","","","","",""
"520","31666","74E1","","","","","","","","","","","","","","","","","","","","","",""
"521","31682","A5AD","","","","","","","","","","","","","","","","","","","","","",""
"522","31696","EDA9","","","","","","","","","","","","","","","","","","","","","",""
"523","31711","3651","","","","","","","","","","","","","","","","","","","","","",""
"524","31727","B47A","","","","","","","","","","","","","","","","","","","","","",""
"525","31747","DEF6","","","","","","","","","","","","","","","","","","","","","",""
"526","31763","2B9B","","","","","","","","","","","","","","","","","","","","","",""
"527","31782","74C5","","","","","","","","","","","","","","","","","","","","","",""
"528","31796","BDCB","","","","","","","","","","","","","","","","","","","","","",""
"529","31805","063A","","","","","","","","","","","","","","","","","","","","","",""
"530","31824","5088","","","","","","","","","","","","","","","","","","","","","",""
"531","31845","98B2","","","","","","","","","","","","","","","","","","","","","",""
"532","31859","E1EE","","","","","","","","","","","","","","","","","","","","","",""
"533","31877","0F52","","","","","","","","","","","","","","","","","","","","","",""
"534","31890","3E31","","","","","","","","","","","","","","","","","","","","","",""
"535","31904","8752","","","","","","","","","","","","","","","","","","","","","",""
"536","31918","D009","","","","","","","","","","","","","","","","","","","","","",""
"537","31936","5AEE","","","","","","","","","","","","","","","","","","","","","",""
"538","31953","911E","","","","","","","","","","","","","","","","","","","","","",""
"539","31968","DA2A","","","","","","","","","","","","","","","","","","","","","",""
"540","31984","1F69","","","","","","","","","","","","","","","","","","","","","",""
"541","32003","6C81","","","","","","","","","","","","","","","","","","","","","",""
"542","32017","C089","","","","","","","","","","","","","","","","","","","","","",""
"543","32029","FF5A","","","","","","","","","","","","","","","","","","","","","",""
"544","32048","5C81","","","","","","","","","","","","","","","","","","","","","",""
"545","32066","90F3","","","","","","","","","","","","","","","","","","","","","",""
"546","32079","DAAA","","","","","","","","","","","","","","","","","","","","","",""
"547","32099","231E","","","","","","","","","","","","","","","","","","","","","",""
"548","32111","6C87","","","","","","","","","","","","","","","","","","","","","",""
"549","32131","B679","","","","","","","","","","","","","","","","","","","","","",""
"550","32144","1648","","","","","","","","","","","","","","","","","","","","","",""
"551","32161","4991","","","","","","","","","","","","","","","","","","","","","",""
"552","32175","929B","","","","","","","","","","","","","","","","","","","","","",""
"553","32192","DBEF","","","","","","","","","","","","","","","","","","","","","",""
"554","32210","258A","","","","","","","","","","","","","","","","","","","","","",""
"555","32222","66BC","","","","","","","","","","","","","","","","","","","","","",""
"556","32240","B83E","","","","","","","","","","","","","","","","","","","","","",""
"557","32257","003F","","","","","","","","","","","","","","","","","","","","","",""
"558","32274","4A5E","","","","","","","","","","","","","","","","","","","","","",""
"559","32290","A781","","","","","","","","","","","","","","","","","","","","","",""
"560","32303","E4FA","","","","","","","","","","","","","","","","","","","","","",""
"561","32317","2E28","","","","","","","","","","","","","","","","","","","","","",""
"562","32336","78FB","","","","","","","","","","","","","","","","","","","","","",""
"563","32353","C51A","","","","","","","","","","","","","","","","","","","","","",""
"564","32371","08F6","","","","","","","","","","","","","","","","","","","","","",""
"565","32383","510E","","","","","","","","","","","","","","","","","","","","","",""
"566","32401","9A38","","","","","","","","","","","","","","","","","","","","","",""
"567","32415","E267","","","","","","","","","","","","","","","","","","","","","",""
"568","32431","2C48","","","","","","","","","","","","","","","","","","","","","",""
"569","32448","8915","","","","","","","","","","","","","","","","","","","","","",""
"570","32463","BA63","","","","","","","","","","","","","","","","","","","","","",""
"571","32481","0806","","","","","","","","","","","","","","","","","","","","","",""
"572","32498","3136","","","","","","","","","","","","","","","","","","","","","",""
"573","32510","7B06","","","","","","","","","","","","","","","","","","","","","",""
"574","32524","C25A","","","","","","","","","","","","","","","","","","","","","",""
"575","32543","0C1B","","","","","","","","","","","","","","","","","","","","","",""
"576","32560","8EBD","","","","","","","","","","","","","","","","","","","","","",""
"577","32578","B2B1","","","","","","","","","","","","","","","","","","","","","",""
"578","32589","FBBB","","","","","","","","","","","","","","","","","","","","","",""
"579","32604","4584","","","","","","","","","","","","","","","","","","","","","",""
"580","32621","8DE4","","","","","","","","","","","","","","","","","","","","","",""
"581","32642","D6B6","","","","","","","","","","","","","","","","","","","","","",""
"582","32656","2007","","","","","","","","","","","","","","","","","","","","","",""
"583","32670","69D4","","","","","","","","","","","","","","","","","","","","","",""
"584","32683","B287","","","","","","","","","","","","","","","","","","","","","",""
"585","32703","EF02","","","","","","","","","","","","","","","","","","","","","",""
"586","32719","32EB","","","","","","","","","","","","","","","","","","","","","",""
"587","32732","7BB7","","","","","","","","","","","","","","","","","","","","","",""
"588","32750","C528","","","","","","","","","","","","","","","","","","","","","",""
"589","32766","1558","","","","","","","","","","","","","","","","","","","","","",""
"590","32781","53F3","","","","","","","","","","","","","","","","","","","","","",""
"591","32796","9CAB","","","","","","","","","","","","","","","","","","","","","",""
"592","32812","E66A","","","","","","","","","","","","","","","","","","","","","",""
"593","32828","2F24","","","","","","","","","","","","","","","","","","","","","",""
"594","32844","7855","","","","","","","","","","","","","","","","","","","","","",""
"595","32864","EA0F","","","","","","","","","","","","","","","","","","","","","",""
"596","32878","2893","","","","","","","","","","","","","","","","","","","","","",""
"597","32894","71CF","","","","","","","","","","","","","","","","","","","","","",""
"598","32906","9F00","","","","","","","","","","","","","","","","","","","","","",""
"599","32920","CDFB","","","","","","","","","","","","","","","","","","","","","",""
"600","32941","1229","","","","","","","","","","","","","","","","","","","","","",""
"601","32960","603C","","","","","","","","","","","","","","","","","","","","","",""
"602","32971","F72C","","","","","","","","","","","","","","","","","","","","","",""
"603","32987","259F","","","","","","","","","","","","","","","","","","","","","",""
"604","33006","6EF4","","","","","","","","","","","","","","","","","","","","","",""
"605","33021","B784","","","","","","","","","","","","","","","","","","","","","",""
"606","33037","00E8","","","","","","","","","","","","","","","","","","","","","",""
"607","33054","4A2D","","","","","","","","","","","","","","","","","","","","","",""
"608","33066","93D3","","","","","","","","","","","","","","","","","","","","","",""
"609","33083","DD3E","","","","","","","","","","","","","","","","","","","","","",""
"610","33099","25DF","","","","","","","","","","","","","","","","","","","","","",""
"611","33112","679C","","","","","","","","","","","","","","","","","","","","","",""
"612","33128","A5CA","","","","","","","","","","","","","","","","","","","","","",""
"613","33148","EEA5","","","","","","","","","","","","","","","","","","","","","",""
"614","33165","5AEA","","","","","","","","","","","","","","","","","","","","","",""
"615","33180","93EB","","","","","","","","","","","","","","","","","","","","","",""
"616","33197","E431","","","","","","","","","","","","","","","","","","","","","",""
"617","33212","2CD3","","","","","","","","","","","","","","","","","","","","","",""
"618","33226","764D","","","","","","","","","","","","","","","","","","","","","",""
"619","33245","BF4F","","","","","","","","","","","","","","","","","","","","","",""
"620","33260","089B","","","","","","","","","","","","","","","","","","","","","",""
"621","33276","526D","","","","","","","","","","","","","","","","","","","","","",""
"622","33292","9B93","","","","","","","","","","","","","","","","","","","","","",""
"623","33308","CA36","","","","","","","","","","","","","","","","","","","","","",""
"624","33323","13B7","","","","","","","","","","","","","","","","","","","","","",""
"625","33337","5C85","","","","","","","","","","","","","","","","","","","","","",""
"626","33353","A5B4","","","","","","","","","","","","","","","","","","","","","",""
"627","33369","F354","","","","","","","","","","","","","","","","","","","","","",""
"628","33389","3693","","","","","","","","","","","","","","","","","","","","","",""
"629","33404","81F5","","","","","","","","","","","","","","","","","","","","","",""
"630","33417","C3E3","","","","","","","","","","","","","","","","","","","","","",""
"631","33435","13F3","","","","","","","","","","","","","","","","","","","","","",""
"632","33447","5B14","","","","","","","","","","","","","","","","","","","","","",""
"633","33468","A6A7","","","","","","","","","","","","","","","","","","","","","",""
"634","33481","EFAA","","","","","","","","","","","","","","","","","","","","","",""
"635","33495","38E5","","","","","","","","","","","","","","","","","","","","","",""
"636","33510","6650","","","","","","","","","","","","","","","","","","","","","",""
"637","33527","9550","","","","","","","","","","","","","","","","","","","","","",""
"638","33545","DED2","","","","","","","","","","","","","","","","","","","","","",""
"639","33563","27B7","","","","","","","","","","","","","","","","","","","","","",""
"640","33576","DB7F","","","","","","","","","","","","","","","","","","","","","",""
"641","33595","0AB4","","","","","","","","","","","","","","","","","","","","","",""
"642","33611","5769","","","","","","","","","","","","","","","","","","","","","",""
"643","33626","A0A9","","","","","","","","","","","","","","","","","","","","","",""
"644","33641","E66D","","","","","","","","","","","","","","","","","","","","","",""
"645","33660","27DF","","","","","","","","","","","","","","","","","","","","","",""
"646","33671","7C75","","","","","","","","","","","","","","","","","","","","","",""
"647","33691","D583","","","","","","","","","","","","","","","","","","","","","",""
"648","33705","0F82","","","","","","","","","","","","","","","","","","","","","",""
"649","33722","58A7","","","","","","","","","","","","","","","","","","","","","",""
"650","33733","A09A","","","","","","","","","","","","","","","","","","","","","",""
"651","33752","EA85","","","","","","","","","","","","","","","","","","","","","",""
"652","33772","347F","","","","","","","","","","","","","","","","","","","","","",""
"653","33785","976F","","","","","","","","","","","","","","","","","","","","","",""
"654","33799","C84D","","","","","","","","","","","","","","","","","","","","","",""
"655","33816","1142","","","","","","","","","","","","","","","","","","","","","",""
"656","33834","5BC2","","","","","","","","","","","","","","","","","","","","","",""
"657","33848","A432","","","","","","","","","","","","","","","","","","","","","",""
"658","33868","ED1B","","","","","","","","","","","","","","","","","","","","","",""
"659","33881","37D7","","","","","","","","","","","","","","","","","","","","","",""
"660","33897","73F3","","","","","","","","","","","","","","","","","","","","","",""
"661","33915","C902","","","","","","","","","","","","","","","","","","","","","",""
"662","33933","09D8","","","","","","","","","","","","","","","","","","","","","",""
"663","33944","4AA2","","","","","","","","","","","","","","","","","","","","","",""
"664","33959","9180","","","","","","","","","","","","","","","","","","","","","",""
"665","33975","DB5B","","","","","","","","","","","","","","","","","","","","","",""
"666","33991","47D4","","","","","","","","","","","","","","","","","","","","","",""
"667","34009","78FD","","","","","","","","","","","","","","","","","","","","","",""
"668","34025","C1E4","","","","","","","","","","","","","","","","","","","","","",""
"669","34037","16EB","","","","","","","","","","","","","","","","","","","","","",""
"670","34053","5508","","","","","","","","","","","","","","","","","","","","","",""
"671","34071","9DC8","","","","","","","","","","","","","","","","","","","","","",""
"672","34089","F302","","","","","","","","","","","","","","","","","","","","","",""
"673","34102","2FB2","","","","","","","","","","","","","","","","","","","","","",""
"674","34117","7976","","","","","","","","","","","","","","","","","","","","","",""
"675","34134","B6DE","","","","","","","","","","","","","","","","","","","","","",""
"676","34151","17AD","","","","","","","","","","","","","","","","","","","","","",""
"677","34167","55DA","","","","","","","","","","","","","","","","","","","","","",""
"678","34186","A004","","","","","","","","","","","","","","","","","","","","","",""
"679","34202","103B","","","","","","","","","","","","","","","","","","","","","",""
"680","34214","2B3C","","","","","","","","","","","","","","","","","","","","","",""
"681","34231","7442","","","","","","","","","","","","","","","","","","","","","",""
"682","34249","BDFF","","","","","","","","","","","","","","","","","","","","","",""
"683","34266","0662","","","","","","","","","","","","","","","","","","","","","",""
"684","34279","4F5D","","","","","","","","","","","","","","","","","","","","","",""
"685","34296","98A5","","","","","","","","","","","","","","","","","","","","","",""
"686","34312","E24C","","","","","","","","","","","","","","","","","","","","","",""
"687","34330","2B0F","","","","","","","","","","","","","","","","","","","","","",""
"688","34342","6C09","","","","","","","","","","","","","","","","","","","","","",""
"689","34357","AB7A","","","","","","","","","","","","","","","","","","","","","",""
"690","34377","EFBD","","","","","","","","","","","","","","","","","","","","","",""
"691","34394","1BF9","","","","","","","","","","","","","","","","","","","","","",""
"692","34407","A083","","","","","","","","","","","","","","","","","","","","","",""
"693","34423","DF62","","","","","","","","","","","","","","","","","","","","","",""
"694","34440","285C","","","","","","","","","","","","","","","","","","","","","",""
"695","34453","721C","","","","","","","","","","","","","","","","","","","","","",""
"696","34471","BAE0","","","","","","","","","","","","","","","","","","","","","",""
"697","34487","040B","","","","","","","","","","","","","","","","","","","","","",""
"698","34501","4DD7","","","","","","","","","","","","","","","","","","","","","",""
"699","34518","9694","","","","","","","","","","","","","","","","","","","","","",""
"700","34535","DFD9","","","","","","","","","","","","","","","","","","","","","",""
"701","34551","05CE","","","","","","","","","","","","","","","","","","","","","",""
"702","34567","29AB","","","","","","","","","","","","","","","","","","","","","",""
"703","34578","723B","","","","","","","","","","","","","","","","","","","","","",""
"704","34595","E529","","","","","","","","","","","","","","","","","","","","","",""
"705","34617","1AA4","","","","","","","","","","","","","","","","","","","","","",""
"706","34629","6CBE","","","","","","","","","","","","","","","","","","","","","",""
"707","34641","B584","","","","","","","","","","","","","","","","","","","","","",""
"708","34660","FF9E","","","","","","","","","","","","","","","","","","","","","",""
"709","34673","4824","","","","","","","","","","","","","","","","","","","","","",""
"710","34693","9148","","","","","","","","","","","","","","","","","","","","","",""
"711","34710","DB47","","","","","","","","","","","","","","","","","","","","","",""
"712","34722","2463","","","","","","","","","","","","","","","","","","","","","",""
"713","34739","6D02","","","","","","","","","","","","","","","","","","","","","",""
"714","34756","B64A","","","","","","","","","","","","","","","","","","","","","",""
"715","34773","FF96","","","","","","","","","","","","","","","","","","","","","",""
"716","34790","48D6","","","","","","","","","","","","","","","","","","","","","",""
"717","34807","E36E","","","","","","","","","","","","","","","","","","","","","",""
"718","34822","07F0","","","","","","","","","","","","","","","","","","","","","",""
"719","34837","5102","","","","","","","","","","","","","","","","","","","","","",""
"720","34853","9606","","","","","","","","","","","","","","","","","","","","","",""
"721","34869","E2EE","","","","","","","","","","","","","","","","","","","","","",""
"722","34885","2C8A","","","","","","","","","","","","","","","","","","","","","",""
"723","34899","77A1","","","","","","","","","","","","","","","","","","","","","",""
"724","34916","BD10","","","","","","","","","","","","","","","","","","","","","",""
"725","34932","055A","","","","","","","","","","","","","","","","","","","","","",""
"726","34951","470F","","","","","","","","","","","","","","","","","","","","","",""
"727","34965","67AE","","","","","","","","","","","","","","","","","","","","","",""
"728","34979","B0AC","","","","","","","","","","","","","","","","","","","","","",""
"729","34996","F978","","","","","","","","","","","","","","","","","","","","","",""
"730","35012","722C","","","","","","","","","","","","","","","","","","","","","",""
"731","35029","AE0E","","","","","","","","","","","","","","","","","","","","","",""
"732","35045","F751","","","","","","","","","","","","","","","","","","","","","",""
"733","35060","40FD","","","","","","","","","","","","","","","","","","","","","",""
"734","35077","8990","","","","","","","","","","","","","","","","","","","","","",""
"735","35091","CDEE","","","","","","","","","","","","","","","","","","","","","",""
"736","35108","FFC6","","","","","","","","","","","","","","","","","","","","","",""
"737","35123","49C4","","","","","","","","","","","","","","","","","","","","","",""
"738","35137","9269","","","","","","","","","","","","","","","","","","","","","",""
"739","35157","BFE4","","","","","","","","","","","","","","","","","","","","","",""
"740","35172","EDAD","","","","","","","","","","","","","","","","","","","","","",""
"741","35188","36AA","","","","","","","","","","","","","","","","","","","","","",""
"742","35200","808F","","","","","","","","","","","","","","","","","","","","","",""
"743","35218","4840","","","","","","","","","","","","","","","","","","","","","",""
"744","35236","7E1B","","","","","","","","","","","","","","","","","","","","","",""
"745","35251","C72F","","","","","","","","","","","","","","","","","","","","","",""
"746","35266","1100","","","","","","","","","","","","","","","","","","","","","",""
"747","35280","599F","","","","","","","","","","","","","","","","","","","","","",""
"748","35297","A2EA","","","","","","","","","","","","","","","","","","","","","",""
"749","35318","FCAB","","","","","","","","","","","","","","","","","","","","","",""
"750","35331","3078","","","","","","","","","","","","","","","","","","","","","",""
"751","35344","7E61","","","","","","","","","","","","","","","","","","","","","",""
"752","35361","C76F","","","","","","","","","","","","","","","","","","","","","",""
"753","35375","11A9","","","","","","","","","","","","","","","","","","","","","",""
"754","35395","59F8","","","","","","","","","","","","","","","","","","","","","",""
"755","35410","A3CA","","","","","","","","","","","","","","","","","","","","","",""
"756","35427","0CCE","","","","","","","","","","","","","","","","","","","","","",""
"757","35440","39ED","","","","","","","","","","","","","","","","","","","","","",""
"758","35460","8575","","","","","","","","","","","","","","","","","","","","","",""
"759","35474","CFD7","","","","","","","","","","","","","","","","","","","","","",""
"760","35491","155E","","","","","","","","","","","","","","","","","","","","","",""
"761","35504","60A4","","","","","","","","","","","","","","","","","","","","","",""
"762","35522","B2A6","","","","","","","","","","","","","","","","","","","","","",""
"763","35534","F49F","","","","","","","","","","","","","","","","","","","","","",""
"764","35554","3D4C","","","","","","","","","","","","","","","","","","","","","",""
"765","35567","73A2","","","","","","","","","","","","","","","","","","","","","",""
"766","35584","BEE4","","","","","","","","","","","","","","","","","","","","","",""
"767","35600","0603","","","","","","","","","","","","","","","","","","","","","",""
"768","35616","500E","","","","","","","","","","","","","","","","","","","","","",""
"769","35632","C8E6","","","","","","","","","","","","","","","","","","","","","",""
"770","35646","003E","","","","","","","","","","","","","","","","","","","","","",""
"771","35664","495D","","","","","","","","","","","","","","","","","","","","","",""
"772","35681","9448","","","","","","","","","","","","","","","","","","","","","",""
"773","35694","DBD1","","","","","","","","","","","","","","","","","","","","","",""
"774","35712","2520","","","","","","","","","","","","","","","","","","","","","",""
"775","35730","7715","","","","","","","","","","","","","","","","","","","","","",""
"776","35747","B951","","","","","","","","","","","","","","","","","","","","","",""
"777","35760","01DC","","","","","","","","","","","","","","","","","","","","","",""
"778","35775","2C4C","","","","","","","","","","","","","","","","","","","","","",""
"779","35793","742C","","","","","","","","","","","","","","","","","","","","","",""
"780","35806","B190","","","","","","","","","","","","","","","","","","","","","",""
"781","35824","0622","","","","","","","","","","","","","","","","","","","","","",""
"782","35840","8006","","","","","","","","","","","","","","","","","","","","","",""
"783","35857","A35A","","","","","","","","","","","","","","","","","","","","","",""
"784","35872","EB4B","","","","","","","","","","","","","","","","","","","","","",""
"785","35887","33AF","","","","","","","","","","","","","","","","","","","","","",""
"786","35906","7C9E","","","","","","","","","","","","","","","","","","","","","",""
"787","35915","C5EB","","","","","","","","","","","","","","","","","","","","","",""
"788","35936","0FA2","","","","","","","","","","","","","","","","","","","","","",""
"789","35951","584F","","","","","","","","","","","","","","","","","","","","","",""
"790","35967","A0ED","","","","","","","","","","","","","","","","","","","","","",""
"791","35984","C9C0","","","","","","","","","","","","","","","","","","","","","",""
"792","36001","083C","","","","","","","","","","","","","","","","","","","","","",""
"793","36017","4F6F","","","","","","","","","","","","","","","","","","","","","",""
"794","36031","A70B","","","","","","","","","","","","","","","","","","","","","",""
"795","36046","E134","","","","","","","","","","","","","","","","","","","","","",""
"796","36061","2F53","","","","","","","","","","","","","","","","","","","","","",""
"797","36080","7878","","","","","","","","","","","","","","","","","","","","","",""
"798","36093","C1A8","","","","","","","","","","","","","","","","","","","","","",""
"799","36111","09EA","","","","","","","","","","","","","","","","","","","","","",""
"800","36128","54E1","","","","","","","","","","","","","","","","","","","","","",""
"801","36142","9C75","","","","","","","","","","","","","","","","","","","","","",""
"802","36155","E5AD","","","","","","","","","","","","","","","","","","","","","",""
"803","36170","13E1","","","","","","","","","","","","","","","","","","","","","",""
"804","36190","3E8C","","","","","","","","","","","","","","","","","","","","","",""
"805","36206","8795","","","","","","","","","","","","","","","","","","","","","",""
"806","36221","D060","","","","","","","","","","","","","","","","","","","","","",""
"807","36239","57AC","","","","","","","","","","","","","","","","","","","","","",""
"808","36253","91B6","","","","","","","","","","","","","","","","","","","","","",""
"809","36268","DA5E","","","","","","","","","","","","","","","","","","","","","",""
"810","36288","1BB5","","","","","","","","","","","","","","","","","","","","","",""
"811","36304","6CD9","","","","","","","","","","","","","","","","","","","","","",""
"812","36320","B62B","","","","","","","","","","","","","","","","","","","","","",""
"813","36334","FFAD","","","","","","","","","","","","","","","","","","","","","",""
"814","36350","4931","","","","","","","","","","","","","","","","","","","","","",""
"815","36367","91E0","","","","","","","","","","","","","","","","","","","","","",""
"816","36380","D42F","","","","","","","","","","","","","","","","","","","","","",""
"817","36395","11E3","","","","","","","","","","","","","","","","","","","","","",""
"818","36414","5AB3","","","","","","","","","","","","","","","","","","","","","",""
"819","36428","A472","","","","","","","","","","","","","","","","","","","","","",""
"820","36444","5822","","","","","","","","","","","","","","","","","","","","","",""
"821","36461","8DA7","","","","","","","","","","","","","","","","","","","","","",""
"822","36477","D6DC","","","","","","","","","","","","","","","","","","","","","",""
"823","36494","2016","","","","","","","","","","","","","","","","","","","","","",""
"824","36507","69B4","","","","","","","","","","","","","","","","","","","","","",""
"825","36522","AADD","","","","","","","","","","","","","","","","","","","","","",""
"826","36540","FC6E","","","","","","","","","","","","","","","","","","","","","",""
"827","36554","4475","","","","","","","","","","","","","","","","","","","","","",""
"828","36574","8E96","","","","","","","","","","","","","","","","","","","","","",""
"829","36587","BEE5","","","","","","","","","","","","","","","","","","","","","",""
"830","36603","1542","","","","","","","","","","","","","","","","","","","","","",""
"831","36619","543F","","","","","","","","","","","","","","","","","","","","","",""
"832","36635","9E9F","","","","","","","","","","","","","","","","","","","","","",""
"833","36652","1747","","","","","","","","","","","","","","","","","","","","","",""
"834","36667","4C43","","","","","","","","","","","","","","","","","","","","","",""
"835","36686","977B","","","","","","","","","","","","","","","","","","","","","",""
"836","36699","E13C","","","","","","","","","","","","","","","","","","","","","",""
"837","36716","273E","","","","","","","","","","","","","","","","","","","","","",""
"838","36732","734E","","","","","","","","","","","","","","","","","","","","","",""
"839","36749","9D96","","","","","","","","","","","","","","","","","","","","","",""
"840","36763","E056","","","","","","","","","","","","","","","","","","","","","",""
"841","36779","2FC9","","","","","","","","","","","","","","","","","","","","","",""
"842","36795","5D73","","","","","","","","","","","","","","","","","","","","","",""
"843","36812","888B","","","","","","","","","","","","","","","","","","","","","",""
"844","36826","D13F","","","","","","","","","","","","","","","","","","","","","",""
"845","36843","1A0A","","","","","","","","","","","","","","","","","","","","","",""
"846","36859","C4B5","","","","","","","","","","","","","","","","","","","","","",""
"847","36875","FBAE","","","","","","","","","","","","","","","","","","","","","",""
"848","36889","4557","","","","","","","","","","","","","","","","","","","","","",""
"849","36906","8E86","","","","","","","","","","","","","","","","","","","","","",""
"850","36921","D693","","","","","","","","","","","","","","","","","","","","","",""
"851","36937","208C","","","","","","","","","","","","","","","","","","","","","",""
"852","36953","7917","","","","","","","","","","","","","","","","","","","","","",""
"853","36972","B434","","","","","","","","","","","","","","","","","","","","","",""
"854","36986","FB8C","","","","","","","","","","","","","","","","","","","","","",""
"855","37001","3DE0","","","","","","","","","","","","","","","","","","","","","",""
"856","37017","8E36","","","","","","","","","","","","","","","","","","","","","",""
"857","37034","D75D","","","","","","","","","","","","","","","","","","","","","",""
"858","37052","20DE","","","","","","","","","","","","","","","","","","","","","",""
"859","37064","818E","","","","","","","","","","","","","","","","","","","","","",""
"860","37083","B524","","","","","","","","","","","","","","","","","","","","","",""
"861","37099","FE4E","","","","","","","","","","","","","","","","","","","","","",""
"862","37113","4824","","","","","","","","","","","","","","","","","","","","","",""
"863","37130","912E","","","","","","","","","","","","","","","","","","","","","",""
"864","37147","D972","","","","","","","","","","","","","","","","","","","","","",""
"865","37163","2358","","","","","","","","","","","","","","","","","","","","","",""
"866","37178","6BDC","","","","","","","","","","","","","","","","","","","","","",""
"867","37190","B5C6","","","","","","","","","","","","","","","","","","","","","",""
"868","37209","F6EA","","","","","","","","","","","","","","","","","","","","","",""
"869","37225","3623","","","","","","","","","","","","","","","","","","","","","",""
"870","37239","7A72","","","","","","","","","","","","","","","","","","","","","",""
"871","37258","C71C","","","","","","","","","","","","","","","","","","","","","",""
"872","37271","4222","","","","","","","","","","","","","","","","","","","","","",""
"873","37288","7189","","","","","","","","","","","","","","","","","","","","","",""
"874","37306","BA27","","","","","","","","","","","","","","","","","","","","","",""
"875","37319","0247","","","","","","","","","","","","","","","","","","","","","",""
"876","37330","4C3A","","","","","","","","","","","","","","","","","","","","","",""
"877","37353","94D0","","","","","","","","","","","","","","","","","","","","","",""
"878","37367","FC97","","","","","","","","","","","","","","","","","","","","","",""
"879","37384","2AF7","","","","","","","","","","","","","","","","","","","","","",""
"880","37399","740C","","","","","","","","","","","","","","","","","","","","","",""
"881","37414","9DE4","","","","","","","","","","","","","","","","","","","","","",""
"882","37433","E658","","","","","","","","","","","","","","","","","","","","","",""
"883","37450","2FC6","","","","","","","","","","","","","","","","","","","","","",""
"884","37463","B4CC","","","","","","","","","","","","","","","","","","","","","",""
"885","37482","D284","","","","","","","","","","","","","","","","","","","","","",""
"886","37496","202F","","","","","","","","","","","","","","","","","","","","","",""
"887","37513","69C1","","","","","","","","","","","","","","","","","","","","","",""
"888","37528","B371","","","","","","","","","","","","","","","","","","","","","",""
"889","37543","FB22","","","","","","","","","","","","","","","","","","","","","",""
"890","37563","44E8","","","","","","","","","","","","","","","","","","","","","",""
"891","37575","8DC7","","","","","","","","","","","","","","","","","","","","","",""
"892","37591","D64B","","","","","","","","","","","","","","","","","","","","","",""
"893","37607","192F","","","","","","","","","","","","","","","","","","","","","",""
"894","37624","562B","","","","","","","","","","","","","","","","","","","","","",""
"895","37639","9F0E","","","","","","","","","","","","","","","","","","","","","",""
"896","37655","E951","","","","","","","","","","","","","","","","","","","","","",""
"897","37672","3193","","","","","","","","","","","","","","","","","","","","","",""
"898","37686","7ACF","","","","","","","","","","","","","","","","","","","","","",""
"899","37705","C3ED","","","","","","","","","","","","","","","","","","","","","",""
"900","37718","096D","","","","","","","","","","","","","","","","","","","","","",""
"901","37734","5671","","","","","","","","","","","","","","","","","","","","","",""
"902","37752","9FCC","","","","","","","","","","","","","","","","","","","","","",""
"903","37766","E9C6","","","","","","","","","","","","","","","","","","","","","",""
"904","37782","322A","","","","","","","","","","","","","","","","","","","","","",""
"905","37797","7B9A","","","","","","","","","","","","","","","","","","","","","",""
"906","37812","A79C","","","","","","","","","","","","","","","","","","","","","",""
"907","37831","D47B","","","","","","","","","","","","","","","","","","","","","",""
"908","37846","1D67","","","","","","","","","","","","","","","","","","","","","",""
"909","37865","66DF","","","","","","","","","","","","","","","","","","","","","",""
"910","37877","17E1","","","","","","","","","","","","","","","","","","","","","",""
"911","37895","4819","","","","","","","","","","","","","","","","","","","","","",""
"912","37911","9547","","","","","","","","","","","","","","","","","","","","","",""
"913","37926","E12B","","","","","","","","","","","","","","","","","","","","","",""
"914","37940","2705","","","","","","","","","","","","","","","","","","","","","",""
"915","37960","62C3","","","","","","","","","","","","","","","","","","","","","",""
"916","37974","BA5E","","","","","","","","","","","","","","","","","","","","","",""
"917","37986","075B","","","","","","","","","","","","","","","","","","","","","",""
"918","38004","4CB5","","","","","","","","","","","","","","","","","","","","","",""
"919","38019","8DF8","","","","","","","","","","","","","","","","","","","","","",""
"920","38034","CF3C","","","","","","","","","","","","","","","","","","","","","",""
"921","38050","14C8","","","","","","","","","","","","","","","","","","","","","",""
"922","38071","5EEC","","","","","","","","","","","","","","","","","","","","","",""
"923","38083","D34B","","","","","","","","","","","","","","","","","","","","","",""
"924","38100","0E41","","","","","","","","","","","","","","","","","","","","","",""
"925","38117","572C","","","","","","","","","","","","","","","","","","","","","",""
"926","38133","A3B3","","","","","","","","","","","","","","","","","","","","","",""
"927","38150","E9A8","","","","","","","","","","","","","","","","","","","","","",""
"928","38161","333E","","","","","","","","","","","","","","","","","","","","","",""
"929","38180","8081","","","","","","","","","","","","","","","","","","","","","",""
"930","38195","B8F4","","","","","","","","","","","","","","","","","","","","","",""
"931","38211","0EDC","","","","","","","","","","","","","","","","","","","","","",""
"932","38225","3BF8","","","","","","","","","","","","","","","","","","","","","",""
"933","38240","8920","","","","","","","","","","","","","","","","","","","","","",""
"934","38259","CE5E","","","","","","","","","","","","","","","","","","","","","",""
"935","38279","1869","","","","","","","","","","","","","","","","","","","","","",""
"936","38293","942B","","","","","","","","","","","","","","","","","","","","","",""
"937","38310","C0C2","","","","","","","","","","","","","","","","","","","","","",""
"938","38323","09FA","","","","","","","","","","","","","","","","","","","","","",""
"939","38339","5388","","","","","","","","","","","","","","","","","","","","","",""
"940","38358","9C17","","","","","","","","","","","","","","","","","","","","","",""
"941","38373","E508","","","","","","","","","","","","","","","","","","","","","",""
"942","38385","1067","","","","","","","","","","","","","","","","","","","","","",""
"943","38404","5A65","","","","","","","","","","","","","","","","","","","","","",""
"944","38421","A29E","","","","","","","","","","","","","","","","","","","","","",""
"945","38438","CCC3","","","","","","","","","","","","","","","","","","","","","",""
"946","38453","FE36","","","","","","","","","","","","","","","","","","","","","",""
"947","38471","4740","","","","","","","","","","","","","","","","","","","","","",""
"948","38484","9050","","","","","","","","","","","","","","","","","","","","","",""
"949","38499","40E2","","","","","","","","","","","","","","","","","","","","","",""
"950","38517","72BA","","","","","","","","","","","","","","","","","","","","","",""
"951","38534","BBD1","","","","","","","","","","","","","","","","","","","","","",""
"952","38547","059F","","","","","","","","","","","","","","","","","","","","","",""
"953","38564","4E04","","","","","","","","","","","","","","","","","","","","","",""
"954","38578","96E2","","","","","","","","","","","","","","","","","","","","","",""
"955","38596","F06A","","","","","","","","","","","","","","","","","","","","","",""
"956","38611","2A02","","","","","","","","","","","","","","","","","","","","","",""
"957","38624","72A7","","","","","","","","","","","","","","","","","","","","","",""
"958","38643","BB43","","","","","","","","","","","","","","","","","","","","","",""
"959","38656","0587","","","","","","","","","","","","","","","","","","","","","",""
"960","38672","4A43","","","","","","","","","","","","","","","","","","","","","",""
"961","38692","96FC","","","","","","","","","","","","","","","","","","","","","",""
"962","38707","F70D","","","","","","","","","","","","","","","","","","","","","",""
"963","38722","28FB","","","","","","","","","","","","","","","","","","","","","",""
"964","38739","7613","","","","","","","","","","","","","","","","","","","","","",""
"965","38752","BFF0","","","","","","","","","","","","","","","","","","","","","",""
"966","38773","0457","","","","","","","","","","","","","","","","","","","","","",""
"967","38787","51D8","","","","","","","","","","","","","","","","","","","","","",""
"968","38802","9BA3","","","","","","","","","","","","","","","","","","","","","",""
"969","38816","E462","","","","","","","","","","","","","","","","","","","","","",""
"970","38829","2D99","","","","","","","","","","","","","","","","","","","","","",""
"971","38852","6F5B","","","","","","","","","","","","","","","","","","","","","",""
"972","38866","AD9A","","","","","","","","","","","","","","","","","","","","","",""
"973","38881","F659","","","","","","","","","","","","","","","","","","","","","",""
"974","38897","7029","","","","","","","","","","","","","","","","","","","","","",""
"975","38913","9B9C","","","","","","","","","","","","","","","","","","","","","",""
"976","38929","ED74","","","","","","","","","","","","","","","","","","","","","",""
"977","38947","36A3","","","","","","","","","","","","","","","","","","","","","",""
"978","38961","80D6","","","","","","","","","","","","","","","","","","","","","",""
"979","38977","C925","","","","","","","","","","","","","","","","","","","","","",""
"980","38995","1263","","","","","","","","","","","","","","","","","","","","","",""
"981","39010","68A4","","","","","","","","","","","","","","","","","","","","","",""
"982","39025","A6FD","","","","","","","","","","","","","","","","","","","","","",""
"983","39042","CF19","","","","","","","","","","","","","","","","","","","","","",""
"984","39058","187E","","","","","","","","","","","","","","","","","","","","","",""
"985","39076","6137","","","","","","","","","","","","","","","","","","","","","",""
"986","39091","AA88","","","","","","","","","","","","","","","","","","","","","",""
"987","39105","2C0F","","","","","","","","","","","","","","","","","","","","","",""
"988","39122","4C79","","","","","","","","","","","","","","","","","","","","","",""
"989","39137","9588","","","","","","","","","","","","","","","","","","","","","",""
"990","39153","DA88","","","","","","","","","","","","","","","","","","","","","",""
"991","39169","27B2","","","","","","","","","","","","","","","","","","","","","",""
"992","39185","7088","","","","","","","","","","","","","","","","","","","","","",""
"993","39202","BB3B","","","","","","","","","","","","","","","","","","","","","",""
"994","39216","0329","","","","","","","","","","","","","","","","","","","","","",""
"995","39231","4B83","","","","","","","","","","","","","","","","","","","","","",""
"996","39250","8E73","","","","","","","","","","","","","","","","","","","","","",""
"997","39265","CB91","","","","","","","","","","","","","","","","","","","","","",""
"998","39279","146A","","","","","","","","","","","","","","","","","","","","","",""
"999","39298","5EB2","","","","","","","","","","","","","","","","","","","","","",""
"1000","39312","A6E0","","","","","","","","","","","","","","","","","","","","","",""
"1001","39325","F017","","","","","","","","","","","","","","","","","","","","","",""
"1002","39344","3951","","","","","","","","","","","","","","","","","","","","","",""
"1003","39362","8329","","","","","","","","","","","","","","","","","","","","","",""
"1004","39374","CBD3","","","","","","","","","","","","","","","","","","","","","",""
"1005","39392","10A3","","","","","","","","","","","","","","","","","","","","","",""
"1006","39405","5ED5","","","","","","","","","","","","","","","","","","","","","",""
"1007","39423","A784","","","","","","","","","","","","","","","","","","","","","",""
"1008","39441","F12B","","","","","","","","","","","","","","","","","","","","","",""
"1009","39453","1ECA","","","","","","","","","","","","","","","","","","","","","",""
"1010","39472","4DC4","","","","","","","","","","","","","","","","","","","","","",""
"1011","39485","9627","","","","","","","","","","","","","","","","","","","","","",""
"1012","39500","DF9C","","","","","","","","","","","","","","","","","","","","","",""
"1013","39518","909E","","","","","","","","","","","","","","","","","","","","","",""
"1014","39536","BFBC","","","","","","","","","","","","","","","","","","","","","",""
"1015","39549","0F23","","","","","","","","","","","","","","","","","","","","","",""
"1016","39566","5B0E","","","","","","","","","","","","","","","","","","","","","",""
"1017","39582","9D03","","","","","","","","","","","","","","","","","","","","","",""
"1018","39598","EA73","","","","","","","","","","","","","","","","","","","","","",""
"1019","39615","37C3","","","","","","","","","","","","","","","","","","","","","",""
"1020","39628","7019","","","","","","","","","","","","","","","","","","","","","",""
"1021","39643","C641","","","","","","","","","","","","","","","","","","","","","",""
"1022","39658","07D7","","","","","","","","","","","","","","","","","","","","","",""
"1023","39675","499A","","","","","","","","","","","","","","","","","","","","","",""
"1024","39692","8ED2","","","","","","","","","","","","","","","","","","","","","",""
"1025","39712","D8CA","","","","","","","","","","","","","","","","","","","","","",""
"1026","39725","5103","","","","","","","","","","","","","","","","","","","","","",""
"1027","39744","8302","","","","","","","","","","","","","","","","","","","","","",""
"1028","39758","CC04","","","","","","","","","","","","","","","","","","","","","",""
"1029","39773","19DC","","","","","","","","","","","","","","","","","","","","","",""
"1030","39790","5BE0","","","","","","","","","","","","","","","","","","","","","",""
"1031","39806","A4EE","","","","","","","","","","","","","","","","","","","","","",""
"1032","39821","F1B6","","","","","","","","","","","","","","","","","","","","","",""
"1033","39836","37E3","","","","","","","","","","","","","","","","","","","","","",""
"1034","39850","8080","","","","","","","","","","","","","","","","","","","","","",""
"1035","39870","A61C","","","","","","","","","","","","","","","","","","","","","",""
"1036","39884","FCE5","","","","","","","","","","","","","","","","","","","","","",""
"1037","39899","425B","","","","","","","","","","","","","","","","","","","","","",""
"1038","39917","8C0E","","","","","","","","","","","","","","","","","","","","","",""
"1039","39934","1056","","","","","","","","","","","","","","","","","","","","","",""
"1040","39948","3E38","","","","","","","","","","","","","","","","","","","","","",""
"1041","39965","8763","","","","","","","","","","","","","","","","","","","","","",""
"1042","39983","D115","","","","","","","","","","","","","","","","","","","","","",""
"1043","39996","199F","","","","","","","","","","","","","","","","","","","","","",""
"1044","40012","6276","","","","","","","","","","","","","","","","","","","","","",""
"1045","40030","ABAB","","","","","","","","","","","","","","","","","","","","","",""
"1046","40045","F569","","","","","","","","","","","","","","","","","","","","","",""
"1047","40061","3E49","","","","","","","","","","","","","","","","","","","","","",""
"1048","40079","6AD6","","","","","","","","","","","","","","","","","","","","","",""
"1049","40093","7D35","","","","","","","","","","","","","","","","","","","","","",""
"1050","40109","C128","","","","","","","","","","","","","","","","","","","","","",""
"1051","40125","0E89","","","","","","","","","","","","","","","","","","","","","",""
"1052","40138","B5A4","","","","","","","","","","","","","","","","","","","","","",""
"1053","40154","F057","","","","","","","","","","","","","","","","","","","","","",""
"1054","40173","3926","","","","","","","","","","","","","","","","","","","","","",""
"1055","40189","82FD","","","","","","","","","","","","","","","","","","","","","",""
"1056","40203","E0B9","","","","","","","","","","","","","","","","","","","","","",""
"1057","40218","15FE","","","","","","","","","","","","","","","","","","","","","",""
"1058","40236","6F2D","","","","","","","","","","","","","","","","","","","","","",""
"1059","40250","A904","","","","","","","","","","","","","","","","","","","","","",""
"1060","40268","F162","","","","","","","","","","","","","","","","","","","","","",""
"1061","40283","3A41","","","","","","","","","","","","","","","","","","","","","",""
"1062","40298","8378","","","","","","","","","","","","","","","","","","","","","",""
"1063","40314","CD2D","","","","","","","","","","","","","","","","","","","","","",""
"1064","40327","24EA","","","","","","","","","","","","","","","","","","","","","",""
"1065","40349","58C7","","","","","","","","","","","","","","","","","","","","","",""
"1066","40365","A78D","","","","","","","","","","","","","","","","","","","","","",""
"1067","40379","F0F2","","","","","","","","","","","","","","","","","","","","","",""
"1068","40396","3A5A","","","","","","","","","","","","","","","","","","","","","",""
"1069","40411","8234","","","","","","","","","","","","","","","","","","","","","",""
"1070","40427","CB74","","","","","","","","","","","","","","","","","","","","","",""
"1071","40443","14DC","","","","","","","","","","","","","","","","","","","","","",""
"1072","40458","5E7E","","","","","","","","","","","","","","","","","","","","","",""
"1073","40475","CCD4","","","","","","","","","","","","","","","","","","","","","",""
"1074","40491","0239","","","","","","","","","","","","","","","","","","","","","",""
"1075","40508","4B74","","","","","","","","","","","","","","","","","","","","","",""
"1076","40523","9511","","","","","","","","","","","","","","","","","","","","","",""
"1077","40539","DEFB","","","","","","","","","","","","","","","","","","","","","",""
"1078","40557","17FB","","","","","","","","","","","","","","","","","","","","","",""
"1079","40567","6114","","","","","","","","","","","","","","","","","","","","","",""
"1080","40584","A62C","","","","","","","","","","","","","","","","","","","","","",""
"1081","40602","F3AB","","","","","","","","","","","","","","","","","","","","","",""
"1082","40618","3C24","","","","","","","","","","","","","","","","","","","","","",""
"1083","40633","86C6","","","","","","","","","","","","","","","","","","","","","",""
"1084","40650","DEAE","","","","","","","","","","","","","","","","","","","","","",""
"1085","40665","191C","","","","","","","","","","","","","","","","","","","","","",""
"1086","40683","611F","","","","","","","","","","","","","","","","","","","","","",""
"1087","40697","AA74","","","","","","","","","","","","","","","","","","","","","",""
"1088","40709","F39D","","","","","","","","","","","","","","","","","","","","","",""
"1089","40730","3D6D","","","","","","","","","","","","","","","","","","","","","",""
"1090","40748","AB12","","","","","","","","","","","","","","","","","","","","","",""
"1091","40763","CBBD","","","","","","","","","","","","","","","","","","","","","",""
"1092","40780","14C2","","","","","","","","","","","","","","","","","","","","","",""
"1093","40794","5E99","","","","","","","","","","","","","","","","","","","","","",""
"1094","40810","A6F5","","","","","","","","","","","","","","","","","","","","","",""
"1095","40824","EB40","","","","","","","","","","","","","","","","","","","","","",""
"1096","40841","3928","","","","","","","","","","","","","","","","","","","","","",""
"1097","40857","8514","","","","","","","","","","","","","","","","","","","","","",""
"1098","40871","CBE1","","","","","","","","","","","","","","","","","","","","","",""
"1099","40886","0DCF","","","","","","","","","","","","","","","","","","","","","",""
"1100","40903","4D2A","","","","","","","","","","","","","","","","","","","","","",""
"1101","40922","93B2","","","","","","","","","","","","","","","","","","","","","",""
"1102","40934","DDFE","","","","","","","","","","","","","","","","","","","","","",""
"1103","40951","5669","","","","","","","","","","","","","","","","","","","","","",""
"1104","40966","8E46","","","","","","","","","","","","","","","","","","","","","",""
"1105","40981","D77C","","","","","","","","","","","","","","","","","","","","","",""
"1106","41002","238B","","","","","","","","","","","","","","","","","","","","","",""
"1107","41017","69D2","","","","","","","","","","","","","","","","","","","","","",""
"1108","41035","B339","","","","","","","","","","","","","","","","","","","","","",""
"1109","41046","FF36","","","","","","","","","","","","","","","","","","","","","",""
"1110","41064","4116","","","","","","","","","","","","","","","","","","","","","",""
"1111","41080","8EE2","","","","","","","","","","","","","","","","","","","","","",""
"1112","41094","9C28","","","","","","","","","","","","","","","","","","","","","",""
"1113","41112","E912","","","","","","","","","","","","","","","","","","","","","",""
"1114","41126","2E33","","","","","","","","","","","","","","","","","","","","","",""
"1115","41142","7800","","","","","","","","","","","","","","","","","","","","","",""
"1116","41159","E10A","","","","","","","","","","","","","","","","","","","","","",""
"1117","41174","2197","","","","","","","","","","","","","","","","","","","","","",""
"1118","41193","6B71","","","","","","","","","","","","","","","","","","","","","",""
"1119","41208","B646","","","","","","","","","","","","","","","","","","","","","",""
"1120","41223","FD5E","","","","","","","","","","","","","","","","","","","","","",""
"1121","41238","4691","","","","","","","","","","","","","","","","","","","","","",""
"1122","41251","929C","","","","","","","","","","","","","","","","","","","","","",""
"1123","41273","D9CF","","","","","","","","","","","","","","","","","","","","","",""
"1124","41285","2255","","","","","","","","","","","","","","","","","","","","","",""
"1125","41300","3F37","","","","","","","","","","","","","","","","","","","","","",""
"1126","41315","6B69","","","","","","","","","","","","","","","","","","","","","",""
"1127","41334","B1B5","","","","","","","","","","","","","","","","","","","","","",""
"1128","41348","FB55","","","","","","","","","","","","","","","","","","","","","",""
"1129","41367","D58C","","","","","","","","","","","","","","","","","","","","","",""
"1130","41384","FDEA","","","","","","","","","","","","","","","","","","","","","",""
"1131","41397","46F9","","","","","","","","","","","","","","","","","","","","","",""
"1132","41415","9086","","","","","","","","","","","","","","","","","","","","","",""
"1133","41432","D89D","","","","","","","","","","","","","","","","","","","","","",""
"1134","41446","22A7","","","","","","","","","","","","","","","","","","","","","",""
"1135","41459","7F10","","","","","","","","","","","","","","","","","","","","","",""
"1136","41477","B35A","","","","","","","","","","","","","","","","","","","","","",""
"1137","41493","FB5E","","","","","","","","","","","","","","","","","","","","","",""
"1138","41512","44B5","","","","","","","","","","","","","","","","","","","","","",""
"1139","41526","8DC3","","","","","","","","","","","","","","","","","","","","","",""
"1140","41543","D288","","","","","","","","","","","","","","","","","","","","","",""
"1141","41559","0159","","","","","","","","","","","","","","","","","","","","","",""
"1142","41573","91A2","","","","","","","","","","","","","","","","","","","","","",""
"1143","41588","BE28","","","","","","","","","","","","","","","","","","","","","",""
"1144","41606","0604","","","","","","","","","","","","","","","","","","","","","",""
"1145","41621","4E8E","","","","","","","","","","","","","","","","","","","","","",""
"1146","41636","9780","","","","","","","","","","","","","","","","","","","","","",""
"1147","41653","C1D1","","","","","","","","","","","","","","","","","","","","","",""
"1148","41671","0BC6","","","","","","","","","","","","","","","","","","","","","",""
"1149","41686","5415","","","","","","","","","","","","","","","","","","","","","",""
"1150","41703","9CA8","","","","","","","","","","","","","","","","","","","","","",""
"1151","41718","E6FF","","","","","","","","","","","","","","","","","","","","","",""
"1152","41733","303A","","","","","","","","","","","","","","","","","","","","","",""
"1153","41749","786D","","","","","","","","","","","","","","","","","","","","","",""
"1154","41765","E39B","","","","","","","","","","","","","","","","","","","","","",""
"1155","41780","17CF","","","","","","","","","","","","","","","","","","","","","",""
"1156","41794","658C","","","","","","","","","","","","","","","","","","","","","",""
"1157","41815","AEBB","","","","","","","","","","","","","","","","","","","","","",""
"1158","41827","F8FC","","","","","","","","","","","","","","","","","","","","","",""
"1159","41847","4133","","","","","","","","","","","","","","","","","","","","","",""
"1160","41859","8B05","","","","","","","","","","","","","","","","","","","","","",""
"1161","41877","E40D","","","","","","","","","","","","","","","","","","","","","",""
"1162","41891","1D1C","","","","","","","","","","","","","","","","","","","","","",""
"1163","41910","6663","","","","","","","","","","","","","","","","","","","","","",""
"1164","41922","AF8F","","","","","","","","","","","","","","","","","","","","","",""
"1165","41939","F8BA","","","","","","","","","","","","","","","","","","","","","",""
"1166","41957","41FB","","","","","","","","","","","","","","","","","","","","","",""
"1167","41973","A5CF","","","","","","","","","","","","","","","","","","","","","",""
"1168","41990","D85B","","","","","","","","","","","","","","","","","","","","","",""
"1169","42003","2328","","","","","","","","","","","","","","","","","","","","","",""
"1170","42019","61B7","","","","","","","","","","","","","","","","","","","","","",""
"1171","42036","B762","","","","","","","","","","","","","","","","","","","","","",""
"1172","42052","FEE9","","","","","","","","","","","","","","","","","","","","","",""
"1173","42068","4924","","","","","","","","","","","","","","","","","","","","","",""
"1174","42083","93D8","","","","","","","","","","","","","","","","","","","","","",""
"1175","42099","DAB0","","","","","","","","","","","","","","","","","","","","","",""
"1176","42112","1C7F","","","","","","","","","","","","","","","","","","","","","",""
"1177","42133","5C56","","","","","","","","","","","","","","","","","","","","","",""
"1178","42146","A379","","","","","","","","","","","","","","","","","","","","","",""
"1179","42164","ECB6","","","","","","","","","","","","","","","","","","","","","",""
"1180","42180","6120","","","","","","","","","","","","","","","","","","","","","",""
"1181","42191","99A7","","","","","","","","","","","","","","","","","","","","","",""
"1182","42208","E21B","","","","","","","","","","","","","","","","","","","","","",""
"1183","42227","2CFC","","","","","","","","","","","","","","","","","","","","","",""
"1184","42243","749B","","","","","","","","","","","","","","","","","","","","","",""
"1185","42258","B27B","","","","","","","","","","","","","","","","","","","","","",""
"1186","42274","071D","","","","","","","","","","","","","","","","","","","","","",""
"1187","42291","52D1","","","","","","","","","","","","","","","","","","","","","",""
"1188","42305","9A77","","","","","","","","","","","","","","","","","","","","","",""
"1189","42323","C25D","","","","","","","","","","","","","","","","","","","","","",""
"1190","42339","0D6F","","","","","","","","","","","","","","","","","","","","","",""
"1191","42353","54AF","","","","","","","","","","","","","","","","","","","","","",""
"1192","42372","9DE9","","","","","","","","","","","","","","","","","","","","","",""
"1193","42388","26E1","","","","","","","","","","","","","","","","","","","","","",""
"1194","42401","4434","","","","","","","","","","","","","","","","","","","","","",""
"1195","42418","8D45","","","","","","","","","","","","","","","","","","","","","",""
"1196","42434","D6E6","","","","","","","","","","","","","","","","","","","","","",""
"1197","42451","1F7B","","","","","","","","","","","","","","","","","","","","","",""
"1198","42467","6853","","","","","","","","","","","","","","","","","","","","","",""
"1199","42483","B192","","","","","","","","","","","","","","","","","","","","","",""
"1200","42497","F6AA","","","","","","","","","","","","","","","","","","","","","",""
"1201","42515","4410","","","","","","","","","","","","","","","","","","","","","",""
"1202","42529","850D","","","","","","","","","","","","","","","","","","","","","",""
"1203","42545","C4BC","","","","","","","","","","","","","","","","","","","","","",""
"1204","42562","0C10","","","","","","","","","","","","","","","","","","","","","",""
"1205","42580","567A","","","","","","","","","","","","","","","","","","","","","",""
"1206","42593","A1C0","","","","","","","","","","","","","","","","","","","","","",""
"1207","42607","E6E8","","","","","","","","","","","","","","","","","","","","","",""
"1208","42627","2FA2","","","","","","","","","","","","","","","","","","","","","",""
"1209","42642","7975","","","","","","","","","","","","","","","","","","","","","",""
"1210","42656","C79E","","","","","","","","","","","","","","","","","","","","","",""
"1211","42674","0C0D","","","","","","","","","","","","","","","","","","","","","",""
"1212","42689","7AE8","","","","","","","","","","","","","","","","","","","","","",""
"1213","42707","BF1D","","","","","","","","","","","","","","","","","","","","","",""
"1214","42718","072D","","","","","","","","","","","","","","","","","","","","","",""
"1215","42735","316B","","","","","","","","","","","","","","","","","","","","","",""
"1216","42755","6033","","","","","","","","","","","","","","","","","","","","","",""
"1217","42766","AA47","","","","","","","","","","","","","","","","","","","","","",""
"1218","42784","F229","","","","","","","","","","","","","","","","","","","","","",""
"1219","42795","7ABC","","","","","","","","","","","","","","","","","","","","","",""
"1220","42817","AEEC","","","","","","","","","","","","","","","","","","","","","",""
"1221","42831","F88C","","","","","","","","","","","","","","","","","","","","","",""
"1222","42849","4152","","","","","","","","","","","","","","","","","","","","","",""
"1223","42865","8A75","","","","","","","","","","","","","","","","","","","","","",""
"1224","42878","D3C1","","","","","","","","","","","","","","","","","","","","","",""
"1225","42897","FD35","","","","","","","","","","","","","","","","","","","","","",""
"1226","42908","47CD","","","","","","","","","","","","","","","","","","","","","",""
"1227","42928","8F83","","","","","","","","","","","","","","","","","","","","","",""
"1228","42943","D222","","","","","","","","","","","","","","","","","","","","","",""
"1229","42960","0D1E","","","","","","","","","","","","","","","","","","","","","",""
"1230","42977","5193","","","","","","","","","","","","","","","","","","","","","",""
"1231","42990","9F28","","","","","","","","","","","","","","","","","","","","","",""
"1232","43005","36AB","","","","","","","","","","","","","","","","","","","","","",""
"1233","43023","6F0D","","","","","","","","","","","","","","","","","","","","","",""
"1234","43040","B71C","","","","","","","","","","","","","","","","","","","","","",""
"1235","43057","FF9F","","","","","","","","","","","","","","","","","","","","","",""
"1236","43072","4872","","","","","","","","","","","","","","","","","","","","","",""
"1237","43088","91BD","","","","","","","","","","","","","","","","","","","","","",""
"1238","43104","DB65","","","","","","","","","","","","","","","","","","","","","",""
"1239","43118","2434","","","","","","","","","","","","","","","","","","","","","",""
"1240","43135","6CC4","","","","","","","","","","","","","","","","","","","","","",""
"1241","43147","9DBC","","","","","","","","","","","","","","","","","","","","","",""
"1242","43166","CA9B","","","","","","","","","","","","","","","","","","","","","",""
"1243","43177","1262","","","","","","","","","","","","","","","","","","","","","",""
"1244","43196","B1DB","","","","","","","","","","","","","","","","","","","","","",""
"1245","43211","DF16","","","","","","","","","","","","","","","","","","","","","",""
"1246","43228","2D02","","","","","","","","","","","","","","","","","","","","","",""
"1247","43249","78EC","","","","","","","","","","","","","","","","","","","","","",""
"1248","43264","C203","","","","","","","","","","","","","","","","","","","","","",""
"1249","43275","082D","","","","","","","","","","","","","","","","","","","","","",""
"1250","43293","5548","","","","","","","","","","","","","","","","","","","","","",""
"1251","43309","9CCB","","","","","","","","","","","","","","","","","","","","","",""
"1252","43325","E617","","","","","","","","","","","","","","","","","","","","","",""
"1253","43343","1435","","","","","","","","","","","","","","","","","","","","","",""
"1254","43361","224A","","","","","","","","","","","","","","","","","","","","","",""
"1255","43376","6B83","","","","","","","","","","","","","","","","","","","","","",""
"1256","43388","B3D4","","","","","","","","","","","","","","","","","","","","","",""
"1257","43405","5A57","","","","","","","","","","","","","","","","","","","","","",""
"1258","43424","94BE","","","","","","","","","","","","","","","","","","","","","",""
"1259","43437","DDD3","","","","","","","","","","","","","","","","","","","","","",""
"1260","43454","2146","","","","","","","","","","","","","","","","","","","","","",""
"1261","43470","7062","","","","","","","","","","","","","","","","","","","","","",""
"1262","43485","C827","","","","","","","","","","","","","","","","","","","","","",""
"1263","43501","02B3","","","","","","","","","","","","","","","","","","","","","",""
"1264","43518","56E2","","","","","","","","","","","","","","","","","","","","","",""
"1265","43534","939B","","","","","","","","","","","","","","","","","","","","","",""
"1266","43550","DD62","","","","","","","","","","","","","","","","","","","","","",""
"1267","43566","260F","","","","","","","","","","","","","","","","","","","","","",""
"1268","43580","705A","","","","","","","","","","","","","","","","","","","","","",""
"1269","43598","B868","","","","","","","","","","","","","","","","","","","","","",""
"1270","43612","19EC","","","","","","","","","","","","","","","","","","","","","",""
"1271","43628","4D0A","","","","","","","","","","","","","","","","","","","","","",""
"1272","43644","962C","","","","","","","","","","","","","","","","","","","","","",""
"1273","43660","DF6D","","","","","","","","","","","","","","","","","","","","","",""
"1274","43676","2904","","","","","","","","","","","","","","","","","","","","","",""
"1275","43694","6C9F","","","","","","","","","","","","","","","","","","","","","",""
"1276","43709","BB30","","","","","","","","","","","","","","","","","","","","","",""
"1277","43726","03C9","","","","","","","","","","","","","","","","","","","","","",""
"1278","43740","4E8D","","","","","","","","","","","","","","","","","","","","","",""
"1279","43756","AE1E","","","","","","","","","","","","","","","","","","","","","",""
"1280","43771","F0EE","","","","","","","","","","","","","","","","","","","","","",""
"1281","43788","3551","","","","","","","","","","","","","","","","","","","","","",""
"1282","43804","7FA6","","","","","","","","","","","","","","","","","","","","","",""
"1283","43816","D17B","","","","","","","","","","","","","","","","","","","","","",""
"1284","43833","0F61","","","","","","","","","","","","","","","","","","","","","",""
"1285","43852","5938","","","","","","","","","","","","","","","","","","","","","",""
"1286","43868","A1CF","","","","","","","","","","","","","","","","","","","","","",""
"1287","43884","EC2D","","","","","","","","","","","","","","","","","","","","","",""
"1288","43897","3440","","","","","","","","","","","","","","","","","","","","","",""
"1289","43917","7E18","","","","","","","","","","","","","","","","","","","","","",""
"1290","43928","C228","","","","","","","","","","","","","","","","","","","","","",""
"1291","43947","0FF3","","","","","","","","","","","","","","","","","","","","","",""
"1292","43963","3984","","","","","","","","","","","","","","","","","","","","","",""
"1293","43977","8342","","","","","","","","","","","","","","","","","","","","","",""
"1294","43993","CBB7","","","","","","","","","","","","","","","","","","","","","",""
"1295","44010","14F9","","","","","","","","","","","","","","","","","","","","","",""
"1296","44028","96EA","","","","","","","","","","","","","","","","","","","","","",""
"1297","44041","B970","","","","","","","","","","","","","","","","","","","","","",""
"1298","44059","026E","","","","","","","","","","","","","","","","","","","","","",""
"1299","44073","4C29","","","","","","","","","","","","","","","","","","","","","",""
"1300","44087","94A9","","","","","","","","","","","","","","","","","","","","","",""
"1301","44106","DD79","","","","","","","","","","","","","","","","","","","","","",""
"1302","44122","26CC","","","","","","","","","","","","","","","","","","","","","",""
"1303","44139","7085","","","","","","","","","","","","","","","","","","","","","",""
"1304","44152","B94C","","","","","","","","","","","","","","","","","","","","","",""
"1305","44171","F5AA","","","","","","","","","","","","","","","","","","","","","",""
"1306","44183","39A5","","","","","","","","","","","","","","","","","","","","","",""
"1307","44204","8277","","","","","","","","","","","","","","","","","","","","","",""
"1308","44218","CBF2","","","","","","","","","","","","","","","","","","","","","",""
"1309","44236","13E0","","","","","","","","","","","","","","","","","","","","","",""
"1310","44250","5D0C","","","","","","","","","","","","","","","","","","","","","",""
"1311","44266","A649","","","","","","","","","","","","","","","","","","","","","",""
"1312","44283","F025","","","","","","","","","","","","","","","","","","","","","",""
"1313","44293","38CD","","","","","","","","","","","","","","","","","","","","","",""
"1314","44313","8213","","","","","","","","","","","","","","","","","","","","","",""
"1315","44330","CBC8","","","","","","","","","","","","","","","","","","","","","",""
"1316","44344","1482","","","","","","","","","","","","","","","","","","","","","",""
"1317","44362","5DCF","","","","","","","","","","","","","","","","","","","","","",""
"1318","44376","8B2F","","","","","","","","","","","","","","","","","","","","","",""
"1319","44393","BA2F","","","","","","","","","","","","","","","","","","","","","",""
"1320","44410","FE65","","","","","","","","","","","","","","","","","","","","","",""
"1321","44423","4C68","","","","","","","","","","","","","","","","","","","","","",""
"1322","44441","F649","","","","","","","","","","","","","","","","","","","","","",""
"1323","44457","2EA5","","","","","","","","","","","","","","","","","","","","","",""
"1324","44472","7805","","","","","","","","","","","","","","","","","","","","","",""
"1325","44486","C0AB","","","","","","","","","","","","","","","","","","","","","",""
"1326","44504","09F8","","","","","","","","","","","","","","","","","","","","","",""
"1327","44521","5344","","","","","","","","","","","","","","","","","","","","","",""
"1328","44537","9D05","","","","","","","","","","","","","","","","","","","","","",""
"1329","44552","E63C","","","","","","","","","","","","","","","","","","","","","",""
"1330","44569","2EEB","","","","","","","","","","","","","","","","","","","","","",""
"1331","44584","70B7","","","","","","","","","","","","","","","","","","","","","",""
"1332","44598","AEE3","","","","","","","","","","","","","","","","","","","","","",""
"1333","44617","F7B3","","","","","","","","","","","","","","","","","","","","","",""
"1334","44631","7577","","","","","","","","","","","","","","","","","","","","","",""
"1335","44648","9A02","","","","","","","","","","","","","","","","","","","","","",""
"1336","44666","E7A5","","","","","","","","","","","","","","","","","","","","","",""
"1337","44679","3176","","","","","","","","","","","","","","","","","","","","","",""
"1338","44697","7ACD","","","","","","","","","","","","","","","","","","","","","",""
"1339","44708","C2CD","","","","","","","","","","","","","","","","","","","","","",""
"1340","44726","0C84","","","","","","","","","","","","","","","","","","","","","",""
"1341","44738","5561","","","","","","","","","","","","","","","","","","","","","",""
"1342","44760","9DD5","","","","","","","","","","","","","","","","","","","","","",""
"1343","44774","CE11","","","","","","","","","","","","","","","","","","","","","",""
"1344","44789","1689","","","","","","","","","","","","","","","","","","","","","",""
"1345","44808","5F41","","","","","","","","","","","","","","","","","","","","","",""
"1346","44823","A99E","","","","","","","","","","","","","","","","","","","","","",""
"1347","44840","26E8","","","","","","","","","","","","","","","","","","","","","",""
"1348","44855","5E3F","","","","","","","","","","","","","","","","","","","","","",""
"1349","44871","A98C","","","","","","","","","","","","","","","","","","","","","",""
"1350","44885","EC72","","","","","","","","","","","","","","","","","","","","","",""
"1351","44903","3C80","","","","","","","","","","","","","","","","","","","","","",""
"1352","44918","8282","","","","","","","","","","","","","","","","","","","","","",""
"1353","44935","CEDE","","","","","","","","","","","","","","","","","","","","","",""
"1354","44951","17DA","","","","","","","","","","","","","","","","","","","","","",""
"1355","44965","6077","","","","","","","","","","","","","","","","","","","","","",""
"1356","44983","8F72","","","","","","","","","","","","","","","","","","","","","",""
"1357","44998","9C41","","","","","","","","","","","","","","","","","","","","","",""
"1358","45014","E581","","","","","","","","","","","","","","","","","","","","","",""
"1359","45032","2F73","","","","","","","","","","","","","","","","","","","","","",""
"1360","45047","DA6B","","","","","","","","","","","","","","","","","","","","","",""
"1361","45063","10F3","","","","","","","","","","","","","","","","","","","","","",""
"1362","45077","5A00","","","","","","","","","","","","","","","","","","","","","",""
"1363","45093","A35E","","","","","","","","","","","","","","","","","","","","","",""
"1364","45110","ECD9","","","","","","","","","","","","","","","","","","","","","",""
"1365","45126","2E32","","","","","","","","","","","","","","","","","","","","","",""
"1366","45140","7F95","","","","","","","","","","","","","","","","","","","","","",""
"1367","45159","D7C4","","","","","","","","","","","","","","","","","","","","","",""
"1368","45173","1202","","","","","","","","","","","","","","","","","","","","","",""
"1369","45186","5B33","","","","","","","","","","","","","","","","","","","","","",""
"1370","45204","A375","","","","","","","","","","","","","","","","","","","","","",""
"1371","45219","EC94","","","","","","","","","","","","","","","","","","","","","",""
"1372","45238","377F","","","","","","","","","","","","","","","","","","","","","",""
"1373","45255","9481","","","","","","","","","","","","","","","","","","","","","",""
"1374","45268","C57E","","","","","","","","","","","","","","","","","","","","","",""
"1375","45286","0E9D","","","","","","","","","","","","","","","","","","","","","",""
"1376","45302","584E","","","","","","","","","","","","","","","","","","","","","",""
"1377","45317","A06C","","","","","","","","","","","","","","","","","","","","","",""
"1378","45333","EA56","","","","","","","","","","","","","","","","","","","","","",""
"1379","45351","35C9","","","","","","","","","","","","","","","","","","","","","",""
"1380","45363","78BA","","","","","","","","","","","","","","","","","","","","","",""
"1381","45380","C56E","","","","","","","","","","","","","","","","","","","","","",""
"1382","45394","0718","","","","","","","","","","","","","","","","","","","","","",""
"1383","45413","45B4","","","","","","","","","","","","","","","","","","","","","",""
"1384","45430","8E2C","","","","","","","","","","","","","","","","","","","","","",""
"1385","45442","D75A","","","","","","","","","","","","","","","","","","","","","",""
"1386","45460","5149","","","","","","","","","","","","","","","","","","","","","",""
"1387","45477","7EDC","","","","","","","","","","","","","","","","","","","","","",""
"1388","45491","C7EE","","","","","","","","","","","","","","","","","","","","","",""
"1389","45508","11C9","","","","","","","","","","","","","","","","","","","","","",""
"1390","45521","5AC5","","","","","","","","","","","","","","","","","","","","","",""
"1391","45539","A2F3","","","","","","","","","","","","","","","","","","","","","",""
"1392","45555","0484","","","","","","","","","","","","","","","","","","","","","",""
"1393","45571","3567","","","","","","","","","","","","","","","","","","","","","",""
"1394","45585","7F2A","","","","","","","","","","","","","","","","","","","","","",""
"1395","45605","C31C","","","","","","","","","","","","","","","","","","","","","",""
"1396","45616","122C","","","","","","","","","","","","","","","","","","","","","",""
"1397","45637","5B4B","","","","","","","","","","","","","","","","","","","","","",""
"1398","45653","A563","","","","","","","","","","","","","","","","","","","","","",""
"1399","45668","179E","","","","","","","","","","","","","","","","","","","","","",""
"1400","45683","35E3","","","","","","","","","","","","","","","","","","","","","",""
"1401","45699","810A","","","","","","","","","","","","","","","","","","","","","",""
"1402","45715","CAC5","","","","","","","","","","","","","","","","","","","","","",""
"1403","45728","112E","","","","","","","","","","","","","","","","","","","","","",""
"1404","45749","5C1A","","","","","","","","","","","","","","","","","","","","","",""
"1405","45764","A7A4","","","","","","","","","","","","","","","","","","","","","",""
"1406","45778","EF1D","","","","","","","","","","","","","","","","","","","","","",""
"1407","45795","37DA","","","","","","","","","","","","","","","","","","","","","",""
"1408","45809","7908","","","","","","","","","","","","","","","","","","","","","",""
"1409","45824","B845","","","","","","","","","","","","","","","","","","","","","",""
"1410","45842","FA40","","","","","","","","","","","","","","","","","","","","","",""
"1411","45858","492C","","","","","","","","","","","","","","","","","","","","","",""
"1412","45872","95D5","","","","","","","","","","","","","","","","","","","","","",""
"1413","45887","DBFA","","","","","","","","","","","","","","","","","","","","","",""
"1414","45905","24EF","","","","","","","","","","","","","","","","","","","","","",""
"1415","45920","6EBE","","","","","","","","","","","","","","","","","","","","","",""
"1416","45937","B764","","","","","","","","","","","","","","","","","","","","","",""
"1417","45953","00B5","","","","","","","","","","","","","","","","","","","","","",""
"1418","45970","4CAF","","","","","","","","","","","","","","","","","","","","","",""
"1419","45985","9329","","","","","","","","","","","","","","","","","","","","","",""
"1420","46001","DC7A","","","","","","","","","","","","","","","","","","","","","",""
"1421","46019","0531","","","","","","","","","","","","","","","","","","","","","",""
"1422","46034","3432","","","","","","","","","","","","","","","","","","","","","",""
"1423","46049","7D2B","","","","","","","","","","","","","","","","","","","","","",""
"1424","46066","23F4","","","","","","","","","","","","","","","","","","","","","",""
"1425","46081","5401","","","","","","","","","","","","","","","","","","","","","",""
"1426","46094","A5DC","","","","","","","","","","","","","","","","","","","","","",""
"1427","46113","EF0F","","","","","","","","","","","","","","","","","","","","","",""
"1428","46129","3712","","","","","","","","","","","","","","","","","","","","","",""
"1429","46147","81B0","","","","","","","","","","","","","","","","","","","","","",""
"1430","46163","CACF","","","","","","","","","","","","","","","","","","","","","",""
"1431","46174","14D4","","","","","","","","","","","","","","","","","","","","","",""
"1432","46194","5DEB","","","","","","","","","","","","","","","","","","","","","",""
"1433","46209","9F8D","","","","","","","","","","","","","","","","","","","","","",""
"1434","46224","FD2F","","","","","","","","","","","","","","","","","","","","","",""
"1435","46238","43BA","","","","","","","","","","","","","","","","","","","","","",""
"1436","46259","8CE4","","","","","","","","","","","","","","","","","","","","","",""
"1437","46274","EA4A","","","","","","","","","","","","","","","","","","","","","",""
"1438","46290","1875","","","","","","","","","","","","","","","","","","","","","",""
"1439","46304","61B4","","","","","","","","","","","","","","","","","","","","","",""
"1440","46322","A699","","","","","","","","","","","","","","","","","","","","","",""
"1441","46336","F3CC","","","","","","","","","","","","","","","","","","","","","",""
"1442","46353","3CC0","","","","","","","","","","","","","","","","","","","","","",""
"1443","46366","8754","","","","","","","","","","","","","","","","","","","","","",""
"1444","46385","CF1B","","","","","","","","","","","","","","","","","","","","","",""
"1445","46402","17CA","","","","","","","","","","","","","","","","","","","","","",""
"1446","46418","4801","","","","","","","","","","","","","","","","","","","","","",""
"1447","46432","9051","","","","","","","","","","","","","","","","","","","","","",""
"1448","46451","D92E","","","","","","","","","","","","","","","","","","","","","",""
"1449","46461","2373","","","","","","","","","","","","","","","","","","","","","",""
"1450","46481","916D","","","","","","","","","","","","","","","","","","","","","",""
"1451","46496","D23C","","","","","","","","","","","","","","","","","","","","","",""
"1452","46510","1D84","","","","","","","","","","","","","","","","","","","","","",""
"1453","46527","6759","","","","","","","","","","","","","","","","","","","","","",""
"1454","46544","ADCE","","","","","","","","","","","","","","","","","","","","","",""
"1455","46562","F242","","","","","","","","","","","","","","","","","","","","","",""
"1456","46576","4320","","","","","","","","","","","","","","","","","","","","","",""
"1457","46592","8E7A","","","","","","","","","","","","","","","","","","","","","",""
"1458","46606","D547","","","","","","","","","","","","","","","","","","","","","",""
"1459","46623","0203","","","","","","","","","","","","","","","","","","","","","",""
"1460","46637","510C","","","","","","","","","","","","","","","","","","","","","",""
"1461","46653","9546","","","","","","","","","","","","","","","","","","","","","",""
"1462","46670","DE96","","","","","","","","","","","","","","","","","","","","","",""
"1463","46688","577E","","","","","","","","","","","","","","","","","","","","","",""
"1464","46702","8534","","","","","","","","","","","","","","","","","","","","","",""
"1465","46720","CE2A","","","","","","","","","","","","","","","","","","","","","",""
"1466","46731","178C","","","","","","","","","","","","","","","","","","","","","",""
"1467","46750","6107","","","","","","","","","","","","","","","","","","","","","",""
"1468","46764","A945","","","","","","","","","","","","","","","","","","","","","",""
"1469","46780","0620","","","","","","","","","","","","","","","","","","","","","",""
"1470","46800","34E4","","","","","","","","","","","","","","","","","","","","","",""
"1471","46814","85C1","","","","","","","","","","","","","","","","","","","","","",""
"1472","46831","CE3E","","","","","","","","","","","","","","","","","","","","","",""
"1473","46841","18F1","","","","","","","","","","","","","","","","","","","","","",""
"1474","46858","60C4","","","","","","","","","","","","","","","","","","","","","",""
"1475","46879","ABB3","","","","","","","","","","","","","","","","","","","","","",""
"1476","46894","0D50","","","","","","","","","","","","","","","","","","","","","",""
"1477","46909","39B7","","","","","","","","","","","","","","","","","","","","","",""
"1478","46927","82E8","","","","","","","","","","","","","","","","","","","","","",""
"1479","46942","CC8B","","","","","","","","","","","","","","","","","","","","","",""
"1480","46960","1537","","","","","","","","","","","","","","","","","","","","","",""
"1481","46974","5DFB","","","","","","","","","","","","","","","","","","","","","",""
"1482","46992","A979","","","","","","","","","","","","","","","","","","","","","",""
"1483","47005","F0F7","","","","","","","","","","","","","","","","","","","","","",""
"1484","47018","39B5","","","","","","","","","","","","","","","","","","","","","",""
"1485","47038","763B","","","","","","","","","","","","","","","","","","","","","",""
"1486","47053","BA23","","","","","","","","","","","","","","","","","","","","","",""
"1487","47071","02DC","","","","","","","","","","","","","","","","","","","","","",""
"1488","47086","4C71","","","","","","","","","","","","","","","","","","","","","",""
"1489","47097","CC9E","","","","","","","","","","","","","","","","","","","","","",""
"1490","47118","F7D1","","","","","","","","","","","","","","","","","","","","","",""
"1491","47132","40EE","","","","","","","","","","","","","","","","","","","","","",""
"1492","47146","9044","","","","","","","","","","","","","","","","","","","","","",""
"1493","47163","D31C","","","","","","","","","","","","","","","","","","","","","",""
"1494","47183","1BF5","","","","","","","","","","","","","","","","","","","","","",""
"1495","47197","752A","","","","","","","","","","","","","","","","","","","","","",""
"1496","47213","AF1D","","","","","","","","","","","","","","","","","","","","","",""
"1497","47229","F7CD","","","","","","","","","","","","","","","","","","","","","",""
"1498","47244","45E4","","","","","","","","","","","","","","","","","","","","","",""
"1499","47258","8A9E","","","","","","","","","","","","","","","","","","","","","",""
"1500","47277","CF5B","","","","","","","","","","","","","","","","","","","","","",""
"1501","47292","1BFC","","","","","","","","","","","","","","","","","","","","","",""
"1502","47309","8FCB","","","","","","","","","","","","","","","","","","","","","",""
"1503","47322","B04D","","","","","","","","","","","","","","","","","","","","","",""
"1504","47340","F81E","","","","","","","","","","","","","","","","","","","","","",""
"1505","47354","409C","","","","","","","","","","","","","","","","","","","","","",""
"1506","47373","898C","","","","","","","","","","","","","","","","","","","","","",""
"1507","47389","D2C0","","","","","","","","","","","","","","","","","","","","","",""
"1508","47403","1C7B","","","","","","","","","","","","","","","","","","","","","",""
"1509","47421","654C","","","","","","","","","","","","","","","","","","","","","",""
"1510","47433","ADE4","","","","","","","","","","","","","","","","","","","","","",""
"1511","47450","F409","","","","","","","","","","","","","","","","","","","","","",""
"1512","47467","2F13","","","","","","","","","","","","","","","","","","","","","",""
"1513","47481","78EF","","","","","","","","","","","","","","","","","","","","","",""
"1514","47496","C6B2","","","","","","","","","","","","","","","","","","","","","",""
"1515","47512","0498","","","","","","","","","","","","","","","","","","","","","",""
"1516","47532","52B2","","","","","","","","","","","","","","","","","","","","","",""
"1517","47548","A02C","","","","","","","","","","","","","","","","","","","","","",""
"1518","47558","EA4B","","","","","","","","","","","","","","","","","","","","","",""
"1519","47578","30AF","","","","","","","","","","","","","","","","","","","","","",""
"1520","47595","7C85","","","","","","","","","","","","","","","","","","","","","",""
"1521","47612","C53B","","","","","","","","","","","","","","","","","","","","","",""
"1522","47624","0E7F","","","","","","","","","","","","","","","","","","","","","",""
"1523","47639","3610","","","","","","","","","","","","","","","","","","","","","",""
"1524","47659","63D1","","","","","","","","","","","","","","","","","","","","","",""
"1525","47673","ACDC","","","","","","","","","","","","","","","","","","","","","",""
"1526","47688","F59A","","","","","","","","","","","","","","","","","","","","","",""
"1527","47705","9AE8","","","","","","","","","","","","","","","","","","","","","",""
"1528","47721","D584","","","","","","","","","","","","","","","","","","","","","",""
"1529","47737","1EAC","","","","","","","","","","","","","","","","","","","","","",""
"1530","47753","5F16","","","","","","","","","","","","","","","","","","","","","",""
"1531","47766","B121","","","","","","","","","","","","","","","","","","","","","",""
"1532","47786","FA65","","","","","","","","","","","","","","","","","","","","","",""
"1533","47801","447E","","","","","","","","","","","","","","","","","","","","","",""
"1534","47816","8D78","","","","","","","","","","","","","","","","","","","","","",""
"1535","47831","D61B","","","","","","","","","","","","","","","","","","","","","",""
"1536","47848","17D4","","","","","","","","","","","","","","","","","","","","","",""
"1537","47866","5683","","","","","","","","","","","","","","","","","","","","","",""
"1538","47883","9ECE","","","","","","","","","","","","","","","","","","","","","",""
"1539","47896","E82B","","","","","","","","","","","","","","","","","","","","","",""
"1540","47913","642C","","","","","","","","","","","","","","","","","","","","","",""
"1541","47929","932F","","","","","","","","","","","","","","","","","","","","","",""
"1542","47943","DC3F","","","","","","","","","","","","","","","","","","","","","",""
"1543","47958","25E2","","","","","","","","","","","","","","","","","","","","","",""
"1544","47977","6E7C","","","","","","","","","","","","","","","","","","","","","",""
"1545","47992","B2CD","","","","","","","","","","","","","","","","","","","","","",""
"1546","48009","008D","","","","","","","","","","","","","","","","","","","","","",""
"1547","48025","4A57","","","","","","","","","","","","","","","","","","","","","",""
"1548","48039","934D","","","","","","","","","","","","","","","","","","","","","",""
"1549","48059","C1A0","","","","","","","","","","","","","","","","","","","","","",""
"1550","48071","09FD","","","","","","","","","","","","","","","","","","","","","",""
"1551","48089","52C9","","","","","","","","","","","","","","","","","","","","","",""
"1552","48105","9D1E","","","","","","","","","","","","","","","","","","","","","",""
"1553","48123","097B","","","","","","","","","","","","","","","","","","","","","",""
"1554","48134","4E96","","","","","","","","","","","","","","","","","","","","","",""
"1555","48151","97D5","","","","","","","","","","","","","","","","","","","","","",""
"1556","48166","E196","","","","","","","","","","","","","","","","","","","","","",""
"1557","48184","2A4C","","","","","","","","","","","","","","","","","","","","","",""
"1558","48198","738F","","","","","","","","","","","","","","","","","","","","","",""
"1559","48215","BD53","","","","","","","","","","","","","","","","","","","","","",""
"1560","48231","017C","","","","","","","","","","","","","","","","","","","","","",""
"1561","48247","4F42","","","","","","","","","","","","","","","","","","","","","",""
"1562","48264","7E7D","","","","","","","","","","","","","","","","","","","","","",""
"1563","48281","AB4A","","","","","","","","","","","","","","","","","","","","","",""
"1564","48296","D3BB","","","","","","","","","","","","","","","","","","","","","",""
"1565","48312","1D54","","","","","","","","","","","","","","","","","","","","","",""
"1566","48325","D09F","","","","","","","","","","","","","","","","","","","","","",""
"1567","48344","0225","","","","","","","","","","","","","","","","","","","","","",""
"1568","48361","4B41","","","","","","","","","","","","","","","","","","","","","",""
"1569","48374","94EF","","","","","","","","","","","","","","","","","","","","","",""
"1570","48390","DD6B","","","","","","","","","","","","","","","","","","","","","",""
"1571","48408","2657","","","","","","","","","","","","","","","","","","","","","",""
"1572","48424","7A4B","","","","","","","","","","","","","","","","","","","","","",""
"1573","48439","B960","","","","","","","","","","","","","","","","","","","","","",""
"1574","48453","0217","","","","","","","","","","","","","","","","","","","","","",""
"1575","48473","45FF","","","","","","","","","","","","","","","","","","","","","",""
"1576","48485","9503","","","","","","","","","","","","","","","","","","","","","",""
"1577","48501","DE3C","","","","","","","","","","","","","","","","","","","","","",""
"1578","48518","27C4","","","","","","","","","","","","","","","","","","","","","",""
"1579","48532","8FB0","","","","","","","","","","","","","","","","","","","","","",""
"1580","48550","B9F4","","","","","","","","","","","","","","","","","","","","","",""
"1581","48568","0311","","","","","","","","","","","","","","","","","","","","","",""
"1582","48582","4CBA","","","","","","","","","","","","","","","","","","","","","",""
"1583","48596","9557","","","","","","","","","","","","","","","","","","","","","",""
"1584","48612","DE1B","","","","","","","","","","","","","","","","","","","","","",""
"1585","48629","317B","","","","","","","","","","","","","","","","","","","","","",""
"1586","48646","714A","","","","","","","","","","","","","","","","","","","","","",""
"1587","48659","BA9A","","","","","","","","","","","","","","","","","","","","","",""
"1588","48679","FCBC","","","","","","","","","","","","","","","","","","","","","",""
"1589","48696","3A2A","","","","","","","","","","","","","","","","","","","","","",""
"1590","48712","7E1C","","","","","","","","","","","","","","","","","","","","","",""
"1591","48727","CBDF","","","","","","","","","","","","","","","","","","","","","",""
"1592","48741","4CC1","","","","","","","","","","","","","","","","","","","","","",""
"1593","48755","83C3","","","","","","","","","","","","","","","","","","","","","",""
"1594","48773","CBC9","","","","","","","","","","","","","","","","","","","","","",""
"1595","48790","1450","","","","","","","","","","","","","","","","","","","","","",""
"1596","48804","5D32","","","","","","","","","","","","","","","","","","","","","",""
"1597","48823","A66A","","","","","","","","","","","","","","","","","","","","","",""
"1598","48837","FF05","","","","","","","","","","","","","","","","","","","","","",""
"1599","48853","39AA","","","","","","","","","","","","","","","","","","","","","",""
"1600","48868","82D4","","","","","","","","","","","","","","","","","","","","","",""
"1601","48884","AACD","","","","","","","","","","","","","","","","","","","","","",""
"1602","48899","F38D","","","","","","","","","","","","","","","","","","","","","",""
"1603","48916","3BD8","","","","","","","","","","","","","","","","","","","","","",""
"1604","48930","BA0E","","","","","","","","","","","","","","","","","","","","","",""
"1605","48951","DCA4","","","","","","","","","","","","","","","","","","","","","",""
"1606","48961","2A59","","","","","","","","","","","","","","","","","","","","","",""
"1607","48981","7402","","","","","","","","","","","","","","","","","","","","","",""
"1608","48996","BD8F","","","","","","","","","","","","","","","","","","","","","",""
"1609","49013","055C","","","","","","","","","","","","","","","","","","","","","",""
"1610","49029","4F20","","","","","","","","","","","","","","","","","","","","","",""
"1611","49043","97E7","","","","","","","","","","","","","","","","","","","","","",""
"1612","49061","E080","","","","","","","","","","","","","","","","","","","","","",""
"1613","49075","2358","","","","","","","","","","","","","","","","","","","","","",""
"1614","49092","4175","","","","","","","","","","","","","","","","","","","","","",""
"1615","49104","8AAF","","","","","","","","","","","","","","","","","","","","","",""
"1616","49123","D367","","","","","","","","","","","","","","","","","","","","","",""
"1617","49142","2170","","","","","","","","","","","","","","","","","","","","","",""
"1618","49154","65E9","","","","","","","","","","","","","","","","","","","","","",""
"1619","49171","AF34","","","","","","","","","","","","","","","","","","","","","",""
"1620","49190","F4A7","","","","","","","","","","","","","","","","","","","","","",""
"1621","49203","422B","","","","","","","","","","","","","","","","","","","","","",""
"1622","49218","8A3C","","","","","","","","","","","","","","","","","","","","","",""
"1623","49237","D47A","","","","","","","","","","","","","","","","","","","","","",""
"1624","49250","221C","","","","","","","","","","","","","","","","","","","","","",""
"1625","49266","66B1","","","","","","","","","","","","","","","","","","","","","",""
"1626","49279","8EE5","","","","","","","","","","","","","","","","","","","","","",""
"1627","49299","BC0A","","","","","","","","","","","","","","","","","","","","","",""
"1628","49315","056C","","","","","","","","","","","","","","","","","","","","","",""
"1629","49332","4DBE","","","","","","","","","","","","","","","","","","","","","",""
"1630","49344","F9F2","","","","","","","","","","","","","","","","","","","","","",""
"1631","49362","2DDB","","","","","","","","","","","","","","","","","","","","","",""
"1632","49378","7933","","","","","","","","","","","","","","","","","","","","","",""
"1633","49395","C262","","","","","","","","","","","","","","","","","","","","","",""
"1634","49411","09EF","","","","","","","","","","","","","","","","","","","","","",""
"1635","49428","4D64","","","","","","","","","","","","","","","","","","","","","",""
"1636","49443","9EC5","","","","","","","","","","","","","","","","","","","","","",""
"1637","49456","E6B0","","","","","","","","","","","","","","","","","","","","","",""
"1638","49476","30F4","","","","","","","","","","","","","","","","","","","","","",""
"1639","49487","72D7","","","","","","","","","","","","","","","","","","","","","",""
"1640","49506","AFFB","","","","","","","","","","","","","","","","","","","","","",""
"1641","49519","F8BD","","","","","","","","","","","","","","","","","","","","","",""
"1642","49538","43B8","","","","","","","","","","","","","","","","","","","","","",""
"1643","49555","CE78","","","","","","","","","","","","","","","","","","","","","",""
"1644","49569","0E21","","","","","","","","","","","","","","","","","","","","","",""
"1645","49582","573C","","","","","","","","","","","","","","","","","","","","","",""
"1646","49599","A08E","","","","","","","","","","","","","","","","","","","","","",""
"1647","49617","E9D3","","","","","","","","","","","","","","","","","","","","","",""
"1648","49633","3309","","","","","","","","","","","","","","","","","","","","","",""
"1649","49645","7D74","","","","","","","","","","","","","","","","","","","","","",""
"1650","49667","BE8A","","","","","","","","","","","","","","","","","","","","","",""
"1651","49681","0ECF","","","","","","","","","","","","","","","","","","","","","",""
"1652","49698","3CE0","","","","","","","","","","","","","","","","","","","","","",""
"1653","49709","67FD","","","","","","","","","","","","","","","","","","","","","",""
"1654","49728","B0B3","","","","","","","","","","","","","","","","","","","","","",""
"1655","49746","F9FE","","","","","","","","","","","","","","","","","","","","","",""
"1656","49759","8FC5","","","","","","","","","","","","","","","","","","","","","",""
"1657","49775","C4A5","","","","","","","","","","","","","","","","","","","","","",""
"1658","49790","0DB6","","","","","","","","","","","","","","","","","","","","","",""
"1659","49809","5773","","","","","","","","","","","","","","","","","","","","","",""
"1660","49823","9FF0","","","","","","","","","","","","","","","","","","","","","",""
"1661","49842","E8D0","","","","","","","","","","","","","","","","","","","","","",""
"1662","49854","3C20","","","","","","","","","","","","","","","","","","","","","",""
"1663","49873","7C0B","","","","","","","","","","","","","","","","","","","","","",""
"1664","49888","C54C","","","","","","","","","","","","","","","","","","","","","",""
"1665","49904","ED14","","","","","","","","","","","","","","","","","","","","","",""
"1666","49920","FF1C","","","","","","","","","","","","","","","","","","","","","",""
"1667","49936","47F1","","","","","","","","","","","","","","","","","","","","","",""
"1668","49952","91A8","","","","","","","","","","","","","","","","","","","","","",""
"1669","49967","43D5","","","","","","","","","","","","","","","","","","","","","",""
"1670","49983","7562","","","","","","","","","","","","","","","","","","","","","",""
"1671","49999","BE81","","","","","","","","","","","","","","","","","","","","","",""
"1672","50015","083D","","","","","","","","","","","","","","","","","","","","","",""
"1673","50032","50B1","","","","","","","","","","","","","","","","","","","","","",""
"1674","50046","999B","","","","","","","","","","","","","","","","","","","","","",""
"1675","50065","F7A6","","","","","","","","","","","","","","","","","","","","","",""
"1676","50078","2CD8","","","","","","","","","","","","","","","","","","","","","",""
"1677","50094","760E","","","","","","","","","","","","","","","","","","","","","",""
"1678","50107","BFB3","","","","","","","","","","","","","","","","","","","","","",""
"1679","50124","0839","","","","","","","","","","","","","","","","","","","","","",""
"1680","50142","4C6F","","","","","","","","","","","","","","","","","","","","","",""
"1681","50159","9A5E","","","","","","","","","","","","","","","","","","","","","",""
"1682","50176","0D40","","","","","","","","","","","","","","","","","","","","","",""
"1683","50191","339C","","","","","","","","","","","","","","","","","","","","","",""
"1684","50209","7B70","","","","","","","","","","","","","","","","","","","","","",""
"1685","50224","C3F5","","","","","","","","","","","","","","","","","","","","","",""
"1686","50235","0CE2","","","","","","","","","","","","","","","","","","","","","",""
"1687","50255","560E","","","","","","","","","","","","","","","","","","","","","",""
"1688","50272","A961","","","","","","","","","","","","","","","","","","","","","",""
"1689","50286","E941","","","","","","","","","","","","","","","","","","","","","",""
"1690","50301","3289","","","","","","","","","","","","","","","","","","","","","",""
"1691","50319","74C3","","","","","","","","","","","","","","","","","","","","","",""
"1692","50336","B228","","","","","","","","","","","","","","","","","","","","","",""
"1693","50350","FA9A","","","","","","","","","","","","","","","","","","","","","",""
"1694","50365","72BE","","","","","","","","","","","","","","","","","","","","","",""
"1695","50381","A3D1","","","","","","","","","","","","","","","","","","","","","",""
"1696","50396","F1A5","","","","","","","","","","","","","","","","","","","","","",""
"1697","50414","3B58","","","","","","","","","","","","","","","","","","","","","",""
"1698","50431","84D2","","","","","","","","","","","","","","","","","","","","","",""
"1699","50443","CCB2","","","","","","","","","","","","","","","","","","","","","",""
"1700","50462","1660","","","","","","","","","","","","","","","","","","","","","",""
"1701","50477","6952","","","","","","","","","","","","","","","","","","","","","",""
"1702","50493","A90F","","","","","","","","","","","","","","","","","","","","","",""
"1703","50508","D023","","","","","","","","","","","","","","","","","","","","","",""
"1704","50522","1A22","","","","","","","","","","","","","","","","","","","","","",""
"1705","50542","621E","","","","","","","","","","","","","","","","","","","","","",""
"1706","50557","AAFD","","","","","","","","","","","","","","","","","","","","","",""
"1707","50574","3278","","","","","","","","","","","","","","","","","","","","","",""
"1708","50589","560F","","","","","","","","","","","","","","","","","","","","","",""
"1709","50606","9EF8","","","","","","","","","","","","","","","","","","","","","",""
"1710","50621","E421","","","","","","","","","","","","","","","","","","","","","",""
"1711","50638","3136","","","","","","","","","","","","","","","","","","","","","",""
"1712","50653","7A1D","","","","","","","","","","","","","","","","","","","","","",""
"1713","50667","C4CE","","","","","","","","","","","","","","","","","","","","","",""
"1714","50681","0C8B","","","","","","","","","","","","","","","","","","","","","",""
"1715","50700","5533","","","","","","","","","","","","","","","","","","","","","",""
"1716","50717","97F8","","","","","","","","","","","","","","","","","","","","","",""
"1717","50729","D527","","","","","","","","","","","","","","","","","","","","","",""
"1718","50747","1DE9","","","","","","","","","","","","","","","","","","","","","",""
"1719","50765","6838","","","","","","","","","","","","","","","","","","","","","",""
"1720","50782","B3DD","","","","","","","","","","","","","","","","","","","","","",""
"1721","50797","F9C2","","","","","","","","","","","","","","","","","","","","","",""
"1722","50811","4537","","","","","","","","","","","","","","","","","","","","","",""
"1723","50829","8F0F","","","","","","","","","","","","","","","","","","","","","",""
"1724","50842","D590","","","","","","","","","","","","","","","","","","","","","",""
"1725","50861","1A2E","","","","","","","","","","","","","","","","","","","","","",""
"1726","50873","6ABE","","","","","","","","","","","","","","","","","","","","","",""
"1727","50891","B382","","","","","","","","","","","","","","","","","","","","","",""
"1728","50908","FCF0","","","","","","","","","","","","","","","","","","","","","",""
"1729","50924","2853","","","","","","","","","","","","","","","","","","","","","",""
"1730","50939","553C","","","","","","","","","","","","","","","","","","","","","",""
"1731","50956","9DB0","","","","","","","","","","","","","","","","","","","","","",""
"1732","50970","E710","","","","","","","","","","","","","","","","","","","","","",""
"1733","50986","8B63","","","","","","","","","","","","","","","","","","","","","",""
"1734","51003","C559","","","","","","","","","","","","","","","","","","","","","",""
"1735","51019","0F04","","","","","","","","","","","","","","","","","","","","","",""
"1736","51033","57BB","","","","","","","","","","","","","","","","","","","","","",""
"1737","51052","A0E8","","","","","","","","","","","","","","","","","","","","","",""
"1738","51064","EA3A","","","","","","","","","","","","","","","","","","","","","",""
"1739","51081","3406","","","","","","","","","","","","","","","","","","","","","",""
"1740","51101","73F0","","","","","","","","","","","","","","","","","","","","","",""
"1741","51116","C5F8","","","","","","","","","","","","","","","","","","","","","",""
"1742","51128","07A1","","","","","","","","","","","","","","","","","","","","","",""
"1743","51144","463F","","","","","","","","","","","","","","","","","","","","","",""
"1744","51158","8EBB","","","","","","","","","","","","","","","","","","","","","",""
"1745","51176","D881","","","","","","","","","","","","","","","","","","","","","",""
"1746","51193","59BC","","","","","","","","","","","","","","","","","","","","","",""
"1747","51211","8845","","","","","","","","","","","","","","","","","","","","","",""
"1748","51221","D16D","","","","","","","","","","","","","","","","","","","","","",""
"1749","51243","1B1D","","","","","","","","","","","","","","","","","","","","","",""
"1750","51257","639B","","","","","","","","","","","","","","","","","","","","","",""
"1751","51270","AC86","","","","","","","","","","","","","","","","","","","","","",""
"1752","51288","F5BA","","","","","","","","","","","","","","","","","","","","","",""
"1753","51306","3F78","","","","","","","","","","","","","","","","","","","","","",""
"1754","51321","883D","","","","","","","","","","","","","","","","","","","","","",""
"1755","51333","B04F","","","","","","","","","","","","","","","","","","","","","",""
"1756","51354","FF6F","","","","","","","","","","","","","","","","","","","","","",""
"1757","51370","4831","","","","","","","","","","","","","","","","","","","","","",""
"1758","51384","91BF","","","","","","","","","","","","","","","","","","","","","",""
"1759","51399","FE9E","","","","","","","","","","","","","","","","","","","","","",""
"1760","51417","43AA","","","","","","","","","","","","","","","","","","","","","",""
"1761","51431","8CCE","","","","","","","","","","","","","","","","","","","","","",""
"1762","51447","D6BB","","","","","","","","","","","","","","","","","","","","","",""
"1763","51465","1F5B","","","","","","","","","","","","","","","","","","","","","",""
"1764","51481","68B8","","","","","","","","","","","","","","","","","","","","","",""
"1765","51497","B277","","","","","","","","","","","","","","","","","","","","","",""
"1766","51513","FB20","","","","","","","","","","","","","","","","","","","","","",""
"1767","51525","445C","","","","","","","","","","","","","","","","","","","","","",""
"1768","51543","72E8","","","","","","","","","","","","","","","","","","","","","",""
"1769","51557","7D86","","","","","","","","","","","","","","","","","","","","","",""
"1770","51573","C17E","","","","","","","","","","","","","","","","","","","","","",""
"1771","51591","1007","","","","","","","","","","","","","","","","","","","","","",""
"1772","51608","C09D","","","","","","","","","","","","","","","","","","","","","",""
"1773","51626","F328","","","","","","","","","","","","","","","","","","","","","",""
"1774","51639","3B06","","","","","","","","","","","","","","","","","","","","","",""
"1775","51655","83AE","","","","","","","","","","","","","","","","","","","","","",""
"1776","51674","CC73","","","","","","","","","","","","","","","","","","","","","",""
"1777","51689","15B2","","","","","","","","","","","","","","","","","","","","","",""
"1778","51703","6A64","","","","","","","","","","","","","","","","","","","","","",""
"1779","51720","A862","","","","","","","","","","","","","","","","","","","","","",""
"1780","51736","F0C2","","","","","","","","","","","","","","","","","","","","","",""
"1781","51748","3B33","","","","","","","","","","","","","","","","","","","","","",""
"1782","51766","8471","","","","","","","","","","","","","","","","","","","","","",""
"1783","51782","CC75","","","","","","","","","","","","","","","","","","","","","",""
"1784","51798","3B1A","","","","","","","","","","","","","","","","","","","","","",""
"1785","51815","6093","","","","","","","","","","","","","","","","","","","","","",""
"1786","51830","AE20","","","","","","","","","","","","","","","","","","","","","",""
"1787","51847","F7DD","","","","","","","","","","","","","","","","","","","","","",""
"1788","51865","4154","","","","","","","","","","","","","","","","","","","","","",""
"1789","51877","893D","","","","","","","","","","","","","","","","","","","","","",""
"1790","51892","D300","","","","","","","","","","","","","","","","","","","","","",""
"1791","51911","25D3","","","","","","","","","","","","","","","","","","","","","",""
"1792","51927","65A2","","","","","","","","","","","","","","","","","","","","","",""
"1793","51943","A75C","","","","","","","","","","","","","","","","","","","","","",""
"1794","51959","E610","","","","","","","","","","","","","","","","","","","","","",""
"1795","51975","2E2D","","","","","","","","","","","","","","","","","","","","","",""
"1796","51988","76F5","","","","","","","","","","","","","","","","","","","","","",""
"1797","52008","E87C","","","","","","","","","","","","","","","","","","","","","",""
"1798","52021","191A","","","","","","","","","","","","","","","","","","","","","",""
"1799","52040","6241","","","","","","","","","","","","","","","","","","","","","",""
"1800","52052","A758","","","","","","","","","","","","","","","","","","","","","",""
"1801","52070","F480","","","","","","","","","","","","","","","","","","","","","",""
"1802","52082","3D3F","","","","","","","","","","","","","","","","","","","","","",""
"1803","52103","8800","","","","","","","","","","","","","","","","","","","","","",""
"1804","52117","E482","","","","","","","","","","","","","","","","","","","","","",""
"1805","52136","19CB","","","","","","","","","","","","","","","","","","","","","",""
"1806","52151","62F2","","","","","","","","","","","","","","","","","","","","","",""
"1807","52167","ACBE","","","","","","","","","","","","","","","","","","","","","",""
"1808","52183","F524","","","","","","","","","","","","","","","","","","","","","",""
"1809","52199","3DFB","","","","","","","","","","","","","","","","","","","","","",""
"1810","52213","ABC7","","","","","","","","","","","","","","","","","","","","","",""
"1811","52229","D1C1","","","","","","","","","","","","","","","","","","","","","",""
"1812","52247","1ACD","","","","","","","","","","","","","","","","","","","","","",""
"1813","52262","6481","","","","","","","","","","","","","","","","","","","","","",""
"1814","52277","ACF1","","","","","","","","","","","","","","","","","","","","","",""
"1815","52294","F150","","","","","","","","","","","","","","","","","","","","","",""
"1816","52307","3F28","","","","","","","","","","","","","","","","","","","","","",""
"1817","52323","881C","","","","","","","","","","","","","","","","","","","","","",""
"1818","52339","D34E","","","","","","","","","","","","","","","","","","","","","",""
"1819","52356","134C","","","","","","","","","","","","","","","","","","","","","",""
"1820","52369","4FF6","","","","","","","","","","","","","","","","","","","","","",""
"1821","52384","98D4","","","","","","","","","","","","","","","","","","","","","",""
"1822","52404","E311","","","","","","","","","","","","","","","","","","","","","",""
"1823","52422","3170","","","","","","","","","","","","","","","","","","","","","",""
"1824","52435","7600","","","","","","","","","","","","","","","","","","","","","",""
"1825","52452","BF55","","","","","","","","","","","","","","","","","","","","","",""
"1826","52471","090C","","","","","","","","","","","","","","","","","","","","","",""
"1827","52486","30B1","","","","","","","","","","","","","","","","","","","","","",""
"1828","52500","7AEE","","","","","","","","","","","","","","","","","","","","","",""
"1829","52517","C8E9","","","","","","","","","","","","","","","","","","","","","",""
"1830","52533","0894","","","","","","","","","","","","","","","","","","","","","",""
"1831","52548","5628","","","","","","","","","","","","","","","","","","","","","",""
"1832","52566","7D4B","","","","","","","","","","","","","","","","","","","","","",""
"1833","52580","A9ED","","","","","","","","","","","","","","","","","","","","","",""
"1834","52599","F1ED","","","","","","","","","","","","","","","","","","","","","",""
"1835","52613","3BEC","","","","","","","","","","","","","","","","","","","","","",""
"1836","52629","E497","","","","","","","","","","","","","","","","","","","","","",""
"1837","52643","1A54","","","","","","","","","","","","","","","","","","","","","",""
"1838","52656","63FE","","","","","","","","","","","","","","","","","","","","","",""
"1839","52674","AD25","","","","","","","","","","","","","","","","","","","","","",""
"1840","52689","F53A","","","","","","","","","","","","","","","","","","","","","",""
"1841","52708","3F3C","","","","","","","","","","","","","","","","","","","","","",""
"1842","52720","87C9","","","","","","","","","","","","","","","","","","","","","",""
"1843","52738","D2CA","","","","","","","","","","","","","","","","","","","","","",""
"1844","52753","1A35","","","","","","","","","","","","","","","","","","","","","",""
"1845","52769","5524","","","","","","","","","","","","","","","","","","","","","",""
"1846","52789","9A56","","","","","","","","","","","","","","","","","","","","","",""
"1847","52800","E30C","","","","","","","","","","","","","","","","","","","","","",""
"1848","52818","2C98","","","","","","","","","","","","","","","","","","","","","",""
"1849","52833","BAA8","","","","","","","","","","","","","","","","","","","","","",""
"1850","52852","FA53","","","","","","","","","","","","","","","","","","","","","",""
"1851","52864","4376","","","","","","","","","","","","","","","","","","","","","",""
"1852","52882","8D4B","","","","","","","","","","","","","","","","","","","","","",""
"1853","52898","D5EF","","","","","","","","","","","","","","","","","","","","","",""
"1854","52915","1F35","","","","","","","","","","","","","","","","","","","","","",""
"1855","52931","686C","","","","","","","","","","","","","","","","","","","","","",""
"1856","52946","B247","","","","","","","","","","","","","","","","","","","","","",""
"1857","52962","FB04","","","","","","","","","","","","","","","","","","","","","",""
"1858","52977","283D","","","","","","","","","","","","","","","","","","","","","",""
"1859","52993","574C","","","","","","","","","","","","","","","","","","","","","",""
"1860","53012","9906","","","","","","","","","","","","","","","","","","","","","",""
"1861","53024","E96F","","","","","","","","","","","","","","","","","","","","","",""
"1862","53044","89D7","","","","","","","","","","","","","","","","","","","","","",""
"1863","53056","BA2C","","","","","","","","","","","","","","","","","","","","","",""
"1864","53075","020F","","","","","","","","","","","","","","","","","","","","","",""
"1865","53091","4D4E","","","","","","","","","","","","","","","","","","","","","",""
"1866","53105","937D","","","","","","","","","","","","","","","","","","","","","",""
"1867","53119","DCC0","","","","","","","","","","","","","","","","","","","","","",""
"1868","53137","3330","","","","","","","","","","","","","","","","","","","","","",""
"1869","53151","6FF0","","","","","","","","","","","","","","","","","","","","","",""
"1870","53170","B91C","","","","","","","","","","","","","","","","","","","","","",""
"1871","53186","E746","","","","","","","","","","","","","","","","","","","","","",""
"1872","53201","F4E6","","","","","","","","","","","","","","","","","","","","","",""
"1873","53217","3DCF","","","","","","","","","","","","","","","","","","","","","",""
"1874","53233","F000","","","","","","","","","","","","","","","","","","","","","",""
"1875","53247","1A72","","","","","","","","","","","","","","","","","","","","","",""
"1876","53264","67AB","","","","","","","","","","","","","","","","","","","","","",""
"1877","53279","B176","","","","","","","","","","","","","","","","","","","","","",""
"1878","53298","FDB5","","","","","","","","","","","","","","","","","","","","","",""
"1879","53311","42C6","","","","","","","","","","","","","","","","","","","","","",""
"1880","53330","8C76","","","","","","","","","","","","","","","","","","","","","",""
"1881","53346","ED6D","","","","","","","","","","","","","","","","","","","","","",""
"1882","53358","1F46","","","","","","","","","","","","","","","","","","","","","",""
"1883","53376","686B","","","","","","","","","","","","","","","","","","","","","",""
"1884","53394","B4ED","","","","","","","","","","","","","","","","","","","","","",""
"1885","53408","FAAC","","","","","","","","","","","","","","","","","","","","","",""
"1886","53425","437F","","","","","","","","","","","","","","","","","","","","","",""
"1887","53440","B5CF","","","","","","","","","","","","","","","","","","","","","",""
"1888","53455","D89C","","","","","","","","","","","","","","","","","","","","","",""
"1889","53471","20FC","","","","","","","","","","","","","","","","","","","","","",""
"1890","53486","6610","","","","","","","","","","","","","","","","","","","","","",""
"1891","53503","B5D3","","","","","","","","","","","","","","","","","","","","","",""
"1892","53521","FC1C","","","","","","","","","","","","","","","","","","","","","",""
"1893","53538","46F8","","","","","","","","","","","","","","","","","","","","","",""
"1894","53550","9BE8","","","","","","","","","","","","","","","","","","","","","",""
"1895","53569","D872","","","","","","","","","","","","","","","","","","","","","",""
"1896","53581","1A5A","","","","","","","","","","","","","","","","","","","","","",""
"1897","53601","5B88","","","","","","","","","","","","","","","","","","","","","",""
"1898","53613","A0ED","","","","","","","","","","","","","","","","","","","","","",""
"1899","53632","E9F0","","","","","","","","","","","","","","","","","","","","","",""
"1900","53646","6521","","","","","","","","","","","","","","","","","","","","","",""
"1901","53662","98F1","","","","","","","","","","","","","","","","","","","","","",""
"1902","53679","E199","","","","","","","","","","","","","","","","","","","","","",""
"1903","53693","2DEC","","","","","","","","","","","","","","","","","","","","","",""
"1904","53711","73C8","","","","","","","","","","","","","","","","","","","","","",""
"1905","53728","B7EA","","","","","","","","","","","","","","","","","","","","","",""
"1906","53743","05E8","","","","","","","","","","","","","","","","","","","","","",""
"1907","53760","5BD1","","","","","","","","","","","","","","","","","","","","","",""
"1908","53775","9B75","","","","","","","","","","","","","","","","","","","","","",""
"1909","53791","C443","","","","","","","","","","","","","","","","","","","","","",""
"1910","53806","0FA3","","","","","","","","","","","","","","","","","","","","","",""
"1911","53820","555C","","","","","","","","","","","","","","","","","","","","","",""
"1912","53841","9EAD","","","","","","","","","","","","","","","","","","","","","",""
"1913","53853","3191","","","","","","","","","","","","","","","","","","","","","",""
"1914","53868","4EAB","","","","","","","","","","","","","","","","","","","","","",""
"1915","53885","966A","","","","","","","","","","","","","","","","","","","","","",""
"1916","53902","DFBB","","","","","","","","","","","","","","","","","","","","","",""
"1917","53918","28ED","","","","","","","","","","","","","","","","","","","","","",""
"1918","53933","7112","","","","","","","","","","","","","","","","","","","","","",""
"1919","53949","CCCD","","","","","","","","","","","","","","","","","","","","","",""
"1920","53963","FFA4","","","","","","","","","","","","","","","","","","","","","",""
"1921","53984","4D10","","","","","","","","","","","","","","","","","","","","","",""
"1922","53999","8E8C","","","","","","","","","","","","","","","","","","","","","",""
"1923","54013","CCF2","","","","","","","","","","","","","","","","","","","","","",""
"1924","54031","1452","","","","","","","","","","","","","","","","","","","","","",""
"1925","54045","3EBB","","","","","","","","","","","","","","","","","","","","","",""
"1926","54058","D41A","","","","","","","","","","","","","","","","","","","","","",""
"1927","54077","0B50","","","","","","","","","","","","","","","","","","","","","",""
"1928","54092","53BF","","","","","","","","","","","","","","","","","","","","","",""
"1929","54109","9D12","","","","","","","","","","","","","","","","","","","","","",""
"1930","54124","E646","","","","","","","","","","","","","","","","","","","","","",""
"1931","54141","2E64","","","","","","","","","","","","","","","","","","","","","",""
"1932","54158","9A68","","","","","","","","","","","","","","","","","","","","","",""
"1933","54172","C542","","","","","","","","","","","","","","","","","","","","","",""
"1934","54188","0DAF","","","","","","","","","","","","","","","","","","","","","",""
"1935","54202","5256","","","","","","","","","","","","","","","","","","","","","",""
"1936","54220","8146","","","","","","","","","","","","","","","","","","","","","",""
"1937","54237","C9AE","","","","","","","","","","","","","","","","","","","","","",""
"1938","54255","12AC","","","","","","","","","","","","","","","","","","","","","",""
"1939","54269","8D9B","","","","","","","","","","","","","","","","","","","","","",""
"1940","54285","C2BB","","","","","","","","","","","","","","","","","","","","","",""
"1941","54297","0B20","","","","","","","","","","","","","","","","","","","","","",""
"1942","54316","5B16","","","","","","","","","","","","","","","","","","","","","",""
"1943","54329","A442","","","","","","","","","","","","","","","","","","","","","",""
"1944","54345","E72C","","","","","","","","","","","","","","","","","","","","","",""
"1945","54360","4568","","","","","","","","","","","","","","","","","","","","","",""
"1946","54377","8038","","","","","","","","","","","","","","","","","","","","","",""
"1947","54393","C8AC","","","","","","","","","","","","","","","","","","","","","",""
"1948","54407","0CBB","","","","","","","","","","","","","","","","","","","","","",""
"1949","54426","5B2E","","","","","","","","","","","","","","","","","","","","","",""
"1950","54440","9906","","","","","","","","","","","","","","","","","","","","","",""
"1951","54459","ECA6","","","","","","","","","","","","","","","","","","","","","",""
"1952","54477","477B","","","","","","","","","","","","","","","","","","","","","",""
"1953","54489","7274","","","","","","","","","","","","","","","","","","","","","",""
"1954","54501","BDF7","","","","","","","","","","","","","","","","","","","","","",""
"1955","54520","0179","","","","","","","","","","","","","","","","","","","","","",""
"1956","54536","4F5A","","","","","","","","","","","","","","","","","","","","","",""
"1957","54556","9347","","","","","","","","","","","","","","","","","","","","","",""
"1958","54567","050A","","","","","","","","","","","","","","","","","","","","","",""
"1959","54584","3032","","","","","","","","","","","","","","","","","","","","","",""
"1960","54602","72F9","","","","","","","","","","","","","","","","","","","","","",""
"1961","54617","B5C9","","","","","","","","","","","","","","","","","","","","","",""
"1962","54634","F2E3","","","","","","","","","","","","","","","","","","","","","",""
"1963","54648","3B87","","","","","","","","","","","","","","","","","","","","","",""
"1964","54666","B278","","","","","","","","","","","","","","","","","","","","","",""
"1965","54682","E457","","","","","","","","","","","","","","","","","","","","","",""
"1966","54698","3063","","","","","","","","","","","","","","","","","","","","","",""
"1967","54712","7AE0","","","","","","","","","","","","","","","","","","","","","",""
"1968","54731","C357","","","","","","","","","","","","","","","","","","","","","",""
"1969","54747","0B23","","","","","","","","","","","","","","","","","","","","","",""
"1970","54762","3581","","","","","","","","","","","","","","","","","","","","","",""
"1971","54777","ADBA","","","","","","","","","","","","","","","","","","","","","",""
"1972","54795","E8C7","","","","","","","","","","","","","","","","","","","","","",""
"1973","54812","3136","","","","","","","","","","","","","","","","","","","","","",""
"1974","54827","7A70","","","","","","","","","","","","","","","","","","","","","",""
"1975","54843","C496","","","","","","","","","","","","","","","","","","","","","",""
"1976","54855","0BED","","","","","","","","","","","","","","","","","","","","","",""
"1977","54871","66C9","","","","","","","","","","","","","","","","","","","","","",""
"1978","54892","9449","","","","","","","","","","","","","","","","","","","","","",""
"1979","54907","DCA5","","","","","","","","","","","","","","","","","","","","","",""
"1980","54921","2113","","","","","","","","","","","","","","","","","","","","","",""
"1981","54937","6F29","","","","","","","","","","","","","","","","","","","","","",""
"1982","54953","B752","","","","","","","","","","","","","","","","","","","","","",""
"1983","54970","01BE","","","","","","","","","","","","","","","","","","","","","",""
"1984","54984","76C6","","","","","","","","","","","","","","","","","","","","","",""
"1985","55000","9D18","","","","","","","","","","","","","","","","","","","","","",""
"1986","55014","E5E1","","","","","","","","","","","","","","","","","","","","","",""
"1987","55033","2F14","","","","","","","","","","","","","","","","","","","","","",""
"1988","55047","770F","","","","","","","","","","","","","","","","","","","","","",""
"1989","55065","C8C3","","","","","","","","","","","","","","","","","","","","","",""
"1990","55081","2961","","","","","","","","","","","","","","","","","","","","","",""
"1991","55092","5420","","","","","","","","","","","","","","","","","","","","","",""
"1992","55114","A1B8","","","","","","","","","","","","","","","","","","","","","",""
"1993","55129","EEC4","","","","","","","","","","","","","","","","","","","","","",""
"1994","55144","2F08","","","","","","","","","","","","","","","","","","","","","",""
"1995","55162","7302","","","","","","","","","","","","","","","","","","","","","",""
"1996","55179","A6CA","","","","","","","","","","","","","","","","","","","","","",""
"1997","55190","1FD1","","","","","","","","","","","","","","","","","","","","","",""
"1998","55210","5CCC","","","","","","","","","","","","","","","","","","","","","",""
"1999","55224","9721","","","","","","","","","","","","","","","","","","","","","",""
"2000","55240","DA77","","","","","","","","","","","","","","","","","","","","","",""
"2001","55257","1CF6","","","","","","","","","","","","","","","","","","","","","",""
"2002","55272","6B72","","","","","","","","","","","","","","","","","","","","","",""
"2003","55289","E631","","","","","","","","","","","","","","","","","","","","","",""
"2004","55304","1445","","","","","","","","","","","","","","","","","","","","","",""
"2005","55321","5DA9","","","","","","","","","","","","","","","","","","","","","",""
"2006","55335","A5EA","","","","","","","","","","","","","","","","","","","","","",""
"2007","55351","F027","","","","","","","","","","","","","","","","","","","","","",""
"2008","55369","3750","","","","","","","","","","","","","","","","","","","","","",""
"2009","55385","9FE0","","","","","","","","","","","","","","","","","","","","","",""
"2010","55401","C4A9","","","","","","","","","","","","","","","","","","","","","",""
"2011","55416","1231","","","","","","","","","","","","","","","","","","","","","",""
"2012","55432","60BB","","","","","","","","","","","","","","","","","","","","","",""
"2013","55447","AA5D","","","","","","","","","","","","","","","","","","","","","",""
"2014","55463","D2C0","","","","","","","","","","","","","","","","","","","","","",""
"2015","55478","2519","","","","","","","","","","","","","","","","","","","","","",""
"2016","55494","9D3A","","","","","","","","","","","","","","","","","","","","","",""
"2017","55509","D0C5","","","","","","","","","","","","","","","","","","","","","",""
"2018","55528","140C","","","","","","","","","","","","","","","","","","","","","",""
"2019","55542","68CC","","","","","","","","","","","","","","","","","","","","","",""
"2020","55559","A68C","","","","","","","","","","","","","","","","","","","","","",""
"2021","55575","F3EB","","","","","","","","","","","","","","","","","","","","","",""
"2022","55590","4ADF","","","","","","","","","","","","","","","","","","","","","",""
"2023","55606","88C9","","","","","","","","","","","","","","","","","","","","","",""
"2024","55621","CB2B","","","","","","","","","","","","","","","","","","","","","",""
"2025","55638","10A1","","","","","","","","","","","","","","","","","","","","","",""
"2026","55656","4BED","","","","","","","","","","","","","","","","","","","","","",""
"2027","55670","8C5F","","","","","","","","","","","","","","","","","","","","","",""
"2028","55686","DADD","","","","","","","","","","","","","","","","","","","","","",""
"2029","55702","4F4D","","","","","","","","","","","","","","","","","","","","","",""
"2030","55719","777F","","","","","","","","","","","","","","","","","","","","","",""
"2031","55733","C0C9","","","","","","","","","","","","","","","","","","","","","",""
"2032","55751","0DFC","","","","","","","","","","","","","","","","","","","","","",""
"2033","55763","5352","","","","","","","","","","","","","","","","","","","","","",""
"2034","55781","9A79","","","","","","","","","","","","","","","","","","","","","",""
"2035","55797","0FCC","","","","","","","","","","","","","","","","","","","","","",""
"2036","55813","32FA","","","","","","","","","","","","","","","","","","","","","",""
"2037","55829","7BD2","","","","","","","","","","","","","","","","","","","","","",""
"2038","55847","C6BA","","","","","","","","","","","","","","","","","","","","","",""
"2039","55860","0D3A","","","","","","","","","","","","","","","","","","","","","",""
"2040","55874","50A5","","","","","","","","","","","","","","","","","","","","","",""
"2041","55893","9E90","","","","","","","","","","","","","","","","","","","","","",""
"2042","55910","06EF","","","","","","","","","","","","","","","","","","","","","",""
"2043","55926","3649","","","","","","","","","","","","","","","","","","","","","",""
"2044","55940","7C93","","","","","","","","","","","","","","","","","","","","","",""
"2045","55956","C93B","","","","","","","","","","","","","","","","","","","","","",""
"2046","55970","0E5C","","","","","","","","","","","","","","","","","","","","","",""
"2047","55988","5819","","","","","","","","","","","","","","","","","","","","","",""
"2048","56006","B2F9","","","","","","","","","","","","","","","","","","","","","",""
"2049","56021","EA90","","","","","","","","","","","","","","","","","","","","","",""
"2050","56037","3213","","","","","","","","","","","","","","","","","","","","","",""
"2051","56049","7689","","","","","","","","","","","","","","","","","","","","","",""
"2052","56066","B211","","","","","","","","","","","","","","","","","","","","","",""
"2053","56084","F9AE","","","","","","","","","","","","","","","","","","","","","",""
"2054","56099","6FDA","","","","","","","","","","","","","","","","","","","","","",""
"2055","56113","9724","","","","","","","","","","","","","","","","","","","","","",""
"2056","56130","E504","","","","","","","","","","","","","","","","","","","","","",""
"2057","56149","2D9F","","","","","","","","","","","","","","","","","","","","","",""
"2058","56162","79DA","","","","","","","","","","","","","","","","","","","","","",""
"2059","56181","BF15","","","","","","","","","","","","","","","","","","","","","",""
"2060","56196","0838","","","","","","","","","","","","","","","","","","","","","",""
"2061","56211","77C2","","","","","","","","","","","","","","","","","","","","","",""
"2062","56224","A0C0","","","","","","","","","","","","","","","","","","","","","",""
"2063","56243","E110","","","","","","","","","","","","","","","","","","","","","",""
"2064","56258","21E2","","","","","","","","","","","","","","","","","","","","","",""
"2065","56276","6804","","","","","","","","","","","","","","","","","","","","","",""
"2066","56292","B037","","","","","","","","","","","","","","","","","","","","","",""
"2067","56305","3182","","","","","","","","","","","","","","","","","","","","","",""
"2068","56319","5C4E","","","","","","","","","","","","","","","","","","","","","",""
"2069","56341","A382","","","","","","","","","","","","","","","","","","","","","",""
"2070","56354","E6D8","","","","","","","","","","","","","","","","","","","","","",""
"2071","56372","379B","","","","","","","","","","","","","","","","","","","","","",""
"2072","56386","7DD1","","","","","","","","","","","","","","","","","","","","","",""
"2073","56401","C727","","","","","","","","","","","","","","","","","","","","","",""
"2074","56418","12E7","","","","","","","","","","","","","","","","","","","","","",""
"2075","56435","5A1A","","","","","","","","","","","","","","","","","","","","","",""
"2076","56449","9B4C","","","","","","","","","","","","","","","","","","","","","",""
"2077","56465","DC26","","","","","","","","","","","","","","","","","","","","","",""
"2078","56481","224E","","","","","","","","","","","","","","","","","","","","","",""
"2079","56499","6B79","","","","","","","","","","","","","","","","","","","","","",""
"2080","56515","B769","","","","","","","","","","","","","","","","","","","","","",""
"2081","56531","FDF9","","","","","","","","","","","","","","","","","","","","","",""
"2082","56548","47EC","","","","","","","","","","","","","","","","","","","","","",""
"2083","56563","9330","","","","","","","","","","","","","","","","","","","","","",""
"2084","56578","0728","","","","","","","","","","","","","","","","","","","","","",""
"2085","56594","31D6","","","","","","","","","","","","","","","","","","","","","",""
"2086","56610","7F3E","","","","","","","","","","","","","","","","","","","","","",""
"2087","56627","CB35","","","","","","","","","","","","","","","","","","","","","",""
"2088","56642","126F","","","","","","","","","","","","","","","","","","","","","",""
"2089","56659","5B06","","","","","","","","","","","","","","","","","","","","","",""
"2090","56675","A6EC","","","","","","","","","","","","","","","","","","","","","",""
"2091","56688","ED86","","","","","","","","","","","","","","","","","","","","","",""
"2092","56706","36CC","","","","","","","","","","","","","","","","","","","","","",""
"2093","56718","7B29","","","","","","","","","","","","","","","","","","","","","",""
"2094","56738","B6C3","","","","","","","","","","","","","","","","","","","","","",""
"2095","56752","0024","","","","","","","","","","","","","","","","","","","","","",""
"2096","56767","4B64","","","","","","","","","","","","","","","","","","","","","",""
"2097","56785","920D","","","","","","","","","","","","","","","","","","","","","",""
"2098","56799","DB35","","","","","","","","","","","","","","","","","","","","","",""
"2099","56816","273A","","","","","","","","","","","","","","","","","","","","","",""
"2100","56833","696F","","","","","","","","","","","","","","","","","","","","","",""
"2101","56847","B703","","","","","","","","","","","","","","","","","","","","","",""
"2102","56864","2FA4","","","","","","","","","","","","","","","","","","","","","",""
"2103","56880","608B","","","","","","","","","","","","","","","","","","","","","",""
"2104","56896","A6C1","","","","","","","","","","","","","","","","","","","","","",""
"2105","56911","F015","","","","","","","","","","","","","","","","","","","","","",""
"2106","56925","3BD7","","","","","","","","","","","","","","","","","","","","","",""
"2107","56945","828B","","","","","","","","","","","","","","","","","","","","","",""
"2108","56960","CC55","","","","","","","","","","","","","","","","","","","","","",""
"2109","56975","17A8","","","","","","","","","","","","","","","","","","","","","",""
"2110","56992","5E42","","","","","","","","","","","","","","","","","","","","","",""
"2111","57007","A01E","","","","","","","","","","","","","","","","","","","","","",""
"2112","57023","E0D8","","","","","","","","","","","","","","","","","","","","","",""
"2113","57039","2707","","","","","","","","","","","","","","","","","","","","","",""
"2114","57054","7053","","","","","","","","","","","","","","","","","","","","","",""
"2115","57070","B5A7","","","","","","","","","","","","","","","","","","","","","",""
"2116","57088","0572","","","","","","","","","","","","","","","","","","","","","",""
"2117","57101","4BF5","","","","","","","","","","","","","","","","","","","","","",""
"2118","57118","956E","","","","","","","","","","","","","","","","","","","","","",""
"2119","57135","1D46","","","","","","","","","","","","","","","","","","","","","",""
"2120","57151","3F1F","","","","","","","","","","","","","","","","","","","","","",""
"2121","57166","898C","","","","","","","","","","","","","","","","","","","","","",""
"2122","57181","D186","","","","","","","","","","","","","","","","","","","","","",""
"2123","57200","1B92","","","","","","","","","","","","","","","","","","","","","",""
"2124","57217","628C","","","","","","","","","","","","","","","","","","","","","",""
"2125","57231","C026","","","","","","","","","","","","","","","","","","","","","",""
"2126","57246","F7BE","","","","","","","","","","","","","","","","","","","","","",""
"2127","57263","3FB9","","","","","","","","","","","","","","","","","","","","","",""
"2128","57274","8195","","","","","","","","","","","","","","","","","","","","","",""
"2129","57292","BFB5","","","","","","","","","","","","","","","","","","","","","",""
"2130","57310","02F5","","","","","","","","","","","","","","","","","","","","","",""
"2131","57325","31DF","","","","","","","","","","","","","","","","","","","","","",""
"2132","57342","CB75","","","","","","","","","","","","","","","","","","","","","",""
"2133","57359","01BA","","","","","","","","","","","","","","","","","","","","","",""
"2134","57376","2631","","","","","","","","","","","","","","","","","","","","","",""
"2135","57390","6FA2","","","","","","","","","","","","","","","","","","","","","",""
"2136","57406","B75E","","","","","","","","","","","","","","","","","","","","","",""
"2137","57421","009E","","","","","","","","","","","","","","","","","","","","","",""
"2138","57437","8882","","","","","","","","","","","","","","","","","","","","","",""
"2139","57454","B458","","","","","","","","","","","","","","","","","","","","","",""
"2140","57470","FCB1","","","","","","","","","","","","","","","","","","","","","",""
"2141","57485","4AC1","","","","","","","","","","","","","","","","","","","","","",""
"2142","57502","8F26","","","","","","","","","","","","","","","","","","","","","",""
"2143","57516","D75F","","","","","","","","","","","","","","","","","","","","","",""
"2144","57534","3391","","","","","","","","","","","","","","","","","","","","","",""
"2145","57551","6482","","","","","","","","","","","","","","","","","","","","","",""
"2146","57562","B191","","","","","","","","","","","","","","","","","","","","","",""
"2147","57580","FADF","","","","","","","","","","","","","","","","","","","","","",""
"2148","57595","4451","","","","","","","","","","","","","","","","","","","","","",""
"2149","57614","8C3A","","","","","","","","","","","","","","","","","","","","","",""
"2150","57628","B6AC","","","","","","","","","","","","","","","","","","","","","",""
"2151","57643","2D49","","","","","","","","","","","","","","","","","","","","","",""
"2152","57660","68CF","","","","","","","","","","","","","","","","","","","","","",""
"2153","57677","B155","","","","","","","","","","","","","","","","","","","","","",""
"2154","57692","FA7F","","","","","","","","","","","","","","","","","","","","","",""
"2155","57707","43DE","","","","","","","","","","","","","","","","","","","","","",""
"2156","57724","8BED","","","","","","","","","","","","","","","","","","","","","",""
"2157","57740","E7C4","","","","","","","","","","","","","","","","","","","","","",""
"2158","57757","1560","","","","","","","","","","","","","","","","","","","","","",""
"2159","57769","5DC7","","","","","","","","","","","","","","","","","","","","","",""
"2160","57791","A264","","","","","","","","","","","","","","","","","","","","","",""
"2161","57805","E046","","","","","","","","","","","","","","","","","","","","","",""
"2162","57820","2522","","","","","","","","","","","","","","","","","","","","","",""
"2163","57836","69A1","","","","","","","","","","","","","","","","","","","","","",""
"2164","57853","F6DE","","","","","","","","","","","","","","","","","","","","","",""
"2165","57868","2652","","","","","","","","","","","","","","","","","","","","","",""
"2166","57883","5E47","","","","","","","","","","","","","","","","","","","","","",""
"2167","57901","A1AF","","","","","","","","","","","","","","","","","","","","","",""
"2168","57917","EA7A","","","","","","","","","","","","","","","","","","","","","",""
"2169","57931","329C","","","","","","","","","","","","","","","","","","","","","",""
"2170","57949","A684","","","","","","","","","","","","","","","","","","","","","",""
"2171","57963","E205","","","","","","","","","","","","","","","","","","","","","",""
"2172","57979","253A","","","","","","","","","","","","","","","","","","","","","",""
"2173","57996","73B2","","","","","","","","","","","","","","","","","","","","","",""
"2174","58012","BCEF","","","","","","","","","","","","","","","","","","","","","",""
"2175","58026","FAC8","","","","","","","","","","","","","","","","","","","","","",""
"2176","58042","2AD8","","","","","","","","","","","","","","","","","","","","","",""
"2177","58060","A034","","","","","","","","","","","","","","","","","","","","","",""
"2178","58075","DDF7","","","","","","","","","","","","","","","","","","","","","",""
"2179","58092","2509","","","","","","","","","","","","","","","","","","","","","",""
"2180","58106","6D34","","","","","","","","","","","","","","","","","","","","","",""
"2181","58123","B68B","","","","","","","","","","","","","","","","","","","","","",""
"2182","58138","FEB8","","","","","","","","","","","","","","","","","","","","","",""
"2183","58153","5ACC","","","","","","","","","","","","","","","","","","","","","",""
"2184","58169","88A6","","","","","","","","","","","","","","","","","","","","","",""
"2185","58188","D113","","","","","","","","","","","","","","","","","","","","","",""
"2186","58204","1A43","","","","","","","","","","","","","","","","","","","","","",""
"2187","58219","6388","","","","","","","","","","","","","","","","","","","","","",""
"2188","58232","ABA3","","","","","","","","","","","","","","","","","","","","","",""
"2189","58249","1E96","","","","","","","","","","","","","","","","","","","","","",""
"2190","58263","4056","","","","","","","","","","","","","","","","","","","","","",""
"2191","58284","8C90","","","","","","","","","","","","","","","","","","","","","",""
"2192","58297","D5E4","","","","","","","","","","","","","","","","","","","","","",""
"2193","58313","1F84","","","","","","","","","","","","","","","","","","","","","",""
"2194","58333","6738","","","","","","","","","","","","","","","","","","","","","",""
"2195","58346","B066","","","","","","","","","","","","","","","","","","","","","",""
"2196","58363","143D","","","","","","","","","","","","","","","","","","","","","",""
"2197","58377","444A","","","","","","","","","","","","","","","","","","","","","",""
"2198","58395","8D86","","","","","","","","","","","","","","","","","","","","","",""
"2199","58410","D5EF","","","","","","","","","","","","","","","","","","","","","",""
"2200","58427","1F40","","","","","","","","","","","","","","","","","","","","","",""
"2201","58441","6768","","","","","","","","","","","","","","","","","","","","","",""
"2202","58459","C208","","","","","","","","","","","","","","","","","","","","","",""
"2203","58475","FD02","","","","","","","","","","","","","","","","","","","","","",""
"2204","58490","45E1","","","","","","","","","","","","","","","","","","","","","",""
"2205","58508","8383","","","","","","","","","","","","","","","","","","","","","",""
"2206","58518","C638","","","","","","","","","","","","","","","","","","","","","",""
"2207","58537","1305","","","","","","","","","","","","","","","","","","","","","",""
"2208","58551","5C7D","","","","","","","","","","","","","","","","","","","","","",""
"2209","58570","D6C3","","","","","","","","","","","","","","","","","","","","","",""
"2210","58585","0ADA","","","","","","","","","","","","","","","","","","","","","",""
"2211","58599","4DFE","","","","","","","","","","","","","","","","","","","","","",""
"2212","58616","9C6F","","","","","","","","","","","","","","","","","","","","","",""
"2213","58631","E5D2","","","","","","","","","","","","","","","","","","","","","",""
"2214","58649","2DF5","","","","","","","","","","","","","","","","","","","","","",""
"2215","58664","9023","","","","","","","","","","","","","","","","","","","","","",""
"2216","58681","BFE5","","","","","","","","","","","","","","","","","","","","","",""
"2217","58698","087A","","","","","","","","","","","","","","","","","","","","","",""
"2218","58711","4C09","","","","","","","","","","","","","","","","","","","","","",""
"2219","58729","7B97","","","","","","","","","","","","","","","","","","","","","",""
"2220","58746","BF4D","","","","","","","","","","","","","","","","","","","","","",""
"2221","58759","1252","","","","","","","","","","","","","","","","","","","","","",""
"2222","58772","9989","","","","","","","","","","","","","","","","","","","","","",""
"2223","58791","BE1F","","","","","","","","","","","","","","","","","","","","","",""
"2224","58810","09BA","","","","","","","","","","","","","","","","","","","","","",""
"2225","58822","4D3A","","","","","","","","","","","","","","","","","","","","","",""
"2226","58839","9669","","","","","","","","","","","","","","","","","","","","","",""
"2227","58856","DEB3","","","","","","","","","","","","","","","","","","","","","",""
"2228","58871","3A56","","","","","","","","","","","","","","","","","","","","","",""
"2229","58886","7410","","","","","","","","","","","","","","","","","","","","","",""
"2230","58904","BD8E","","","","","","","","","","","","","","","","","","","","","",""
"2231","58919","05E9","","","","","","","","","","","","","","","","","","","","","",""
"2232","58934","361D","","","","","","","","","","","","","","","","","","","","","",""
"2233","58947","7D73","","","","","","","","","","","","","","","","","","","","","",""
"2234","58968","ED56","","","","","","","","","","","","","","","","","","","","","",""
"2235","58982","19CF","","","","","","","","","","","","","","","","","","","","","",""
"2236","58999","66F4","","","","","","","","","","","","","","","","","","","","","",""
"2237","59015","B03E","","","","","","","","","","","","","","","","","","","","","",""
"2238","59034","FC17","","","","","","","","","","","","","","","","","","","","","",""
"2239","59044","278A","","","","","","","","","","","","","","","","","","","","","",""
"2240","59064","71C8","","","","","","","","","","","","","","","","","","","","","",""
"2241","59076","0057","","","","","","","","","","","","","","","","","","","","","",""
"2242","59092","26AB","","","","","","","","","","","","","","","","","","","","","",""
"2243","59110","6EFF","","","","","","","","","","","","","","","","","","","","","",""
"2244","59125","B857","","","","","","","","","","","","","","","","","","","","","",""
"2245","59141","0185","","","","","","","","","","","","","","","","","","","","","",""
"2246","59160","49A9","","","","","","","","","","","","","","","","","","","","","",""
"2247","59174","AA06","","","","","","","","","","","","","","","","","","","","","",""
"2248","59193","D9F8","","","","","","","","","","","","","","","","","","","","","",""
"2249","59206","2327","","","","","","","","","","","","","","","","","","","","","",""
"2250","59222","66F5","","","","","","","","","","","","","","","","","","","","","",""
"2251","59240","B4DA","","","","","","","","","","","","","","","","","","","","","",""
"2252","59252","FD16","","","","","","","","","","","","","","","","","","","","","",""
"2253","59270","27D6","","","","","","","","","","","","","","","","","","","","","",""
"2254","59284","A126","","","","","","","","","","","","","","","","","","","","","",""
"2255","59303","DD31","","","","","","","","","","","","","","","","","","","","","",""
"2256","59318","1D4D","","","","","","","","","","","","","","","","","","","","","",""
"2257","59333","5B7C","","","","","","","","","","","","","","","","","","","","","",""
"2258","59347","A467","","","","","","","","","","","","","","","","","","","","","",""
"2259","59367","EC71","","","","","","","","","","","","","","","","","","","","","",""
"2260","59380","6258","","","","","","","","","","","","","","","","","","","","","",""
"2261","59397","908D","","","","","","","","","","","","","","","","","","","","","",""
"2262","59412","D961","","","","","","","","","","","","","","","","","","","","","",""
"2263","59430","230D","","","","","","","","","","","","","","","","","","","","","",""
"2264","59446","6C3F","","","","","","","","","","","","","","","","","","","","","",""
"2265","59463","AE01","","","","","","","","","","","","","","","","","","","","","",""
"2266","59478","FC58","","","","","","","","","","","","","","","","","","","","","",""
"2267","59491","6EC4","","","","","","","","","","","","","","","","","","","","","",""
"2268","59507","9594","","","","","","","","","","","","","","","","","","","","","",""
"2269","59522","DCA2","","","","","","","","","","","","","","","","","","","","","",""
"2270","59541","25CA","","","","","","","","","","","","","","","","","","","","","",""
"2271","59558","6E00","","","","","","","","","","","","","","","","","","","","","",""
"2272","59572","B72F","","","","","","","","","","","","","","","","","","","","","",""
"2273","59589","1D98","","","","","","","","","","","","","","","","","","","","","",""
"2274","59606","49BD","","","","","","","","","","","","","","","","","","","","","",""
"2275","59619","904C","","","","","","","","","","","","","","","","","","","","","",""
"2276","59636","D92A","","","","","","","","","","","","","","","","","","","","","",""
"2277","59653","21F0","","","","","","","","","","","","","","","","","","","","","",""
"2278","59667","6B2F","","","","","","","","","","","","","","","","","","","","","",""
"2279","59684","B476","","","","","","","","","","","","","","","","","","","","","",""
"2280","59699","F926","","","","","","","","","","","","","","","","","","","","","",""
"2281","59716","46F2","","","","","","","","","","","","","","","","","","","","","",""
"2282","59732","88A0","","","","","","","","","","","","","","","","","","","","","",""
"2283","59745","C6E8","","","","","","","","","","","","","","","","","","","","","",""
"2284","59764","0FB1","","","","","","","","","","","","","","","","","","","","","",""
"2285","59781","58E7","","","","","","","","","","","","","","","","","","","","","",""
"2286","59796","A230","","","","","","","","","","","","","","","","","","","","","",""
"2287","59812","EB67","","","","","","","","","","","","","","","","","","","","","",""
"2288","59826","34AF","","","","","","","","","","","","","","","","","","","","","",""
"2289","59841","7DEA","","","","","","","","","","","","","","","","","","","","","",""
"2290","59859","F4B9","","","","","","","","","","","","","","","","","","","","","",""
"2291","59874","23AE","","","","","","","","","","","","","","","","","","","","","",""
"2292","59892","6CA1","","","","","","","","","","","","","","","","","","","","","",""
"2293","59906","B5EE","","","","","","","","","","","","","","","","","","","","","",""
"2294","59925","FF31","","","","","","","","","","","","","","","","","","","","","",""
"2295","59940","43FB","","","","","","","","","","","","","","","","","","","","","",""
"2296","59954","91B5","","","","","","","","","","","","","","","","","","","","","",""
"2297","59972","DAE1","","","","","","","","","","","","","","","","","","","","","",""
"2298","59989","2435","","","","","","","","","","","","","","","","","","","","","",""
"2299","60003","65DE","","","","","","","","","","","","","","","","","","","","","",""
"2300","60021","A41F","","","","","","","","","","","","","","","","","","","","","",""
"2301","60034","ECF2","","","","","","","","","","","","","","","","","","","","","",""
"2302","60048","3623","","","","","","","","","","","","","","","","","","","","","",""
"2303","60065","7F79","","","","","","","","","","","","","","","","","","","","","",""
"2304","60083","C8A9","","","","","","","","","","","","","","","","","","","","","",""
"2305","60096","11EB","","","","","","","","","","","","","","","","","","","","","",""
"2306","60114","5B32","","","","","","","","","","","","","","","","","","","","","",""
"2307","60127","D45D","","","","","","","","","","","","","","","","","","","","","",""
"2308","60146","032F","","","","","","","","","","","","","","","","","","","","","",""
"2309","60161","4C39","","","","","","","","","","","","","","","","","","","","","",""
"2310","60178","9105","","","","","","","","","","","","","","","","","","","","","",""
"2311","60194","DEC7","","","","","","","","","","","","","","","","","","","","","",""
"2312","60209","27ED","","","","","","","","","","","","","","","","","","","","","",""
"2313","60226","7130","","","","","","","","","","","","","","","","","","","","","",""
"2314","60243","BA7D","","","","","","","","","","","","","","","","","","","","","",""
"2315","60257","03B9","","","","","","","","","","","","","","","","","","","","","",""
"2316","60272","4571","","","","","","","","","","","","","","","","","","","","","",""
"2317","60292","83A0","","","","","","","","","","","","","","","","","","","","","",""
"2318","60306","CC82","","","","","","","","","","","","","","","","","","","","","",""
"2319","60322","15BF","","","","","","","","","","","","","","","","","","","","","",""
"2320","60337","5EF1","","","","","","","","","","","","","","","","","","","","","",""
"2321","60353","A842","","","","","","","","","","","","","","","","","","","","","",""
"2322","60364","F1C9","","","","","","","","","","","","","","","","","","","","","",""
"2323","60383","3B36","","","","","","","","","","","","","","","","","","","","","",""
"2324","60400","C873","","","","","","","","","","","","","","","","","","","","","",""
"2325","60416","D688","","","","","","","","","","","","","","","","","","","","","",""
"2326","60434","24B4","","","","","","","","","","","","","","","","","","","","","",""
"2327","60448","6CC9","","","","","","","","","","","","","","","","","","","","","",""
"2328","60463","B7DE","","","","","","","","","","","","","","","","","","","","","",""
"2329","60481","FF31","","","","","","","","","","","","","","","","","","","","","",""
"2330","60499","47BD","","","","","","","","","","","","","","","","","","","","","",""
"2331","60512","91DF","","","","","","","","","","","","","","","","","","","","","",""
"2332","60530","DA48","","","","","","","","","","","","","","","","","","","","","",""
"2333","60543","1D32","","","","","","","","","","","","","","","","","","","","","",""
"2334","60559","5A56","","","","","","","","","","","","","","","","","","","","","",""
"2335","60577","A326","","","","","","","","","","","","","","","","","","","","","",""
"2336","60589","ED70","","","","","","","","","","","","","","","","","","","","","",""
"2337","60608","3CEF","","","","","","","","","","","","","","","","","","","","","",""
"2338","60624","7F38","","","","","","","","","","","","","","","","","","","","","",""
"2339","60638","CCBD","","","","","","","","","","","","","","","","","","","","","",""
"2340","60656","0CEA","","","","","","","","","","","","","","","","","","","","","",""
"2341","60669","5F40","","","","","","","","","","","","","","","","","","","","","",""
"2342","60686","A43D","","","","","","","","","","","","","","","","","","","","","",""
"2343","60704","F318","","","","","","","","","","","","","","","","","","","","","",""
"2344","60720","3AFB","","","","","","","","","","","","","","","","","","","","","",""
"2345","60735","8465","","","","","","","","","","","","","","","","","","","","","",""
"2346","60752","AEBA","","","","","","","","","","","","","","","","","","","","","",""
"2347","60768","DDB4","","","","","","","","","","","","","","","","","","","","","",""
"2348","60785","269E","","","","","","","","","","","","","","","","","","","","","",""
"2349","60798","6F80","","","","","","","","","","","","","","","","","","","","","",""
"2350","60811","1774","","","","","","","","","","","","","","","","","","","","","",""
"2351","60829","4F33","","","","","","","","","","","","","","","","","","","","","",""
"2352","60845","9AB0","","","","","","","","","","","","","","","","","","","","","",""
"2353","60862","E349","","","","","","","","","","","","","","","","","","","","","",""
"2354","60879","2C89","","","","","","","","","","","","","","","","","","","","","",""
"2355","60894","6A63","","","","","","","","","","","","","","","","","","","","","",""
"2356","60912","BF2F","","","","","","","","","","","","","","","","","","","","","",""
"2357","60923","09A2","","","","","","","","","","","","","","","","","","","","","",""
"2358","60942","51F9","","","","","","","","","","","","","","","","","","","","","",""
"2359","60957","9350","","","","","","","","","","","","","","","","","","","","","",""
"2360","60973","D175","","","","","","","","","","","","","","","","","","","","","",""
"2361","60988","1A6D","","","","","","","","","","","","","","","","","","","","","",""
"2362","61005","63A4","","","","","","","","","","","","","","","","","","","","","",""
"2363","61020","E85A","","","","","","","","","","","","","","","","","","","","","",""
"2364","61037","0FF6","","","","","","","","","","","","","","","","","","","","","",""
"2365","61057","598E","","","","","","","","","","","","","","","","","","","","","",""
"2366","61067","A1EA","","","","","","","","","","","","","","","","","","","","","",""
"2367","61084","EB76","","","","","","","","","","","","","","","","","","","","","",""
"2368","61099","34E6","","","","","","","","","","","","","","","","","","","","","",""
"2369","61117","7BCB","","","","","","","","","","","","","","","","","","","","","",""
"2370","61128","BFE9","","","","","","","","","","","","","","","","","","","","","",""
"2371","61148","0D6B","","","","","","","","","","","","","","","","","","","","","",""
"2372","61162","3AD6","","","","","","","","","","","","","","","","","","","","","",""
"2373","61178","8442","","","","","","","","","","","","","","","","","","","","","",""
"2374","61193","CD08","","","","","","","","","","","","","","","","","","","","","",""
"2375","61212","163D","","","","","","","","","","","","","","","","","","","","","",""
"2376","61227","7406","","","","","","","","","","","","","","","","","","","","","",""
"2377","61242","AAA0","","","","","","","","","","","","","","","","","","","","","",""
"2378","61257","F3B3","","","","","","","","","","","","","","","","","","","","","",""
"2379","61275","3BD2","","","","","","","","","","","","","","","","","","","","","",""
"2380","61291","8697","","","","","","","","","","","","","","","","","","","","","",""
"2381","61306","CD9A","","","","","","","","","","","","","","","","","","","","","",""
"2382","61323","178E","","","","","","","","","","","","","","","","","","","","","",""
"2383","61335","6019","","","","","","","","","","","","","","","","","","","","","",""
"2384","61353","AA33","","","","","","","","","","","","","","","","","","","","","",""
"2385","61370","CF66","","","","","","","","","","","","","","","","","","","","","",""
"2386","61386","03E4","","","","","","","","","","","","","","","","","","","","","",""
"2387","61406","4CF3","","","","","","","","","","","","","","","","","","","","","",""
"2388","61420","95FD","","","","","","","","","","","","","","","","","","","","","",""
"2389","61436","475A","","","","","","","","","","","","","","","","","","","","","",""
"2390","61451","785B","","","","","","","","","","","","","","","","","","","","","",""
"2391","61465","C1F6","","","","","","","","","","","","","","","","","","","","","",""
"2392","61481","0A52","","","","","","","","","","","","","","","","","","","","","",""
"2393","61498","53CF","","","","","","","","","","","","","","","","","","","","","",""
"2394","61514","9D72","","","","","","","","","","","","","","","","","","","","","",""
"2395","61528","007E","","","","","","","","","","","","","","","","","","","","","",""
"2396","61544","2FE8","","","","","","","","","","","","","","","","","","","","","",""
"2397","61565","797C","","","","","","","","","","","","","","","","","","","","","",""
"2398","61575","C1D9","","","","","","","","","","","","","","","","","","","","","",""
"2399","61595","0B5B","","","","","","","","","","","","","","","","","","","","","",""
"2400","61609","5064","","","","","","","","","","","","","","","","","","","","","",""
"2401","61625","9BC6","","","","","","","","","","","","","","","","","","","","","",""
"2402","61641","084F","","","","","","","","","","","","","","","","","","","","","",""
"2403","61658","31E7","","","","","","","","","","","","","","","","","","","","","",""
"2404","61672","7BD2","","","","","","","","","","","","","","","","","","","","","",""
"2405","61688","C89D","","","","","","","","","","","","","","","","","","","","","",""
"2406","61702","0EDB","","","","","","","","","","","","","","","","","","","","","",""
"2407","61722","585F","","","","","","","","","","","","","","","","","","","","","",""
"2408","61740","A430","","","","","","","","","","","","","","","","","","","","","",""
"2409","61754","E853","","","","","","","","","","","","","","","","","","","","","",""
"2410","61770","3103","","","","","","","","","","","","","","","","","","","","","",""
"2411","61785","75F2","","","","","","","","","","","","","","","","","","","","","",""
"2412","61800","B0E0","","","","","","","","","","","","","","","","","","","","","",""
"2413","61818","F9E0","","","","","","","","","","","","","","","","","","","","","",""
"2414","61833","7BE0","","","","","","","","","","","","","","","","","","","","","",""
"2415","61845","A5F5","","","","","","","","","","","","","","","","","","","","","",""
"2416","61863","F842","","","","","","","","","","","","","","","","","","","","","",""
"2417","61879","404A","","","","","","","","","","","","","","","","","","","","","",""
"2418","61896","8E5E","","","","","","","","","","","","","","","","","","","","","",""
"2419","61910","D377","","","","","","","","","","","","","","","","","","","","","",""
"2420","61925","1BBB","","","","","","","","","","","","","","","","","","","","","",""
"2421","61941","66F6","","","","","","","","","","","","","","","","","","","","","",""
"2422","61960","AC39","","","","","","","","","","","","","","","","","","","","","",""
"2423","61977","D4B3","","","","","","","","","","","","","","","","","","","","","",""
"2424","61990","21AB","","","","","","","","","","","","","","","","","","","","","",""
"2425","62007","6719","","","","","","","","","","","","","","","","","","","","","",""
"2426","62023","B07E","","","","","","","","","","","","","","","","","","","","","",""
"2427","62038","3417","","","","","","","","","","","","","","","","","","","","","",""
"2428","62057","5800","","","","","","","","","","","","","","","","","","","","","",""
"2429","62073","A192","","","","","","","","","","","","","","","","","","","","","",""
"2430","62084","E505","","","","","","","","","","","","","","","","","","","","","",""
"2431","62101","3481","","","","","","","","","","","","","","","","","","","","","",""
"2432","62118","7B81","","","","","","","","","","","","","","","","","","","","","",""
"2433","62136","C5AA","","","","","","","","","","","","","","","","","","","","","",""
"2434","62149","0EBB","","","","","","","","","","","","","","","","","","","","","",""
"2435","62165","5737","","","","","","","","","","","","","","","","","","","","","",""
"2436","62182","7E39","","","","","","","","","","","","","","","","","","","","","",""
"2437","62201","BB99","","","","","","","","","","","","","","","","","","","","","",""