"Settings:","","Mono / Help / A","Stereo / Help / A","Mono / Help / START","Stereo / Help / START","Mono / LR / A","Stereo / LR / A","Mono / LR / START","Stereo / LR / START","Mono / L=A / A","Stereo / L=A / A","Mono / L=A / START","Stereo / L=A / START","Mono / L=A / L","Stereo / L=A / L","","","","","","","","",""
"Seed index","Seed Time (1/16) GBA Frames","Seed","Seed","Seed","Seed","Seed","Seed","Seed","Seed","Seed","Seed","Seed","Seed","Seed","Seed","","","","","","","","",""
"0","23380","A036","A070","A02D","","","A059","","","","","","","","","","","","","","","","",""
"1","23402","EDEE","EE0D","EDD8","","","EDFE","","","","","","","","","","","","","","","","",""
"2","23418","360C","3614","3604","","","3605","","","","","","","","","","","","","","","","",""
"3","23432","8054","806B","8043","","","8066","","","","","","","","","","","","","","","","",""
"4","23450","C944","C95D","C934","","","C954","","","","","","","","","","","","","","","","",""
"5","23465","11C6","11CF","11BE","","","11C0","","","","","","","","","","","","","","","","",""
"6","23483","405D","4096","405C","","","4087","","","","","","","","","","","","","","","","",""
"7","23498","95DD","95DD","95D5","","","95CE","","","","","","","","","","","","","","","","",""
"8","23515","D4D6","D4DE","D4D6","","","D4CF","","","","","","","","","","","","","","","","",""
"9","23530","1F36","1F70","1F35","","","1F61","","","","","","","","","","","","","","","","",""
"10","23545","9250","924D","923A","","","9243","","","","","","","","","","","","","","","","",""
"11","23560","CF23","CF34","CF13","","","CF2D","","","","","","","","","","","","","","","","",""
"12","23576","1702","1702","1704","","","16EE","","","","","","","","","","","","","","","","",""
"13","23594","5FDC","5FDC","5FD4","","","5FCD","","","","","","","","","","","","","","","","",""
"14","23608","A923","A923","A91B","","","A90B","","","","","","","","","","","","","","","","",""
"15","23624","EDDE","EDDE","EDD1","","","EDCA","","","","","","","","","","","","","","","","",""
"16","23638","3C31","3C51","3C32","","","3C4A","","","","","","","","","","","","","","","","",""
"17","23656","84E2","84D8","84DA","","","84C9","","","","","","","","","","","","","","","","",""
"18","23669","CE47","CE47","CE38","","","CE38","","","","","","","","","","","","","","","","",""
"19","23685","FC3F","FC3F","FC37","","","FC30","","","","","","","","","","","","","","","","",""
"20","23701","08F6","08F6","08EE","","","08E8","","","","","","","","","","","","","","","","",""
"21","23717","5288","52A6","5280","","","52A0","","","","","","","","","","","","","","","","",""
"22","23737","99B2","99B2","99AB","","","99A3","","","","","","","","","","","","","","","","",""
"23","23753","4AA2","4ADC","4A95","","","4AC7","","","","","","","","","","","","","","","","",""
"24","23767","7D48","7D85","7D38","","","7D6D","","","","","","","","","","","","","","","","",""
"25","23783","C650","C687","C64F","","","C682","","","","","","","","","","","","","","","","",""
"26","23797","0F3F","0F3D","0F37","","","0F25","","","","","","","","","","","","","","","","",""
"27","23813","58AF","58F1","58AD","","","58E2","","","","","","","","","","","","","","","","",""
"28","23830","A241","A287","A241","","","A278","","","","","","","","","","","","","","","","",""
"29","23845","051C","054A","050D","","","053E","","","","","","","","","","","","","","","","",""
"30","23862","3027","3069","3027","","","3054","","","","","","","","","","","","","","","","",""
"31","23875","7DC9","7E12","7DCF","","","7E03","","","","","","","","","","","","","","","","",""
"32","23893","C796","C7CE","C785","","","C7B7","","","","","","","","","","","","","","","","",""
"33","23911","118F","11CA","117A","","","11BB","","","","","","","","","","","","","","","","",""
"34","23928","5969","59AE","5961","","","599F","","","","","","","","","","","","","","","","",""
"35","23943","A2FD","A33D","A2F9","","","A32E","","","","","","","","","","","","","","","","",""
"36","23957","09A1","09D1","099D","","","09CD","","","","","","","","","","","","","","","","",""
"37","23975","391B","394D","390D","","","3947","","","","","","","","","","","","","","","","",""
"38","23990","823B","826B","822B","","","8266","","","","","","","","","","","","","","","","",""
"39","24008","CB10","CB07","CB08","","","CB01","","","","","","","","","","","","","","","","",""
"40","24022","148D","14C7","1485","","","14B8","","","","","","","","","","","","","","","","",""
"41","24036","5E3B","5E75","5E33","","","5E66","","","","","","","","","","","","","","","","",""
"42","24052","A4FD","A4FD","A4F5","","","A4EE","","","","","","","","","","","","","","","","",""
"43","24072","ED5B","ED63","ED53","","","ED4C","","","","","","","","","","","","","","","","",""
"44","24084","369E","369E","368D","","","368F","","","","","","","","","","","","","","","","",""
"45","24103","73F9","73F9","73F1","","","73F1","","","","","","","","","","","","","","","","",""
"46","24117","B694","B694","B683","","","B67C","","","","","","","","","","","","","","","","",""
"47","24134","FF52","FF52","FF51","","","FF4A","","","","","","","","","","","","","","","","",""
"48","24149","489B","489B","4893","","","488C","","","","","","","","","","","","","","","","",""
"49","24167","C8EE","C928","C8DE","","","C90B","","","","","","","","","","","","","","","","",""
"50","24179","F493","F4C4","F48B","","","F4BE","","","","","","","","","","","","","","","","",""
"51","24198","3DA9","3DE2","3D97","","","3DD3","","","","","","","","","","","","","","","","",""
"52","24216","8670","8670","865F","","","8658","","","","","","","","","","","","","","","","",""
"53","24231","D00A","D043","CFF8","","","D034","","","","","","","","","","","","","","","","",""
"54","24244","1993","19D5","1992","","","19C7","","","","","","","","","","","","","","","","",""
"55","24261","77A1","779C","7799","","","778D","","","","","","","","","","","","","","","","",""
"56","24280","AABC","AABB","AABD","","","AAAD","","","","","","","","","","","","","","","","",""
"57","24292","F3D7","F3D5","F3CD","","","F3C6","","","","","","","","","","","","","","","","",""
"58","24310","1D45","1D45","1D44","","","1D3D","","","","","","","","","","","","","","","","",""
"59","24324","66C6","66C6","66BE","","","66B7","","","","","","","","","","","","","","","","",""
"60","24343","AB41","AB41","AB40","","","AB3B","","","","","","","","","","","","","","","","",""
"61","24356","F8B9","F8B9","F8A3","","","F8A3","","","","","","","","","","","","","","","","",""
"62","24370","809E","80D8","808E","","","80C1","","","","","","","","","","","","","","","","",""
"63","24387","A532","A5AF","A532","","","A598","","","","","","","","","","","","","","","","",""
"64","24401","ED2B","ED60","ED1F","","","ED53","","","","","","","","","","","","","","","","",""
"65","24420","3589","35B0","3585","","","35A2","","","","","","","","","","","","","","","","",""
"66","24436","7E9C","7EAC","7E92","","","7EA5","","","","","","","","","","","","","","","","",""
"67","24453","C7AC","C7CC","C7AC","","","C7BD","","","","","","","","","","","","","","","","",""
"68","24468","115F","1179","1158","","","1172","","","","","","","","","","","","","","","","",""
"69","24484","5A4B","5A64","5A44","","","5A55","","","","","","","","","","","","","","","","",""
"70","24499","A2CB","A2C4","A2C4","","","A2B6","","","","","","","","","","","","","","","","",""
"71","24517","E5AF","E5C1","E5A7","","","E5B8","","","","","","","","","","","","","","","","",""
"72","24531","23CE","23EF","23C6","","","23D7","","","","","","","","","","","","","","","","",""
"73","24545","6B92","6B92","6B8A","","","6B83","","","","","","","","","","","","","","","","",""
"74","24564","B5EB","B60C","B5E5","","","B5FD","","","","","","","","","","","","","","","","",""
"75","24576","F98D","F982","F984","","","F973","","","","","","","","","","","","","","","","",""
"76","24594","4743","4743","473B","","","473D","","","","","","","","","","","","","","","","",""
"77","24613","9066","9066","905E","","","9067","","","","","","","","","","","","","","","","",""
"78","24626","DAA9","DAC3","DA99","","","DAAA","","","","","","","","","","","","","","","","",""
"79","24644","22F5","22FF","22F7","","","22F0","","","","","","","","","","","","","","","","",""
"80","24659","6CE1","6D00","6CD9","","","6CF3","","","","","","","","","","","","","","","","",""
"81","24673","B56D","B56D","B565","","","B564","","","","","","","","","","","","","","","","",""
"82","24690","FEAD","FEAD","FEA5","","","FEA7","","","","","","","","","","","","","","","","",""
"83","24706","2A66","2A66","2A55","","","2A4E","","","","","","","","","","","","","","","","",""
"84","24724","57A0","57A0","579C","","","5791","","","","","","","","","","","","","","","","",""
"85","24738","A0C0","A0C0","A0B6","","","A0B2","","","","","","","","","","","","","","","","",""
"86","24755","E969","E969","E974","","","E965","","","","","","","","","","","","","","","","",""
"87","24772","9A27","9A41","9A1F","","","9A26","","","","","","","","","","","","","","","","",""
"88","24787","CB4C","CB4C","CB3D","","","CB35","","","","","","","","","","","","","","","","",""
"89","24798","17F0","17F0","17E8","","","17D9","","","","","","","","","","","","","","","","",""
"90","24817","5453","5474","544B","","","546D","","","","","","","","","","","","","","","","",""
"91","24834","ADA0","ADA0","AD93","","","AD9B","","","","","","","","","","","","","","","","",""
"92","24848","F39F","F396","F397","","","F387","","","","","","","","","","","","","","","","",""
"93","24864","3DD4","3DEF","3DD5","","","3DE6","","","","","","","","","","","","","","","","",""
"94","24881","8A7F","8AA7","8A77","","","8A98","","","","","","","","","","","","","","","","",""
"95","24896","CFAB","CFB3","CFAC","","","CF9C","","","","","","","","","","","","","","","","",""
"96","24911","1119","1119","111D","","","1119","","","","","","","","","","","","","","","","",""
"97","24929","52AA","52AA","52A0","","","5299","","","","","","","","","","","","","","","","",""
"98","24942","980B","980B","9813","","","980C","","","","","","","","","","","","","","","","",""
"99","24961","E18F","E18F","E189","","","E178","","","","","","","","","","","","","","","","",""
"100","24977","564F","5668","5647","","","565C","","","","","","","","","","","","","","","","",""
"101","24995","9208","9220","91F7","","","9219","","","","","","","","","","","","","","","","",""
"102","25010","DA79","DA79","DA6A","","","DA5C","","","","","","","","","","","","","","","","",""
"103","25024","2702","26F9","26FA","","","26EA","","","","","","","","","","","","","","","","",""
"104","25041","6D05","6D0E","6D06","","","6CF6","","","","","","","","","","","","","","","","",""
"105","25057","A8B8","A8B8","A8B9","","","A8A9","","","","","","","","","","","","","","","","",""
"106","25075","FF9B","FF92","FF93","","","FF83","","","","","","","","","","","","","","","","",""
"107","25089","4D0D","4D28","4D04","","","4D0F","","","","","","","","","","","","","","","","",""
"108","25103","92EE","930D","92EF","","","9307","","","","","","","","","","","","","","","","",""
"109","25117","BF39","BF41","BF39","","","BF32","","","","","","","","","","","","","","","","",""
"110","25137","0C03","0C0D","0C05","","","0BF4","","","","","","","","","","","","","","","","",""
"111","25149","519E","519E","5196","","","5199","","","","","","","","","","","","","","","","",""
"112","25170","9B17","9B10","9B0F","","","9B01","","","","","","","","","","","","","","","","",""
"113","25181","1A93","1ACD","1A8B","","","1AC6","","","","","","","","","","","","","","","","",""
"114","25198","4587","45C1","4571","","","45B2","","","","","","","","","","","","","","","","",""
"115","25218","8EB8","8EF2","8EA8","","","8EE3","","","","","","","","","","","","","","","","",""
"116","25234","D84B","D885","D83D","","","D876","","","","","","","","","","","","","","","","",""
"117","25249","20E6","2105","20D6","","","20F7","","","","","","","","","","","","","","","","",""
"118","25263","69B9","69D5","69B1","","","69C6","","","","","","","","","","","","","","","","",""
"119","25283","9521","9549","952A","","","9543","","","","","","","","","","","","","","","","",""
"120","25296","DA32","DA4D","DA33","","","DA47","","","","","","","","","","","","","","","","",""
"121","25311","27EB","280C","27D5","","","27F4","","","","","","","","","","","","","","","","",""
"122","25328","55FC","55FC","55F4","","","55E6","","","","","","","","","","","","","","","","",""
"123","25344","8343","8364","833B","","","8355","","","","","","","","","","","","","","","","",""
"124","25360","CAE4","CAE4","CAE6","","","CAD5","","","","","","","","","","","","","","","","",""
"125","25376","14C7","14F0","14BF","","","14E2","","","","","","","","","","","","","","","","",""
"126","25390","BB23","BB1D","BB1B","","","BB14","","","","","","","","","","","","","","","","",""
"127","25408","F625","F625","F615","","","F616","","","","","","","","","","","","","","","","",""
"128","25420","3F46","3F3E","3F36","","","3F2F","","","","","","","","","","","","","","","","",""
"129","25440","8925","8939","891E","","","892A","","","","","","","","","","","","","","","","",""
"130","25458","D1B4","D1BE","D1B6","","","D1AF","","","","","","","","","","","","","","","","",""
"131","25472","1B01","1B01","1AF9","","","1AF2","","","","","","","","","","","","","","","","",""
"132","25485","74EE","750F","74E6","","","7507","","","","","","","","","","","","","","","","",""
"133","25501","AD99","AD9D","AD9C","","","AD8E","","","","","","","","","","","","","","","","",""
"134","25517","F6BE","F6C7","F6BF","","","F6AF","","","","","","","","","","","","","","","","",""
"135","25535","3B67","3B5B","3B5D","","","3B54","","","","","","","","","","","","","","","","",""
"136","25548","8959","8959","8951","","","8941","","","","","","","","","","","","","","","","",""
"137","25563","D281","D281","D279","","","D26D","","","","","","","","","","","","","","","","",""
"138","25584","1C83","1C9B","1C8A","","","1C9A","","","","","","","","","","","","","","","","",""
"139","25601","7ABE","7ABE","7AB6","","","7AAF","","","","","","","","","","","","","","","","",""
"140","25612","B1CB","B1C4","B1BB","","","B1B5","","","","","","","","","","","","","","","","",""
"141","25630","FB68","FB91","FB60","","","FB77","","","","","","","","","","","","","","","","",""
"142","25641","4431","442E","4429","","","4419","","","","","","","","","","","","","","","","",""
"143","25661","8D69","8D69","8D57","","","8D5A","","","","","","","","","","","","","","","","",""
"144","25676","D6A5","D69B","D693","","","D687","","","","","","","","","","","","","","","","",""
"145","25693","207A","2095","2072","","","208F","","","","","","","","","","","","","","","","",""
"146","25707","69AB","69CB","69A3","","","69B6","","","","","","","","","","","","","","","","",""
"147","25726","B257","B250","B248","","","B248","","","","","","","","","","","","","","","","",""
"148","25740","F427","F41F","F41F","","","F418","","","","","","","","","","","","","","","","",""
"149","25756","3258","3258","3256","","","3249","","","","","","","","","","","","","","","","",""
"150","25772","71E8","71F0","71E8","","","71D9","","","","","","","","","","","","","","","","",""
"151","25789","C45F","C45F","C449","","","C450","","","","","","","","","","","","","","","","",""
"152","25806","3EE4","3EFE","3EDF","","","3EE8","","","","","","","","","","","","","","","","",""
"153","25822","735F","737F","7358","","","7368","","","","","","","","","","","","","","","","",""
"154","25837","BBA4","BBAB","BB95","","","BB95","","","","","","","","","","","","","","","","",""
"155","25852","04CE","04CE","04C6","","","04BF","","","","","","","","","","","","","","","","",""
"156","25872","4E12","4E12","4E12","","","4E0B","","","","","","","","","","","","","","","","",""
"157","25886","9762","9762","975F","","","9758","","","","","","","","","","","","","","","","",""
"158","25901","ED36","ED47","ED2E","","","ED38","","","","","","","","","","","","","","","","",""
"159","25915","2BC1","2BE0","2BB9","","","2BDA","","","","","","","","","","","","","","","","",""
"160","25935","7453","7454","7441","","","743A","","","","","","","","","","","","","","","","",""
"161","25948","9D08","9D08","9D00","","","9D08","","","","","","","","","","","","","","","","",""
"162","25964","E68A","E68A","E68A","","","E683","","","","","","","","","","","","","","","","",""
"163","25979","2F56","2F4D","2F4E","","","2F47","","","","","","","","","","","","","","","","",""
"164","25997","AC4D","AC88","AC4A","","","AC7D","","","","","","","","","","","","","","","","",""
"165","26011","C925","C96D","C924","","","C95E","","","","","","","","","","","","","","","","",""
"166","26029","16D2","1702","16CA","","","16FD","","","","","","","","","","","","","","","","",""
"167","26043","6076","60C8","606E","","","60A7","","","","","","","","","","","","","","","","",""
"168","26059","A9E0","AA33","A9DF","","","AA24","","","","","","","","","","","","","","","","",""
"169","26074","F1DB","F1FC","F1DC","","","F1ED","","","","","","","","","","","","","","","","",""
"170","26090","3B98","3BAA","3B90","","","3BA4","","","","","","","","","","","","","","","","",""
"171","26107","846E","8494","846D","","","8485","","","","","","","","","","","","","","","","",""
"172","26124","CCEB","CCEB","CCEB","","","CCDC","","","","","","","","","","","","","","","","",""
"173","26140","0FC5","0FE5","0FBD","","","0FCF","","","","","","","","","","","","","","","","",""
"174","26158","4CF5","4CFD","4CF5","","","4CEE","","","","","","","","","","","","","","","","",""
"175","26174","95B6","95BE","95BD","","","95B6","","","","","","","","","","","","","","","","",""
"176","26186","E019","E03B","E011","","","E024","","","","","","","","","","","","","","","","",""
"177","26204","284B","2852","2843","","","2843","","","","","","","","","","","","","","","","",""
"178","26221","7169","7169","7168","","","7163","","","","","","","","","","","","","","","","",""
"179","26236","BAA8","BAA8","BAB0","","","BAA7","","","","","","","","","","","","","","","","",""
"180","26252","0019","0032","0011","","","001B","","","","","","","","","","","","","","","","",""
"181","26267","4D3D","4D3D","4D2E","","","4D27","","","","","","","","","","","","","","","","",""
"182","26286","967B","967B","9675","","","966C","","","","","","","","","","","","","","","","",""
"183","26299","E072","E099","E071","","","E08A","","","","","","","","","","","","","","","","",""
"184","26317","28F5","28F5","28E4","","","28E6","","","","","","","","","","","","","","","","",""
"185","26332","723F","723F","7237","","","7237","","","","","","","","","","","","","","","","",""
"186","26350","A033","A04E","A024","","","A037","","","","","","","","","","","","","","","","",""
"187","26361","CE94","CE94","CE81","","","CE81","","","","","","","","","","","","","","","","",""
"188","26380","177F","1786","1776","","","1771","","","","","","","","","","","","","","","","",""
"189","26395","60F0","6108","60E5","","","60FA","","","","","","","","","","","","","","","","",""
"190","26411","1248","1248","1240","","","1243","","","","","","","","","","","","","","","","",""
"191","26429","4349","4348","4340","","","4339","","","","","","","","","","","","","","","","",""
"192","26443","9084","90A4","907C","","","9095","","","","","","","","","","","","","","","","",""
"193","26458","DC81","DC8A","DC82","","","DC72","","","","","","","","","","","","","","","","",""
"194","26475","207C","207C","207C","","","2075","","","","","","","","","","","","","","","","",""
"195","26489","5E25","5E25","5E14","","","5E16","","","","","","","","","","","","","","","","",""
"196","26504","B58C","B5A5","B58A","","","B59E","","","","","","","","","","","","","","","","",""
"197","26518","026F","0292","0271","","","0283","","","","","","","","","","","","","","","","",""
"198","26537","47E4","47DD","47E3","","","47E0","","","","","","","","","","","","","","","","",""
"199","26555","8939","8939","8933","","","892A","","","","","","","","","","","","","","","","",""
"200","26568","CAAA","CAA3","CA9B","","","CA94","","","","","","","","","","","","","","","","",""
"201","26583","1021","1021","1019","","","1012","","","","","","","","","","","","","","","","",""
"202","26601","5A24","5A3F","5A25","","","5A39","","","","","","","","","","","","","","","","",""
"203","26620","CA76","CA6E","CA6E","","","CA5F","","","","","","","","","","","","","","","","",""
"204","26633","0630","0661","061A","","","064C","","","","","","","","","","","","","","","","",""
"205","26647","4A72","4A78","4A78","","","4A71","","","","","","","","","","","","","","","","",""
"206","26666","A28E","A2D2","A28D","","","A2C2","","","","","","","","","","","","","","","","",""
"207","26681","DD7D","DDBF","DD80","","","DDAA","","","","","","","","","","","","","","","","",""
"208","26696","27D2","27FC","27C0","","","27F4","","","","","","","","","","","","","","","","",""
"209","26714","7D24","7D53","7D13","","","7D4D","","","","","","","","","","","","","","","","",""
"210","26731","B0C1","B0F1","B0B2","","","B0E8","","","","","","","","","","","","","","","","",""
"211","26743","0384","03BA","0378","","","03B9","","","","","","","","","","","","","","","","",""
"212","26760","3045","303D","303F","","","302E","","","","","","","","","","","","","","","","",""
"213","26779","8990","8A05","8988","","","89F8","","","","","","","","","","","","","","","","",""
"214","26792","C4C8","C50B","C4C0","","","C4FC","","","","","","","","","","","","","","","","",""
"215","26809","0C0E","0C03","0BFB","","","0BF4","","","","","","","","","","","","","","","","",""
"216","26823","68CF","6905","68BB","","","68F0","","","","","","","","","","","","","","","","",""
"217","26841","9B7D","9BC0","9B7E","","","9BAA","","","","","","","","","","","","","","","","",""
"218","26858","E4BF","E500","E4B7","","","E4F1","","","","","","","","","","","","","","","","",""
"219","26874","2E72","2EAC","2E6A","","","2E9D","","","","","","","","","","","","","","","","",""
"220","26889","7709","7728","7701","","","770B","","","","","","","","","","","","","","","","",""
"221","26904","BFD7","BFF7","BFCF","","","BFE8","","","","","","","","","","","","","","","","",""
"222","26920","090D","092D","0905","","","091E","","","","","","","","","","","","","","","","",""
"223","26938","52D4","52E6","52CC","","","52DE","","","","","","","","","","","","","","","","",""
"224","26955","9B98","9BB8","9B90","","","9BA9","","","","","","","","","","","","","","","","",""
"225","26968","C3F1","C3E7","C3E9","","","C3E2","","","","","","","","","","","","","","","","",""
"226","26981","BDBA","BDCC","BDAA","","","BDCB","","","","","","","","","","","","","","","","",""
"227","26999","0734","0753","072B","","","073C","","","","","","","","","","","","","","","","",""
"228","27017","4F54","4F7B","4F54","","","4F65","","","","","","","","","","","","","","","","",""
"229","27033","3A0B","3A0B","3A0D","","","3A06","","","","","","","","","","","","","","","","",""
"230","27049","6BA7","6B9E","6B9E","","","6B98","","","","","","","","","","","","","","","","",""
"231","27066","B4B3","B4A4","B49E","","","B49D","","","","","","","","","","","","","","","","",""
"232","27078","FE9F","FEAA","FE97","","","FEAA","","","","","","","","","","","","","","","","",""
"233","27096","51D5","5208","51CD","","","51FF","","","","","","","","","","","","","","","","",""
"234","27111","91B3","91ED","91AD","","","91DE","","","","","","","","","","","","","","","","",""
"235","27125","F5CD","F5FD","F5C5","","","F5EE","","","","","","","","","","","","","","","","",""
"236","27143","24EE","2527","24ED","","","2518","","","","","","","","","","","","","","","","",""
"237","27155","6D39","6D65","6D31","","","6D4C","","","","","","","","","","","","","","","","",""
"238","27175","B632","B657","B62A","","","B648","","","","","","","","","","","","","","","","",""
"239","27188","FF4A","FF69","FF3F","","","FF5A","","","","","","","","","","","","","","","","",""
"240","27206","4486","4496","447C","","","4490","","","","","","","","","","","","","","","","",""
"241","27224","91C9","91E9","91B9","","","91DA","","","","","","","","","","","","","","","","",""
"242","27241","F3AC","F3A7","F3A4","","","F39D","","","","","","","","","","","","","","","","",""
"243","27254","22E1","2302","22E0","","","22F8","","","","","","","","","","","","","","","","",""
"244","27271","6A81","6A7D","6A75","","","6A77","","","","","","","","","","","","","","","","",""
"245","27286","B4F5","B513","B4ED","","","B504","","","","","","","","","","","","","","","","",""
"246","27302","FCF3","FCF3","FCF3","","","FCEC","","","","","","","","","","","","","","","","",""
"247","27317","462E","462A","4631","","","4629","","","","","","","","","","","","","","","","",""
"248","27336","8F80","8F80","8F7C","","","8F75","","","","","","","","","","","","","","","","",""
"249","27351","D951","D96C","D952","","","D962","","","","","","","","","","","","","","","","",""
"250","27366","2CB6","2CF2","2CAE","","","2CDB","","","","","","","","","","","","","","","","",""
"251","27381","493C","4975","4934","","","4966","","","","","","","","","","","","","","","","",""
"252","27395","87AC","87E6","879D","","","87CF","","","","","","","","","","","","","","","","",""
"253","27413","D076","D0B9","D078","","","D0AC","","","","","","","","","","","","","","","","",""
"254","27434","629C","62C4","629C","","","62AD","","","","","","","","","","","","","","","","",""
"255","27443","8D1C","8D40","8D14","","","8D28","","","","","","","","","","","","","","","","",""
"256","27461","DADA","DAF9","DAD0","","","DAE7","","","","","","","","","","","","","","","","",""
"257","27479","2474","2491","246F","","","2477","","","","","","","","","","","","","","","","",""
"258","27494","6DC2","6DD3","6DB0","","","6DCA","","","","","","","","","","","","","","","","",""
"259","27513","B6E2","B703","B6D9","","","B6F2","","","","","","","","","","","","","","","","",""
"260","27527","FEF4","FEFE","FEEC","","","FEEA","","","","","","","","","","","","","","","","",""
"261","27540","63A6","63B1","63AA","","","63A3","","","","","","","","","","","","","","","","",""
"262","27556","92F8","9317","92E7","","","9301","","","","","","","","","","","","","","","","",""
"263","27576","DAE6","DAE6","DAD3","","","DACF","","","","","","","","","","","","","","","","",""
"264","27586","242E","242E","241B","","","241D","","","","","","","","","","","","","","","","",""
"265","27604","6D4E","6D4E","6D44","","","6D38","","","","","","","","","","","","","","","","",""
"266","27619","B716","B736","B719","","","B727","","","","","","","","","","","","","","","","",""
"267","27637","2FA3","2FDE","2F8D","","","2FCF","","","","","","","","","","","","","","","","",""
"268","27653","4EB9","4EF2","4EA9","","","4EE3","","","","","","","","","","","","","","","","",""
"269","27671","97B2","97F6","97AC","","","97DB","","","","","","","","","","","","","","","","",""
"270","27685","DCDA","DD13","DCC7","","","DCFD","","","","","","","","","","","","","","","","",""
"271","27701","29FB","2A11","29F3","","","2A0B","","","","","","","","","","","","","","","","",""
"272","27717","72C2","72DD","72B4","","","72C4","","","","","","","","","","","","","","","","",""
"273","27733","BD74","BDAF","BD77","","","BDA9","","","","","","","","","","","","","","","","",""
"274","27749","0550","0578","0553","","","055F","","","","","","","","","","","","","","","","",""
"275","27764","4DDD","4DD3","4DCB","","","4DC4","","","","","","","","","","","","","","","","",""
"276","27783","90BB","90D3","90B3","","","90CB","","","","","","","","","","","","","","","","",""
"277","27797","CDD0","CDD0","CDCA","","","CDB9","","","","","","","","","","","","","","","","",""
"278","27812","169E","16A6","169E","","","1697","","","","","","","","","","","","","","","","",""
"279","27829","60DE","60FF","60D6","","","60F0","","","","","","","","","","","","","","","","",""
"280","27843","A92C","A92F","A91D","","","A90F","","","","","","","","","","","","","","","","",""
"281","27862","F268","F268","F25E","","","F250","","","","","","","","","","","","","","","","",""
"282","27876","3B91","3B91","3B89","","","3B89","","","","","","","","","","","","","","","","",""
"283","27893","856D","8587","8565","","","856F","","","","","","","","","","","","","","","","",""
"284","27906","CE0A","CE13","CE09","","","CE02","","","","","","","","","","","","","","","","",""
"285","27919","12DA","12E8","12D2","","","12D0","","","","","","","","","","","","","","","","",""
"286","27940","611D","613E","6115","","","6127","","","","","","","","","","","","","","","","",""
"287","27957","A9D0","A9D0","A9D0","","","A9C1","","","","","","","","","","","","","","","","",""
"288","27969","F36E","F36E","F366","","","F358","","","","","","","","","","","","","","","","",""
"289","27988","1C67","1C89","1C5F","","","1C7B","","","","","","","","","","","","","","","","",""
"290","28006","4B70","4B85","4B68","","","4B76","","","","","","","","","","","","","","","","",""
"291","28021","93D2","93D2","93CA","","","93C3","","","","","","","","","","","","","","","","",""
"292","28034","DD39","DD54","DD30","","","DD3C","","","","","","","","","","","","","","","","",""
"293","28053","89CA","89C0","89C2","","","89BB","","","","","","","","","","","","","","","","",""
"294","28064","BF46","BF46","BF30","","","BF2F","","","","","","","","","","","","","","","","",""
"295","28085","0AC1","0AEA","0AC1","","","0ADA","","","","","","","","","","","","","","","","",""
"296","28099","534B","534B","5343","","","533C","","","","","","","","","","","","","","","","",""
"297","28117","9CB3","9CB3","9CA3","","","9C9C","","","","","","","","","","","","","","","","",""
"298","28131","E5FE","E5FE","E600","","","E5F8","","","","","","","","","","","","","","","","",""
"299","28148","2FE7","3001","2FD7","","","2FF2","","","","","","","","","","","","","","","","",""
"300","28161","6D9C","6DB7","6D9D","","","6DB6","","","","","","","","","","","","","","","","",""
"301","28179","C1C1","C1BA","C1AA","","","C1B2","","","","","","","","","","","","","","","","",""
"302","28193","0382","0382","037E","","","0375","","","","","","","","","","","","","","","","",""
"303","28210","41CD","41C5","41C5","","","41B6","","","","","","","","","","","","","","","","",""
"304","28223","8A69","8A69","8A61","","","8A5A","","","","","","","","","","","","","","","","",""
"305","28243","D441","D45B","D434","","","D455","","","","","","","","","","","","","","","","",""
"306","28257","5042","507D","5044","","","5068","","","","","","","","","","","","","","","","",""
"307","28272","7883","78BC","787B","","","78AD","","","","","","","","","","","","","","","","",""
"308","28288","C193","C1D2","C192","","","C1C3","","","","","","","","","","","","","","","","",""
"309","28304","0A65","0A65","0A5D","","","0A5C","","","","","","","","","","","","","","","","",""
"310","28319","53EE","5426","53DC","","","5417","","","","","","","","","","","","","","","","",""
"311","28337","9D72","9DB5","9D6A","","","9D9C","","","","","","","","","","","","","","","","",""
"312","28354","E459","E452","E451","","","E44A","","","","","","","","","","","","","","","","",""
"313","28370","2CBF","2CBF","2CB1","","","2CB0","","","","","","","","","","","","","","","","",""
"314","28384","75ED","75ED","75E4","","","75DD","","","","","","","","","","","","","","","","",""
"315","28404","A0BE","A0AF","A0B6","","","A0A0","","","","","","","","","","","","","","","","",""
"316","28415","EE95","EE95","EE88","","","EE8F","","","","","","","","","","","","","","","","",""
"317","28433","375A","375A","3752","","","374B","","","","","","","","","","","","","","","","",""
"318","28450","8083","8083","807B","","","8082","","","","","","","","","","","","","","","","",""
"319","28466","01B9","01F2","01B1","","","01E3","","","","","","","","","","","","","","","","",""
"320","28482","381C","385D","381A","","","384E","","","","","","","","","","","","","","","","",""
"321","28496","8141","8173","8132","","","816C","","","","","","","","","","","","","","","","",""
"322","28510","CAFA","CB2C","CAEA","","","CB25","","","","","","","","","","","","","","","","",""
"323","28531","1384","13AC","137C","","","1396","","","","","","","","","","","","","","","","",""
"324","28547","5C55","5C78","5C4D","","","5C60","","","","","","","","","","","","","","","","",""
"325","28561","A5FF","A629","A5F7","","","A612","","","","","","","","","","","","","","","","",""
"326","28577","CFEB","D00C","CFEA","","","CFFE","","","","","","","","","","","","","","","","",""
"327","28592","1A58","1A92","1A50","","","1A7A","","","","","","","","","","","","","","","","",""
"328","28611","45B1","45B8","45A9","","","45AB","","","","","","","","","","","","","","","","",""
"329","28622","74C7","74EC","74BF","","","74DD","","","","","","","","","","","","","","","","",""
"330","28640","B8BB","B8E5","B8B9","","","B8D3","","","","","","","","","","","","","","","","",""
"331","28655","0711","0737","0709","","","0721","","","","","","","","","","","","","","","","",""
"332","28671","BE95","BECF","BE85","","","BEB8","","","","","","","","","","","","","","","","",""
"333","28688","EA4A","EABE","EA34","","","EAA1","","","","","","","","","","","","","","","","",""
"334","28703","322B","325E","3223","","","324F","","","","","","","","","","","","","","","","",""
"335","28722","7A8F","7A87","7A87","","","7A86","","","","","","","","","","","","","","","","",""
"336","28735","C3FD","C440","C408","","","C431","","","","","","","","","","","","","","","","",""
"337","28748","0D4C","0D8D","0D44","","","0D73","","","","","","","","","","","","","","","","",""
"338","28768","75AB","75E5","75A3","","","75D6","","","","","","","","","","","","","","","","",""
"339","28781","A020","A058","A01F","","","A053","","","","","","","","","","","","","","","","",""
"340","28801","E941","E97A","E932","","","E96B","","","","","","","","","","","","","","","","",""
"341","28814","320A","3207","320D","","","31FB","","","","","","","","","","","","","","","","",""
"342","28829","7B85","7BC8","7B88","","","7BB2","","","","","","","","","","","","","","","","",""
"343","28848","C519","C554","C511","","","C54D","","","","","","","","","","","","","","","","",""
"344","28863","2FB4","2FE6","2FA3","","","2FE0","","","","","","","","","","","","","","","","",""
"345","28877","508B","50C0","508B","","","50BC","","","","","","","","","","","","","","","","",""
"346","28896","9E5F","9E95","9E56","","","9E8F","","","","","","","","","","","","","","","","",""
"347","28913","E9E6","EA24","E9EC","","","EA15","","","","","","","","","","","","","","","","",""
"348","28929","3575","35AE","356A","","","3591","","","","","","","","","","","","","","","","",""
"349","28939","7BCA","7BF9","7BB9","","","7BF3","","","","","","","","","","","","","","","","",""
"350","28961","C563","C5A5","C563","","","C586","","","","","","","","","","","","","","","","",""
"351","28978","0E20","0E2C","0E18","","","0E0C","","","","","","","","","","","","","","","","",""
"352","28990","549C","549C","549C","","","5493","","","","","","","","","","","","","","","","",""
"353","29009","964E","964E","9646","","","9636","","","","","","","","","","","","","","","","",""
"354","29023","B811","B811","B7FB","","","B802","","","","","","","","","","","","","","","","",""
"355","29035","FF52","FF52","FF4A","","","FF3B","","","","","","","","","","","","","","","","",""
"356","29054","481E","481E","481D","","","481D","","","","","","","","","","","","","","","","",""
"357","29070","EB71","EBAB","EB71","","","EB9C","","","","","","","","","","","","","","","","",""
"358","29088","1B32","1B63","1B22","","","1B54","","","","","","","","","","","","","","","","",""
"359","29100","6438","647A","6430","","","646D","","","","","","","","","","","","","","","","",""
"360","29118","A721","A764","A719","","","A757","","","","","","","","","","","","","","","","",""
"361","29135","F802","F80A","F802","","","F7FB","","","","","","","","","","","","","","","","",""
"362","29152","3FE9","4023","3FD3","","","400C","","","","","","","","","","","","","","","","",""
"363","29165","8AE8","8B5C","8AD7","","","8B46","","","","","","","","","","","","","","","","",""
"364","29180","D215","D215","D20D","","","D206","","","","","","","","","","","","","","","","",""
"365","29198","18A5","18A5","189D","","","189E","","","","","","","","","","","","","","","","",""
"366","29212","4211","4211","4209","","","420B","","","","","","","","","","","","","","","","",""
"367","29232","6D84","6D84","6D85","","","6D7C","","","","","","","","","","","","","","","","",""
"368","29244","B4D9","B4D9","B4D1","","","B4CA","","","","","","","","","","","","","","","","",""
"369","29264","FDC1","FDC1","FDB7","","","FDB0","","","","","","","","","","","","","","","","",""
"370","29280","9746","977F","973E","","","9770","","","","","","","","","","","","","","","","",""
"371","29292","BEAE","BEEE","BEAD","","","BEDF","","","","","","","","","","","","","","","","",""
"372","29309","07DD","0808","07D6","","","0800","","","","","","","","","","","","","","","","",""
"373","29325","5171","51AB","5169","","","519C","","","","","","","","","","","","","","","","",""
"374","29343","99F7","9A21","99F9","","","9A11","","","","","","","","","","","","","","","","",""
"375","29359","DE4C","DE67","DE45","","","DE56","","","","","","","","","","","","","","","","",""
"376","29373","2C19","2C40","2C11","","","2C2A","","","","","","","","","","","","","","","","",""
"377","29389","75BF","75D0","75B7","","","75C1","","","","","","","","","","","","","","","","",""
"378","29406","BEEC","BF0C","BEE4","","","BEFD","","","","","","","","","","","","","","","","",""
"379","29421","CA06","CA2C","CA06","","","CA1D","","","","","","","","","","","","","","","","",""
"380","29438","07B3","07B3","07A7","","","07A3","","","","","","","","","","","","","","","","",""
"381","29454","4F79","4F79","4F70","","","4F62","","","","","","","","","","","","","","","","",""
"382","29471","99E2","9A03","99D2","","","99F4","","","","","","","","","","","","","","","","",""
"383","29486","066B","0679","0669","","","066A","","","","","","","","","","","","","","","","",""
"384","29502","4B2F","4B36","4B27","","","4B27","","","","","","","","","","","","","","","","",""
"385","29518","945E","9467","945F","","","9458","","","","","","","","","","","","","","","","",""
"386","29534","DE3D","DE59","DE40","","","DE44","","","","","","","","","","","","","","","","",""
"387","29545","26E7","26EF","26E7","","","26E0","","","","","","","","","","","","","","","","",""
"388","29566","702D","702D","7017","","","7015","","","","","","","","","","","","","","","","",""
"389","29581","BA01","BA18","B9F0","","","BA11","","","","","","","","","","","","","","","","",""
"390","29598","FE50","FE59","FE51","","","FE41","","","","","","","","","","","","","","","","",""
"391","29611","4BE3","4BEA","4BDB","","","4BDB","","","","","","","","","","","","","","","","",""
"392","29625","5A46","5A46","5A45","","","5A3E","","","","","","","","","","","","","","","","",""
"393","29645","8638","8652","8630","","","863B","","","","","","","","","","","","","","","","",""
"394","29660","CDED","CDE5","CDDD","","","CDDE","","","","","","","","","","","","","","","","",""
"395","29675","174A","175D","173B","","","1756","","","","","","","","","","","","","","","","",""
"396","29694","BA12","BA1D","BA15","","","BA0E","","","","","","","","","","","","","","","","",""
"397","29709","F312","F309","F301","","","F303","","","","","","","","","","","","","","","","",""
"398","29722","3ECB","3EEB","3EC3","","","3EDC","","","","","","","","","","","","","","","","",""
"399","29738","8792","8789","8781","","","877A","","","","","","","","","","","","","","","","",""
"400","29754","CEA1","CEA1","CE99","","","CE8B","","","","","","","","","","","","","","","","",""
"401","29772","1A0B","1A12","1A0A","","","19FC","","","","","","","","","","","","","","","","",""
"402","29788","63DB","63F5","63D3","","","63EF","","","","","","","","","","","","","","","","",""
"403","29801","AD17","AD2F","AD07","","","AD1A","","","","","","","","","","","","","","","","",""
"404","29817","F5C9","F5C3","F5C1","","","F5C2","","","","","","","","","","","","","","","","",""
"405","29836","30CD","30CD","30B9","","","30BE","","","","","","","","","","","","","","","","",""
"406","29850","75D1","75D1","75CB","","","75B5","","","","","","","","","","","","","","","","",""
"407","29865","BE97","BE97","BE90","","","BE91","","","","","","","","","","","","","","","","",""
"408","29883","08AF","08BC","08A7","","","08AF","","","","","","","","","","","","","","","","",""
"409","29901","9A88","9ACA","9A80","","","9ABB","","","","","","","","","","","","","","","","",""
"410","29914","D54E","D571","D54E","","","D562","","","","","","","","","","","","","","","","",""
"411","29928","1E97","1EB0","1E8F","","","1E99","","","","","","","","","","","","","","","","",""
"412","29944","6836","6848","6825","","","6839","","","","","","","","","","","","","","","","",""
"413","29960","B053","B053","B04B","","","B043","","","","","","","","","","","","","","","","",""
"414","29979","FA53","FA6E","FA44","","","FA51","","","","","","","","","","","","","","","","",""
"415","29994","42DA","42CC","42D2","","","42CB","","","","","","","","","","","","","","","","",""
"416","30006","8DC8","8E11","8DCE","","","8E01","","","","","","","","","","","","","","","","",""
"417","30025","D5AF","D5AF","D5A7","","","D5AA","","","","","","","","","","","","","","","","",""
"418","30043","292B","292B","2923","","","291C","","","","","","","","","","","","","","","","",""
"419","30057","50E9","50E9","50E8","","","50E3","","","","","","","","","","","","","","","","",""
"420","30076","9287","9290","927F","","","9272","","","","","","","","","","","","","","","","",""
"421","30091","E325","E31D","E315","","","E308","","","","","","","","","","","","","","","","",""
"422","30104","82A9","82E3","82A1","","","82D4","","","","","","","","","","","","","","","","",""
"423","30122","B72B","B799","B72C","","","B798","","","","","","","","","","","","","","","","",""
"424","30138","FF37","FF62","FF2F","","","FF61","","","","","","","","","","","","","","","","",""
"425","30156","47C7","47E7","47B7","","","47D9","","","","","","","","","","","","","","","","",""
"426","30166","9095","90B8","908D","","","90A0","","","","","","","","","","","","","","","","",""
"427","30184","D9DB","D9FC","D9D3","","","D9ED","","","","","","","","","","","","","","","","",""
"428","30200","2395","23AF","238D","","","23A0","","","","","","","","","","","","","","","","",""
"429","30221","6C60","6C77","6C59","","","6C68","","","","","","","","","","","","","","","","",""
"430","30230","B4EC","B4F3","B4E4","","","B4DD","","","","","","","","","","","","","","","","",""
"431","30247","E41A","E43A","E40B","","","E434","","","","","","","","","","","","","","","","",""
"432","30267","0EE8","0F09","0EEA","","","0EFA","","","","","","","","","","","","","","","","",""
"433","30282","56DA","56D8","56D0","","","56C9","","","","","","","","","","","","","","","","",""
"434","30297","DF92","DFB3","DF98","","","DFA4","","","","","","","","","","","","","","","","",""
"435","30309","13F5","13F5","13EF","","","13F0","","","","","","","","","","","","","","","","",""
"436","30329","61AA","61B4","61A2","","","619B","","","","","","","","","","","","","","","","",""
"437","30348","AAF2","AAF2","AAE1","","","AADA","","","","","","","","","","","","","","","","",""
"438","30359","F513","F52C","F501","","","F51D","","","","","","","","","","","","","","","","",""
"439","30374","51D4","521D","51DA","","","5205","","","","","","","","","","","","","","","","",""
"440","30394","8707","8742","86FF","","","872A","","","","","","","","","","","","","","","","",""
"441","30405","E0A8","E0D7","E091","","","E0D2","","","","","","","","","","","","","","","","",""
"442","30425","1A1E","1A59","1A16","","","1A4A","","","","","","","","","","","","","","","","",""
"443","30440","6271","628E","6269","","","6289","","","","","","","","","","","","","","","","",""
"444","30455","AB6B","AB7D","AB63","","","AB6E","","","","","","","","","","","","","","","","",""
"445","30471","F47E","F497","F46E","","","F488","","","","","","","","","","","","","","","","",""
"446","30487","3E4C","3E68","3E44","","","3E51","","","","","","","","","","","","","","","","",""
"447","30505","9BEF","9C09","9BE1","","","9BF2","","","","","","","","","","","","","","","","",""
"448","30522","D41B","D424","D413","","","D40C","","","","","","","","","","","","","","","","",""
"449","30536","1E44","1E64","1E3C","","","1E5D","","","","","","","","","","","","","","","","",""
"450","30552","62F9","630D","62EB","","","630F","","","","","","","","","","","","","","","","",""
"451","30567","AFAA","AFAA","AFAA","","","AF9B","","","","","","","","","","","","","","","","",""
"452","30582","F9F9","FA27","F9F7","","","FA18","","","","","","","","","","","","","","","","",""
"453","30599","4286","427B","4273","","","426C","","","","","","","","","","","","","","","","",""
"454","30614","8B81","8B81","8B73","","","8B6C","","","","","","","","","","","","","","","","",""
"455","30634","D549","D563","D538","","","D549","","","","","","","","","","","","","","","","",""
"456","30648","43B6","43FE","43BC","","","43E7","","","","","","","","","","","","","","","","",""
"457","30662","791F","7952","7917","","","794A","","","","","","","","","","","","","","","","",""
"458","30681","C24A","C285","C24B","","","C27D","","","","","","","","","","","","","","","","",""
"459","30696","0C12","0C44","0C01","","","0C2E","","","","","","","","","","","","","","","","",""
"460","30713","4BFD","4C1E","4BE9","","","4C10","","","","","","","","","","","","","","","","",""
"461","30724","84F8","8512","84E1","","","8503","","","","","","","","","","","","","","","","",""
"462","30745","CDFB","CE21","CDEF","","","CE1A","","","","","","","","","","","","","","","","",""
"463","30757","17BE","17E7","17B9","","","17CA","","","","","","","","","","","","","","","","",""
"464","30775","608A","60AA","6080","","","609B","","","","","","","","","","","","","","","","",""
"465","30787","A46E","A46E","A46F","","","A45F","","","","","","","","","","","","","","","","",""
"466","30808","F373","F395","F36D","","","F386","","","","","","","","","","","","","","","","",""
"467","30824","3CB9","3CDB","3CB1","","","3CCC","","","","","","","","","","","","","","","","",""
"468","30838","8633","865A","862E","","","864C","","","","","","","","","","","","","","","","",""
"469","30853","C67F","C688","C677","","","C670","","","","","","","","","","","","","","","","",""
"470","30868","04D9","04D9","04D1","","","04D0","","","","","","","","","","","","","","","","",""
"471","30888","4D97","4D9F","4D8F","","","4D88","","","","","","","","","","","","","","","","",""
"472","30901","9763","9776","9754","","","9762","","","","","","","","","","","","","","","","",""
"473","30918","1A8D","1ABA","1A85","","","1AB9","","","","","","","","","","","","","","","","",""
"474","30936","3ED9","3F1B","3ED9","","","3EFE","","","","","","","","","","","","","","","","",""
"475","30950","87EE","8820","87E6","","","8811","","","","","","","","","","","","","","","","",""
"476","30965","D1AC","D1E2","D1A0","","","D1CB","","","","","","","","","","","","","","","","",""
"477","30983","1A17","1A2F","1A08","","","1A20","","","","","","","","","","","","","","","","",""
"478","31001","62FC","6318","62EF","","","6301","","","","","","","","","","","","","","","","",""
"479","31014","AC38","AC60","AC36","","","AC46","","","","","","","","","","","","","","","","",""
"480","31030","F16A","F17F","F15E","","","F172","","","","","","","","","","","","","","","","",""
"481","31045","3EBF","3ED6","3EB5","","","3ECF","","","","","","","","","","","","","","","","",""
"482","31062","7FBA","7FBA","7FB2","","","7FA2","","","","","","","","","","","","","","","","",""
"483","31080","BF63","BF8C","BF63","","","BF73","","","","","","","","","","","","","","","","",""
"484","31090","06CD","06C4","06C4","","","06AF","","","","","","","","","","","","","","","","",""
"485","31110","5128","5142","5119","","","5139","","","","","","","","","","","","","","","","",""
"486","31124","9959","9953","994B","","","994A","","","","","","","","","","","","","","","","",""
"487","31140","E27C","E27C","E274","","","E275","","","","","","","","","","","","","","","","",""
"488","31154","2BBF","2BBF","2BAF","","","2BA8","","","","","","","","","","","","","","","","",""
"489","31171","7592","75A3","758A","","","7594","","","","","","","","","","","","","","","","",""
"490","31188","BE4F","BE56","BE40","","","BE47","","","","","","","","","","","","","","","","",""
"491","31203","0782","0784","077C","","","076D","","","","","","","","","","","","","","","","",""
"492","31221","513D","5165","513C","","","5156","","","","","","","","","","","","","","","","",""
"493","31238","99F6","99F6","99F6","","","99EF","","","","","","","","","","","","","","","","",""
"494","31250","E34D","E353","E353","","","E344","","","","","","","","","","","","","","","","",""
"495","31267","0C37","0C2E","0C26","","","0C1F","","","","","","","","","","","","","","","","",""
"496","31284","3F9C","3F9C","3F95","","","3F8D","","","","","","","","","","","","","","","","",""
"497","31297","889F","8897","888F","","","8882","","","","","","","","","","","","","","","","",""
"498","31316","D249","D264","D241","","","D255","","","","","","","","","","","","","","","","",""
"499","31333","7E92","7E8B","7E83","","","7E83","","","","","","","","","","","","","","","","",""
"500","31350","B401","B401","B401","","","B3F9","","","","","","","","","","","","","","","","",""
"501","31363","FF86","FFA5","FF7E","","","FF96","","","","","","","","","","","","","","","","",""
"502","31381","49D9","49D1","49D1","","","49C2","","","","","","","","","","","","","","","","",""
"503","31395","8F88","8F90","8F88","","","8F79","","","","","","","","","","","","","","","","",""
"504","31415","DADF","DADF","DACF","","","DAC8","","","","","","","","","","","","","","","","",""
"505","31430","264B","265D","263A","","","2657","","","","","","","","","","","","","","","","",""
"506","31443","6DD9","6DF9","6DCE","","","6DE9","","","","","","","","","","","","","","","","",""
"507","31457","B674","B674","B66C","","","B66E","","","","","","","","","","","","","","","","",""
"508","31472","FA08","F9F8","FA00","","","F9F9","","","","","","","","","","","","","","","","",""
"509","31488","3661","3661","3659","","","365B","","","","","","","","","","","","","","","","",""
"510","31504","73E9","73E9","73D3","","","73DA","","","","","","","","","","","","","","","","",""
"511","31520","C882","C882","C87A","","","C876","","","","","","","","","","","","","","","","",""
"512","31538","3734","374D","372C","","","3745","","","","","","","","","","","","","","","","",""
"513","31554","7534","754C","7521","","","753D","","","","","","","","","","","","","","","","",""
"514","31572","BD67","BD67","BD58","","","BD58","","","","","","","","","","","","","","","","",""
"515","31584","084B","0853","083D","","","083C","","","","","","","","","","","","","","","","",""
"516","31601","4FE4","4FE4","4FDC","","","4FCE","","","","","","","","","","","","","","","","",""
"517","31617","9940","9940","993F","","","9938","","","","","","","","","","","","","","","","",""
"518","31632","E4C0","E4DC","E4B2","","","E4CD","","","","","","","","","","","","","","","","",""
"519","31650","2C43","2C5C","2C35","","","2C56","","","","","","","","","","","","","","","","",""
"520","31666","74EA","74EA","74D9","","","74D2","","","","","","","","","","","","","","","","",""
"521","31682","A5AD","A5AD","A5AE","","","A5A7","","","","","","","","","","","","","","","","",""
"522","31696","EDA2","EDAB","ED9A","","","ED9C","","","","","","","","","","","","","","","","",""
"523","31711","365F","365F","3650","","","3650","","","","","","","","","","","","","","","","",""
"524","31727","B480","B49B","B478","","","B484","","","","","","","","","","","","","","","","",""
"525","31747","DEFD","DF37","DEF5","","","DF28","","","","","","","","","","","","","","","","",""
"526","31763","2B9B","2BB5","2B9C","","","2BA6","","","","","","","","","","","","","","","","",""
"527","31782","74CE","74E0","74BD","","","74D9","","","","","","","","","","","","","","","","",""
"528","31796","BDC3","BDE6","BDC3","","","BDD8","","","","","","","","","","","","","","","","",""
"529","31805","0631","0631","0632","","","0622","","","","","","","","","","","","","","","","",""
"530","31824","5096","50A8","5085","","","5099","","","","","","","","","","","","","","","","",""
"531","31845","98B2","98B3","98AA","","","989C","","","","","","","","","","","","","","","","",""
"532","31859","E1E8","E1E8","E1E6","","","E1DF","","","","","","","","","","","","","","","","",""
"533","31877","0F58","0F58","0F4A","","","0F43","","","","","","","","","","","","","","","","",""
"534","31890","3E39","3E39","3E29","","","3E2A","","","","","","","","","","","","","","","","",""
"535","31904","8751","8751","8740","","","8739","","","","","","","","","","","","","","","","",""
"536","31918","D009","D00B","CFFA","","","CFF3","","","","","","","","","","","","","","","","",""
"537","31936","5AE7","5B0E","5AE6","","","5AFF","","","","","","","","","","","","","","","","",""
"538","31953","9114","9135","910C","","","9130","","","","","","","","","","","","","","","","",""
"539","31968","DA32","DA54","DA2A","","","DA45","","","","","","","","","","","","","","","","",""
"540","31984","1F6E","1FAB","1F5C","","","1F9C","","","","","","","","","","","","","","","","",""
"541","32003","6C8C","6C8A","6C82","","","6C72","","","","","","","","","","","","","","","","",""
"542","32017","C08A","C0A1","C081","","","C09B","","","","","","","","","","","","","","","","",""
"543","32029","FF62","FF9F","FF5A","","","FF90","","","","","","","","","","","","","","","","",""
"544","32048","5C81","5CA1","5C82","","","5C9D","","","","","","","","","","","","","","","","",""
"545","32066","90F3","9116","90EB","","","910E","","","","","","","","","","","","","","","","",""
"546","32079","DAAA","DAE0","DAA2","","","DAD9","","","","","","","","","","","","","","","","",""
"547","32099","231E","231E","2316","","","230F","","","","","","","","","","","","","","","","",""
"548","32111","6C7D","6CA6","6C75","","","6C8E","","","","","","","","","","","","","","","","",""
"549","32131","B681","B6BB","B671","","","B6AC","","","","","","","","","","","","","","","","",""
"550","32144","1648","1669","1640","","","1658","","","","","","","","","","","","","","","","",""
"551","32161","4991","49B2","4989","","","499A","","","","","","","","","","","","","","","","",""
"552","32175","9294","92AA","928C","","","92A9","","","","","","","","","","","","","","","","",""
"553","32192","DBEF","DC00","DBDF","","","DBF1","","","","","","","","","","","","","","","","",""
"554","32210","2584","25A3","257C","","","258F","","","","","","","","","","","","","","","","",""
"555","32222","66BC","66C7","66BD","","","66AE","","","","","","","","","","","","","","","","",""
"556","32240","B830","B86F","B836","","","B860","","","","","","","","","","","","","","","","",""
"557","32257","003F","003F","0041","","","003A","","","","","","","","","","","","","","","","",""
"558","32274","4A6C","4A8D","4A66","","","4A7E","","","","","","","","","","","","","","","","",""
"559","32290","A781","A7A7","A77E","","","A791","","","","","","","","","","","","","","","","",""
"560","32303","E4FA","E4FA","E4F2","","","E4E4","","","","","","","","","","","","","","","","",""
"561","32317","2E20","2E20","2E20","","","2E0B","","","","","","","","","","","","","","","","",""
"562","32336","7903","7933","78FB","","","792F","","","","","","","","","","","","","","","","",""
"563","32353","C510","C533","C508","","","C51C","","","","","","","","","","","","","","","","",""
"564","32371","08FE","0938","08EE","","","0929","","","","","","","","","","","","","","","","",""
"565","32383","5102","511F","50FA","","","5110","","","","","","","","","","","","","","","","",""
"566","32401","9A38","9A4A","9A22","","","9A42","","","","","","","","","","","","","","","","",""
"567","32415","E267","E267","E25F","","","E258","","","","","","","","","","","","","","","","",""
"568","32431","2C52","2C6A","2C4A","","","2C5B","","","","","","","","","","","","","","","","",""
"569","32448","890C","8946","8904","","","8937","","","","","","","","","","","","","","","","",""
"570","32463","BA55","BA9E","BA53","","","BA8F","","","","","","","","","","","","","","","","",""
"571","32481","0805","083F","07FD","","","0822","","","","","","","","","","","","","","","","",""
"572","32498","3144","317E","3134","","","3167","","","","","","","","","","","","","","","","",""
"573","32510","7AFF","7B39","7AFE","","","7B31","","","","","","","","","","","","","","","","",""
"574","32524","C25A","C282","C252","","","C265","","","","","","","","","","","","","","","","",""
"575","32543","0C1B","0C35","0C13","","","0C2E","","","","","","","","","","","","","","","","",""
"576","32560","8EC4","8F05","8EC3","","","8EED","","","","","","","","","","","","","","","","",""
"577","32578","B2B1","B2F0","B2A7","","","B2DF","","","","","","","","","","","","","","","","",""
"578","32589","FBBB","FBF9","FBB7","","","FBEA","","","","","","","","","","","","","","","","",""
"579","32604","4579","45BE","4579","","","45A5","","","","","","","","","","","","","","","","",""
"580","32621","8DE4","8E06","8DDE","","","8DF3","","","","","","","","","","","","","","","","",""
"581","32642","D6BF","D6E1","D6B6","","","D6C8","","","","","","","","","","","","","","","","",""
"582","32656","1FFF","2017","1FFF","","","200F","","","","","","","","","","","","","","","","",""
"583","32670","69C9","69E0","69CB","","","69D7","","","","","","","","","","","","","","","","",""
"584","32683","B27F","B29D","B27F","","","B297","","","","","","","","","","","","","","","","",""
"585","32703","EEF9","EF02","EEFA","","","EEF3","","","","","","","","","","","","","","","","",""
"586","32719","32E2","3301","32D4","","","32F2","","","","","","","","","","","","","","","","",""
"587","32732","7BB7","7BCE","7BAF","","","7BBF","","","","","","","","","","","","","","","","",""
"588","32750","C529","C552","C521","","","C539","","","","","","","","","","","","","","","","",""
"589","32766","1551","1558","1550","","","1542","","","","","","","","","","","","","","","","",""
"590","32781","53F3","53F3","53F5","","","53E4","","","","","","","","","","","","","","","","",""
"591","32796","9CAB","9CAB","9CA3","","","9C95","","","","","","","","","","","","","","","","",""
"592","32812","E66A","E683","E66A","","","E66F","","","","","","","","","","","","","","","","",""
"593","32828","2F24","2F2D","2F1C","","","2F0E","","","","","","","","","","","","","","","","",""
"594","32844","7855","785C","7854","","","784D","","","","","","","","","","","","","","","","",""
"595","32864","EA04","EA2E","E9FC","","","EA0F","","","","","","","","","","","","","","","","",""
"596","32878","288C","288C","2884","","","2876","","","","","","","","","","","","","","","","",""
"597","32894","71CF","71C6","71BE","","","71C0","","","","","","","","","","","","","","","","",""
"598","32906","9F00","9F00","9EF8","","","9EEA","","","","","","","","","","","","","","","","",""
"599","32920","CE04","CDFB","CDF3","","","CDF3","","","","","","","","","","","","","","","","",""
"600","32941","1229","1229","122A","","","1223","","","","","","","","","","","","","","","","",""
"601","32960","603C","603C","6034","","","6033","","","","","","","","","","","","","","","","",""
"602","32971","F722","F744","F71A","","","F735","","","","","","","","","","","","","","","","",""
"603","32987","259F","25A6","259F","","","2590","","","","","","","","","","","","","","","","",""
"604","33006","6EFD","6F1D","6EED","","","6F0E","","","","","","","","","","","","","","","","",""
"605","33021","B787","B793","B783","","","B779","","","","","","","","","","","","","","","","",""
"606","33037","00E8","00F0","00E7","","","00E1","","","","","","","","","","","","","","","","",""
"607","33054","4A2D","4A23","4A25","","","4A1E","","","","","","","","","","","","","","","","",""
"608","33066","93E0","93FD","93D2","","","93E4","","","","","","","","","","","","","","","","",""
"609","33083","DD36","DD51","DD2F","","","DD46","","","","","","","","","","","","","","","","",""
"610","33099","25DF","25DF","25CA","","","25CF","","","","","","","","","","","","","","","","",""
"611","33112","67A6","67A6","679F","","","6798","","","","","","","","","","","","","","","","",""
"612","33128","A5CA","A5CA","A5CA","","","A5C4","","","","","","","","","","","","","","","","",""
"613","33148","EEA5","EEA5","EE9D","","","EE96","","","","","","","","","","","","","","","","",""
"614","33165","5ADB","5ADB","5AE1","","","5AD2","","","","","","","","","","","","","","","","",""
"615","33180","93F2","940C","93E4","","","93F6","","","","","","","","","","","","","","","","",""
"616","33197","E422","E44A","E41A","","","E442","","","","","","","","","","","","","","","","",""
"617","33212","2CD3","2CCD","2CD5","","","2CCE","","","","","","","","","","","","","","","","",""
"618","33226","764D","764D","7645","","","763E","","","","","","","","","","","","","","","","",""
"619","33245","BF52","BF4F","BF47","","","BF40","","","","","","","","","","","","","","","","",""
"620","33260","089B","089B","089B","","","0894","","","","","","","","","","","","","","","","",""
"621","33276","5265","527F","525D","","","5270","","","","","","","","","","","","","","","","",""
"622","33292","9B8A","9BB3","9B7D","","","9BA5","","","","","","","","","","","","","","","","",""
"623","33308","CA3D","CA36","CA27","","","CA2E","","","","","","","","","","","","","","","","",""
"624","33323","13B7","13B7","13AF","","","13A3","","","","","","","","","","","","","","","","",""
"625","33337","5C7C","5C7C","5C7D","","","5C6D","","","","","","","","","","","","","","","","",""
"626","33353","A5B4","A5B4","A5A4","","","A5A5","","","","","","","","","","","","","","","","",""
"627","33369","F34A","F34A","F34C","","","F33B","","","","","","","","","","","","","","","","",""
"628","33389","368A","36A5","368B","","","369F","","","","","","","","","","","","","","","","",""
"629","33404","81EC","820C","81ED","","","8207","","","","","","","","","","","","","","","","",""
"630","33417","C3E3","C3E3","C3E4","","","C3DD","","","","","","","","","","","","","","","","",""
"631","33435","13EB","13EB","13DD","","","13DC","","","","","","","","","","","","","","","","",""
"632","33447","5B0C","5B14","5AFE","","","5B05","","","","","","","","","","","","","","","","",""
"633","33468","A69E","A69E","A696","","","A68F","","","","","","","","","","","","","","","","",""
"634","33481","EFB8","EFB8","EFA8","","","EFA1","","","","","","","","","","","","","","","","",""
"635","33495","38F3","38F3","38EB","","","38E4","","","","","","","","","","","","","","","","",""
"636","33510","6647","6650","663A","","","6638","","","","","","","","","","","","","","","","",""
"637","33527","9541","9541","953D","","","953D","","","","","","","","","","","","","","","","",""
"638","33545","DED2","DEEE","DED4","","","DEDF","","","","","","","","","","","","","","","","",""
"639","33563","27AF","27CD","27AE","","","27BE","","","","","","","","","","","","","","","","",""
"640","33576","DB7F","DB92","DB69","","","DB83","","","","","","","","","","","","","","","","",""
"641","33595","0AB4","0ACA","0AAC","","","0AC4","","","","","","","","","","","","","","","","",""
"642","33611","5769","5788","5761","","","5779","","","","","","","","","","","","","","","","",""
"643","33626","A0B2","A0D2","A0AA","","","A0B4","","","","","","","","","","","","","","","","",""
"644","33641","E666","E68E","E665","","","E67F","","","","","","","","","","","","","","","","",""
"645","33660","27E6","2801","27D9","","","27F2","","","","","","","","","","","","","","","","",""
"646","33671","7C75","7C9F","7C6D","","","7C86","","","","","","","","","","","","","","","","",""
"647","33691","D57A","D589","D57B","","","D574","","","","","","","","","","","","","","","","",""
"648","33705","0F8B","0FAD","0F7A","","","0F9E","","","","","","","","","","","","","","","","",""
"649","33722","589E","58C7","5896","","","58AE","","","","","","","","","","","","","","","","",""
"650","33733","A0A8","A0A1","A0A2","","","A092","","","","","","","","","","","","","","","","",""
"651","33752","EA7F","EAA0","EA77","","","EA88","","","","","","","","","","","","","","","","",""
"652","33772","3478","3490","3477","","","3492","","","","","","","","","","","","","","","","",""
"653","33785","976F","978E","9762","","","978A","","","","","","","","","","","","","","","","",""
"654","33799","C858","C86F","C845","","","C860","","","","","","","","","","","","","","","","",""
"655","33816","114D","116B","113A","","","1155","","","","","","","","","","","","","","","","",""
"656","33834","5BB9","5BE1","5BBA","","","5BD2","","","","","","","","","","","","","","","","",""
"657","33848","A429","A451","A41C","","","A439","","","","","","","","","","","","","","","","",""
"658","33868","ED24","ED3F","ED1C","","","ED30","","","","","","","","","","","","","","","","",""
"659","33881","37DF","37F6","37CF","","","37F0","","","","","","","","","","","","","","","","",""
"660","33897","73F3","73F3","73E3","","","73E3","","","","","","","","","","","","","","","","",""
"661","33915","C901","C920","C8F9","","","C90A","","","","","","","","","","","","","","","","",""
"662","33933","09E0","09D8","09D8","","","09C3","","","","","","","","","","","","","","","","",""
"663","33944","4A99","4AC2","4A9B","","","4AAA","","","","","","","","","","","","","","","","",""
"664","33959","9178","9192","9170","","","9183","","","","","","","","","","","","","","","","",""
"665","33975","DB62","DB82","DB62","","","DB6C","","","","","","","","","","","","","","","","",""
"666","33991","47D4","47FC","47CC","","","47ED","","","","","","","","","","","","","","","","",""
"667","34009","78FD","7912","78F5","","","7903","","","","","","","","","","","","","","","","",""
"668","34025","C1EA","C203","C1E2","","","C1FD","","","","","","","","","","","","","","","","",""
"669","34037","16EB","170B","16E3","","","16FC","","","","","","","","","","","","","","","","",""
"670","34053","5508","5533","54FB","","","551B","","","","","","","","","","","","","","","","",""
"671","34071","9DD1","9DE0","9DC9","","","9DDC","","","","","","","","","","","","","","","","",""
"672","34089","F2FC","F323","F2FA","","","F31C","","","","","","","","","","","","","","","","",""
"673","34102","2FA9","2FB3","2FAB","","","2FA3","","","","","","","","","","","","","","","","",""
"674","34117","796F","7997","7967","","","7980","","","","","","","","","","","","","","","","",""
"675","34134","B6D5","B6DE","B6CD","","","B6CF","","","","","","","","","","","","","","","","",""
"676","34151","17A3","17CD","179B","","","17B4","","","","","","","","","","","","","","","","",""
"677","34167","55D0","55F8","55D1","","","55E9","","","","","","","","","","","","","","","","",""
"678","34186","9FFE","A038","9FFC","","","A029","","","","","","","","","","","","","","","","",""
"679","34202","1041","1074","1033","","","1065","","","","","","","","","","","","","","","","",""
"680","34214","2B48","2B7A","2B3B","","","2B72","","","","","","","","","","","","","","","","",""
"681","34231","7442","7474","742F","","","746E","","","","","","","","","","","","","","","","",""
"682","34249","BDFF","BE33","BDF2","","","BE24","","","","","","","","","","","","","","","","",""
"683","34266","066A","067B","0662","","","067B","","","","","","","","","","","","","","","","",""
"684","34279","4F51","4F6C","4F50","","","4F65","","","","","","","","","","","","","","","","",""
"685","34296","98A5","98BB","9895","","","98B7","","","","","","","","","","","","","","","","",""
"686","34312","E244","E26E","E244","","","E254","","","","","","","","","","","","","","","","",""
"687","34330","2B0F","2B3B","2B11","","","2B2B","","","","","","","","","","","","","","","","",""
"688","34342","6C09","6C02","6BFA","","","6BF3","","","","","","","","","","","","","","","","",""
"689","34357","AB73","AB9A","AB72","","","AB89","","","","","","","","","","","","","","","","",""
"690","34377","EFC5","EFDD","EFBD","","","EFCE","","","","","","","","","","","","","","","","",""
"691","34394","1BEB","1BF1","1BE9","","","1BEA","","","","","","","","","","","","","","","","",""
"692","34407","A091","A0B2","A080","","","A09B","","","","","","","","","","","","","","","","",""
"693","34423","DF5B","DF62","DF61","","","DF53","","","","","","","","","","","","","","","","",""
"694","34440","2854","285C","2854","","","2845","","","","","","","","","","","","","","","","",""
"695","34453","721C","7236","721B","","","7227","","","","","","","","","","","","","","","","",""
"696","34471","BAE9","BAE0","BAD8","","","BAD1","","","","","","","","","","","","","","","","",""
"697","34487","0414","0414","0403","","","0403","","","","","","","","","","","","","","","","",""
"698","34501","4DCE","4DF8","4DD0","","","4DE8","","","","","","","","","","","","","","","","",""
"699","34518","968D","968D","9685","","","9685","","","","","","","","","","","","","","","","",""
"700","34535","DFD1","DFD1","DFC1","","","DFBF","","","","","","","","","","","","","","","","",""
"701","34551","05C6","05C6","05B8","","","05BF","","","","","","","","","","","","","","","","",""
"702","34567","29A4","29AA","29A4","","","299B","","","","","","","","","","","","","","","","",""
"703","34578","7233","723B","7234","","","7225","","","","","","","","","","","","","","","","",""
"704","34595","E533","E533","E52B","","","E51A","","","","","","","","","","","","","","","","",""
"705","34617","1AAC","1AC6","1AA4","","","1AB7","","","","","","","","","","","","","","","","",""
"706","34629","6CC9","6CBE","6CB3","","","6CBA","","","","","","","","","","","","","","","","",""
"707","34641","B57D","B57D","B57C","","","B57D","","","","","","","","","","","","","","","","",""
"708","34660","FF9E","FFC5","FF9E","","","FFB6","","","","","","","","","","","","","","","","",""
"709","34673","4824","4824","481C","","","4815","","","","","","","","","","","","","","","","",""
"710","34693","914F","9148","9147","","","9140","","","","","","","","","","","","","","","","",""
"711","34710","DB3E","DB59","DB3F","","","DB4A","","","","","","","","","","","","","","","","",""
"712","34722","2455","2483","2453","","","2474","","","","","","","","","","","","","","","","",""
"713","34739","6D04","6D02","6CFC","","","6CF5","","","","","","","","","","","","","","","","",""
"714","34756","B652","B64A","B649","","","B63B","","","","","","","","","","","","","","","","",""
"715","34773","FF97","FF97","FF8F","","","FF7E","","","","","","","","","","","","","","","","",""
"716","34790","48D6","48CD","48CF","","","48C7","","","","","","","","","","","","","","","","",""
"717","34807","E376","E3AF","E374","","","E3A0","","","","","","","","","","","","","","","","",""
"718","34822","07F8","0824","07E8","","","0824","","","","","","","","","","","","","","","","",""
"719","34837","5102","5133","50FA","","","512E","","","","","","","","","","","","","","","","",""
"720","34853","960D","9647","9605","","","963F","","","","","","","","","","","","","","","","",""
"721","34869","E2FD","E2EE","E2F5","","","E2E6","","","","","","","","","","","","","","","","",""
"722","34885","2C91","2CCB","2C82","","","2CB5","","","","","","","","","","","","","","","","",""
"723","34899","779A","781E","7799","","","7811","","","","","","","","","","","","","","","","",""
"724","34916","BD10","BD10","BD0F","","","BD08","","","","","","","","","","","","","","","","",""
"725","34932","055A","0552","054A","","","0543","","","","","","","","","","","","","","","","",""
"726","34951","470F","470F","4710","","","4700","","","","","","","","","","","","","","","","",""
"727","34965","67AE","67AE","67AF","","","67A8","","","","","","","","","","","","","","","","",""
"728","34979","B0AC","B0AC","B0AC","","","B0A5","","","","","","","","","","","","","","","","",""
"729","34996","F980","F980","F978","","","F969","","","","","","","","","","","","","","","","",""
"730","35012","722C","7266","722C","","","7257","","","","","","","","","","","","","","","","",""
"731","35029","AE06","AE40","ADFE","","","AE39","","","","","","","","","","","","","","","","",""
"732","35045","F751","F78C","F749","","","F773","","","","","","","","","","","","","","","","",""
"733","35060","40FE","412F","40F6","","","4129","","","","","","","","","","","","","","","","",""
"734","35077","8990","89A8","8980","","","89A1","","","","","","","","","","","","","","","","",""
"735","35091","CDF7","CE02","CDEF","","","CE01","","","","","","","","","","","","","","","","",""
"736","35108","FFBE","FFE5","FFBE","","","FFCF","","","","","","","","","","","","","","","","",""
"737","35123","49C2","49CF","49AC","","","49CE","","","","","","","","","","","","","","","","",""
"738","35137","9269","9289","9259","","","9272","","","","","","","","","","","","","","","","",""
"739","35157","BFEA","C00A","BFD6","","","BFF1","","","","","","","","","","","","","","","","",""
"740","35172","EDAD","EDAD","EDA6","","","ED9E","","","","","","","","","","","","","","","","",""
"741","35188","36B4","36B3","369D","","","36A5","","","","","","","","","","","","","","","","",""
"742","35200","808F","80AF","808F","","","80A8","","","","","","","","","","","","","","","","",""
"743","35218","484B","4840","4838","","","483A","","","","","","","","","","","","","","","","",""
"744","35236","7E1B","7E23","7E13","","","7E14","","","","","","","","","","","","","","","","",""
"745","35251","C726","C726","C726","","","C717","","","","","","","","","","","","","","","","",""
"746","35266","1109","1121","10F9","","","1112","","","","","","","","","","","","","","","","",""
"747","35280","5996","598D","5996","","","5987","","","","","","","","","","","","","","","","",""
"748","35297","A2F1","A2F1","A2E0","","","A2E2","","","","","","","","","","","","","","","","",""
"749","35318","FCB1","FCD2","FCA9","","","FCC3","","","","","","","","","","","","","","","","",""
"750","35331","306F","3078","3067","","","306B","","","","","","","","","","","","","","","","",""
"751","35344","7E61","7E61","7E5B","","","7E53","","","","","","","","","","","","","","","","",""
"752","35361","C77D","C77E","C774","","","C765","","","","","","","","","","","","","","","","",""
"753","35375","11A9","11C3","11A0","","","11B4","","","","","","","","","","","","","","","","",""
"754","35395","59F8","59F8","59F8","","","59E9","","","","","","","","","","","","","","","","",""
"755","35410","A3CA","A3E3","A3C2","","","A3D4","","","","","","","","","","","","","","","","",""
"756","35427","0CCE","0CC6","0CCC","","","0CB7","","","","","","","","","","","","","","","","",""
"757","35440","39ED","39FB","39E5","","","39E4","","","","","","","","","","","","","","","","",""
"758","35460","857C","858F","8574","","","858F","","","","","","","","","","","","","","","","",""
"759","35474","CFDF","CFDF","CFD7","","","CFD0","","","","","","","","","","","","","","","","",""
"760","35491","155A","155A","1556","","","154F","","","","","","","","","","","","","","","","",""
"761","35504","609D","609D","609C","","","6095","","","","","","","","","","","","","","","","",""
"762","35522","B2AC","B2CA","B2A3","","","B2BB","","","","","","","","","","","","","","","","",""
"763","35534","F4A6","F4CD","F4A5","","","F4B7","","","","","","","","","","","","","","","","",""
"764","35554","3D3C","3D4C","3D34","","","3D2D","","","","","","","","","","","","","","","","",""
"765","35567","739A","73A2","739C","","","738B","","","","","","","","","","","","","","","","",""
"766","35584","BEDB","BEDB","BED3","","","BED5","","","","","","","","","","","","","","","","",""
"767","35600","0603","0603","05ED","","","05F4","","","","","","","","","","","","","","","","",""
"768","35616","5017","5031","5006","","","5019","","","","","","","","","","","","","","","","",""
"769","35632","C8EC","C90B","C8DE","","","C8FE","","","","","","","","","","","","","","","","",""
"770","35646","002F","0037","0039","","","0028","","","","","","","","","","","","","","","","",""
"771","35664","4954","4954","494C","","","494E","","","","","","","","","","","","","","","","",""
"772","35681","9448","9448","9432","","","9439","","","","","","","","","","","","","","","","",""
"773","35694","DBD0","DBD0","DBBA","","","DBC1","","","","","","","","","","","","","","","","",""
"774","35712","2516","2516","2518","","","2511","","","","","","","","","","","","","","","","",""
"775","35730","7709","7724","7701","","","771E","","","","","","","","","","","","","","","","",""
"776","35747","B951","B970","B949","","","B961","","","","","","","","","","","","","","","","",""
"777","35760","01DC","01E5","01CC","","","01C5","","","","","","","","","","","","","","","","",""
"778","35775","2C5A","2C5A","2C4A","","","2C4B","","","","","","","","","","","","","","","","",""
"779","35793","7432","7432","742A","","","741D","","","","","","","","","","","","","","","","",""
"780","35806","B18C","B18C","B192","","","B17D","","","","","","","","","","","","","","","","",""
"781","35824","061D","061D","061A","","","061C","","","","","","","","","","","","","","","","",""
"782","35840","8005","803F","7FF4","","","8030","","","","","","","","","","","","","","","","",""
"783","35857","A35A","A3D6","A350","","","A3C5","","","","","","","","","","","","","","","","",""
"784","35872","EB44","EB85","EB3C","","","EB6F","","","","","","","","","","","","","","","","",""
"785","35887","33A8","33CE","33A7","","","33BF","","","","","","","","","","","","","","","","",""
"786","35906","7C9E","7CBF","7C96","","","7CB2","","","","","","","","","","","","","","","","",""
"787","35915","C5EB","C603","C5E3","","","C5F4","","","","","","","","","","","","","","","","",""
"788","35936","0F99","0FB3","0F91","","","0FA4","","","","","","","","","","","","","","","","",""
"789","35951","584F","5867","5840","","","5858","","","","","","","","","","","","","","","","",""
"790","35967","A0F6","A0F5","A0E5","","","A0DE","","","","","","","","","","","","","","","","",""
"791","35984","C9B8","C9E0","C9B0","","","C9D1","","","","","","","","","","","","","","","","",""
"792","36001","0844","085B","083B","","","084C","","","","","","","","","","","","","","","","",""
"793","36017","4F66","4F66","4F67","","","4F60","","","","","","","","","","","","","","","","",""
"794","36031","A702","A73E","A703","","","A736","","","","","","","","","","","","","","","","",""
"795","36046","E13A","E153","E13A","","","E14D","","","","","","","","","","","","","","","","",""
"796","36061","2F53","2F66","2F4B","","","2F5D","","","","","","","","","","","","","","","","",""
"797","36080","7878","789B","7879","","","787E","","","","","","","","","","","","","","","","",""
"798","36093","C1A8","C1C1","C1A0","","","C1AB","","","","","","","","","","","","","","","","",""
"799","36111","09F1","09EA","09DB","","","09DB","","","","","","","","","","","","","","","","",""
"800","36128","54E8","5522","54E0","","","5513","","","","","","","","","","","","","","","","",""
"801","36142","9C7D","9C7D","9C75","","","9C66","","","","","","","","","","","","","","","","",""
"802","36155","E5AD","E5A4","E5A5","","","E595","","","","","","","","","","","","","","","","",""
"803","36170","13EA","13EA","13D5","","","13D2","","","","","","","","","","","","","","","","",""
"804","36190","3E94","3E94","3E8C","","","3E85","","","","","","","","","","","","","","","","",""
"805","36206","879C","879C","8794","","","8786","","","","","","","","","","","","","","","","",""
"806","36221","D068","D069","D060","","","D059","","","","","","","","","","","","","","","","",""
"807","36239","57AC","57AC","57AD","","","579D","","","","","","","","","","","","","","","","",""
"808","36253","91C4","91C4","91B4","","","91A7","","","","","","","","","","","","","","","","",""
"809","36268","DA56","DA5E","DA57","","","DA47","","","","","","","","","","","","","","","","",""
"810","36288","1BAC","1BE7","1BAD","","","1BE0","","","","","","","","","","","","","","","","",""
"811","36304","6CD9","6CD9","6CD1","","","6CC3","","","","","","","","","","","","","","","","",""
"812","36320","B61D","B625","B623","","","B61C","","","","","","","","","","","","","","","","",""
"813","36334","FFAD","FFAD","FFA5","","","FF98","","","","","","","","","","","","","","","","",""
"814","36350","492F","4950","4927","","","4939","","","","","","","","","","","","","","","","",""
"815","36367","91E9","91E0","91E1","","","91DA","","","","","","","","","","","","","","","","",""
"816","36380","D437","D452","D421","","","D443","","","","","","","","","","","","","","","","",""
"817","36395","11E6","11E6","11DB","","","11DB","","","","","","","","","","","","","","","","",""
"818","36414","5AAB","5AAB","5AA6","","","5A9C","","","","","","","","","","","","","","","","",""
"819","36428","A478","A497","A477","","","A482","","","","","","","","","","","","","","","","",""
"820","36444","5817","5843","581A","","","5834","","","","","","","","","","","","","","","","",""
"821","36461","8DA7","8DC2","8D9F","","","8DC3","","","","","","","","","","","","","","","","",""
"822","36477","D6E5","D6FC","D6D4","","","D6F5","","","","","","","","","","","","","","","","",""
"823","36494","2016","202E","2007","","","201F","","","","","","","","","","","","","","","","",""
"824","36507","69BD","69CE","69B5","","","69CD","","","","","","","","","","","","","","","","",""
"825","36522","AAEB","AAEA","AAE1","","","AADC","","","","","","","","","","","","","","","","",""
"826","36540","FC5F","FC97","FC57","","","FC91","","","","","","","","","","","","","","","","",""
"827","36554","4475","4475","446D","","","4458","","","","","","","","","","","","","","","","",""
"828","36574","8E96","8EB6","8E87","","","8EA7","","","","","","","","","","","","","","","","",""
"829","36587","BEE5","BF0D","BEDD","","","BEFE","","","","","","","","","","","","","","","","",""
"830","36603","1538","1543","1530","","","1533","","","","","","","","","","","","","","","","",""
"831","36619","5435","543E","5436","","","5426","","","","","","","","","","","","","","","","",""
"832","36635","9E96","9ED9","9E8E","","","9EC2","","","","","","","","","","","","","","","","",""
"833","36652","1747","1762","1736","","","1749","","","","","","","","","","","","","","","","",""
"834","36667","4C34","4C5C","4C2C","","","4C45","","","","","","","","","","","","","","","","",""
"835","36686","9783","979C","9773","","","978D","","","","","","","","","","","","","","","","",""
"836","36699","E13A","E14B","E12A","","","E146","","","","","","","","","","","","","","","","",""
"837","36716","2744","273E","273C","","","2735","","","","","","","","","","","","","","","","",""
"838","36732","7357","7369","7346","","","7362","","","","","","","","","","","","","","","","",""
"839","36749","9D96","9DBF","9D8E","","","9DA7","","","","","","","","","","","","","","","","",""
"840","36763","E056","E079","E058","","","E063","","","","","","","","","","","","","","","","",""
"841","36779","2FCA","2FC1","2FB9","","","2FAC","","","","","","","","","","","","","","","","",""
"842","36795","5D73","5D73","5D6B","","","5D64","","","","","","","","","","","","","","","","",""
"843","36812","8883","8883","8883","","","887C","","","","","","","","","","","","","","","","",""
"844","36826","D13F","D13F","D137","","","D138","","","","","","","","","","","","","","","","",""
"845","36843","1A14","1A0A","1A02","","","1A06","","","","","","","","","","","","","","","","",""
"846","36859","C4A9","C4C4","C4A1","","","C4B5","","","","","","","","","","","","","","","","",""
"847","36875","FBAE","FBCF","FB9F","","","FBB8","","","","","","","","","","","","","","","","",""
"848","36889","454E","4590","4546","","","4581","","","","","","","","","","","","","","","","",""
"849","36906","8E8C","8EA6","8E84","","","8E97","","","","","","","","","","","","","","","","",""
"850","36921","D69C","D693","D693","","","D684","","","","","","","","","","","","","","","","",""
"851","36937","208E","20A8","207C","","","2096","","","","","","","","","","","","","","","","",""
"852","36953","7909","7910","7908","","","7908","","","","","","","","","","","","","","","","",""
"853","36972","B43C","B475","B434","","","B45E","","","","","","","","","","","","","","","","",""
"854","36986","FB8C","FB8C","FB84","","","FB88","","","","","","","","","","","","","","","","",""
"855","37001","3DDC","3DED","3DD8","","","3DDF","","","","","","","","","","","","","","","","",""
"856","37017","8E40","8E40","8E2E","","","8E31","","","","","","","","","","","","","","","","",""
"857","37034","D756","D756","D755","","","D74E","","","","","","","","","","","","","","","","",""
"858","37052","20E7","20E7","20D6","","","20D8","","","","","","","","","","","","","","","","",""
"859","37064","8187","81A7","8186","","","819F","","","","","","","","","","","","","","","","",""
"860","37083","B524","B53D","B516","","","B534","","","","","","","","","","","","","","","","",""
"861","37099","FE44","FE65","FE3C","","","FE56","","","","","","","","","","","","","","","","",""
"862","37113","482C","4867","4824","","","4856","","","","","","","","","","","","","","","","",""
"863","37130","912E","9144","911D","","","913F","","","","","","","","","","","","","","","","",""
"864","37147","D96B","D96B","D963","","","D963","","","","","","","","","","","","","","","","",""
"865","37163","2358","2378","2347","","","236A","","","","","","","","","","","","","","","","",""
"866","37178","6BD3","6BD3","6BCB","","","6BCD","","","","","","","","","","","","","","","","",""
"867","37190","B5BB","B5DC","B5B3","","","B5CD","","","","","","","","","","","","","","","","",""
"868","37209","F6F3","F6EA","F6DF","","","F6E1","","","","","","","","","","","","","","","","",""
"869","37225","3623","364C","3616","","","3634","","","","","","","","","","","","","","","","",""
"870","37239","7A72","7A8A","7A63","","","7A82","","","","","","","","","","","","","","","","",""
"871","37258","C71C","C71C","C714","","","C706","","","","","","","","","","","","","","","","",""
"872","37271","4229","4264","421A","","","4255","","","","","","","","","","","","","","","","",""
"873","37288","7190","71C2","7188","","","71BD","","","","","","","","","","","","","","","","",""
"874","37306","BA27","BA3E","BA1F","","","BA2A","","","","","","","","","","","","","","","","",""
"875","37319","0247","0247","0246","","","0236","","","","","","","","","","","","","","","","",""
"876","37330","4C34","4C5E","4C3A","","","4C46","","","","","","","","","","","","","","","","",""
"877","37353","94D0","94D0","94C8","","","94C1","","","","","","","","","","","","","","","","",""
"878","37367","FCA2","FCDC","FC9A","","","FCCD","","","","","","","","","","","","","","","","",""
"879","37384","2AF7","2B09","2AE7","","","2AFA","","","","","","","","","","","","","","","","",""
"880","37399","7412","741F","740D","","","741E","","","","","","","","","","","","","","","","",""
"881","37414","9DE4","9DFE","9DE5","","","9DF6","","","","","","","","","","","","","","","","",""
"882","37433","E64D","E64E","E650","","","E63E","","","","","","","","","","","","","","","","",""
"883","37450","2FCE","2FE9","2FB8","","","2FDA","","","","","","","","","","","","","","","","",""
"884","37463","B4CC","B505","B4C9","","","B4FC","","","","","","","","","","","","","","","","",""
"885","37482","D284","D2BB","D27B","","","D2AB","","","","","","","","","","","","","","","","",""
"886","37496","2038","2071","2024","","","2062","","","","","","","","","","","","","","","","",""
"887","37513","69C1","6A00","69BD","","","69F1","","","","","","","","","","","","","","","","",""
"888","37528","B371","B3AC","B361","","","B39D","","","","","","","","","","","","","","","","",""
"889","37543","FB22","FB45","FB21","","","FB3C","","","","","","","","","","","","","","","","",""
"890","37563","44DF","4501","44DF","","","44F2","","","","","","","","","","","","","","","","",""
"891","37575","8DCF","8DF0","8DBA","","","8DD9","","","","","","","","","","","","","","","","",""
"892","37591","D644","D644","D638","","","D62F","","","","","","","","","","","","","","","","",""
"893","37607","1927","1947","191F","","","1938","","","","","","","","","","","","","","","","",""
"894","37624","562B","562B","562B","","","561C","","","","","","","","","","","","","","","","",""
"895","37639","9F0E","9F15","9F0D","","","9F06","","","","","","","","","","","","","","","","",""
"896","37655","E958","E972","E950","","","E963","","","","","","","","","","","","","","","","",""
"897","37672","319B","3193","3193","","","318C","","","","","","","","","","","","","","","","",""
"898","37686","7AD1","7ACF","7AC0","","","7AC0","","","","","","","","","","","","","","","","",""
"899","37705","C3ED","C3F3","C3E5","","","C3E7","","","","","","","","","","","","","","","","",""
"900","37718","095F","0978","0965","","","0977","","","","","","","","","","","","","","","","",""
"901","37734","5678","567F","5670","","","5670","","","","","","","","","","","","","","","","",""
"902","37752","9FC4","9FC4","9FC4","","","9FB5","","","","","","","","","","","","","","","","",""
"903","37766","E9C6","E9E6","E9BE","","","E9DE","","","","","","","","","","","","","","","","",""
"904","37782","3234","3234","322C","","","3225","","","","","","","","","","","","","","","","",""
"905","37797","7B9A","7B9A","7B99","","","7B8B","","","","","","","","","","","","","","","","",""
"906","37812","A79C","A7BE","A794","","","A7AF","","","","","","","","","","","","","","","","",""
"907","37831","D47B","D47B","D473","","","D464","","","","","","","","","","","","","","","","",""
"908","37846","1D71","1D6F","1D66","","","1D58","","","","","","","","","","","","","","","","",""
"909","37865","66DF","66FB","66DB","","","66FA","","","","","","","","","","","","","","","","",""
"910","37877","17D8","17E1","17D9","","","17C9","","","","","","","","","","","","","","","","",""
"911","37895","4819","480B","4808","","","47FE","","","","","","","","","","","","","","","","",""
"912","37911","9550","9565","953F","","","9556","","","","","","","","","","","","","","","","",""
"913","37926","E133","E12B","E12C","","","E124","","","","","","","","","","","","","","","","",""
"914","37940","2705","2705","26FD","","","26F6","","","","","","","","","","","","","","","","",""
"915","37960","62C2","62B9","62BA","","","62AA","","","","","","","","","","","","","","","","",""
"916","37974","BA59","BA72","BA51","","","BA63","","","","","","","","","","","","","","","","",""
"917","37986","075B","0775","074B","","","0766","","","","","","","","","","","","","","","","",""
"918","38004","4CA3","4CA3","4CA9","","","4C9B","","","","","","","","","","","","","","","","",""
"919","38019","8DF2","8DF8","8DEA","","","8DE2","","","","","","","","","","","","","","","","",""
"920","38034","CF44","CF44","CF3C","","","CF35","","","","","","","","","","","","","","","","",""
"921","38050","14D1","14D1","14C9","","","14B9","","","","","","","","","","","","","","","","",""
"922","38071","5EE4","5EFE","5EDC","","","5EEF","","","","","","","","","","","","","","","","",""
"923","38083","D34B","D36D","D343","","","D35C","","","","","","","","","","","","","","","","",""
"924","38100","0E3A","0E3A","0E32","","","0E23","","","","","","","","","","","","","","","","",""
"925","38117","572C","5732","5724","","","572D","","","","","","","","","","","","","","","","",""
"926","38133","A3A9","A3B3","A3AB","","","A39A","","","","","","","","","","","","","","","","",""
"927","38150","E9B1","E9B1","E9A0","","","E999","","","","","","","","","","","","","","","","",""
"928","38161","3345","3345","333D","","","3337","","","","","","","","","","","","","","","","",""
"929","38180","8084","809C","8072","","","8086","","","","","","","","","","","","","","","","",""
"930","38195","B8ED","B91B","B8F4","","","B90C","","","","","","","","","","","","","","","","",""
"931","38211","0ED6","0ED6","0ED6","","","0EC7","","","","","","","","","","","","","","","","",""
"932","38225","3BF8","3BF0","3BE8","","","3BE1","","","","","","","","","","","","","","","","",""
"933","38240","8918","8918","8917","","","8902","","","","","","","","","","","","","","","","",""
"934","38259","CE57","CE57","CE4F","","","CE4F","","","","","","","","","","","","","","","","",""
"935","38279","1869","1883","1861","","","186D","","","","","","","","","","","","","","","","",""
"936","38293","942B","9465","9415","","","9457","","","","","","","","","","","","","","","","",""
"937","38310","C0C2","C0F5","C0BA","","","C0E6","","","","","","","","","","","","","","","","",""
"938","38323","0A04","0A3D","09F2","","","0A2E","","","","","","","","","","","","","","","","",""
"939","38339","5388","53B9","5380","","","53AA","","","","","","","","","","","","","","","","",""
"940","38358","9C25","9C3C","9C15","","","9C36","","","","","","","","","","","","","","","","",""
"941","38373","E512","E522","E50A","","","E51B","","","","","","","","","","","","","","","","",""
"942","38385","105D","107D","1055","","","1077","","","","","","","","","","","","","","","","",""
"943","38404","5A5D","5A80","5A5D","","","5A71","","","","","","","","","","","","","","","","",""
"944","38421","A2A6","A2BD","A29E","","","A2B7","","","","","","","","","","","","","","","","",""
"945","38438","CCBB","CCBB","CCBB","","","CCB4","","","","","","","","","","","","","","","","",""
"946","38453","FE36","FE56","FE2F","","","FE40","","","","","","","","","","","","","","","","",""
"947","38471","4740","475A","4740","","","4750","","","","","","","","","","","","","","","","",""
"948","38484","9050","9071","9048","","","9062","","","","","","","","","","","","","","","","",""
"949","38499","40D6","411B","40CC","","","410C","","","","","","","","","","","","","","","","",""
"950","38517","72BA","72FD","72B9","","","72E0","","","","","","","","","","","","","","","","",""
"951","38534","BBC9","BC09","BBC1","","","BBF5","","","","","","","","","","","","","","","","",""
"952","38547","0597","05C7","058D","","","05C0","","","","","","","","","","","","","","","","",""
"953","38564","4E04","4E24","4DFC","","","4E0C","","","","","","","","","","","","","","","","",""
"954","38578","96E2","9702","96D9","","","96F3","","","","","","","","","","","","","","","","",""
"955","38596","F061","F08A","F054","","","F071","","","","","","","","","","","","","","","","",""
"956","38611","29F8","2A1C","29F0","","","2A0D","","","","","","","","","","","","","","","","",""
"957","38624","72AC","72C7","72A8","","","72B8","","","","","","","","","","","","","","","","",""
"958","38643","BB3D","BB48","BB36","","","BB34","","","","","","","","","","","","","","","","",""
"959","38656","0587","05AF","057F","","","0598","","","","","","","","","","","","","","","","",""
"960","38672","4A33","4A5E","4A3C","","","4A52","","","","","","","","","","","","","","","","",""
"961","38692","96F6","96F6","96F5","","","96E7","","","","","","","","","","","","","","","","",""
"962","38707","F70D","F737","F705","","","F71C","","","","","","","","","","","","","","","","",""
"963","38722","28FB","28F3","28F5","","","28E4","","","","","","","","","","","","","","","","",""
"964","38739","761C","7613","7614","","","760E","","","","","","","","","","","","","","","","",""
"965","38752","BFF1","C00C","BFE9","","","BFF3","","","","","","","","","","","","","","","","",""
"966","38773","0457","0453","044B","","","0448","","","","","","","","","","","","","","","","",""
"967","38787","51D8","51D8","51C8","","","51CA","","","","","","","","","","","","","","","","",""
"968","38802","9BA3","9BBF","9BA6","","","9BB5","","","","","","","","","","","","","","","","",""
"969","38816","E46A","E462","E45A","","","E45C","","","","","","","","","","","","","","","","",""
"970","38829","2D91","2D91","2D89","","","2D82","","","","","","","","","","","","","","","","",""
"971","38852","6F5F","6F5B","6F5B","","","6F43","","","","","","","","","","","","","","","","",""
"972","38866","AD9A","AD9A","AD92","","","AD84","","","","","","","","","","","","","","","","",""
"973","38881","F64A","F64A","F651","","","F642","","","","","","","","","","","","","","","","",""
"974","38897","7029","7029","702A","","","7015","","","","","","","","","","","","","","","","",""
"975","38913","9B96","9BAE","9B8E","","","9BA8","","","","","","","","","","","","","","","","",""
"976","38929","ED6C","ED74","ED6C","","","ED5D","","","","","","","","","","","","","","","","",""
"977","38947","36AA","36AA","36A2","","","369C","","","","","","","","","","","","","","","","",""
"978","38961","80CC","80EE","80CE","","","80E6","","","","","","","","","","","","","","","","",""
"979","38977","C925","C92C","C91D","","","C91F","","","","","","","","","","","","","","","","",""
"980","38995","1265","126C","1264","","","1256","","","","","","","","","","","","","","","","",""
"981","39010","68A4","68BF","689C","","","68B8","","","","","","","","","","","","","","","","",""
"982","39025","A6FF","A716","A6E7","","","A6FF","","","","","","","","","","","","","","","","",""
"983","39042","CF10","CF19","CF08","","","CF09","","","","","","","","","","","","","","","","",""
"984","39058","187E","1885","187D","","","186F","","","","","","","","","","","","","","","","",""
"985","39076","613C","613C","6134","","","6137","","","","","","","","","","","","","","","","",""
"986","39091","AA88","AA91","AA89","","","AA82","","","","","","","","","","","","","","","","",""
"987","39105","2C0F","2C4A","2BFD","","","2C30","","","","","","","","","","","","","","","","",""
"988","39122","4C71","4CB1","4C67","","","4C9A","","","","","","","","","","","","","","","","",""
"989","39137","9578","95B9","9577","","","95AA","","","","","","","","","","","","","","","","",""
"990","39153","DA7F","DAC2","DA81","","","DAB2","","","","","","","","","","","","","","","","",""
"991","39169","27B2","27C9","27A4","","","27C4","","","","","","","","","","","","","","","","",""
"992","39185","7088","70A2","7080","","","7093","","","","","","","","","","","","","","","","",""
"993","39202","BB32","BB6D","BB33","","","BB5D","","","","","","","","","","","","","","","","",""
"994","39216","0321","0342","0317","","","033A","","","","","","","","","","","","","","","","",""
"995","39231","4B83","4B8C","4B84","","","4B74","","","","","","","","","","","","","","","","",""
"996","39250","8E75","8E8C","8E6D","","","8E84","","","","","","","","","","","","","","","","",""
"997","39265","CB91","CB9B","CB89","","","CB82","","","","","","","","","","","","","","","","",""
"998","39279","146A","1462","145A","","","145B","","","","","","","","","","","","","","","","",""
"999","39298","5EB2","5ECC","5EAA","","","5EBD","","","","","","","","","","","","","","","","",""
"1000","39312","A6E0","A6E0","A6D8","","","A6D1","","","","","","","","","","","","","","","","",""
"1001","39325","F018","F018","F017","","","F009","","","","","","","","","","","","","","","","",""
"1002","39344","3941","3941","3947","","","3940","","","","","","","","","","","","","","","","",""
"1003","39362","8329","8343","832A","","","8334","","","","","","","","","","","","","","","","",""
"1004","39374","CBD3","CBDA","CBCB","","","CBC4","","","","","","","","","","","","","","","","",""
"1005","39392","10A3","10A3","10A4","","","1094","","","","","","","","","","","","","","","","",""
"1006","39405","5ECE","5EEE","5EC6","","","5EE7","","","","","","","","","","","","","","","","",""
"1007","39423","A78C","A784","A776","","","A77D","","","","","","","","","","","","","","","","",""
"1008","39441","F133","F129","F12B","","","F11C","","","","","","","","","","","","","","","","",""
"1009","39453","1EC3","1EDC","1EBB","","","1ED6","","","","","","","","","","","","","","","","",""
"1010","39472","4DC4","4DDE","4DC4","","","4DCF","","","","","","","","","","","","","","","","",""
"1011","39485","962F","962F","9626","","","9618","","","","","","","","","","","","","","","","",""
"1012","39500","DF9C","DFB7","DF8D","","","DFA8","","","","","","","","","","","","","","","","",""
"1013","39518","909E","90A6","9090","","","9097","","","","","","","","","","","","","","","","",""
"1014","39536","BFB3","BFB3","BFAC","","","BFAD","","","","","","","","","","","","","","","","",""
"1015","39549","0F21","0F4C","0F22","","","0F34","","","","","","","","","","","","","","","","",""
"1016","39566","5B0E","5B0E","5B06","","","5AFF","","","","","","","","","","","","","","","","",""
"1017","39582","9D0B","9D0B","9CFC","","","9CF4","","","","","","","","","","","","","","","","",""
"1018","39598","EA6E","EA6E","EA74","","","EA64","","","","","","","","","","","","","","","","",""
"1019","39615","37C3","37DF","37C5","","","37D0","","","","","","","","","","","","","","","","",""
"1020","39628","7021","7039","7011","","","7033","","","","","","","","","","","","","","","","",""
"1021","39643","C641","C641","C639","","","C629","","","","","","","","","","","","","","","","",""
"1022","39658","07D8","07DF","07CD","","","07CC","","","","","","","","","","","","","","","","",""
"1023","39675","4991","4991","4989","","","4982","","","","","","","","","","","","","","","","",""
"1024","39692","8ED2","8ED2","8EC1","","","8EBA","","","","","","","","","","","","","","","","",""
"1025","39712","D8C2","D8DC","D8C2","","","D8CD","","","","","","","","","","","","","","","","",""
"1026","39725","5111","514A","50FB","","","512E","","","","","","","","","","","","","","","","",""
"1027","39744","82FB","833D","82FA","","","8326","","","","","","","","","","","","","","","","",""
"1028","39758","CC04","CC37","CBF4","","","CC2F","","","","","","","","","","","","","","","","",""
"1029","39773","19E1","1A1E","19D4","","","1A08","","","","","","","","","","","","","","","","",""
"1030","39790","5BDA","5BFA","5BCA","","","5BF1","","","","","","","","","","","","","","","","",""
"1031","39806","A4E5","A4FF","A4E6","","","A4F9","","","","","","","","","","","","","","","","",""
"1032","39821","F1B6","F1D6","F1AC","","","F1BD","","","","","","","","","","","","","","","","",""
"1033","39836","37D7","37F4","37CF","","","37EC","","","","","","","","","","","","","","","","",""
"1034","39850","8080","8097","8079","","","8091","","","","","","","","","","","","","","","","",""
"1035","39870","A615","A61C","A606","","","A606","","","","","","","","","","","","","","","","",""
"1036","39884","FCE5","FD0E","FCDD","","","FCFF","","","","","","","","","","","","","","","","",""
"1037","39899","425B","427C","4253","","","4264","","","","","","","","","","","","","","","","",""
"1038","39917","8C06","8C26","8BFE","","","8C17","","","","","","","","","","","","","","","","",""
"1039","39934","104E","1092","104E","","","1078","","","","","","","","","","","","","","","","",""
"1040","39948","3E38","3E73","3E29","","","3E64","","","","","","","","","","","","","","","","",""
"1041","39965","876B","879E","8763","","","8796","","","","","","","","","","","","","","","","",""
"1042","39983","D11F","D151","D108","","","D142","","","","","","","","","","","","","","","","",""
"1043","39996","19A8","19BF","1997","","","19B0","","","","","","","","","","","","","","","","",""
"1044","40012","6276","628F","626E","","","6280","","","","","","","","","","","","","","","","",""
"1045","40030","ABB4","ABC9","ABA3","","","ABC3","","","","","","","","","","","","","","","","",""
"1046","40045","F562","F583","F561","","","F574","","","","","","","","","","","","","","","","",""
"1047","40061","3E49","3E5F","3E41","","","3E5A","","","","","","","","","","","","","","","","",""
"1048","40079","6AE4","6ADD","6ADC","","","6AD5","","","","","","","","","","","","","","","","",""
"1049","40093","7D2C","7D4B","7D24","","","7D3C","","","","","","","","","","","","","","","","",""
"1050","40109","C11F","C147","C10F","","","C138","","","","","","","","","","","","","","","","",""
"1051","40125","0E90","0E91","0E7A","","","0E73","","","","","","","","","","","","","","","","",""
"1052","40138","B5AE","B5C3","B5A6","","","B5BE","","","","","","","","","","","","","","","","",""
"1053","40154","F057","F05F","F057","","","F051","","","","","","","","","","","","","","","","",""
"1054","40173","391C","391C","3914","","","3918","","","","","","","","","","","","","","","","",""
"1055","40189","8306","831F","82FE","","","8309","","","","","","","","","","","","","","","","",""
"1056","40203","E0B2","E0F2","E0AA","","","E0DC","","","","","","","","","","","","","","","","",""
"1057","40218","15FE","162E","15F5","","","1618","","","","","","","","","","","","","","","","",""
"1058","40236","6F27","6F61","6F25","","","6F58","","","","","","","","","","","","","","","","",""
"1059","40250","A8FE","A93E","A904","","","A937","","","","","","","","","","","","","","","","",""
"1060","40268","F16B","F182","F163","","","F173","","","","","","","","","","","","","","","","",""
"1061","40283","3A41","3A64","3A41","","","3A4D","","","","","","","","","","","","","","","","",""
"1062","40298","8381","8397","8379","","","8388","","","","","","","","","","","","","","","","",""
"1063","40314","CD34","CD4F","CD2C","","","CD38","","","","","","","","","","","","","","","","",""
"1064","40327","24F0","250A","24E8","","","24FB","","","","","","","","","","","","","","","","",""
"1065","40349","58D0","58D0","58BE","","","58C1","","","","","","","","","","","","","","","","",""
"1066","40365","A794","A7B4","A78C","","","A79E","","","","","","","","","","","","","","","","",""
"1067","40379","F0F2","F113","F0E2","","","F0F9","","","","","","","","","","","","","","","","",""
"1068","40396","3A61","3A83","3A52","","","3A74","","","","","","","","","","","","","","","","",""
"1069","40411","823E","8234","8236","","","822F","","","","","","","","","","","","","","","","",""
"1070","40427","CB74","CB7C","CB6C","","","CB65","","","","","","","","","","","","","","","","",""
"1071","40443","14D3","14DC","14D4","","","14CD","","","","","","","","","","","","","","","","",""
"1072","40458","5E84","5E9E","5E7C","","","5E97","","","","","","","","","","","","","","","","",""
"1073","40475","CCC5","CD0E","CCC3","","","CCF6","","","","","","","","","","","","","","","","",""
"1074","40491","0232","0273","0231","","","0264","","","","","","","","","","","","","","","","",""
"1075","40508","4B74","4BA6","4B5E","","","4B9F","","","","","","","","","","","","","","","","",""
"1076","40523","9511","9553","9511","","","9536","","","","","","","","","","","","","","","","",""
"1077","40539","DEF3","DF1B","DEF3","","","DF04","","","","","","","","","","","","","","","","",""
"1078","40557","17FB","180D","17EC","","","17FE","","","","","","","","","","","","","","","","",""
"1079","40567","6114","6133","610C","","","612A","","","","","","","","","","","","","","","","",""
"1080","40584","A626","A648","A61E","","","A639","","","","","","","","","","","","","","","","",""
"1081","40602","F3A4","F3C5","F3A3","","","F3B6","","","","","","","","","","","","","","","","",""
"1082","40618","3C1C","3C1C","3C14","","","3C15","","","","","","","","","","","","","","","","",""
"1083","40633","86C0","86DF","86B0","","","86D0","","","","","","","","","","","","","","","","",""
"1084","40650","DEB3","DEAE","DEA6","","","DEA5","","","","","","","","","","","","","","","","",""
"1085","40665","191C","1943","191B","","","1934","","","","","","","","","","","","","","","","",""
"1086","40683","6128","6128","6117","","","6119","","","","","","","","","","","","","","","","",""
"1087","40697","AA83","AA82","AA7B","","","AA73","","","","","","","","","","","","","","","","",""
"1088","40709","F396","F396","F38E","","","F387","","","","","","","","","","","","","","","","",""
"1089","40730","3D75","3D8F","3D6D","","","3D80","","","","","","","","","","","","","","","","",""
"1090","40748","AB0F","AB4D","AB07","","","AB3B","","","","","","","","","","","","","","","","",""
"1091","40763","CBC6","CC01","CBBE","","","CBF2","","","","","","","","","","","","","","","","",""
"1092","40780","14C2","150A","14C9","","","14ED","","","","","","","","","","","","","","","","",""
"1093","40794","5E8A","5EC8","5E87","","","5EB9","","","","","","","","","","","","","","","","",""
"1094","40810","A6FE","A71C","A6F5","","","A705","","","","","","","","","","","","","","","","",""
"1095","40824","EB36","EB5F","EB30","","","EB50","","","","","","","","","","","","","","","","",""
"1096","40841","3928","3946","3915","","","3930","","","","","","","","","","","","","","","","",""
"1097","40857","851B","8533","851A","","","852F","","","","","","","","","","","","","","","","",""
"1098","40871","CBED","CC05","CBE5","","","CBFE","","","","","","","","","","","","","","","","",""
"1099","40886","0DD5","0DF6","0DC8","","","0DD0","","","","","","","","","","","","","","","","",""
"1100","40903","4D2B","4D2A","4D1A","","","4D1C","","","","","","","","","","","","","","","","",""
"1101","40922","93B2","93B2","93AA","","","93A3","","","","","","","","","","","","","","","","",""
"1102","40934","DE05","DE27","DDFD","","","DE18","","","","","","","","","","","","","","","","",""
"1103","40951","5669","5669","566C","","","565A","","","","","","","","","","","","","","","","",""
"1104","40966","8E4F","8E4F","8E47","","","8E37","","","","","","","","","","","","","","","","",""
"1105","40981","D77C","D77C","D774","","","D76D","","","","","","","","","","","","","","","","",""
"1106","41002","2384","239E","237C","","","2397","","","","","","","","","","","","","","","","",""
"1107","41017","69D2","69CB","69BC","","","69B5","","","","","","","","","","","","","","","","",""
"1108","41035","B331","B331","B323","","","B32A","","","","","","","","","","","","","","","","",""
"1109","41046","FF3C","FF5E","FF34","","","FF47","","","","","","","","","","","","","","","","",""
"1110","41064","4116","4112","410E","","","4107","","","","","","","","","","","","","","","","",""
"1111","41080","8EE2","8EE2","8EDA","","","8ED3","","","","","","","","","","","","","","","","",""
"1112","41094","9C30","9C30","9C20","","","9C21","","","","","","","","","","","","","","","","",""
"1113","41112","E920","E93C","E911","","","E92D","","","","","","","","","","","","","","","","",""
"1114","41126","2E2C","2E3A","2E32","","","2E2C","","","","","","","","","","","","","","","","",""
"1115","41142","780E","781F","7806","","","7818","","","","","","","","","","","","","","","","",""
"1116","41159","E10A","E10A","E102","","","E104","","","","","","","","","","","","","","","","",""
"1117","41174","2189","2189","2187","","","2180","","","","","","","","","","","","","","","","",""
"1118","41193","6B62","6B91","6B68","","","6B7A","","","","","","","","","","","","","","","","",""
"1119","41208","B64F","B646","B63E","","","B637","","","","","","","","","","","","","","","","",""
"1120","41223","FD65","FD5E","FD56","","","FD58","","","","","","","","","","","","","","","","",""
"1121","41238","4691","4697","4689","","","4688","","","","","","","","","","","","","","","","",""
"1122","41251","9294","92AE","928C","","","929F","","","","","","","","","","","","","","","","",""
"1123","41273","D9CF","D9E8","D9C0","","","D9E1","","","","","","","","","","","","","","","","",""
"1124","41285","2255","224D","224D","","","2246","","","","","","","","","","","","","","","","",""
"1125","41300","3F2F","3F2F","3F27","","","3F20","","","","","","","","","","","","","","","","",""
"1126","41315","6B72","6B72","6B68","","","6B61","","","","","","","","","","","","","","","","",""
"1127","41334","B1B7","B1B7","B1B7","","","B1B0","","","","","","","","","","","","","","","","",""
"1128","41348","FB5A","FB75","FB52","","","FB6F","","","","","","","","","","","","","","","","",""
"1129","41367","D58C","D5C8","D584","","","D5B9","","","","","","","","","","","","","","","","",""
"1130","41384","FDEA","FE1C","FDD9","","","FE14","","","","","","","","","","","","","","","","",""
"1131","41397","46F1","472A","46F1","","","4725","","","","","","","","","","","","","","","","",""
"1132","41415","9088","90A1","9080","","","9088","","","","","","","","","","","","","","","","",""
"1133","41432","D898","D8C6","D895","","","D8AE","","","","","","","","","","","","","","","","",""
"1134","41446","22A6","22EB","229F","","","22CC","","","","","","","","","","","","","","","","",""
"1135","41459","7F16","7F08","7F08","","","7F01","","","","","","","","","","","","","","","","",""
"1136","41477","B36A","B383","B360","","","B374","","","","","","","","","","","","","","","","",""
"1137","41493","FB56","FB56","FB58","","","FB47","","","","","","","","","","","","","","","","",""
"1138","41512","44BC","44BE","44AD","","","44A6","","","","","","","","","","","","","","","","",""
"1139","41526","8DC3","8DC3","8DC4","","","8DBD","","","","","","","","","","","","","","","","",""
"1140","41543","D281","D289","D280","","","D272","","","","","","","","","","","","","","","","",""
"1141","41559","0159","0159","0151","","","014A","","","","","","","","","","","","","","","","",""
"1142","41573","91B0","91E9","919E","","","91D0","","","","","","","","","","","","","","","","",""
"1143","41588","BE2F","BE9C","BE20","","","BE95","","","","","","","","","","","","","","","","",""
"1144","41606","0604","0647","0604","","","0630","","","","","","","","","","","","","","","","",""
"1145","41621","4E96","4EAE","4E86","","","4E9F","","","","","","","","","","","","","","","","",""
"1146","41636","9779","979B","9778","","","9784","","","","","","","","","","","","","","","","",""
"1147","41653","C1DF","C1FF","C1D7","","","C1F0","","","","","","","","","","","","","","","","",""
"1148","41671","0BC6","0BE9","0BB7","","","0BD3","","","","","","","","","","","","","","","","",""
"1149","41686","540E","542E","540D","","","5426","","","","","","","","","","","","","","","","",""
"1150","41703","9CA8","9C9A","9CA0","","","9C99","","","","","","","","","","","","","","","","",""
"1151","41718","E6FF","E71F","E6F7","","","E710","","","","","","","","","","","","","","","","",""
"1152","41733","3042","305A","303C","","","304B","","","","","","","","","","","","","","","","",""
"1153","41749","786E","7864","785C","","","7855","","","","","","","","","","","","","","","","",""
"1154","41765","E395","E3B3","E38D","","","E3A4","","","","","","","","","","","","","","","","",""
"1155","41780","17C0","17D1","17C7","","","17C0","","","","","","","","","","","","","","","","",""
"1156","41794","6584","6584","6584","","","657D","","","","","","","","","","","","","","","","",""
"1157","41815","AEB3","AEB3","AEB3","","","AEA4","","","","","","","","","","","","","","","","",""
"1158","41827","F904","F91D","F8FD","","","F910","","","","","","","","","","","","","","","","",""
"1159","41847","4133","4133","4124","","","412B","","","","","","","","","","","","","","","","",""
"1160","41859","8B05","8B30","8AFD","","","8B20","","","","","","","","","","","","","","","","",""
"1161","41877","E40D","E405","E405","","","E3FE","","","","","","","","","","","","","","","","",""
"1162","41891","1D24","1D24","1D1C","","","1D05","","","","","","","","","","","","","","","","",""
"1163","41910","666C","666C","6655","","","6654","","","","","","","","","","","","","","","","",""
"1164","41922","AF90","AF85","AF87","","","AF80","","","","","","","","","","","","","","","","",""
"1165","41939","F8C3","F8C3","F8B2","","","F8B2","","","","","","","","","","","","","","","","",""
"1166","41957","41F3","41F3","41FC","","","41F2","","","","","","","","","","","","","","","","",""
"1167","41973","A5D4","A5ED","A5CC","","","A5D8","","","","","","","","","","","","","","","","",""
"1168","41990","D853","D85B","D84B","","","D84C","","","","","","","","","","","","","","","","",""
"1169","42003","2328","2328","232A","","","2323","","","","","","","","","","","","","","","","",""
"1170","42019","61C3","61E2","61B7","","","61CB","","","","","","","","","","","","","","","","",""
"1171","42036","B75C","B762","B754","","","B74D","","","","","","","","","","","","","","","","",""
"1172","42052","FEE9","FEDF","FED7","","","FEDB","","","","","","","","","","","","","","","","",""
"1173","42068","492D","4948","491C","","","4930","","","","","","","","","","","","","","","","",""
"1174","42083","93E6","93FE","93D7","","","93F7","","","","","","","","","","","","","","","","",""
"1175","42099","DAB7","DAB7","DAA8","","","DAA8","","","","","","","","","","","","","","","","",""
"1176","42112","1C71","1C76","1C69","","","1C66","","","","","","","","","","","","","","","","",""
"1177","42133","5C56","5C56","5C4E","","","5C50","","","","","","","","","","","","","","","","",""
"1178","42146","A379","A379","A371","","","A370","","","","","","","","","","","","","","","","",""
"1179","42164","ECB6","ECB6","ECAE","","","ECAE","","","","","","","","","","","","","","","","",""
"1180","42180","6120","613D","611C","","","612A","","","","","","","","","","","","","","","","",""
"1181","42191","99A7","99C7","999F","","","99B8","","","","","","","","","","","","","","","","",""
"1182","42208","E21B","E224","E21C","","","E20C","","","","","","","","","","","","","","","","",""
"1183","42227","2CFC","2CFC","2CF4","","","2CED","","","","","","","","","","","","","","","","",""
"1184","42243","749B","749B","7493","","","748C","","","","","","","","","","","","","","","","",""
"1185","42258","B271","B271","B269","","","B26C","","","","","","","","","","","","","","","","",""
"1186","42274","0723","071D","071B","","","0714","","","","","","","","","","","","","","","","",""
"1187","42291","52C8","52E1","52C8","","","52D9","","","","","","","","","","","","","","","","",""
"1188","42305","9A77","9A8B","9A6F","","","9A8A","","","","","","","","","","","","","","","","",""
"1189","42323","C25D","C25D","C24D","","","C24E","","","","","","","","","","","","","","","","",""
"1190","42339","0D67","0D67","0D67","","","0D5E","","","","","","","","","","","","","","","","",""
"1191","42353","54BD","54B6","54B7","","","54A7","","","","","","","","","","","","","","","","",""
"1192","42372","9DDB","9DE9","9DE1","","","9DD4","","","","","","","","","","","","","","","","",""
"1193","42388","26E1","271B","26DF","","","270C","","","","","","","","","","","","","","","","",""
"1194","42401","443E","4474","4436","","","4459","","","","","","","","","","","","","","","","",""
"1195","42418","8D45","8D7C","8D3D","","","8D75","","","","","","","","","","","","","","","","",""
"1196","42434","D6F1","D72B","D6E9","","","D712","","","","","","","","","","","","","","","","",""
"1197","42451","1F73","1F91","1F62","","","1F82","","","","","","","","","","","","","","","","",""
"1198","42467","6853","6867","684E","","","6860","","","","","","","","","","","","","","","","",""
"1199","42483","B19C","B1B8","B193","","","B1AB","","","","","","","","","","","","","","","","",""
"1200","42497","F6B5","F6C6","F6A0","","","F6B4","","","","","","","","","","","","","","","","",""
"1201","42515","4410","4438","4408","","","4429","","","","","","","","","","","","","","","","",""
"1202","42529","8515","8516","8505","","","84FE","","","","","","","","","","","","","","","","",""
"1203","42545","C4B5","C4D4","C4AD","","","C4CF","","","","","","","","","","","","","","","","",""
"1204","42562","0C10","0C10","0C08","","","0C01","","","","","","","","","","","","","","","","",""
"1205","42580","5683","569C","567B","","","5687","","","","","","","","","","","","","","","","",""
"1206","42593","A1C2","A1B2","A1B8","","","A1A9","","","","","","","","","","","","","","","","",""
"1207","42607","E6EE","E6F6","E6EE","","","E6E9","","","","","","","","","","","","","","","","",""
"1208","42627","2F94","2FA2","2F9A","","","2F93","","","","","","","","","","","","","","","","",""
"1209","42642","7975","798F","7972","","","798E","","","","","","","","","","","","","","","","",""
"1210","42656","C79E","C7B8","C79D","","","C7A9","","","","","","","","","","","","","","","","",""
"1211","42674","0C0D","0C28","0C0E","","","0C19","","","","","","","","","","","","","","","","",""
"1212","42689","7AEF","7B2B","7AE7","","","7B13","","","","","","","","","","","","","","","","",""
"1213","42707","BF1D","BF3F","BF1D","","","BF27","","","","","","","","","","","","","","","","",""
"1214","42718","073B","0733","0733","","","072C","","","","","","","","","","","","","","","","",""
"1215","42735","3174","3185","3163","","","3176","","","","","","","","","","","","","","","","",""
"1216","42755","6033","603C","6034","","","602B","","","","","","","","","","","","","","","","",""
"1217","42766","AA48","AA61","AA3F","","","AA4A","","","","","","","","","","","","","","","","",""
"1218","42784","F229","F238","F228","","","F21A","","","","","","","","","","","","","","","","",""
"1219","42795","7AB4","7AB4","7AAC","","","7AA5","","","","","","","","","","","","","","","","",""
"1220","42817","AEEC","AEEC","AEEC","","","AED8","","","","","","","","","","","","","","","","",""
"1221","42831","F88B","F8AF","F886","","","F89B","","","","","","","","","","","","","","","","",""
"1222","42849","4147","4152","4141","","","413B","","","","","","","","","","","","","","","","",""
"1223","42865","8A6E","8A6E","8A66","","","8A66","","","","","","","","","","","","","","","","",""
"1224","42878","D3C1","D3C1","D3C0","","","D3BB","","","","","","","","","","","","","","","","",""
"1225","42897","FD35","FD35","FD2D","","","FD26","","","","","","","","","","","","","","","","",""
"1226","42908","47CD","4807","47C5","","","47F0","","","","","","","","","","","","","","","","",""
"1227","42928","8F8C","8F8C","8F84","","","8F7D","","","","","","","","","","","","","","","","",""
"1228","42943","D222","D222","D211","","","D213","","","","","","","","","","","","","","","","",""
"1229","42960","0D2C","0D2C","0D24","","","0D0F","","","","","","","","","","","","","","","","",""
"1230","42977","519C","519C","518B","","","5184","","","","","","","","","","","","","","","","",""
"1231","42990","9F1F","9F1F","9F12","","","9F10","","","","","","","","","","","","","","","","",""
"1232","43005","369D","36D7","369A","","","36D7","","","","","","","","","","","","","","","","",""
"1233","43023","6F09","6F88","6F0F","","","6F7C","","","","","","","","","","","","","","","","",""
"1234","43040","B71E","B74E","B706","","","B73F","","","","","","","","","","","","","","","","",""
"1235","43057","FF9F","FFC1","FF97","","","FFA8","","","","","","","","","","","","","","","","",""
"1236","43072","4872","4888","485B","","","4879","","","","","","","","","","","","","","","","",""
"1237","43088","91BD","91DC","91AB","","","91C4","","","","","","","","","","","","","","","","",""
"1238","43104","DB65","DB82","DB68","","","DB73","","","","","","","","","","","","","","","","",""
"1239","43118","243B","244C","242C","","","2445","","","","","","","","","","","","","","","","",""
"1240","43135","6CB8","6CC4","6CAC","","","6CB5","","","","","","","","","","","","","","","","",""
"1241","43147","9DB5","9DDB","9DB4","","","9DCC","","","","","","","","","","","","","","","","",""
"1242","43166","CA9B","CABA","CA93","","","CAA4","","","","","","","","","","","","","","","","",""
"1243","43177","1262","126A","125A","","","1253","","","","","","","","","","","","","","","","",""
"1244","43196","B1DB","B215","B1D3","","","B20A","","","","","","","","","","","","","","","","",""
"1245","43211","DF0E","DF28","DF06","","","DF20","","","","","","","","","","","","","","","","",""
"1246","43228","2D08","2D1A","2D09","","","2D13","","","","","","","","","","","","","","","","",""
"1247","43249","78DE","78FF","78DC","","","78F8","","","","","","","","","","","","","","","","",""
"1248","43264","C203","C21F","C1F4","","","C210","","","","","","","","","","","","","","","","",""
"1249","43275","0836","082D","082F","","","081E","","","","","","","","","","","","","","","","",""
"1250","43293","5548","5582","5537","","","5573","","","","","","","","","","","","","","","","",""
"1251","43309","9CD3","9CD3","9CCB","","","9CC4","","","","","","","","","","","","","","","","",""
"1252","43325","E60D","E60D","E605","","","E607","","","","","","","","","","","","","","","","",""
"1253","43343","143B","143B","142A","","","1426","","","","","","","","","","","","","","","","",""
"1254","43361","2242","224A","223A","","","223B","","","","","","","","","","","","","","","","",""
"1255","43376","6B83","6B83","6B82","","","6B7B","","","","","","","","","","","","","","","","",""
"1256","43388","B3D4","B3CA","B3C2","","","B3C5","","","","","","","","","","","","","","","","",""
"1257","43405","5A4F","5A4F","5A47","","","5A48","","","","","","","","","","","","","","","","",""
"1258","43424","94C9","94C9","94B2","","","94AF","","","","","","","","","","","","","","","","",""
"1259","43437","DDCA","DDCA","DDCB","","","DDBB","","","","","","","","","","","","","","","","",""
"1260","43454","214C","218A","2141","","","2179","","","","","","","","","","","","","","","","",""
"1261","43470","7062","7062","705A","","","7053","","","","","","","","","","","","","","","","",""
"1262","43485","C82C","C839","C81F","","","C832","","","","","","","","","","","","","","","","",""
"1263","43501","02B3","02E0","02AB","","","02DC","","","","","","","","","","","","","","","","",""
"1264","43518","56D9","571B","56D1","","","5702","","","","","","","","","","","","","","","","",""
"1265","43534","9391","9391","9389","","","9382","","","","","","","","","","","","","","","","",""
"1266","43550","DD62","DD78","DD61","","","DD69","","","","","","","","","","","","","","","","",""
"1267","43566","2617","2617","2606","","","2600","","","","","","","","","","","","","","","","",""
"1268","43580","705A","7077","7052","","","7068","","","","","","","","","","","","","","","","",""
"1269","43598","B871","B871","B860","","","B855","","","","","","","","","","","","","","","","",""
"1270","43612","19E9","1A08","19E1","","","19FC","","","","","","","","","","","","","","","","",""
"1271","43628","4D0A","4D2A","4D02","","","4D1B","","","","","","","","","","","","","","","","",""
"1272","43644","9620","964B","9618","","","963D","","","","","","","","","","","","","","","","",""
"1273","43660","DF6C","DF8F","DF64","","","DF7F","","","","","","","","","","","","","","","","",""
"1274","43676","28FE","2923","28FC","","","291D","","","","","","","","","","","","","","","","",""
"1275","43694","6CA9","6CA9","6C96","","","6C99","","","","","","","","","","","","","","","","",""
"1276","43709","BB36","BB58","BB2E","","","BB4A","","","","","","","","","","","","","","","","",""
"1277","43726","03C9","03C9","03C2","","","03B1","","","","","","","","","","","","","","","","",""
"1278","43740","4E8D","4EC6","4E86","","","4EB8","","","","","","","","","","","","","","","","",""
"1279","43756","AE1E","AE3E","AE1F","","","AE2B","","","","","","","","","","","","","","","","",""
"1280","43771","F0E5","F108","F0D8","","","F0F1","","","","","","","","","","","","","","","","",""
"1281","43788","354A","356A","3542","","","3566","","","","","","","","","","","","","","","","",""
"1282","43804","7FA6","7FE8","7F9E","","","7FD9","","","","","","","","","","","","","","","","",""
"1283","43816","D171","D18D","D169","","","D17E","","","","","","","","","","","","","","","","",""
"1284","43833","0F6B","0F61","0F59","","","0F4E","","","","","","","","","","","","","","","","",""
"1285","43852","5938","5952","5930","","","5943","","","","","","","","","","","","","","","","",""
"1286","43868","A1C9","A1CF","A1C1","","","A1C0","","","","","","","","","","","","","","","","",""
"1287","43884","EC35","EC4E","EC25","","","EC3F","","","","","","","","","","","","","","","","",""
"1288","43897","3447","3449","3447","","","343A","","","","","","","","","","","","","","","","",""
"1289","43917","7E17","7E36","7E06","","","7E19","","","","","","","","","","","","","","","","",""
"1290","43928","C230","C228","C228","","","C221","","","","","","","","","","","","","","","","",""
"1291","43947","1001","0FF8","0FF9","","","0FE9","","","","","","","","","","","","","","","","",""
"1292","43963","398C","3984","3984","","","397D","","","","","","","","","","","","","","","","",""
"1293","43977","8334","833B","833A","","","832C","","","","","","","","","","","","","","","","",""
"1294","43993","CBB7","CBB7","CBAF","","","CBB0","","","","","","","","","","","","","","","","",""
"1295","44010","14F2","14F2","14E2","","","14EA","","","","","","","","","","","","","","","","",""
"1296","44028","96E3","971D","96DB","","","9715","","","","","","","","","","","","","","","","",""
"1297","44041","B975","B9A7","B967","","","B998","","","","","","","","","","","","","","","","",""
"1298","44059","026E","02A2","0265","","","0298","","","","","","","","","","","","","","","","",""
"1299","44073","4C29","4C62","4C28","","","4C53","","","","","","","","","","","","","","","","",""
"1300","44087","94A9","94BE","949F","","","94B8","","","","","","","","","","","","","","","","",""
"1301","44106","DD84","DD98","DD78","","","DD91","","","","","","","","","","","","","","","","",""
"1302","44122","26D0","26E7","26BA","","","26D8","","","","","","","","","","","","","","","","",""
"1303","44139","7085","70A7","707D","","","7098","","","","","","","","","","","","","","","","",""
"1304","44152","B94C","B961","B939","","","B960","","","","","","","","","","","","","","","","",""
"1305","44171","F5B5","F5AA","F5AC","","","F5A5","","","","","","","","","","","","","","","","",""
"1306","44183","39AF","39CE","399D","","","39C0","","","","","","","","","","","","","","","","",""
"1307","44204","826F","8290","8267","","","8281","","","","","","","","","","","","","","","","",""
"1308","44218","CBEA","CC0A","CBEA","","","CC03","","","","","","","","","","","","","","","","",""
"1309","44236","13D9","13E0","13E2","","","13DA","","","","","","","","","","","","","","","","",""
"1310","44250","5D13","5D13","5D04","","","5D04","","","","","","","","","","","","","","","","",""
"1311","44266","A649","A642","A641","","","A633","","","","","","","","","","","","","","","","",""
"1312","44283","F01D","F037","F015","","","F028","","","","","","","","","","","","","","","","",""
"1313","44293","38CD","38D4","38C5","","","38BE","","","","","","","","","","","","","","","","",""
"1314","44313","8205","8205","8204","","","8204","","","","","","","","","","","","","","","","",""
"1315","44330","CBD0","CBF1","CBC8","","","CBD9","","","","","","","","","","","","","","","","",""
"1316","44344","1489","147B","147A","","","1471","","","","","","","","","","","","","","","","",""
"1317","44362","5DDD","5DD7","5DCF","","","5DCE","","","","","","","","","","","","","","","","",""
"1318","44376","8B2F","8B2F","8B27","","","8B27","","","","","","","","","","","","","","","","",""
"1319","44393","BA26","BA26","BA27","","","BA20","","","","","","","","","","","","","","","","",""
"1320","44410","FE60","FE60","FE5B","","","FE53","","","","","","","","","","","","","","","","",""
"1321","44423","4C68","4C68","4C60","","","4C62","","","","","","","","","","","","","","","","",""
"1322","44441","F641","F65A","F641","","","F64B","","","","","","","","","","","","","","","","",""
"1323","44457","2E9C","2E9C","2E94","","","2E8D","","","","","","","","","","","","","","","","",""
"1324","44472","7805","7823","77F4","","","7814","","","","","","","","","","","","","","","","",""
"1325","44486","C0A2","C0A2","C09A","","","C093","","","","","","","","","","","","","","","","",""
"1326","44504","09EF","09EF","09E7","","","09E9","","","","","","","","","","","","","","","","",""
"1327","44521","533C","533C","533C","","","532D","","","","","","","","","","","","","","","","",""
"1328","44537","9CFB","9D15","9CFD","","","9D06","","","","","","","","","","","","","","","","",""
"1329","44552","E635","E655","E637","","","E646","","","","","","","","","","","","","","","","",""
"1330","44569","2EF6","2EF6","2EE3","","","2EDC","","","","","","","","","","","","","","","","",""
"1331","44584","70BE","70BE","70B7","","","70AF","","","","","","","","","","","","","","","","",""
"1332","44598","AEE3","AEE3","AED4","","","AED4","","","","","","","","","","","","","","","","",""
"1333","44617","F7B3","F7B3","F7AB","","","F7AC","","","","","","","","","","","","","","","","",""
"1334","44631","7580","75BA","7578","","","75A1","","","","","","","","","","","","","","","","",""
"1335","44648","9A0B","9A3B","99FB","","","9A36","","","","","","","","","","","","","","","","",""
"1336","44666","E7A5","E7E9","E7A7","","","E7D1","","","","","","","","","","","","","","","","",""
"1337","44679","3176","31B0","3167","","","31AA","","","","","","","","","","","","","","","","",""
"1338","44697","7ACD","7B06","7AC5","","","7AF7","","","","","","","","","","","","","","","","",""
"1339","44708","C2C5","C2F5","C2BD","","","C2E6","","","","","","","","","","","","","","","","",""
"1340","44726","0C7C","0C8F","0C74","","","0C8F","","","","","","","","","","","","","","","","",""
"1341","44738","5553","557A","5559","","","5571","","","","","","","","","","","","","","","","",""
"1342","44760","9DDD","9DDD","9DCD","","","9DCE","","","","","","","","","","","","","","","","",""
"1343","44774","CE10","CE32","CE00","","","CE22","","","","","","","","","","","","","","","","",""
"1344","44789","1688","1689","1680","","","167A","","","","","","","","","","","","","","","","",""
"1345","44808","5F36","5F36","5F37","","","5F30","","","","","","","","","","","","","","","","",""
"1346","44823","A990","A9B7","A98F","","","A9B0","","","","","","","","","","","","","","","","",""
"1347","44840","26E8","2709","26EC","","","2704","","","","","","","","","","","","","","","","",""
"1348","44855","5E4D","5E6D","5E3C","","","5E56","","","","","","","","","","","","","","","","",""
"1349","44871","A98C","A9B3","A98B","","","A9A4","","","","","","","","","","","","","","","","",""
"1350","44885","EC72","ECAC","EC70","","","EC9D","","","","","","","","","","","","","","","","",""
"1351","44903","3C80","3CA8","3C78","","","3C8B","","","","","","","","","","","","","","","","",""
"1352","44918","8282","8282","8272","","","826B","","","","","","","","","","","","","","","","",""
"1353","44935","CED7","CEF6","CECF","","","CEEE","","","","","","","","","","","","","","","","",""
"1354","44951","17DA","17F3","17D2","","","17EB","","","","","","","","","","","","","","","","",""
"1355","44965","6069","6077","6067","","","6068","","","","","","","","","","","","","","","","",""
"1356","44983","8F69","8FA3","8F68","","","8F8D","","","","","","","","","","","","","","","","",""
"1357","44998","9C38","9C41","9C30","","","9C32","","","","","","","","","","","","","","","","",""
"1358","45014","E588","E590","E580","","","E579","","","","","","","","","","","","","","","","",""
"1359","45032","2F7A","2FB5","2F72","","","2FA6","","","","","","","","","","","","","","","","",""
"1360","45047","DA69","DA81","DA59","","","DA7B","","","","","","","","","","","","","","","","",""
"1361","45063","10EC","110C","10EB","","","10FD","","","","","","","","","","","","","","","","",""
"1362","45077","5A08","5A1F","59F8","","","5A10","","","","","","","","","","","","","","","","",""
"1363","45093","A359","A37F","A351","","","A369","","","","","","","","","","","","","","","","",""
"1364","45110","ECE1","ED01","ECCA","","","ECF2","","","","","","","","","","","","","","","","",""
"1365","45126","2E2B","2E32","2E22","","","2E23","","","","","","","","","","","","","","","","",""
"1366","45140","7F95","7FD0","7F8D","","","7FC1","","","","","","","","","","","","","","","","",""
"1367","45159","D7BD","D7BD","D7BC","","","D7B5","","","","","","","","","","","","","","","","",""
"1368","45173","1202","1222","11F9","","","1211","","","","","","","","","","","","","","","","",""
"1369","45186","5B33","5B4B","5B21","","","5B44","","","","","","","","","","","","","","","","",""
"1370","45204","A375","A375","A362","","","A35B","","","","","","","","","","","","","","","","",""
"1371","45219","EC94","EC94","EC82","","","EC7B","","","","","","","","","","","","","","","","",""
"1372","45238","377F","37BB","3777","","","37B3","","","","","","","","","","","","","","","","",""
"1373","45255","9479","949B","9479","","","9483","","","","","","","","","","","","","","","","",""
"1374","45268","C588","C5A2","C576","","","C593","","","","","","","","","","","","","","","","",""
"1375","45286","0E9D","0EA8","0E8A","","","0EA4","","","","","","","","","","","","","","","","",""
"1376","45302","585C","586D","5854","","","585A","","","","","","","","","","","","","","","","",""
"1377","45317","A06C","A06C","A06C","","","A05D","","","","","","","","","","","","","","","","",""
"1378","45333","EA5E","EA74","EA4E","","","EA65","","","","","","","","","","","","","","","","",""
"1379","45351","35C1","35F1","35C1","","","35DA","","","","","","","","","","","","","","","","",""
"1380","45363","78BA","78DA","78BB","","","78CB","","","","","","","","","","","","","","","","",""
"1381","45380","C567","C567","C566","","","C54F","","","","","","","","","","","","","","","","",""
"1382","45394","071F","071F","071E","","","0710","","","","","","","","","","","","","","","","",""
"1383","45413","45AC","45A6","45AC","","","4597","","","","","","","","","","","","","","","","",""
"1384","45430","8E2C","8E34","8E2C","","","8E1D","","","","","","","","","","","","","","","","",""
"1385","45442","D75A","D764","D752","","","D755","","","","","","","","","","","","","","","","",""
"1386","45460","5143","516B","5141","","","5162","","","","","","","","","","","","","","","","",""
"1387","45477","7EDC","7EF8","7ED4","","","7EE9","","","","","","","","","","","","","","","","",""
"1388","45491","C7E6","C80F","C7E6","","","C800","","","","","","","","","","","","","","","","",""
"1389","45508","11D1","1202","11C9","","","11FD","","","","","","","","","","","","","","","","",""
"1390","45521","5AC5","5AE4","5ABD","","","5AD5","","","","","","","","","","","","","","","","",""
"1391","45539","A2F3","A2F0","A2EB","","","A2E1","","","","","","","","","","","","","","","","",""
"1392","45555","047B","049B","047C","","","048C","","","","","","","","","","","","","","","","",""
"1393","45571","355E","356C","355F","","","355F","","","","","","","","","","","","","","","","",""
"1394","45585","7F34","7F53","7F2A","","","7F3C","","","","","","","","","","","","","","","","",""
"1395","45605","C313","C31C","C309","","","C30C","","","","","","","","","","","","","","","","",""
"1396","45616","121E","1244","1216","","","1235","","","","","","","","","","","","","","","","",""
"1397","45637","5B51","5B71","5B49","","","5B62","","","","","","","","","","","","","","","","",""
"1398","45653","A55D","A590","A55B","","","A58F","","","","","","","","","","","","","","","","",""
"1399","45668","17A8","17D9","17A0","","","17D3","","","","","","","","","","","","","","","","",""
"1400","45683","35E3","3616","35E2","","","360E","","","","","","","","","","","","","","","","",""
"1401","45699","8112","814B","8102","","","813C","","","","","","","","","","","","","","","","",""
"1402","45715","CAC5","CAFD","CAC4","","","CAF8","","","","","","","","","","","","","","","","",""
"1403","45728","112F","1148","1127","","","1141","","","","","","","","","","","","","","","","",""
"1404","45749","5C13","5C32","5C12","","","5C2E","","","","","","","","","","","","","","","","",""
"1405","45764","A7A4","A7C5","A7A3","","","A7BE","","","","","","","","","","","","","","","","",""
"1406","45778","EF25","EF36","EF1D","","","EF30","","","","","","","","","","","","","","","","",""
"1407","45795","37E9","3800","37E1","","","37F3","","","","","","","","","","","","","","","","",""
"1408","45809","7900","7900","78F8","","","78F6","","","","","","","","","","","","","","","","",""
"1409","45824","B845","B85E","B835","","","B856","","","","","","","","","","","","","","","","",""
"1410","45842","FA38","FA58","FA38","","","FA49","","","","","","","","","","","","","","","","",""
"1411","45858","492B","492B","4923","","","4913","","","","","","","","","","","","","","","","",""
"1412","45872","95D5","95F5","95D7","","","95F0","","","","","","","","","","","","","","","","",""
"1413","45887","DC03","DBFA","DBFB","","","DBF4","","","","","","","","","","","","","","","","",""
"1414","45905","24E7","24E7","24E7","","","24D8","","","","","","","","","","","","","","","","",""
"1415","45920","6EBE","6EE0","6EB6","","","6ED1","","","","","","","","","","","","","","","","",""
"1416","45937","B76B","B764","B75C","","","B755","","","","","","","","","","","","","","","","",""
"1417","45953","00B7","00B5","00A6","","","00A6","","","","","","","","","","","","","","","","",""
"1418","45970","4CB8","4CD8","4CA7","","","4CBA","","","","","","","","","","","","","","","","",""
"1419","45985","9329","9332","9329","","","9323","","","","","","","","","","","","","","","","",""
"1420","46001","DC7C","DC7C","DC72","","","DC6B","","","","","","","","","","","","","","","","",""
"1421","46019","0531","0531","0529","","","0521","","","","","","","","","","","","","","","","",""
"1422","46034","3432","3432","3432","","","342B","","","","","","","","","","","","","","","","",""
"1423","46049","7D32","7D32","7D2A","","","7D15","","","","","","","","","","","","","","","","",""
"1424","46066","23FD","23FD","23EC","","","23EE","","","","","","","","","","","","","","","","",""
"1425","46081","53FA","5423","53F9","","","540A","","","","","","","","","","","","","","","","",""
"1426","46094","A5DC","A5D6","A5CE","","","A5CD","","","","","","","","","","","","","","","","",""
"1427","46113","EF14","EF14","EF0F","","","EF05","","","","","","","","","","","","","","","","",""
"1428","46129","3709","3729","3704","","","3724","","","","","","","","","","","","","","","","",""
"1429","46147","81A4","81B0","81A8","","","8195","","","","","","","","","","","","","","","","",""
"1430","46163","CAD9","CAD7","CACF","","","CAC0","","","","","","","","","","","","","","","","",""
"1431","46174","14CB","14E6","14CC","","","14DD","","","","","","","","","","","","","","","","",""
"1432","46194","5DE2","5E0B","5DE3","","","5DFB","","","","","","","","","","","","","","","","",""
"1433","46209","9F86","9F86","9F86","","","9F80","","","","","","","","","","","","","","","","",""
"1434","46224","FD37","FD37","FD2F","","","FD28","","","","","","","","","","","","","","","","",""
"1435","46238","43AA","43AA","43A2","","","439B","","","","","","","","","","","","","","","","",""
"1436","46259","8CE4","8CED","8CDC","","","8CD5","","","","","","","","","","","","","","","","",""
"1437","46274","EA43","EA77","EA3B","","","EA76","","","","","","","","","","","","","","","","",""
"1438","46290","1875","18B4","1865","","","18A5","","","","","","","","","","","","","","","","",""
"1439","46304","61B4","61ED","619E","","","61E0","","","","","","","","","","","","","","","","",""
"1440","46322","A68D","A6C6","A689","","","A6BE","","","","","","","","","","","","","","","","",""
"1441","46336","F3D5","F3ED","F3C4","","","F3E7","","","","","","","","","","","","","","","","",""
"1442","46353","3CB1","3CD3","3CAF","","","3CC2","","","","","","","","","","","","","","","","",""
"1443","46366","875E","8788","874C","","","8780","","","","","","","","","","","","","","","","",""
"1444","46385","CF1B","CF3D","CF0C","","","CF2E","","","","","","","","","","","","","","","","",""
"1445","46402","17CA","17D1","17C2","","","17C2","","","","","","","","","","","","","","","","",""
"1446","46418","4801","481F","4801","","","480C","","","","","","","","","","","","","","","","",""
"1447","46432","9051","9059","9049","","","9042","","","","","","","","","","","","","","","","",""
"1448","46451","D926","D92E","D928","","","D91F","","","","","","","","","","","","","","","","",""
"1449","46461","2372","2392","236A","","","237B","","","","","","","","","","","","","","","","",""
"1450","46481","9166","916D","9165","","","9157","","","","","","","","","","","","","","","","",""
"1451","46496","D23C","D236","D22E","","","D227","","","","","","","","","","","","","","","","",""
"1452","46510","1D8C","1D8C","1D7C","","","1D7D","","","","","","","","","","","","","","","","",""
"1453","46527","6752","676B","6751","","","6766","","","","","","","","","","","","","","","","",""
"1454","46544","ADCE","ADC6","ADC6","","","ADB7","","","","","","","","","","","","","","","","",""
"1455","46562","F242","F242","F242","","","F233","","","","","","","","","","","","","","","","",""
"1456","46576","4327","4348","431F","","","4330","","","","","","","","","","","","","","","","",""
"1457","46592","8E70","8E70","8E68","","","8E61","","","","","","","","","","","","","","","","",""
"1458","46606","D53F","D53F","D537","","","D538","","","","","","","","","","","","","","","","",""
"1459","46623","020B","0225","0203","","","0218","","","","","","","","","","","","","","","","",""
"1460","46637","510C","5125","5104","","","511F","","","","","","","","","","","","","","","","",""
"1461","46653","954F","954F","953E","","","9540","","","","","","","","","","","","","","","","",""
"1462","46670","DE87","DEA1","DE7F","","","DE98","","","","","","","","","","","","","","","","",""
"1463","46688","5774","5795","576C","","","5786","","","","","","","","","","","","","","","","",""
"1464","46702","852B","8549","8523","","","8544","","","","","","","","","","","","","","","","",""
"1465","46720","CE31","CE5B","CE2F","","","CE44","","","","","","","","","","","","","","","","",""
"1466","46731","1795","17AC","178D","","","17A6","","","","","","","","","","","","","","","","",""
"1467","46750","60FE","6122","60F6","","","6113","","","","","","","","","","","","","","","","",""
"1468","46764","A93B","A946","A933","","","A937","","","","","","","","","","","","","","","","",""
"1469","46780","0618","0651","0618","","","0642","","","","","","","","","","","","","","","","",""
"1470","46800","34DC","34EC","34DC","","","34DE","","","","","","","","","","","","","","","","",""
"1471","46814","85C1","85DF","85AE","","","85CF","","","","","","","","","","","","","","","","",""
"1472","46831","CE3A","CE49","CE34","","","CE2F","","","","","","","","","","","","","","","","",""
"1473","46841","18FF","191E","18F7","","","1907","","","","","","","","","","","","","","","","",""
"1474","46858","60BB","60BB","60BB","","","60B5","","","","","","","","","","","","","","","","",""
"1475","46879","ABB3","ABE7","ABAB","","","ABDE","","","","","","","","","","","","","","","","",""
"1476","46894","0D58","0D88","0D50","","","0D79","","","","","","","","","","","","","","","","",""
"1477","46909","39C8","3A00","39B6","","","39E9","","","","","","","","","","","","","","","","",""
"1478","46927","82F6","8328","82EF","","","8321","","","","","","","","","","","","","","","","",""
"1479","46942","CC96","CCCA","CC86","","","CCC3","","","","","","","","","","","","","","","","",""
"1480","46960","1536","1550","1530","","","1540","","","","","","","","","","","","","","","","",""
"1481","46974","5E05","5E13","5DFB","","","5E0F","","","","","","","","","","","","","","","","",""
"1482","46992","A971","A99B","A96B","","","A983","","","","","","","","","","","","","","","","",""
"1483","47005","F0F4","F109","F0F0","","","F0FA","","","","","","","","","","","","","","","","",""
"1484","47018","39C0","39D5","39B8","","","39C7","","","","","","","","","","","","","","","","",""
"1485","47038","7632","762D","762A","","","762C","","","","","","","","","","","","","","","","",""
"1486","47053","BA23","BA44","BA1B","","","BA35","","","","","","","","","","","","","","","","",""
"1487","47071","02DC","02FE","02CC","","","02EF","","","","","","","","","","","","","","","","",""
"1488","47086","4C6F","4C87","4C59","","","4C73","","","","","","","","","","","","","","","","",""
"1489","47097","CC99","CCD8","CC96","","","CCC9","","","","","","","","","","","","","","","","",""
"1490","47118","F7D1","F813","F7D2","","","F804","","","","","","","","","","","","","","","","",""
"1491","47132","40EE","4129","40E6","","","411A","","","","","","","","","","","","","","","","",""
"1492","47146","9042","907D","9033","","","9066","","","","","","","","","","","","","","","","",""
"1493","47163","D325","D33C","D31D","","","D328","","","","","","","","","","","","","","","","",""
"1494","47183","1BF5","1C15","1BED","","","1C01","","","","","","","","","","","","","","","","",""
"1495","47197","7520","754A","7522","","","7532","","","","","","","","","","","","","","","","",""
"1496","47213","AF0F","AF28","AF15","","","AF27","","","","","","","","","","","","","","","","",""
"1497","47229","F7C5","F7E6","F7BD","","","F7D7","","","","","","","","","","","","","","","","",""
"1498","47244","45E4","45DD","45DC","","","45CE","","","","","","","","","","","","","","","","",""
"1499","47258","8AA4","8ABF","8AA6","","","8AB6","","","","","","","","","","","","","","","","",""
"1500","47277","CF5F","CF80","CF5A","","","CF71","","","","","","","","","","","","","","","","",""
"1501","47292","1C04","1BF6","1BFC","","","1BED","","","","","","","","","","","","","","","","",""
"1502","47309","8FD0","9008","8FC9","","","8FF9","","","","","","","","","","","","","","","","",""
"1503","47322","B04F","B0B9","B03F","","","B0AA","","","","","","","","","","","","","","","","",""
"1504","47340","F81E","F85A","F816","","","F83B","","","","","","","","","","","","","","","","",""
"1505","47354","409B","40C7","4094","","","40B0","","","","","","","","","","","","","","","","",""
"1506","47373","8986","899C","897E","","","898D","","","","","","","","","","","","","","","","",""
"1507","47389","D2C0","D2DD","D2BF","","","D2CE","","","","","","","","","","","","","","","","",""
"1508","47403","1C74","1C8C","1C65","","","1C7D","","","","","","","","","","","","","","","","",""
"1509","47421","654C","6565","6544","","","655D","","","","","","","","","","","","","","","","",""
"1510","47433","ADDD","ADE4","ADD6","","","ADCE","","","","","","","","","","","","","","","","",""
"1511","47450","F409","F42C","F404","","","F41D","","","","","","","","","","","","","","","","",""
"1512","47467","2F04","2F2B","2F0B","","","2F1C","","","","","","","","","","","","","","","","",""
"1513","47481","78E6","78EF","78E7","","","78E0","","","","","","","","","","","","","","","","",""
"1514","47496","C6AB","C6CA","C6AA","","","C6BB","","","","","","","","","","","","","","","","",""
"1515","47512","0498","0498","0490","","","0489","","","","","","","","","","","","","","","","",""
"1516","47532","52AB","52AB","52AA","","","529C","","","","","","","","","","","","","","","","",""
"1517","47548","A03A","A03A","A032","","","A02C","","","","","","","","","","","","","","","","",""
"1518","47558","EA54","EA6D","EA43","","","EA5E","","","","","","","","","","","","","","","","",""
"1519","47578","30AF","30A6","309E","","","3097","","","","","","","","","","","","","","","","",""
"1520","47595","7C85","7C9D","7C75","","","7C96","","","","","","","","","","","","","","","","",""
"1521","47612","C53A","C53A","C532","","","C523","","","","","","","","","","","","","","","","",""
"1522","47624","0E7F","0E7F","0E77","","","0E6A","","","","","","","","","","","","","","","","",""
"1523","47639","3610","3610","3608","","","3601","","","","","","","","","","","","","","","","",""
"1524","47659","63D9","63D9","63C3","","","63CA","","","","","","","","","","","","","","","","",""
"1525","47673","ACE2","ACE2","ACD4","","","ACD3","","","","","","","","","","","","","","","","",""
"1526","47688","F5A8","F5A1","F5A0","","","F59B","","","","","","","","","","","","","","","","",""
"1527","47705","9AF0","9B0B","9AE6","","","9AFB","","","","","","","","","","","","","","","","",""
"1528","47721","D584","D58E","D585","","","D57F","","","","","","","","","","","","","","","","",""
"1529","47737","1E9D","1EA5","1E9D","","","1E8E","","","","","","","","","","","","","","","","",""
"1530","47753","5F16","5F3C","5F16","","","5F2D","","","","","","","","","","","","","","","","",""
"1531","47766","B11B","B11B","B113","","","B10C","","","","","","","","","","","","","","","","",""
"1532","47786","FA60","FA60","FA58","","","FA51","","","","","","","","","","","","","","","","",""
"1533","47801","447E","4498","446E","","","4481","","","","","","","","","","","","","","","","",""
"1534","47816","8D75","8D9E","8D6D","","","8D8F","","","","","","","","","","","","","","","","",""
"1535","47831","D61B","D621","D61A","","","D60C","","","","","","","","","","","","","","","","",""
"1536","47848","17DD","17DD","17CC","","","17CE","","","","","","","","","","","","","","","","",""
"1537","47866","567D","5683","567B","","","566E","","","","","","","","","","","","","","","","",""
"1538","47883","9ECE","9ECE","9ED0","","","9EBF","","","","","","","","","","","","","","","","",""
"1539","47896","E833","E833","E823","","","E816","","","","","","","","","","","","","","","","",""
"1540","47913","6434","646C","642C","","","6458","","","","","","","","","","","","","","","","",""
"1541","47929","932F","9368","9327","","","935E","","","","","","","","","","","","","","","","",""
"1542","47943","DC3E","DC78","DC36","","","DC69","","","","","","","","","","","","","","","","",""
"1543","47958","25E2","262A","25E8","","","2613","","","","","","","","","","","","","","","","",""
"1544","47977","6E74","6E9D","6E6C","","","6E85","","","","","","","","","","","","","","","","",""
"1545","47992","B2C5","B2E0","B2BD","","","B2D1","","","","","","","","","","","","","","","","",""
"1546","48009","008D","009E","007F","","","009D","","","","","","","","","","","","","","","","",""
"1547","48025","4A57","4A79","4A58","","","4A69","","","","","","","","","","","","","","","","",""
"1548","48039","934D","937A","9353","","","936B","","","","","","","","","","","","","","","","",""
"1549","48059","C1A0","C1C0","C198","","","C1B8","","","","","","","","","","","","","","","","",""
"1550","48071","09FD","09FD","09F5","","","09EE","","","","","","","","","","","","","","","","",""
"1551","48089","52C1","52C9","52C1","","","52BA","","","","","","","","","","","","","","","","",""
"1552","48105","9D15","9D3F","9D0D","","","9D26","","","","","","","","","","","","","","","","",""
"1553","48123","0989","0989","0978","","","096C","","","","","","","","","","","","","","","","",""
"1554","48134","4E91","4E91","4E89","","","4E87","","","","","","","","","","","","","","","","",""
"1555","48151","97D6","97D6","97CE","","","97C6","","","","","","","","","","","","","","","","",""
"1556","48166","E196","E1B0","E184","","","E199","","","","","","","","","","","","","","","","",""
"1557","48184","2A4C","2A4C","2A3A","","","2A3D","","","","","","","","","","","","","","","","",""
"1558","48198","7387","7390","737F","","","7380","","","","","","","","","","","","","","","","",""
"1559","48215","BD5C","BD7D","BD56","","","BD6E","","","","","","","","","","","","","","","","",""
"1560","48231","0181","0181","0182","","","017B","","","","","","","","","","","","","","","","",""
"1561","48247","4F3C","4F3C","4F43","","","4F3C","","","","","","","","","","","","","","","","",""
"1562","48264","7E77","7E87","7E75","","","7E76","","","","","","","","","","","","","","","","",""
"1563","48281","AB4B","AB5A","AB42","","","AB56","","","","","","","","","","","","","","","","",""
"1564","48296","D3BB","D3BB","D3AB","","","D3AC","","","","","","","","","","","","","","","","",""
"1565","48312","1D5A","1D74","1D49","","","1D5B","","","","","","","","","","","","","","","","",""
"1566","48325","D09F","D0DC","D097","","","D0C9","","","","","","","","","","","","","","","","",""
"1567","48344","0225","0257","0215","","","0248","","","","","","","","","","","","","","","","",""
"1568","48361","4B39","4B6C","4B31","","","4B6D","","","","","","","","","","","","","","","","",""
"1569","48374","94F7","9531","94E7","","","9522","","","","","","","","","","","","","","","","",""
"1570","48390","DD75","DD95","DD63","","","DD7E","","","","","","","","","","","","","","","","",""
"1571","48408","264B","2668","264F","","","265F","","","","","","","","","","","","","","","","",""
"1572","48424","7A53","7A6B","7A43","","","7A65","","","","","","","","","","","","","","","","",""
"1573","48439","B968","B982","B958","","","B969","","","","","","","","","","","","","","","","",""
"1574","48453","0218","0227","0210","","","0226","","","","","","","","","","","","","","","","",""
"1575","48473","45FF","45FF","4601","","","45FB","","","","","","","","","","","","","","","","",""
"1576","48485","9503","9521","9503","","","951C","","","","","","","","","","","","","","","","",""
"1577","48501","DE3C","DE5D","DE2B","","","DE4E","","","","","","","","","","","","","","","","",""
"1578","48518","27BC","27DC","27AE","","","27CD","","","","","","","","","","","","","","","","",""
"1579","48532","8FBB","8FEB","8FB3","","","8FE7","","","","","","","","","","","","","","","","",""
"1580","48550","B9F4","BA2F","B9EC","","","BA29","","","","","","","","","","","","","","","","",""
"1581","48568","0311","0343","0309","","","033C","","","","","","","","","","","","","","","","",""
"1582","48582","4CB1","4CE5","4CB2","","","4CDE","","","","","","","","","","","","","","","","",""
"1583","48596","955E","9575","9556","","","9566","","","","","","","","","","","","","","","","",""
"1584","48612","DE21","DE34","DE1B","","","DE2E","","","","","","","","","","","","","","","","",""
"1585","48629","3173","31B5","316B","","","31A6","","","","","","","","","","","","","","","","",""
"1586","48646","714A","717B","7142","","","7174","","","","","","","","","","","","","","","","",""
"1587","48659","BA91","BACB","BA89","","","BAC6","","","","","","","","","","","","","","","","",""
"1588","48679","FCC4","FCFE","FCAE","","","FCF0","","","","","","","","","","","","","","","","",""
"1589","48696","3A2A","3A53","3A2A","","","3A34","","","","","","","","","","","","","","","","",""
"1590","48712","7E2A","7E43","7E22","","","7E2D","","","","","","","","","","","","","","","","",""
"1591","48727","CBD7","CBFF","CBC9","","","CBF0","","","","","","","","","","","","","","","","",""
"1592","48741","4CB8","4CED","4CB0","","","4CE3","","","","","","","","","","","","","","","","",""
"1593","48755","83CC","8438","83C4","","","8429","","","","","","","","","","","","","","","","",""
"1594","48773","CBC7","CC02","CBBF","","","CBEA","","","","","","","","","","","","","","","","",""
"1595","48790","1450","1463","1440","","","1463","","","","","","","","","","","","","","","","",""
"1596","48804","5D39","5D4A","5D2A","","","5D3B","","","","","","","","","","","","","","","","",""
"1597","48823","A671","A690","A662","","","A67B","","","","","","","","","","","","","","","","",""
"1598","48837","FEFA","FF38","FEFD","","","FF29","","","","","","","","","","","","","","","","",""
"1599","48853","39B3","39EC","39AB","","","39D6","","","","","","","","","","","","","","","","",""
"1600","48868","82D5","8306","82CC","","","82F7","","","","","","","","","","","","","","","","",""
"1601","48884","AACD","AB07","AAC5","","","AAFF","","","","","","","","","","","","","","","","",""
"1602","48899","F38D","F3A6","F37E","","","F39E","","","","","","","","","","","","","","","","",""
"1603","48916","3BDF","3C02","3BE1","","","3BF4","","","","","","","","","","","","","","","","",""
"1604","48930","BA08","BA4F","BA06","","","BA42","","","","","","","","","","","","","","","","",""
"1605","48951","DCA5","DCDD","DC9D","","","DCC2","","","","","","","","","","","","","","","","",""
"1606","48961","2A59","2A9A","2A59","","","2A83","","","","","","","","","","","","","","","","",""
"1607","48981","73F9","743A","73EC","","","7424","","","","","","","","","","","","","","","","",""
"1608","48996","BD87","BDBF","BD7F","","","BDBA","","","","","","","","","","","","","","","","",""
"1609","49013","0555","057C","055B","","","056D","","","","","","","","","","","","","","","","",""
"1610","49029","4F20","4F3A","4F20","","","4F2B","","","","","","","","","","","","","","","","",""
"1611","49043","97E7","9806","97E5","","","97FF","","","","","","","","","","","","","","","","",""
"1612","49061","E085","E085","E07D","","","E076","","","","","","","","","","","","","","","","",""
"1613","49075","2358","2374","2346","","","2361","","","","","","","","","","","","","","","","",""
"1614","49092","4175","4175","4165","","","4166","","","","","","","","","","","","","","","","",""
"1615","49104","8AAF","8AC8","8AA1","","","8AC0","","","","","","","","","","","","","","","","",""
"1616","49123","D359","D37E","D357","","","D36F","","","","","","","","","","","","","","","","",""
"1617","49142","217F","2199","2170","","","2182","","","","","","","","","","","","","","","","",""
"1618","49154","65F1","6611","65EA","","","6602","","","","","","","","","","","","","","","","",""
"1619","49171","AF3D","AF53","AF33","","","AF4D","","","","","","","","","","","","","","","","",""
"1620","49190","F4A7","F4DA","F498","","","F4CB","","","","","","","","","","","","","","","","",""
"1621","49203","4224","4251","421C","","","423C","","","","","","","","","","","","","","","","",""
"1622","49218","8A43","8A3C","8A3B","","","8A2D","","","","","","","","","","","","","","","","",""
"1623","49237","D473","D49B","D472","","","D483","","","","","","","","","","","","","","","","",""
"1624","49250","222C","224C","221C","","","223D","","","","","","","","","","","","","","","","",""
"1625","49266","66B2","66D0","66AA","","","66B9","","","","","","","","","","","","","","","","",""
"1626","49279","8EE5","8F1D","8EDD","","","8F0F","","","","","","","","","","","","","","","","",""
"1627","49299","BC02","BC2A","BC02","","","BC1B","","","","","","","","","","","","","","","","",""
"1628","49315","056C","0593","055D","","","0584","","","","","","","","","","","","","","","","",""
"1629","49332","4DB6","4DD7","4DA8","","","4DBA","","","","","","","","","","","","","","","","",""
"1630","49344","F9F2","FA08","F9EA","","","FA03","","","","","","","","","","","","","","","","",""
"1631","49362","2DE4","2DF4","2DD3","","","2DEC","","","","","","","","","","","","","","","","",""
"1632","49378","792A","7953","7922","","","7936","","","","","","","","","","","","","","","","",""
"1633","49395","C25A","C27A","C25A","","","C26B","","","","","","","","","","","","","","","","",""
"1634","49411","09E7","0A07","09DF","","","09F8","","","","","","","","","","","","","","","","",""
"1635","49428","4D64","4D5A","4D5B","","","4D54","","","","","","","","","","","","","","","","",""
"1636","49443","9EC8","9F01","9EBD","","","9EEA","","","","","","","","","","","","","","","","",""
"1637","49456","E6B0","E6B0","E6B0","","","E6A9","","","","","","","","","","","","","","","","",""
"1638","49476","30FD","311C","30F5","","","310D","","","","","","","","","","","","","","","","",""
"1639","49487","72D7","72F7","72CF","","","72E7","","","","","","","","","","","","","","","","",""
"1640","49506","B009","B001","AFF3","","","AFFA","","","","","","","","","","","","","","","","",""
"1641","49519","F8BD","F8C5","F8BF","","","F8AE","","","","","","","","","","","","","","","","",""
"1642","49538","43C1","43F2","43B0","","","43EC","","","","","","","","","","","","","","","","",""
"1643","49555","CE77","CE77","CE6F","","","CE5F","","","","","","","","","","","","","","","","",""
"1644","49569","0E18","0E21","0E10","","","0E09","","","","","","","","","","","","","","","","",""
"1645","49582","5735","5735","5734","","","5726","","","","","","","","","","","","","","","","",""
"1646","49599","A083","A08E","A086","","","A074","","","","","","","","","","","","","","","","",""
"1647","49617","E9CB","E9CB","E9CA","","","E9C4","","","","","","","","","","","","","","","","",""
"1648","49633","3309","3309","3309","","","3303","","","","","","","","","","","","","","","","",""
"1649","49645","7D6C","7DA5","7D6C","","","7DA0","","","","","","","","","","","","","","","","",""
"1650","49667","BE92","BE8A","BE8A","","","BE7B","","","","","","","","","","","","","","","","",""
"1651","49681","0ED9","0ED9","0EC7","","","0EC0","","","","","","","","","","","","","","","","",""
"1652","49698","3CD8","3CD8","3CD8","","","3CD1","","","","","","","","","","","","","","","","",""
"1653","49709","6804","6804","67FD","","","67EE","","","","","","","","","","","","","","","","",""
"1654","49728","B0A5","B0A5","B0AB","","","B09C","","","","","","","","","","","","","","","","",""
"1655","49746","F9FE","FA19","F9F6","","","FA10","","","","","","","","","","","","","","","","",""
"1656","49759","8FD0","900B","8FC8","","","8FF1","","","","","","","","","","","","","","","","",""
"1657","49775","C4A5","C4D7","C49D","","","C4C8","","","","","","","","","","","","","","","","",""
"1658","49790","0DB6","0DEF","0DB4","","","0DE0","","","","","","","","","","","","","","","","",""
"1659","49809","576C","57B6","576B","","","57A0","","","","","","","","","","","","","","","","",""
"1660","49823","9FF8","A00B","9FE8","","","A001","","","","","","","","","","","","","","","","",""
"1661","49842","E8D9","E8F4","E8C8","","","E8E5","","","","","","","","","","","","","","","","",""
"1662","49854","3C26","3C60","3C18","","","3C53","","","","","","","","","","","","","","","","",""
"1663","49873","7C0C","7C3E","7C04","","","7C2F","","","","","","","","","","","","","","","","",""
"1664","49888","C54B","C57E","C543","","","C56F","","","","","","","","","","","","","","","","",""
"1665","49904","ED14","ED4D","ED02","","","ED3E","","","","","","","","","","","","","","","","",""
"1666","49920","FF1C","FF33","FF04","","","FF2A","","","","","","","","","","","","","","","","",""
"1667","49936","47EF","47FF","47E1","","","47F7","","","","","","","","","","","","","","","","",""
"1668","49952","91A8","91EC","91A3","","","91DF","","","","","","","","","","","","","","","","",""
"1669","49967","43CE","4419","43C6","","","43FA","","","","","","","","","","","","","","","","",""
"1670","49983","7562","759B","7562","","","7596","","","","","","","","","","","","","","","","",""
"1671","49999","BE88","BEC4","BE79","","","BEAA","","","","","","","","","","","","","","","","",""
"1672","50015","0844","087E","083B","","","0866","","","","","","","","","","","","","","","","",""
"1673","50032","50B9","50E1","50B1","","","50C7","","","","","","","","","","","","","","","","",""
"1674","50046","9988","99B1","9988","","","99A8","","","","","","","","","","","","","","","","",""
"1675","50065","F79A","F7D4","F792","","","F7CE","","","","","","","","","","","","","","","","",""
"1676","50078","2CE1","2D0E","2CD8","","","2D03","","","","","","","","","","","","","","","","",""
"1677","50094","7606","7646","7606","","","7637","","","","","","","","","","","","","","","","",""
"1678","50107","BFBD","BFEE","BFAB","","","BFDF","","","","","","","","","","","","","","","","",""
"1679","50124","0841","0863","0831","","","0854","","","","","","","","","","","","","","","","",""
"1680","50142","4C6F","4C90","4C70","","","4C83","","","","","","","","","","","","","","","","",""
"1681","50159","9A6D","9A89","9A61","","","9A77","","","","","","","","","","","","","","","","",""
"1682","50176","0D40","0D79","0D40","","","0D73","","","","","","","","","","","","","","","","",""
"1683","50191","3395","3411","3397","","","3402","","","","","","","","","","","","","","","","",""
"1684","50209","7B70","7BA3","7B70","","","7BA2","","","","","","","","","","","","","","","","",""
"1685","50224","C3E7","C417","C3F0","","","C3FF","","","","","","","","","","","","","","","","",""
"1686","50235","0CE2","0D04","0CE1","","","0CF4","","","","","","","","","","","","","","","","",""
"1687","50255","5617","562E","560F","","","5628","","","","","","","","","","","","","","","","",""
"1688","50272","A957","A999","A94F","","","A982","","","","","","","","","","","","","","","","",""
"1689","50286","E949","E983","E939","","","E96B","","","","","","","","","","","","","","","","",""
"1690","50301","3281","32BA","3281","","","32B6","","","","","","","","","","","","","","","","",""
"1691","50319","74C2","74F9","74B4","","","74EE","","","","","","","","","","","","","","","","",""
"1692","50336","B229","B23F","B221","","","B239","","","","","","","","","","","","","","","","",""
"1693","50350","FA9C","FAA6","FA8A","","","FAA5","","","","","","","","","","","","","","","","",""
"1694","50365","72B8","72F9","72B6","","","72EA","","","","","","","","","","","","","","","","",""
"1695","50381","A3C9","A40B","A3C1","","","A3F4","","","","","","","","","","","","","","","","",""
"1696","50396","F19E","F1DA","F196","","","F1CB","","","","","","","","","","","","","","","","",""
"1697","50414","3B4A","3B89","3B50","","","3B7A","","","","","","","","","","","","","","","","",""
"1698","50431","84D2","850D","84CA","","","84FE","","","","","","","","","","","","","","","","",""
"1699","50443","CCB2","CCD3","CCA3","","","CCC4","","","","","","","","","","","","","","","","",""
"1700","50462","1667","1681","1666","","","1672","","","","","","","","","","","","","","","","",""
"1701","50477","6952","698A","694A","","","697B","","","","","","","","","","","","","","","","",""
"1702","50493","A90F","A947","A907","","","A938","","","","","","","","","","","","","","","","",""
"1703","50508","D023","D065","D01B","","","D047","","","","","","","","","","","","","","","","",""
"1704","50522","1A19","1A5A","1A11","","","1A4B","","","","","","","","","","","","","","","","",""
"1705","50542","6227","6246","621F","","","6237","","","","","","","","","","","","","","","","",""
"1706","50557","AAF5","AB08","AAED","","","AB09","","","","","","","","","","","","","","","","",""
"1707","50574","3271","32B3","3269","","","32A5","","","","","","","","","","","","","","","","",""
"1708","50589","560F","5647","55FF","","","5638","","","","","","","","","","","","","","","","",""
"1709","50606","9F04","9F33","9EF0","","","9F2C","","","","","","","","","","","","","","","","",""
"1710","50621","E421","E455","E417","","","E447","","","","","","","","","","","","","","","","",""
"1711","50638","313F","3161","3136","","","313E","","","","","","","","","","","","","","","","",""
"1712","50653","7A25","7A3F","7A15","","","7A23","","","","","","","","","","","","","","","","",""
"1713","50667","C4D6","C506","C4C6","","","C4F7","","","","","","","","","","","","","","","","",""
"1714","50681","0C8B","0CAA","0C8E","","","0C9B","","","","","","","","","","","","","","","","",""
"1715","50700","552C","552C","5524","","","551D","","","","","","","","","","","","","","","","",""
"1716","50717","9800","9818","97F0","","","9809","","","","","","","","","","","","","","","","",""
"1717","50729","D525","D525","D516","","","D50F","","","","","","","","","","","","","","","","",""
"1718","50747","1DF0","1DE9","1DE1","","","1DD3","","","","","","","","","","","","","","","","",""
"1719","50765","6838","6858","6829","","","6849","","","","","","","","","","","","","","","","",""
"1720","50782","B3DD","B3DD","B3DC","","","B3CE","","","","","","","","","","","","","","","","",""
"1721","50797","F9C2","F9C2","F9BA","","","F9BA","","","","","","","","","","","","","","","","",""
"1722","50811","4537","4530","452F","","","4530","","","","","","","","","","","","","","","","",""
"1723","50829","8F0F","8F2A","8F07","","","8F1B","","","","","","","","","","","","","","","","",""
"1724","50842","D590","D588","D580","","","D579","","","","","","","","","","","","","","","","",""
"1725","50861","1A2E","1A2E","1A31","","","1A1F","","","","","","","","","","","","","","","","",""
"1726","50873","6ABE","6AE8","6ABF","","","6AD8","","","","","","","","","","","","","","","","",""
"1727","50891","B379","B382","B371","","","B373","","","","","","","","","","","","","","","","",""
"1728","50908","FCF8","FCF0","FCF0","","","FCE9","","","","","","","","","","","","","","","","",""
"1729","50924","2864","287E","285C","","","286F","","","","","","","","","","","","","","","","",""
"1730","50939","553C","5556","5534","","","5547","","","","","","","","","","","","","","","","",""
"1731","50956","9DAC","9DAC","9DA4","","","9DA2","","","","","","","","","","","","","","","","",""
"1732","50970","E709","E722","E6FA","","","E71B","","","","","","","","","","","","","","","","",""
"1733","50986","8B6B","8B5D","8B63","","","8B4E","","","","","","","","","","","","","","","","",""
"1734","51003","C555","C563","C54D","","","C554","","","","","","","","","","","","","","","","",""
"1735","51019","0EF3","0F17","0EEB","","","0F15","","","","","","","","","","","","","","","","",""
"1736","51033","57BB","57BB","57BD","","","57AC","","","","","","","","","","","","","","","","",""
"1737","51052","A0EF","A0F1","A0EA","","","A0E0","","","","","","","","","","","","","","","","",""
"1738","51064","EA3A","EA33","EA2C","","","EA24","","","","","","","","","","","","","","","","",""
"1739","51081","3406","3420","3406","","","3411","","","","","","","","","","","","","","","","",""
"1740","51101","73F7","7416","73E8","","","740A","","","","","","","","","","","","","","","","",""
"1741","51116","C5F8","C5EF","C5E7","","","C5E0","","","","","","","","","","","","","","","","",""
"1742","51128","07A1","07A1","0790","","","0792","","","","","","","","","","","","","","","","",""
"1743","51144","463D","463D","462D","","","4630","","","","","","","","","","","","","","","","",""
"1744","51158","8EBB","8EBB","8EAB","","","8EA4","","","","","","","","","","","","","","","","",""
"1745","51176","D87A","D895","D880","","","D894","","","","","","","","","","","","","","","","",""
"1746","51193","59BC","5A00","59B4","","","59E8","","","","","","","","","","","","","","","","",""
"1747","51211","8845","8886","8836","","","8870","","","","","","","","","","","","","","","","",""
"1748","51221","D16B","D1A5","D163","","","D18F","","","","","","","","","","","","","","","","",""
"1749","51243","1B1D","1B56","1B15","","","1B47","","","","","","","","","","","","","","","","",""
"1750","51257","639C","63BB","639B","","","63B3","","","","","","","","","","","","","","","","",""
"1751","51270","AC7D","AC96","AC7E","","","AC8E","","","","","","","","","","","","","","","","",""
"1752","51288","F5BA","F5E3","F5B2","","","F5D4","","","","","","","","","","","","","","","","",""
"1753","51306","3F6F","3F89","3F67","","","3F84","","","","","","","","","","","","","","","","",""
"1754","51321","8844","8855","8835","","","884E","","","","","","","","","","","","","","","","",""
"1755","51333","B058","B058","B047","","","B040","","","","","","","","","","","","","","","","",""
"1756","51354","FF6F","FF96","FF70","","","FF88","","","","","","","","","","","","","","","","",""
"1757","51370","4831","484A","4831","","","483B","","","","","","","","","","","","","","","","",""
"1758","51384","91B9","91DF","91B7","","","91D7","","","","","","","","","","","","","","","","",""
"1759","51399","FE96","FEA4","FE9C","","","FE95","","","","","","","","","","","","","","","","",""
"1760","51417","43B0","43AA","43A8","","","43A2","","","","","","","","","","","","","","","","",""
"1761","51431","8CD6","8CD6","8CCE","","","8CBF","","","","","","","","","","","","","","","","",""
"1762","51447","D6BA","D6D4","D6AA","","","D6BE","","","","","","","","","","","","","","","","",""
"1763","51465","1F54","1F54","1F4C","","","1F45","","","","","","","","","","","","","","","","",""
"1764","51481","68A9","68A9","68B0","","","68A9","","","","","","","","","","","","","","","","",""
"1765","51497","B26D","B28E","B26F","","","B287","","","","","","","","","","","","","","","","",""
"1766","51513","FB28","FB28","FB18","","","FB19","","","","","","","","","","","","","","","","",""
"1767","51525","446A","4460","4462","","","4451","","","","","","","","","","","","","","","","",""
"1768","51543","72E8","72EF","72E0","","","72E0","","","","","","","","","","","","","","","","",""
"1769","51557","7D88","7D88","7D80","","","7D77","","","","","","","","","","","","","","","","",""
"1770","51573","C185","C185","C175","","","C16E","","","","","","","","","","","","","","","","",""
"1771","51591","0FFE","0FFE","0FF6","","","0FEF","","","","","","","","","","","","","","","","",""
"1772","51608","C093","C0CE","C095","","","C0C8","","","","","","","","","","","","","","","","",""
"1773","51626","F32D","F39A","F320","","","F395","","","","","","","","","","","","","","","","",""
"1774","51639","3B00","3B47","3B06","","","3B31","","","","","","","","","","","","","","","","",""
"1775","51655","83AE","83CE","83AE","","","83C7","","","","","","","","","","","","","","","","",""
"1776","51674","CC73","CC90","CC6B","","","CC81","","","","","","","","","","","","","","","","",""
"1777","51689","15AA","15CC","15AA","","","15C4","","","","","","","","","","","","","","","","",""
"1778","51703","6A5D","6A6E","6A5C","","","6A67","","","","","","","","","","","","","","","","",""
"1779","51720","A85A","A882","A852","","","A865","","","","","","","","","","","","","","","","",""
"1780","51736","F0C2","F0CA","F0C2","","","F0BB","","","","","","","","","","","","","","","","",""
"1781","51748","3B33","3B4B","3B23","","","3B3C","","","","","","","","","","","","","","","","",""
"1782","51766","846F","8490","8467","","","8479","","","","","","","","","","","","","","","","",""
"1783","51782","CC83","CC84","CC7B","","","CC6D","","","","","","","","","","","","","","","","",""
"1784","51798","3B15","3B50","3B12","","","3B41","","","","","","","","","","","","","","","","",""
"1785","51815","609B","60CD","6093","","","60BE","","","","","","","","","","","","","","","","",""
"1786","51830","AE28","AE59","AE18","","","AE4A","","","","","","","","","","","","","","","","",""
"1787","51847","F7D6","F81A","F7CE","","","F802","","","","","","","","","","","","","","","","",""
"1788","51865","415B","418D","414C","","","4186","","","","","","","","","","","","","","","","",""
"1789","51877","893D","8965","8935","","","8956","","","","","","","","","","","","","","","","",""
"1790","51892","D2F7","D30B","D2F8","","","D302","","","","","","","","","","","","","","","","",""
"1791","51911","25D3","260D","25CB","","","25F6","","","","","","","","","","","","","","","","",""
"1792","51927","659A","65D3","6592","","","65D3","","","","","","","","","","","","","","","","",""
"1793","51943","A769","A79E","A764","","","A78F","","","","","","","","","","","","","","","","",""
"1794","51959","E610","E643","E608","","","E63D","","","","","","","","","","","","","","","","",""
"1795","51975","2E2D","2E54","2E2D","","","2E3E","","","","","","","","","","","","","","","","",""
"1796","51988","76FE","7710","76F7","","","7708","","","","","","","","","","","","","","","","",""
"1797","52008","E873","E8B9","E874","","","E89E","","","","","","","","","","","","","","","","",""
"1798","52021","191A","1954","190A","","","194B","","","","","","","","","","","","","","","","",""
"1799","52040","623A","627C","6239","","","626D","","","","","","","","","","","","","","","","",""
"1800","52052","A761","A792","A759","","","A78A","","","","","","","","","","","","","","","","",""
"1801","52070","F482","F493","F46F","","","F488","","","","","","","","","","","","","","","","",""
"1802","52082","3D3F","3D5B","3D41","","","3D51","","","","","","","","","","","","","","","","",""
"1803","52103","87F8","883A","87F8","","","881D","","","","","","","","","","","","","","","","",""
"1804","52117","E47B","E4B5","E47A","","","E4A6","","","","","","","","","","","","","","","","",""
"1805","52136","19D6","1A0F","19CE","","","19F7","","","","","","","","","","","","","","","","",""
"1806","52151","62F9","632B","62EA","","","631C","","","","","","","","","","","","","","","","",""
"1807","52167","ACBE","ACF1","ACA8","","","ACEB","","","","","","","","","","","","","","","","",""
"1808","52183","F529","F552","F52A","","","F543","","","","","","","","","","","","","","","","",""
"1809","52199","3DFF","3E1B","3E01","","","3E11","","","","","","","","","","","","","","","","",""
"1810","52213","ABD0","AC00","ABC8","","","ABF1","","","","","","","","","","","","","","","","",""
"1811","52229","D1C1","D1FD","D1B2","","","D1EE","","","","","","","","","","","","","","","","",""
"1812","52247","1AC6","1B08","1ABE","","","1AF0","","","","","","","","","","","","","","","","",""
"1813","52262","6481","64BA","6470","","","64A4","","","","","","","","","","","","","","","","",""
"1814","52277","ACEA","AD0A","ACE9","","","AD03","","","","","","","","","","","","","","","","",""
"1815","52294","F140","F169","F148","","","F15A","","","","","","","","","","","","","","","","",""
"1816","52307","3F20","3F49","3F22","","","3F30","","","","","","","","","","","","","","","","",""
"1817","52323","8811","8811","8814","","","8802","","","","","","","","","","","","","","","","",""
"1818","52339","D356","D3AA","D34E","","","D394","","","","","","","","","","","","","","","","",""
"1819","52356","134C","1366","133C","","","1358","","","","","","","","","","","","","","","","",""
"1820","52369","4FF6","4FF6","4FEE","","","4FE7","","","","","","","","","","","","","","","","",""
"1821","52384","98DB","98DB","98D5","","","98C5","","","","","","","","","","","","","","","","",""
"1822","52404","E31A","E339","E309","","","E322","","","","","","","","","","","","","","","","",""
"1823","52422","3168","3182","3160","","","3173","","","","","","","","","","","","","","","","",""
"1824","52435","75F6","761A","75F8","","","7602","","","","","","","","","","","","","","","","",""
"1825","52452","BF4E","BF78","BF4D","","","BF67","","","","","","","","","","","","","","","","",""
"1826","52471","0914","092D","090C","","","0916","","","","","","","","","","","","","","","","",""
"1827","52486","30B1","30A7","30A9","","","30A2","","","","","","","","","","","","","","","","",""
"1828","52500","7AEE","7B0F","7AEE","","","7B00","","","","","","","","","","","","","","","","",""
"1829","52517","C8DB","C924","C8E1","","","C90D","","","","","","","","","","","","","","","","",""
"1830","52533","0894","08A5","088C","","","089F","","","","","","","","","","","","","","","","",""
"1831","52548","5628","564A","5620","","","5633","","","","","","","","","","","","","","","","",""
"1832","52566","7D4B","7D6D","7D4D","","","7D5F","","","","","","","","","","","","","","","","",""
"1833","52580","A9F5","AA0F","A9ED","","","AA00","","","","","","","","","","","","","","","","",""
"1834","52599","F1F5","F1EE","F1ED","","","F1DF","","","","","","","","","","","","","","","","",""
"1835","52613","3BEC","3C06","3BED","","","3BF7","","","","","","","","","","","","","","","","",""
"1836","52629","E49F","E4B1","E497","","","E4A2","","","","","","","","","","","","","","","","",""
"1837","52643","1A5C","1A6E","1A54","","","1A5F","","","","","","","","","","","","","","","","",""
"1838","52656","6407","6437","63F6","","","6428","","","","","","","","","","","","","","","","",""
"1839","52674","AD1E","AD40","AD16","","","AD30","","","","","","","","","","","","","","","","",""
"1840","52689","F532","F53A","F52A","","","F523","","","","","","","","","","","","","","","","",""
"1841","52708","3F3C","3F57","3F26","","","3F48","","","","","","","","","","","","","","","","",""
"1842","52720","87C9","87CB","87BA","","","87B3","","","","","","","","","","","","","","","","",""
"1843","52738","D2CA","D303","D2C2","","","D2EC","","","","","","","","","","","","","","","","",""
"1844","52753","1A3C","1A3C","1A2D","","","1A1F","","","","","","","","","","","","","","","","",""
"1845","52769","5524","5520","5526","","","5515","","","","","","","","","","","","","","","","",""
"1846","52789","9A4D","9A4D","9A4F","","","9A47","","","","","","","","","","","","","","","","",""
"1847","52800","E30C","E314","E304","","","E2FD","","","","","","","","","","","","","","","","",""
"1848","52818","2C96","2C9F","2C90","","","2C89","","","","","","","","","","","","","","","","",""
"1849","52833","BAAF","BAD0","BAA7","","","BAC1","","","","","","","","","","","","","","","","",""
"1850","52852","FA53","FA53","FA53","","","FA4C","","","","","","","","","","","","","","","","",""
"1851","52864","436D","436D","4365","","","4367","","","","","","","","","","","","","","","","",""
"1852","52882","8D54","8D6E","8D4C","","","8D5E","","","","","","","","","","","","","","","","",""
"1853","52898","D5EF","D5EF","D5E7","","","D5E9","","","","","","","","","","","","","","","","",""
"1854","52915","1F35","1F3F","1F39","","","1F30","","","","","","","","","","","","","","","","",""
"1855","52931","6876","6876","686E","","","685F","","","","","","","","","","","","","","","","",""
"1856","52946","B248","B25E","B240","","","B24F","","","","","","","","","","","","","","","","",""
"1857","52962","FB0D","FB0C","FAFC","","","FAFD","","","","","","","","","","","","","","","","",""
"1858","52977","2848","2848","2835","","","2837","","","","","","","","","","","","","","","","",""
"1859","52993","5745","574C","5746","","","573D","","","","","","","","","","","","","","","","",""
"1860","53012","98FB","98FB","98FD","","","98F6","","","","","","","","","","","","","","","","",""
"1861","53024","E96F","E96F","E967","","","E968","","","","","","","","","","","","","","","","",""
"1862","53044","89E1","8A2F","89D9","","","8A20","","","","","","","","","","","","","","","","",""
"1863","53056","BA2C","BAA9","BA1D","","","BA9A","","","","","","","","","","","","","","","","",""
"1864","53075","0215","0257","0215","","","023A","","","","","","","","","","","","","","","","",""
"1865","53091","4D45","4D6D","4D3D","","","4D56","","","","","","","","","","","","","","","","",""
"1866","53105","936F","938E","9375","","","9388","","","","","","","","","","","","","","","","",""
"1867","53119","DCC0","DCE7","DCC0","","","DCCF","","","","","","","","","","","","","","","","",""
"1868","53137","3326","337B","331E","","","336C","","","","","","","","","","","","","","","","",""
"1869","53151","6FE7","7019","6FD8","","","7011","","","","","","","","","","","","","","","","",""
"1870","53170","B923","B955","B91D","","","B94D","","","","","","","","","","","","","","","","",""
"1871","53186","E73F","E781","E740","","","E772","","","","","","","","","","","","","","","","",""
"1872","53201","F4EF","F4FE","F4E8","","","F4F3","","","","","","","","","","","","","","","","",""
"1873","53217","3DCF","3DE9","3DC7","","","3DD1","","","","","","","","","","","","","","","","",""
"1874","53233","EFF6","F02C","EFF8","","","F02B","","","","","","","","","","","","","","","","",""
"1875","53247","1A78","1AC2","1A69","","","1ABB","","","","","","","","","","","","","","","","",""
"1876","53264","67AB","67EE","67A3","","","67D0","","","","","","","","","","","","","","","","",""
"1877","53279","B176","B1AF","B164","","","B194","","","","","","","","","","","","","","","","",""
"1878","53298","FDBF","FDF7","FDA6","","","FDE1","","","","","","","","","","","","","","","","",""
"1879","53311","42BE","42DD","42BE","","","42D8","","","","","","","","","","","","","","","","",""
"1880","53330","8C7F","8C8D","8C78","","","8C8A","","","","","","","","","","","","","","","","",""
"1881","53346","ED70","EDBD","ED5A","","","EDAE","","","","","","","","","","","","","","","","",""
"1882","53358","1F50","1F82","1F3E","","","1F73","","","","","","","","","","","","","","","","",""
"1883","53376","686B","68A7","6863","","","6898","","","","","","","","","","","","","","","","",""
"1884","53394","B4F3","B52F","B4E5","","","B516","","","","","","","","","","","","","","","","",""
"1885","53408","FAA5","FACB","FA9D","","","FAB4","","","","","","","","","","","","","","","","",""
"1886","53425","437F","439B","4381","","","4384","","","","","","","","","","","","","","","","",""
"1887","53440","B5CF","B609","B5C7","","","B5FA","","","","","","","","","","","","","","","","",""
"1888","53455","D895","D8EE","D88D","","","D8D7","","","","","","","","","","","","","","","","",""
"1889","53471","20FC","2133","20F4","","","2119","","","","","","","","","","","","","","","","",""
"1890","53486","6609","6652","6608","","","663D","","","","","","","","","","","","","","","","",""
"1891","53503","B5DB","B5FB","B5D3","","","B5EC","","","","","","","","","","","","","","","","",""
"1892","53521","FC24","FC35","FC14","","","FC26","","","","","","","","","","","","","","","","",""
"1893","53538","46F3","472B","46EB","","","4726","","","","","","","","","","","","","","","","",""
"1894","53550","9BE8","9C31","9BE2","","","9C22","","","","","","","","","","","","","","","","",""
"1895","53569","D872","D8A7","D86A","","","D8A4","","","","","","","","","","","","","","","","",""
"1896","53581","1A51","1A8A","1A4A","","","1A85","","","","","","","","","","","","","","","","",""
"1897","53601","5B82","5BCB","5B81","","","5BB3","","","","","","","","","","","","","","","","",""
"1898","53613","A0F5","A115","A0DF","","","A0FE","","","","","","","","","","","","","","","","",""
"1899","53632","E9E8","E9FC","E9E0","","","E9FB","","","","","","","","","","","","","","","","",""
"1900","53646","6516","655B","650E","","","6542","","","","","","","","","","","","","","","","",""
"1901","53662","98F9","9949","98E9","","","9932","","","","","","","","","","","","","","","","",""
"1902","53679","E190","E1CA","E188","","","E1C4","","","","","","","","","","","","","","","","",""
"1903","53693","2DE4","2E1F","2DDC","","","2E19","","","","","","","","","","","","","","","","",""
"1904","53711","73D1","73F0","73C0","","","73E3","","","","","","","","","","","","","","","","",""
"1905","53728","B7F8","B809","B7E9","","","B803","","","","","","","","","","","","","","","","",""
"1906","53743","05F6","060D","05E6","","","05FE","","","","","","","","","","","","","","","","",""
"1907","53760","5BD3","5C03","5BC6","","","5BF7","","","","","","","","","","","","","","","","",""
"1908","53775","9B75","9C00","9B6D","","","9BEB","","","","","","","","","","","","","","","","",""
"1909","53791","C43B","C47D","C433","","","C465","","","","","","","","","","","","","","","","",""
"1910","53806","0FA1","0FBA","0F99","","","0FB3","","","","","","","","","","","","","","","","",""
"1911","53820","5553","556E","5544","","","555F","","","","","","","","","","","","","","","","",""
"1912","53841","9EA5","9EC5","9E9D","","","9EBF","","","","","","","","","","","","","","","","",""
"1913","53853","318E","31CC","3189","","","31B7","","","","","","","","","","","","","","","","",""
"1914","53868","4EAB","4F04","4EA3","","","4EF3","","","","","","","","","","","","","","","","",""
"1915","53885","9673","9692","9662","","","9683","","","","","","","","","","","","","","","","",""
"1916","53902","DFB4","DFD5","DFAC","","","DFC6","","","","","","","","","","","","","","","","",""
"1917","53918","28ED","290C","28EE","","","2908","","","","","","","","","","","","","","","","",""
"1918","53933","7119","7112","7111","","","710A","","","","","","","","","","","","","","","","",""
"1919","53949","CCD7","CD12","CCC5","","","CD03","","","","","","","","","","","","","","","","",""
"1920","53963","FFB2","FFE9","FFA0","","","FFD1","","","","","","","","","","","","","","","","",""
"1921","53984","4D17","4D3A","4D08","","","4D29","","","","","","","","","","","","","","","","",""
"1922","53999","8E93","8EA7","8E8B","","","8EA0","","","","","","","","","","","","","","","","",""
"1923","54013","CCF2","CD11","CCE9","","","CCF9","","","","","","","","","","","","","","","","",""
"1924","54031","145D","145D","144A","","","144D","","","","","","","","","","","","","","","","",""
"1925","54045","3EC1","3EC1","3EB9","","","3EB2","","","","","","","","","","","","","","","","",""
"1926","54058","D41A","D454","D40A","","","D43D","","","","","","","","","","","","","","","","",""
"1927","54077","0B55","0B8A","0B4D","","","0B7B","","","","","","","","","","","","","","","","",""
"1928","54092","53B7","53DE","53AF","","","53C1","","","","","","","","","","","","","","","","",""
"1929","54109","9D1A","9D2B","9D0A","","","9D15","","","","","","","","","","","","","","","","",""
"1930","54124","E646","E65E","E63E","","","E658","","","","","","","","","","","","","","","","",""
"1931","54141","2E6E","2E64","2E66","","","2E60","","","","","","","","","","","","","","","","",""
"1932","54158","9A69","9AA2","9A57","","","9A89","","","","","","","","","","","","","","","","",""
"1933","54172","C53A","C57E","C532","","","C565","","","","","","","","","","","","","","","","",""
"1934","54188","0DAD","0DCE","0D9D","","","0DB5","","","","","","","","","","","","","","","","",""
"1935","54202","524E","5271","5246","","","5262","","","","","","","","","","","","","","","","",""
"1936","54220","8154","8174","814C","","","815C","","","","","","","","","","","","","","","","",""
"1937","54237","C9A7","C9AF","C9A6","","","C9A0","","","","","","","","","","","","","","","","",""
"1938","54255","12AC","12AC","129B","","","1294","","","","","","","","","","","","","","","","",""
"1939","54269","8D9B","8DD1","8D93","","","8DD0","","","","","","","","","","","","","","","","",""
"1940","54285","C2B5","C2F7","C2B3","","","C2DF","","","","","","","","","","","","","","","","",""
"1941","54297","0B26","0B4F","0B1E","","","0B32","","","","","","","","","","","","","","","","",""
"1942","54316","5B0D","5B3D","5B0C","","","5B2E","","","","","","","","","","","","","","","","",""
"1943","54329","A442","A479","A431","","","A46A","","","","","","","","","","","","","","","","",""
"1944","54345","E72C","E72C","E72C","","","E71D","","","","","","","","","","","","","","","","",""
"1945","54360","4571","45C1","4569","","","45A9","","","","","","","","","","","","","","","","",""
"1946","54377","803F","8082","8030","","","8078","","","","","","","","","","","","","","","","",""
"1947","54393","C8AC","C8E3","C8AE","","","C8D4","","","","","","","","","","","","","","","","",""
"1948","54407","0CC3","0CDB","0CB3","","","0CC5","","","","","","","","","","","","","","","","",""
"1949","54426","5B2E","5B65","5B26","","","5B5E","","","","","","","","","","","","","","","","",""
"1950","54440","98FD","9906","98F5","","","98E9","","","","","","","","","","","","","","","","",""
"1951","54459","ECA6","ECB5","EC99","","","ECA6","","","","","","","","","","","","","","","","",""
"1952","54477","477B","47D4","4773","","","47BC","","","","","","","","","","","","","","","","",""
"1953","54489","7274","72E4","726C","","","72D5","","","","","","","","","","","","","","","","",""
"1954","54501","BDF7","BE1C","BDEF","","","BE16","","","","","","","","","","","","","","","","",""
"1955","54520","0179","0190","0171","","","0188","","","","","","","","","","","","","","","","",""
"1956","54536","4F54","4F73","4F4C","","","4F63","","","","","","","","","","","","","","","","",""
"1957","54556","9353","935B","9353","","","934C","","","","","","","","","","","","","","","","",""
"1958","54567","050A","055A","04FD","","","054B","","","","","","","","","","","","","","","","",""
"1959","54584","303D","3083","3025","","","307D","","","","","","","","","","","","","","","","",""
"1960","54602","72F9","7318","72F1","","","7301","","","","","","","","","","","","","","","","",""
"1961","54617","B5C1","B5F8","B5B3","","","B5E2","","","","","","","","","","","","","","","","",""
"1962","54634","F2EC","F302","F2E4","","","F2F3","","","","","","","","","","","","","","","","",""
"1963","54648","3B90","3BA6","3B7F","","","3B97","","","","","","","","","","","","","","","","",""
"1964","54666","B278","B2A6","B270","","","B297","","","","","","","","","","","","","","","","",""
"1965","54682","E457","E49C","E44F","","","E496","","","","","","","","","","","","","","","","",""
"1966","54698","3063","3082","305B","","","307C","","","","","","","","","","","","","","","","",""
"1967","54712","7AE1","7B0F","7ACE","","","7AF8","","","","","","","","","","","","","","","","",""
"1968","54731","C350","C379","C34F","","","C368","","","","","","","","","","","","","","","","",""
"1969","54747","0B23","0B23","0B22","","","0B14","","","","","","","","","","","","","","","","",""
"1970","54762","358A","358A","3582","","","3572","","","","","","","","","","","","","","","","",""
"1971","54777","ADB1","ADF4","ADA4","","","ADE5","","","","","","","","","","","","","","","","",""
"1972","54795","E8C7","E901","E8B6","","","E8EA","","","","","","","","","","","","","","","","",""
"1973","54812","3136","3149","3126","","","3148","","","","","","","","","","","","","","","","",""
"1974","54827","7A75","7A91","7A6D","","","7A82","","","","","","","","","","","","","","","","",""
"1975","54843","C4A4","C4D3","C495","","","C4C4","","","","","","","","","","","","","","","","",""
"1976","54855","0BED","0BED","0BDE","","","0BDE","","","","","","","","","","","","","","","","",""
"1977","54871","66C0","66FB","66C1","","","66EC","","","","","","","","","","","","","","","","",""
"1978","54892","9449","947F","9438","","","9478","","","","","","","","","","","","","","","","",""
"1979","54907","DCA5","DCCF","DCA6","","","DCBE","","","","","","","","","","","","","","","","",""
"1980","54921","211C","212D","2114","","","211E","","","","","","","","","","","","","","","","",""
"1981","54937","6F22","6F46","6F23","","","6F32","","","","","","","","","","","","","","","","",""
"1982","54953","B75A","B752","B752","","","B74C","","","","","","","","","","","","","","","","",""
"1983","54970","01C5","01D5","01C1","","","01C4","","","","","","","","","","","","","","","","",""
"1984","54984","76C0","76FA","76B8","","","76F2","","","","","","","","","","","","","","","","",""
"1985","55000","9D18","9D4A","9D0E","","","9D42","","","","","","","","","","","","","","","","",""
"1986","55014","E5EB","E620","E5D9","","","E611","","","","","","","","","","","","","","","","",""
"1987","55033","2F14","2F4C","2F13","","","2F3D","","","","","","","","","","","","","","","","",""
"1988","55047","770F","7728","76FF","","","7719","","","","","","","","","","","","","","","","",""
"1989","55065","C8CB","C8D9","C8BB","","","C8CA","","","","","","","","","","","","","","","","",""
"1990","55081","2968","29AA","2959","","","29A9","","","","","","","","","","","","","","","","",""
"1991","55092","5420","545B","5418","","","5454","","","","","","","","","","","","","","","","",""
"1992","55114","A1AF","A1EE","A1A7","","","A1D5","","","","","","","","","","","","","","","","",""
"1993","55129","EEC4","EEF3","EEC2","","","EEEB","","","","","","","","","","","","","","","","",""
"1994","55144","2F07","2F29","2EFF","","","2F1A","","","","","","","","","","","","","","","","",""
"1995","55162","7302","7322","72FB","","","730A","","","","","","","","","","","","","","","","",""
"1996","55179","A6D4","A6E1","A6C2","","","A6D2","","","","","","","","","","","","","","","","",""
"1997","55190","1FD1","2020","1FCA","","","2013","","","","","","","","","","","","","","","","",""
"1998","55210","5CC5","5D3B","5CCB","","","5D2C","","","","","","","","","","","","","","","","",""
"1999","55224","9729","973C","9721","","","9733","","","","","","","","","","","","","","","","",""
"2000","55240","DA79","DAA5","DA71","","","DA96","","","","","","","","","","","","","","","","",""
"2001","55257","1D05","1D05","1CFC","","","1CF6","","","","","","","","","","","","","","","","",""
"2002","55272","6B72","6B88","6B63","","","6B72","","","","","","","","","","","","","","","","",""
"2003","55289","E62B","E685","E623","","","E66C","","","","","","","","","","","","","","","","",""
"2004","55304","1445","1482","1438","","","146A","","","","","","","","","","","","","","","","",""
"2005","55321","5DB2","5DE2","5DAA","","","5DE1","","","","","","","","","","","","","","","","",""
"2006","55335","A5F1","A604","A5E2","","","A5FE","","","","","","","","","","","","","","","","",""
"2007","55351","F035","F06B","F02D","","","F054","","","","","","","","","","","","","","","","",""
"2008","55369","3757","3757","3756","","","3748","","","","","","","","","","","","","","","","",""
"2009","55385","9FE7","A032","9FD0","","","A018","","","","","","","","","","","","","","","","",""
"2010","55401","C4A0","C4DA","C493","","","C4D2","","","","","","","","","","","","","","","","",""
"2011","55416","123B","124A","1233","","","123B","","","","","","","","","","","","","","","","",""
"2012","55432","60B2","60E2","60B3","","","60D3","","","","","","","","","","","","","","","","",""
"2013","55447","AA52","AA8A","AA55","","","AA84","","","","","","","","","","","","","","","","",""
"2014","55463","D2BA","D2BA","D2B8","","","D2AB","","","","","","","","","","","","","","","","",""
"2015","55478","2519","2527","2508","","","2520","","","","","","","","","","","","","","","","",""
"2016","55494","9D31","9D89","9D24","","","9D73","","","","","","","","","","","","","","","","",""
"2017","55509","D0C5","D11E","D0C6","","","D105","","","","","","","","","","","","","","","","",""
"2018","55528","1404","142C","1404","","","140F","","","","","","","","","","","","","","","","",""
"2019","55542","68D1","68F7","68C9","","","68F6","","","","","","","","","","","","","","","","",""
"2020","55559","A695","A6AC","A684","","","A69D","","","","","","","","","","","","","","","","",""
"2021","55575","F3EB","F40C","F3E3","","","F3F3","","","","","","","","","","","","","","","","",""
"2022","55590","4ADF","4B12","4AD7","","","4B03","","","","","","","","","","","","","","","","",""
"2023","55606","88C9","892D","88C8","","","8920","","","","","","","","","","","","","","","","",""
"2024","55621","CB2B","CB4B","CB1C","","","CB34","","","","","","","","","","","","","","","","",""
"2025","55638","10A1","10DB","1099","","","10CC","","","","","","","","","","","","","","","","",""
"2026","55656","4BED","4C22","4BE5","","","4C15","","","","","","","","","","","","","","","","",""
"2027","55670","8C5E","8C5E","8C56","","","8C46","","","","","","","","","","","","","","","","",""
"2028","55686","DAD6","DAED","DADE","","","DAE3","","","","","","","","","","","","","","","","",""
"2029","55702","4F53","4FB3","4F45","","","4FA4","","","","","","","","","","","","","","","","",""
"2030","55719","7776","77B2","7778","","","77A3","","","","","","","","","","","","","","","","",""
"2031","55733","C0C9","C0F3","C0BA","","","C0E7","","","","","","","","","","","","","","","","",""
"2032","55751","0DFC","0E16","0DF4","","","0E07","","","","","","","","","","","","","","","","",""
"2033","55763","5349","537F","5344","","","537C","","","","","","","","","","","","","","","","",""
"2034","55781","9A79","9A79","9A71","","","9A6A","","","","","","","","","","","","","","","","",""
"2035","55797","0FC3","1014","0FC4","","","100C","","","","","","","","","","","","","","","","",""
"2036","55813","3301","3349","32F2","","","333A","","","","","","","","","","","","","","","","",""
"2037","55829","7BD2","7C07","7BCA","","","7BF8","","","","","","","","","","","","","","","","",""
"2038","55847","C6BA","C6CB","C6AA","","","C6C6","","","","","","","","","","","","","","","","",""
"2039","55860","0D41","0D59","0D39","","","0D4A","","","","","","","","","","","","","","","","",""
"2040","55874","509B","509B","509B","","","508C","","","","","","","","","","","","","","","","",""
"2041","55893","9E97","9E97","9E88","","","9E88","","","","","","","","","","","","","","","","",""
"2042","55910","06EF","0720","06DF","","","0711","","","","","","","","","","","","","","","","",""
"2043","55926","3649","36B9","3641","","","36B1","","","","","","","","","","","","","","","","",""
"2044","55940","7C8B","7CB5","7C83","","","7C9E","","","","","","","","","","","","","","","","",""
"2045","55956","C932","C962","C92A","","","C961","","","","","","","","","","","","","","","","",""
"2046","55970","0E52","0E5C","0E4A","","","0E43","","","","","","","","","","","","","","","","",""
"2047","55988","5819","582E","581A","","","5828","","","","","","","","","","","","","","","","",""
"2048","56006","B2F9","B341","B2F1","","","B332","","","","","","","","","","","","","","","","",""
"2049","56021","EA90","EAE0","EA90","","","EAD1","","","","","","","","","","","","","","","","",""
"2050","56037","3212","322A","3204","","","321B","","","","","","","","","","","","","","","","",""
"2051","56049","7683","7693","7683","","","7697","","","","","","","","","","","","","","","","",""
"2052","56066","B211","B22A","B209","","","B21B","","","","","","","","","","","","","","","","",""
"2053","56084","F9AE","F9B7","F9AE","","","F999","","","","","","","","","","","","","","","","",""
"2054","56099","6FDA","7017","6FD4","","","7005","","","","","","","","","","","","","","","","",""
"2055","56113","9724","975F","9725","","","9757","","","","","","","","","","","","","","","","",""
"2056","56130","E504","E52F","E4FE","","","E529","","","","","","","","","","","","","","","","",""
"2057","56149","2D98","2DB6","2D8D","","","2DA4","","","","","","","","","","","","","","","","",""
"2058","56162","79E2","7A0A","79D9","","","79F0","","","","","","","","","","","","","","","","",""
"2059","56181","BF13","BF0B","BEFD","","","BEFF","","","","","","","","","","","","","","","","",""
"2060","56196","083C","083C","0838","","","0827","","","","","","","","","","","","","","","","",""
"2061","56211","77BA","77F4","77BA","","","77ED","","","","","","","","","","","","","","","","",""
"2062","56224","A0BA","A112","A0B2","","","A0F9","","","","","","","","","","","","","","","","",""
"2063","56243","E110","E130","E110","","","E11B","","","","","","","","","","","","","","","","",""
"2064","56258","21F0","2208","21E0","","","21F3","","","","","","","","","","","","","","","","",""
"2065","56276","6813","6833","6802","","","6824","","","","","","","","","","","","","","","","",""
"2066","56292","B037","B037","B02F","","","B028","","","","","","","","","","","","","","","","",""
"2067","56305","3189","3189","317A","","","3173","","","","","","","","","","","","","","","","",""
"2068","56319","5C54","5C8F","5C54","","","5C80","","","","","","","","","","","","","","","","",""
"2069","56341","A379","A38F","A37A","","","A389","","","","","","","","","","","","","","","","",""
"2070","56354","E6CC","E6D8","E6C5","","","E6BF","","","","","","","","","","","","","","","","",""
"2071","56372","3793","379B","378B","","","378C","","","","","","","","","","","","","","","","",""
"2072","56386","7DC1","7DC1","7DBF","","","7DC2","","","","","","","","","","","","","","","","",""
"2073","56401","C732","C732","C72B","","","C723","","","","","","","","","","","","","","","","",""
"2074","56418","12DF","12DF","12DF","","","12D8","","","","","","","","","","","","","","","","",""
"2075","56435","5A20","5A37","5A18","","","5A1E","","","","","","","","","","","","","","","","",""
"2076","56449","9B46","9B4C","9B47","","","9B36","","","","","","","","","","","","","","","","",""
"2077","56465","DC27","DC1C","DC1F","","","DC0D","","","","","","","","","","","","","","","","",""
"2078","56481","2258","224E","2246","","","2248","","","","","","","","","","","","","","","","",""
"2079","56499","6B79","6B79","6B71","","","6B6A","","","","","","","","","","","","","","","","",""
"2080","56515","B772","B772","B761","","","B753","","","","","","","","","","","","","","","","",""
"2081","56531","FDF5","FDF5","FDF1","","","FDEA","","","","","","","","","","","","","","","","",""
"2082","56548","47E3","47FA","47DB","","","47E5","","","","","","","","","","","","","","","","",""
"2083","56563","9330","9329","9321","","","931A","","","","","","","","","","","","","","","","",""
"2084","56578","072B","0736","072E","","","071C","","","","","","","","","","","","","","","","",""
"2085","56594","31C7","31D4","31CD","","","31C7","","","","","","","","","","","","","","","","",""
"2086","56610","7F46","7F46","7F3E","","","7F26","","","","","","","","","","","","","","","","",""
"2087","56627","CB35","CB35","CB2D","","","CB18","","","","","","","","","","","","","","","","",""
"2088","56642","1279","1291","1271","","","1282","","","","","","","","","","","","","","","","",""
"2089","56659","5B01","5B0F","5AFE","","","5AF7","","","","","","","","","","","","","","","","",""
"2090","56675","A6E7","A6EC","A6ED","","","A6DD","","","","","","","","","","","","","","","","",""
"2091","56688","ED7E","ED86","ED7E","","","ED69","","","","","","","","","","","","","","","","",""
"2092","56706","36C5","36CC","36C4","","","36B6","","","","","","","","","","","","","","","","",""
"2093","56718","7B33","7B29","7B1B","","","7B23","","","","","","","","","","","","","","","","",""
"2094","56738","B6BB","B6BB","B6BB","","","B6B4","","","","","","","","","","","","","","","","",""
"2095","56752","0024","003A","0023","","","002B","","","","","","","","","","","","","","","","",""
"2096","56767","4B5E","4B64","4B5F","","","4B58","","","","","","","","","","","","","","","","",""
"2097","56785","9205","920F","91FD","","","9200","","","","","","","","","","","","","","","","",""
"2098","56799","DB3A","DB3A","DB3B","","","DB34","","","","","","","","","","","","","","","","",""
"2099","56816","2732","2732","2732","","","2723","","","","","","","","","","","","","","","","",""
"2100","56833","695F","6964","695C","","","6950","","","","","","","","","","","","","","","","",""
"2101","56847","B6FA","B6FA","B6FC","","","B6F5","","","","","","","","","","","","","","","","",""
"2102","56864","2FA0","2FB5","2F9C","","","2FA6","","","","","","","","","","","","","","","","",""
"2103","56880","6095","608B","6083","","","607C","","","","","","","","","","","","","","","","",""
"2104","56896","A6C0","A6C0","A6B0","","","A6B2","","","","","","","","","","","","","","","","",""
"2105","56911","F015","F015","F006","","","EFF8","","","","","","","","","","","","","","","","",""
"2106","56925","3BD3","3BE1","3BD9","","","3BC8","","","","","","","","","","","","","","","","",""
"2107","56945","8284","8284","827C","","","8275","","","","","","","","","","","","","","","","",""
"2108","56960","CC5B","CC69","CC55","","","CC5A","","","","","","","","","","","","","","","","",""
"2109","56975","17AF","17A8","17A7","","","17A2","","","","","","","","","","","","","","","","",""
"2110","56992","5E42","5E3A","5E32","","","5E33","","","","","","","","","","","","","","","","",""
"2111","57007","A01D","A016","A016","","","A011","","","","","","","","","","","","","","","","",""
"2112","57023","E0E1","E0E1","E0D9","","","E0C9","","","","","","","","","","","","","","","","",""
"2113","57039","26FE","26FE","26F6","","","26EF","","","","","","","","","","","","","","","","",""
"2114","57054","704A","704A","704B","","","703B","","","","","","","","","","","","","","","","",""
"2115","57070","B5AF","B5C5","B5A7","","","B5B6","","","","","","","","","","","","","","","","",""
"2116","57088","0578","0578","056A","","","056B","","","","","","","","","","","","","","","","",""
"2117","57101","4C00","4C00","4BED","","","4BE1","","","","","","","","","","","","","","","","",""
"2118","57118","956E","956E","9570","","","9568","","","","","","","","","","","","","","","","",""
"2119","57135","1D51","1D81","1D3B","","","1D7D","","","","","","","","","","","","","","","","",""
"2120","57151","3F26","3F58","3F17","","","3F49","","","","","","","","","","","","","","","","",""
"2121","57166","899C","89DB","898A","","","89DB","","","","","","","","","","","","","","","","",""
"2122","57181","D18D","D18D","D185","","","D17E","","","","","","","","","","","","","","","","",""
"2123","57200","1B92","1BD2","1B90","","","1BC6","","","","","","","","","","","","","","","","",""
"2124","57217","6293","6293","6292","","","628B","","","","","","","","","","","","","","","","",""
"2125","57231","C031","C06D","C01E","","","C05C","","","","","","","","","","","","","","","","",""
"2126","57246","F7B3","F7EE","F7B5","","","F7DF","","","","","","","","","","","","","","","","",""
"2127","57263","3FAF","3FD1","3FA7","","","3FC2","","","","","","","","","","","","","","","","",""
"2128","57274","8195","81B0","818E","","","81AA","","","","","","","","","","","","","","","","",""
"2129","57292","BFC4","BFDA","BFB3","","","BFD4","","","","","","","","","","","","","","","","",""
"2130","57310","02FF","02F5","02F7","","","02F0","","","","","","","","","","","","","","","","",""
"2131","57325","31D6","31D6","31CE","","","31C7","","","","","","","","","","","","","","","","",""
"2132","57342","CB75","CBAF","CB6D","","","CB92","","","","","","","","","","","","","","","","",""
"2133","57359","01BA","021D","01BC","","","0207","","","","","","","","","","","","","","","","",""
"2134","57376","2639","264A","2631","","","2645","","","","","","","","","","","","","","","","",""
"2135","57390","6F93","6FBA","6F92","","","6FB3","","","","","","","","","","","","","","","","",""
"2136","57406","B750","B75E","B756","","","B74F","","","","","","","","","","","","","","","","",""
"2137","57421","009E","009E","008D","","","008F","","","","","","","","","","","","","","","","",""
"2138","57437","8888","88CA","8880","","","88BB","","","","","","","","","","","","","","","","",""
"2139","57454","B451","B48B","B449","","","B47C","","","","","","","","","","","","","","","","",""
"2140","57470","FCB9","FCD0","FCB1","","","FCC9","","","","","","","","","","","","","","","","",""
"2141","57485","4AC1","4AD2","4AB2","","","4ACC","","","","","","","","","","","","","","","","",""
"2142","57502","8F26","8F4F","8F1E","","","8F36","","","","","","","","","","","","","","","","",""
"2143","57516","D75F","D757","D757","","","D748","","","","","","","","","","","","","","","","",""
"2144","57534","3388","33C2","3388","","","33BC","","","","","","","","","","","","","","","","",""
"2145","57551","648C","64BE","647A","","","64B6","","","","","","","","","","","","","","","","",""
"2146","57562","B198","B1B7","B189","","","B1A8","","","","","","","","","","","","","","","","",""
"2147","57580","FADF","FB01","FAD0","","","FAF2","","","","","","","","","","","","","","","","",""
"2148","57595","445B","447B","4453","","","446C","","","","","","","","","","","","","","","","",""
"2149","57614","8C41","8C41","8C41","","","8C32","","","","","","","","","","","","","","","","",""
"2150","57628","B6AC","B6AC","B6A4","","","B69D","","","","","","","","","","","","","","","","",""
"2151","57643","2D54","2D8F","2D4C","","","2D80","","","","","","","","","","","","","","","","",""
"2152","57660","68CF","6902","68C0","","","68FB","","","","","","","","","","","","","","","","",""
"2153","57677","B14D","B166","B145","","","B167","","","","","","","","","","","","","","","","",""
"2154","57692","FA7F","FA99","FA77","","","FA8A","","","","","","","","","","","","","","","","",""
"2155","57707","43DE","43FE","43DC","","","43F6","","","","","","","","","","","","","","","","",""
"2156","57724","8BE9","8BF0","8BF0","","","8BE9","","","","","","","","","","","","","","","","",""
"2157","57740","E7C4","E7F9","E7BC","","","E7EA","","","","","","","","","","","","","","","","",""
"2158","57757","1557","158D","1548","","","158D","","","","","","","","","","","","","","","","",""
"2159","57769","5DD0","5DF4","5DD2","","","5DE5","","","","","","","","","","","","","","","","",""
"2160","57791","A256","A276","A24E","","","A260","","","","","","","","","","","","","","","","",""
"2161","57805","E03E","E075","E036","","","E066","","","","","","","","","","","","","","","","",""
"2162","57820","252A","2531","251A","","","2530","","","","","","","","","","","","","","","","",""
"2163","57836","69A1","69C0","6999","","","69A8","","","","","","","","","","","","","","","","",""
"2164","57853","F6D3","F723","F6CB","","","F714","","","","","","","","","","","","","","","","",""
"2165","57868","264C","2699","2644","","","2695","","","","","","","","","","","","","","","","",""
"2166","57883","5E40","5E68","5E38","","","5E51","","","","","","","","","","","","","","","","",""
"2167","57901","A1A1","A1D7","A19F","","","A1CF","","","","","","","","","","","","","","","","",""
"2168","57917","EA84","EAB2","EA72","","","EAAB","","","","","","","","","","","","","","","","",""
"2169","57931","3294","32B2","3295","","","329C","","","","","","","","","","","","","","","","",""
"2170","57949","A67C","A6AE","A67D","","","E23E","","","","","","","","","","","","","","","","",""
"2171","57963","E1FC","E255","E1F4","","","2542","","","","","","","","","","","","","","","","",""
"2172","57979","253A","2551","2532","","","73D4","","","","","","","","","","","","","","","","",""
"2173","57996","73BC","73E3","73B4","","","BD1D","","","","","","","","","","","","","","","","",""
"2174","58012","BCEF","BD24","BCE7","","","FAB9","","","","","","","","","","","","","","","","",""
"2175","58026","FAC8","FAC8","FAC0","","","2AE9","","","","","","","","","","","","","","","","",""
"2176","58042","2AD4","2AF0","2AD0","","","A05C","","","","","","","","","","","","","","","","",""
"2177","58060","A02B","A06B","A02C","","","DE58","","","","","","","","","","","","","","","","",""
"2178","58075","DDF7","DE70","DDEF","","","2522","","","","","","","","","","","","","","","","",""
"2179","58092","24FB","2531","2501","","","6D4E","","","","","","","","","","","","","","","","",""
"2180","58106","6D3E","6D55","6D36","","","B69A","","","","","","","","","","","","","","","","",""
"2181","58123","B68B","B6A9","B683","","","FEA9","","","","","","","","","","","","","","","","",""
"2182","58138","FEB8","FEB0","FEB0","","","5AF6","","","","","","","","","","","","","","","","",""
"2183","58153","5AC0","5AFA","5AB8","","","88C8","","","","","","","","","","","","","","","","",""
"2184","58169","889C","88E2","88A0","","","D123","","","","","","","","","","","","","","","","",""
"2185","58188","D113","D132","D101","","","1A50","","","","","","","","","","","","","","","","",""
"2186","58204","1A43","1A55","1A3C","","","6391","","","","","","","","","","","","","","","","",""
"2187","58219","6388","6399","6372","","","AB94","","","","","","","","","","","","","","","","",""
"2188","58232","ABA3","ABB3","AB9D","","","1EC3","","","","","","","","","","","","","","","","",""
"2189","58249","1E96","1ED2","1E95","","","4098","","","","","","","","","","","","","","","","",""
"2190","58263","405F","40AE","4057","","","8CA2","","","","","","","","","","","","","","","","",""
"2191","58284","8C92","8CB1","8C8A","","","D5F0","","","","","","","","","","","","","","","","",""
"2192","58297","D5DC","D5F6","D5D4","","","1F9B","","","","","","","","","","","","","","","","",""
"2193","58313","1F7D","1FAC","1F7C","","","6728","","","","","","","","","","","","","","","","",""
"2194","58333","6737","6737","6729","","","B060","","","","","","","","","","","","","","","","",""
"2195","58346","B06F","B06F","B05E","","","145C","","","","","","","","","","","","","","","","",""
"2196","58363","143D","1469","1435","","","4476","","","","","","","","","","","","","","","","",""
"2197","58377","444A","447A","4442","","","8DAD","","","","","","","","","","","","","","","","",""
"2198","58395","8D86","8DBC","8D7E","","","D5FA","","","","","","","","","","","","","","","","",""
"2199","58410","D5EF","D610","D5E7","","","1F49","","","","","","","","","","","","","","","","",""
"2200","58427","1F36","1F58","1F38","","","674F","","","","","","","","","","","","","","","","",""
"2201","58441","6768","675E","6760","","","C231","","","","","","","","","","","","","","","","",""
"2202","58459","C208","C245","C20B","","","FD34","","","","","","","","","","","","","","","","",""
"2203","58475","FD0A","FD3C","FCFA","","","45EB","","","","","","","","","","","","","","","","",""
"2204","58490","45D9","45FA","45D9","","","83A3","","","","","","","","","","","","","","","","",""
"2205","58508","837B","83B2","8373","","","C668","","","","","","","","","","","","","","","","",""
"2206","58518","C642","C676","C639","","","1314","","","","","","","","","","","","","","","","",""
"2207","58537","1305","131B","1305","","","5C7C","","","","","","","","","","","","","","","","",""
"2208","58551","5C75","5C92","5C75","","","D70B","","","","","","","","","","","","","","","","",""
"2209","58570","D6C3","D713","D6BB","","","0B22","","","","","","","","","","","","","","","","",""
"2210","58585","0AD4","0B29","0ACC","","","4E18","","","","","","","","","","","","","","","","",""
"2211","58599","4DFE","4E1E","4DFE","","","9C98","","","","","","","","","","","","","","","","",""
"2212","58616","9C78","9C9D","9C6E","","","E5F9","","","","","","","","","","","","","","","","",""
"2213","58631","E5D2","E602","E5CA","","","2DFB","","","","","","","","","","","","","","","","",""
"2214","58649","2DF5","2E0B","2DED","","","904D","","","","","","","","","","","","","","","","",""
"2215","58664","9023","905C","901B","","","C027","","","","","","","","","","","","","","","","",""
"2216","58681","BFE5","C036","BFDD","","","0899","","","","","","","","","","","","","","","","",""
"2217","58698","0871","08A8","0869","","","4C0D","","","","","","","","","","","","","","","","",""
"2218","58711","4C09","4C24","4BFA","","","7BA7","","","","","","","","","","","","","","","","",""
"2219","58729","7B8F","7BB6","7B87","","","BF4C","","","","","","","","","","","","","","","","",""
"2220","58746","BF54","BF62","BF45","","","1261","","","","","","","","","","","","","","","","",""
"2221","58759","125A","1268","124A","","","99C0","","","","","","","","","","","","","","","","",""
"2222","58772","997D","99D9","9975","","","BE88","","","","","","","","","","","","","","","","",""
"2223","58791","BE26","BE9D","BE1E","","","09DB","","","","","","","","","","","","","","","","",""
"2224","58810","09C3","09F2","09B2","","","4D4A","","","","","","","","","","","","","","","","",""
"2225","58822","4D42","4D59","4D3A","","","9678","","","","","","","","","","","","","","","","",""
"2226","58839","9669","9687","9661","","","DE9E","","","","","","","","","","","","","","","","",""
"2227","58856","DEA5","DEAD","DE9D","","","3A9F","","","","","","","","","","","","","","","","",""
"2228","58871","3A5D","3AAD","3A4E","","","743B","","","","","","","","","","","","","","","","",""
"2229","58886","7417","7451","7416","","","BDBE","","","","","","","","","","","","","","","","",""
"2230","58904","BD8E","BDCC","BD86","","","05FA","","","","","","","","","","","","","","","","",""
"2231","58919","05F7","0612","05E8","","","363B","","","","","","","","","","","","","","","","",""
"2232","58934","361D","3653","360B","","","7D5D","","","","","","","","","","","","","","","","",""
"2233","58947","7D73","7D6C","7D64","","","ED80","","","","","","","","","","","","","","","","",""
"2234","58968","ED61","ED8F","ED4E","","","19FB","","","","","","","","","","","","","","","","",""
"2235","58982","19CF","1A08","19C8","","","6705","","","","","","","","","","","","","","","","",""
"2236","58999","66EB","670D","66ED","","","B042","","","","","","","","","","","","","","","","",""
"2237","59015","B03E","B051","B035","","","FC27","","","","","","","","","","","","","","","","",""
"2238","59034","FC21","FC33","FC19","","","2784","","","","","","","","","","","","","","","","",""
"2239","59044","2793","278A","277D","","","71CE","","","","","","","","","","","","","","","","",""
"2240","59064","71C8","71DD","71C0","","","0089","","","","","","","","","","","","","","","","",""
"2241","59076","0057","0091","004F","","","26D7","","","","","","","","","","","","","","","","",""
"2242","59092","26B3","26E0","26A3","","","6F10","","","","","","","","","","","","","","","","",""
"2243","59110","6F05","6F1F","6EF7","","","B862","","","","","","","","","","","","","","","","",""
"2244","59125","B857","B86F","B84F","","","0191","","","","","","","","","","","","","","","","",""
"2245","59141","0185","01A0","0177","","","4992","","","","","","","","","","","","","","","","",""
"2246","59160","49A1","49A1","49A1","","","AA31","","","","","","","","","","","","","","","","",""
"2247","59174","AA00","AA40","A9FE","","","DA27","","","","","","","","","","","","","","","","",""
"2248","59193","D9F7","DA36","D9F0","","","2352","","","","","","","","","","","","","","","","",""
"2249","59206","2333","2367","232D","","","6706","","","","","","","","","","","","","","","","",""
"2250","59222","66EF","670A","66EF","","","B4F5","","","","","","","","","","","","","","","","",""
"2251","59240","B4E0","B504","B4D8","","","FD07","","","","","","","","","","","","","","","","",""
"2252","59252","FD16","FD16","FD0F","","","27C7","","","","","","","","","","","","","","","","",""
"2253","59270","27D6","27D6","27CE","","","A152","","","","","","","","","","","","","","","","",""
"2254","59284","A125","A167","A11E","","","DD72","","","","","","","","","","","","","","","","",""
"2255","59303","DD2A","DD81","DD22","","","1D56","","","","","","","","","","","","","","","","",""
"2256","59318","1D3C","1D64","1D3A","","","5B88","","","","","","","","","","","","","","","","",""
"2257","59333","5B77","5B9E","5B74","","","A478","","","","","","","","","","","","","","","","",""
"2258","59347","A45E","A487","A456","","","EC58","","","","","","","","","","","","","","","","",""
"2259","59367","EC67","EC70","EC68","","","6283","","","","","","","","","","","","","","","","",""
"2260","59380","625F","629A","6250","","","90AF","","","","","","","","","","","","","","","","",""
"2261","59397","908D","90BE","9084","","","D968","","","","","","","","","","","","","","","","",""
"2262","59412","D957","D977","D957","","","231E","","","","","","","","","","","","","","","","",""
"2263","59430","2304","2334","22F4","","","6C66","","","","","","","","","","","","","","","","",""
"2264","59446","6C3F","6C75","6C2F","","","ADF0","","","","","","","","","","","","","","","","",""
"2265","59463","ADF7","ADF7","ADF7","","","FC44","","","","","","","","","","","","","","","","",""
"2266","59478","FC53","FC53","FC48","","","6EF6","","","","","","","","","","","","","","","","",""
"2267","59491","6ECD","6F06","6EC4","","","95D8","","","","","","","","","","","","","","","","",""
"2268","59507","958D","95F0","958C","","","DCB5","","","","","","","","","","","","","","","","",""
"2269","59522","DCAE","DCBE","DC9A","","","25DB","","","","","","","","","","","","","","","","",""
"2270","59541","25C1","25F3","25C2","","","6DEB","","","","","","","","","","","","","","","","",""
"2271","59558","6E00","6DFA","6DF2","","","B720","","","","","","","","","","","","","","","","",""
"2272","59572","B72F","B72F","B730","","","1D80","","","","","","","","","","","","","","","","",""
"2273","59589","1D98","1D8F","1D87","","","49E4","","","","","","","","","","","","","","","","",""
"2274","59606","49B5","49F0","49B6","","","903D","","","","","","","","","","","","","","","","",""
"2275","59619","904C","904C","904D","","","D91B","","","","","","","","","","","","","","","","",""
"2276","59636","D923","D923","D91B","","","21DA","","","","","","","","","","","","","","","","",""
"2277","59653","21F1","21F1","21E9","","","6B26","","","","","","","","","","","","","","","","",""
"2278","59667","6B35","6B35","6B2E","","","B460","","","","","","","","","","","","","","","","",""
"2279","59684","B468","B468","B46F","","","F925","","","","","","","","","","","","","","","","",""
"2280","59699","F92C","F92C","F91E","","","46DA","","","","","","","","","","","","","","","","",""
"2281","59716","46E9","46E9","46DF","","","8891","","","","","","","","","","","","","","","","",""
"2282","59732","889E","889E","8898","","","C6D9","","","","","","","","","","","","","","","","",""
"2283","59745","C6DF","C6DF","C6E0","","","0F99","","","","","","","","","","","","","","","","",""
"2284","59764","0FA8","0FA8","0FA0","","","58D1","","","","","","","","","","","","","","","","",""
"2285","59781","58E9","58E9","58D8","","","A229","","","","","","","","","","","","","","","","",""
"2286","59796","A237","A237","A228","","","EB51","","","","","","","","","","","","","","","","",""
"2287","59812","EB67","EB67","EB58","","","3497","","","","","","","","","","","","","","","","",""
"2288","59826","34AF","34AF","34A7","","","7DDC","","","","","","","","","","","","","","","","",""
"2289","59841","7DEA","7DEA","7DEA","","","F4B2","","","","","","","","","","","","","","","","",""
"2290","59859","F4B9","F4B9","F4B1","","","239F","","","","","","","","","","","","","","","","",""
"2291","59874","23B9","23B9","23A5","","","6C9C","","","","","","","","","","","","","","","","",""
"2292","59892","6CAB","6CAB","6CA1","","","B5E7","","","","","","","","","","","","","","","","",""
"2293","59906","B5EE","B5EE","B5E3","","","FF22","","","","","","","","","","","","","","","","",""
"2294","59925","FF29","FF29","FF29","","","43E4","","","","","","","","","","","","","","","","",""
"2295","59940","43FB","43FB","43EB","","","91A0","","","","","","","","","","","","","","","","",""
"2296","59954","91B5","91B5","91A2","","","DADB","","","","","","","","","","","","","","","","",""
"2297","59972","DAE1","DAE1","DAD4","","","2426","","","","","","","","","","","","","","","","",""
"2298","59989","242F","242F","2430","","","65CF","","","","","","","","","","","","","","","","",""
"2299","60003","65E6","65E6","65DE","","","A419","","","","","","","","","","","","","","","","",""
"2300","60021","A41F","A41F","A421","","","ECDC","","","","","","","","","","","","","","","","",""
"2301","60034","ECEB","ECEB","ECE3","","","360D","","","","","","","","","","","","","","","","",""
"2302","60048","3623","3623","3614","","","7F61","","","","","","","","","","","","","","","","",""
"2303","60065","7F70","7F70","7F6E","","","C898","","","","","","","","","","","","","","","","",""
"2304","60083","C8A0","C8A0","C898","","","11DC","","","","","","","","","","","","","","","","",""
"2305","60096","11EB","11EB","11DC","","","5B23","","","","","","","","","","","","","","","","",""
"2306","60114","5B32","5B32","5B23","","","D44E","","","","","","","","","","","","","","","","",""
"2307","60127","D455","D455","D44D","","","0326","","","","","","","","","","","","","","","","",""
"2308","60146","0335","0335","0326","","","4C2A","","","","","","","","","","","","","","","","",""
"2309","60161","4C40","4C40","4C39","","","9102","","","","","","","","","","","","","","","","",""
"2310","60178","9111","9111","90F9","","","DEC3","","","","","","","","","","","","","","","","",""
"2311","60194","DEC7","DEC7","DEC7","","","27DE","","","","","","","","","","","","","","","","",""
"2312","60209","27ED","27ED","27E4","","","7117","","","","","","","","","","","","","","","","",""
"2313","60226","7126","7126","7120","","","BA6E","","","","","","","","","","","","","","","","",""
"2314","60243","BA85","BA85","BA7D","","","03AA","","","","","","","","","","","","","","","","",""
"2315","60257","03B9","03B9","03B8","","","456B","","","","","","","","","","","","","","","","",""
"2316","60272","4571","4571","4569","","","8391","","","","","","","","","","","","","","","","",""
"2317","60292","8399","8399","8398","","","CC6B","","","","","","","","","","","","","","","","",""
"2318","60306","CC84","CC84","CC72","","","15A9","","","","","","","","","","","","","","","","",""
"2319","60322","15B1","15B1","15B0","","","5EE9","","","","","","","","","","","","","","","","",""
"2320","60337","5EF1","5EF1","5EE9","","","A82B","","","","","","","","","","","","","","","","",""
"2321","60353","A842","A842","A832","","","F1C2","","","","","","","","","","","","","","","","",""
"2322","60364","F1C9","F1C9","F1CB","","","3B27","","","","","","","","","","","","","","","","",""
"2323","60383","3B36","3B36","3B2E","","","C89C","","","","","","","","","","","","","","","","",""
"2324","60400","C877","C8B2","C86B","","","D6B5","","","","","","","","","","","","","","","","",""
"2325","60416","D68A","D6BC","D67A","","","24D6","","","","","","","","","","","","","","","","",""
"2326","60434","24B4","24E5","24A4","","","6CCA","","","","","","","","","","","","","","","","",""
"2327","60448","6CC9","6CEB","6CAB","","","B80A","","","","","","","","","","","","","","","","",""
"2328","60463","B7DE","B81B","B7D7","","","FF42","","","","","","","","","","","","","","","","",""
"2329","60481","FF4B","FF61","FF29","","","47A7","","","","","","","","","","","","","","","","",""
"2330","60499","47C4","47BD","47BC","","","91F0","","","","","","","","","","","","","","","","",""
"2331","60512","91E8","9207","91D6","","","DA32","","","","","","","","","","","","","","","","",""
"2332","60530","DA48","DA4A","DA39","","","1D39","","","","","","","","","","","","","","","","",""
"2333","60543","1D28","1D48","1D29","","","5A40","","","","","","","","","","","","","","","","",""
"2334","60559","5A56","5A56","5A47","","","A310","","","","","","","","","","","","","","","","",""
"2335","60577","A31F","A31F","A317","","","ED7A","","","","","","","","","","","","","","","","",""
"2336","60589","ED68","ED89","ED5A","","","3CED","","","","","","","","","","","","","","","","",""
"2337","60608","3CE7","3D01","3CDF","","","7F29","","","","","","","","","","","","","","","","",""
"2338","60624","7F38","7F41","7F39","","","CCA6","","","","","","","","","","","","","","","","",""
"2339","60638","CCBD","CCB5","CCA7","","","0CDA","","","","","","","","","","","","","","","","",""
"2340","60656","0CE0","0CE9","0CE1","","","5F31","","","","","","","","","","","","","","","","",""
"2341","60669","5F40","5F48","5F41","","","A436","","","","","","","","","","","","","","","","",""
"2342","60686","A437","A445","A42F","","","F34A","","","","","","","","","","","","","","","","",""
"2343","60704","F318","F359","F310","","","3AEC","","","","","","","","","","","","","","","","",""
"2344","60720","3AF3","3AFC","3AEB","","","AEA3","","","","","","","","","","","","","","","","",""
"2345","60735","845D","845D","8455","","","DDA5","","","","","","","","","","","","","","","","",""
"2346","60752","AEB2","AEB2","AEB2","","","268F","","","","","","","","","","","","","","","","",""
"2347","60768","DDAA","DDB4","DDAC","","","6F71","","","","","","","","","","","","","","","","",""
"2348","60785","2699","2699","2690","","","177F","","","","","","","","","","","","","","","","",""
"2349","60798","6F80","6F87","6F81","","","4F2F","","","","","","","","","","","","","","","","",""
"2350","60811","1780","179B","176C","","","9AC1","","","","","","","","","","","","","","","","",""
"2351","60829","4F33","4F3E","4F34","","","E33A","","","","","","","","","","","","","","","","",""
"2352","60845","9AB0","9AD0","9AA8","","","2C81","","","","","","","","","","","","","","","","",""
"2353","60862","E349","E349","E33C","","","6A5E","","","","","","","","","","","","","","","","",""
"2354","60879","2C9A","2C9A","2C91","","","BF20","","","","","","","","","","","","","","","","",""
"2355","60894","6A63","6A6D","6A63","","","09CD","","","","","","","","","","","","","","","","",""
"2356","60912","BF3B","BF3B","BF26","","","51EA","","","","","","","","","","","","","","","","",""
"2357","60923","09A2","09DC","099B","","","9348","","","","","","","","","","","","","","","","",""
"2358","60942","51F0","51F7","51E8","","","D166","","","","","","","","","","","","","","","","",""
"2359","60957","935E","935E","9356","","","1A55","","","","","","","","","","","","","","","","",""
"2360","60973","D17E","D17E","D168","","","639E","","","","","","","","","","","","","","","","",""
"2361","60988","1A64","1A64","1A65","","","E890","","","","","","","","","","","","","","","","",""
"2362","61005","63A4","63A4","639C","","","1021","","","","","","","","","","","","","","","","",""
"2363","61020","E864","E89F","E852","","","59B2","","","","","","","","","","","","","","","","",""
"2364","61037","0FEE","1030","0FEE","","","A1DB","","","","","","","","","","","","","","","","",""
"2365","61057","5988","59C1","5980","","","EBA2","","","","","","","","","","","","","","","","",""
"2366","61067","A1F2","A1EA","A1E2","","","3518","","","","","","","","","","","","","","","","",""
"2367","61084","EB6F","EBB1","EB6E","","","7BBC","","","","","","","","","","","","","","","","",""
"2368","61099","34EB","3527","34EC","","","BFDA","","","","","","","","","","","","","","","","",""
"2369","61117","7BCB","7BC0","7BC3","","","0D5C","","","","","","","","","","","","","","","","",""
"2370","61128","BFE2","BFE2","BFE2","","","3ABE","","","","","","","","","","","","","","","","",""
"2371","61148","0D63","0D63","0D63","","","843A","","","","","","","","","","","","","","","","",""
"2372","61162","3AD6","3AD6","3ACE","","","CCF9","","","","","","","","","","","","","","","","",""
"2373","61178","8442","8449","8441","","","162E","","","","","","","","","","","","","","","","",""
"2374","61193","CD11","CD11","CD00","","","742D","","","","","","","","","","","","","","","","",""
"2375","61212","163E","163E","1636","","","AAD3","","","","","","","","","","","","","","","","",""
"2376","61227","740C","744A","73FE","","","F3D0","","","","","","","","","","","","","","","","",""
"2377","61242","AAA0","AAE2","AAA0","","","3BDA","","","","","","","","","","","","","","","","",""
"2378","61257","F3AB","F3E5","F3A3","","","86C3","","","","","","","","","","","","","","","","",""
"2379","61275","3BC3","3BE9","3BC0","","","CD91","","","","","","","","","","","","","","","","",""
"2380","61291","8697","86D9","8698","","","179E","","","","","","","","","","","","","","","","",""
"2381","61306","CDA0","CDA9","CDA1","","","6011","","","","","","","","","","","","","","","","",""
"2382","61323","1788","17A8","1786","","","AA3B","","","","","","","","","","","","","","","","",""
"2383","61335","6020","6020","6021","","","CF57","","","","","","","","","","","","","","","","",""
"2384","61353","AA33","AA53","AA23","","","03E8","","","","","","","","","","","","","","","","",""
"2385","61370","CF58","CF5D","CF50","","","4D03","","","","","","","","","","","","","","","","",""
"2386","61386","03E4","0406","03D5","","","9609","","","","","","","","","","","","","","","","",""
"2387","61406","4CF3","4D09","4CE3","","","4784","","","","","","","","","","","","","","","","",""
"2388","61420","95F8","9623","95F8","","","7887","","","","","","","","","","","","","","","","",""
"2389","61436","4762","479D","475A","","","C219","","","","","","","","","","","","","","","","",""
"2390","61451","785B","789B","784D","","","0A48","","","","","","","","","","","","","","","","",""
"2391","61465","C1F0","C232","C1E7","","","5403","","","","","","","","","","","","","","","","",""
"2392","61481","0A57","0A60","0A57","","","9D95","","","","","","","","","","","","","","","","",""
"2393","61498","53D3","5412","53C9","","","00B4","","","","","","","","","","","","","","","","",""
"2394","61514","9D6B","9DB3","9D6A","","","3014","","","","","","","","","","","","","","","","",""
"2395","61528","007E","00C3","0076","","","799D","","","","","","","","","","","","","","","","",""
"2396","61544","2FDF","3023","2FDF","","","C1CA","","","","","","","","","","","","","","","","",""
"2397","61565","7975","79AC","7965","","","0B8C","","","","","","","","","","","","","","","","",""
"2398","61575","C1D9","C1D3","C1CC","","","5085","","","","","","","","","","","","","","","","",""
"2399","61595","0B5B","0B9B","0B4F","","","9BAE","","","","","","","","","","","","","","","","",""
"2400","61609","5064","509D","505C","","","087A","","","","","","","","","","","","","","","","",""
"2401","61625","9BBC","9BC6","9BC8","","","324F","","","","","","","","","","","","","","","","",""
"2402","61641","0856","0889","084E","","","7BF2","","","","","","","","","","","","","","","","",""
"2403","61658","31F3","3265","31EB","","","C897","","","","","","","","","","","","","","","","",""
"2404","61672","7BE1","7C00","7BD0","","","0F0F","","","","","","","","","","","","","","","","",""
"2405","61688","C89D","C8A6","C895","","","5895","","","","","","","","","","","","","","","","",""
"2406","61702","0EDB","0F1E","0EDE","","","A441","","","","","","","","","","","","","","","","",""
"2407","61722","5866","58A0","5857","","","E844","","","","","","","","","","","","","","","","",""
"2408","61740","A439","A458","A428","","","30E9","","","","","","","","","","","","","","","","",""
"2409","61754","E853","E84C","E844","","","75E3","","","","","","","","","","","","","","","","",""
"2410","61770","30F8","3103","30F3","","","B0D1","","","","","","","","","","","","","","","","",""
"2411","61785","75F2","75F2","75E1","","","F9C1","","","","","","","","","","","","","","","","",""
"2412","61800","B0DF","B0DF","B0CF","","","7C10","","","","","","","","","","","","","","","","",""
"2413","61818","F9D7","F9D7","F9D6","","","A614","","","","","","","","","","","","","","","","",""
"2414","61833","7BE0","7C1B","7BD3","","","F866","","","","","","","","","","","","","","","","",""
"2415","61845","A5F0","A629","A5ED","","","405B","","","","","","","","","","","","","","","","",""
"2416","61863","F842","F87C","F83B","","","8E91","","","","","","","","","","","","","","","","",""
"2417","61879","4044","4072","4042","","","D3AA","","","","","","","","","","","","","","","","",""
"2418","61896","8E67","8EA1","8E5F","","","1BCE","","","","","","","","","","","","","","","","",""
"2419","61910","D385","D3BF","D36F","","","66DF","","","","","","","","","","","","","","","","",""
"2420","61925","1BBB","1BE5","1BBC","","","AC31","","","","","","","","","","","","","","","","",""
"2421","61941","66EE","66EE","66EE","","","D4A4","","","","","","","","","","","","","","","","",""
"2422","61960","AC39","AC39","AC31","","","218E","","","","","","","","","","","","","","","","",""
"2423","61977","D4BE","D4BC","D4AB","","","6702","","","","","","","","","","","","","","","","",""
"2424","61990","21AB","21AB","219A","","","B06F","","","","","","","","","","","","","","","","",""
"2425","62007","6719","6719","6711","","","3443","","","","","","","","","","","","","","","","",""
"2426","62023","B076","B076","B076","","","582A","","","","","","","","","","","","","","","","",""
"2427","62038","3417","3452","3405","","","A1BA","","","","","","","","","","","","","","","","",""
"2428","62057","5808","5842","5800","","","E516","","","","","","","","","","","","","","","","",""
"2429","62073","A18B","A1D2","A182","","","34B5","","","","","","","","","","","","","","","","",""
"2430","62084","E505","E51D","E4F4","","","7B78","","","","","","","","","","","","","","","","",""
"2431","62101","3487","34BC","3478","","","C5BE","","","","","","","","","","","","","","","","",""
"2432","62118","7B87","7B79","7B80","","","0EC3","","","","","","","","","","","","","","","","",""
"2433","62136","C5AA","C5CD","C5A9","","","5731","","","","","","","","","","","","","","","","",""
"2434","62149","0EBB","0ED9","0EA9","","","7E44","","","","","","","","","","","","","","","","",""
"2435","62165","5737","5740","5737","","","BB91","","","","","","","","","","","","","","","","",""
"2436","62182","7E32","7E62","7E3A","","","","","","","","","","","","","","","","","","","",""
"2437","62201","BBA1","BB99","BB99","","","","","","","","","","","","","","","","","","","",""