"Seeds for the Japanese Leaf Green version farmed by トノ.","","","","","","","",""
"","モノラル/LR","モノラル/かたて","モノラル/ヘルプ","ステレオ/LR","ステレオ/かたて","ステレオ/ヘルプ","",""
"Frame","MONO/LR","MONO/L=A","MONO/HELP","STEREO/LR","STEREO/L=A","STEREO/HELP","",""
"2090","9994","998A","9993","998A","9994","9994","",""
"2091","4A85","4A85","4A90","4ABB","4ABB","4ABB","",""
"2092","7D40","7D37","7D3E","7D76","7D77","7D6A","",""
"2093","C64E","C64B","C64B","C679","C678","C677","",""
"2094","0F2E","0F2C","58B1","0F33","0F2C","0F33","",""
"2095","58A8","58A7","A237","58DF","58E5","58E5","",""
"2096","A23A","A23C","04F7","A277","A278","A26B","",""
"2097","04F7","04F7","3016","0529","0529","0529","",""
"2098","300C","3017","7FDA","304B","304F","304B","",""
"2099","7FDA","7FCE","C6C9","803E","803F","8047","",""
"2100","C6C7","C6CB","5970","C6E0","C6DF","C6EB","",""
"2101","1001","0FFD","A2A4","1007","0FFD","0FFF","",""
"2102","596E","5973","08F5","59A3","59A6","599D","",""
"2103","A2A7","A2B0","3913","A2E3","A2E4","A2DD","",""
"2104","0901","0901","8231","0936","0938","0936","",""
"2105","3913","8230","1485","3948","394A","3948","",""
"2106","8227","CB01","5E2B","826A","825C","825E","",""
"2107","CAF7","148B","A4F5","CAF7","CB01","14C4","",""
"2108","1485","5E33","ED50","14BA","14C3","5E6B","",""
"2109","5E35","A4ED","3694","5E62","5E62","A4EE","",""
"2110","A4EE","ED4C","73F8","A4FA","A4F5","ED50","",""
"2112","ED51","3690","B679","ED51","ED58","3694","",""
"2113","368C","73EF","FF4F","368C","3688","73F8","",""
"2114","73F8","B682","488D","73F8","73EF","B679","",""
"2115","B684","FF4F","C8D7","B684","B682","FF4F","",""
"2116","FF47","4899","F488","FF47","FF4F","488D","",""
"2117","4897","C8D7","3DA0","4897","4899","C90D","",""
"2118","C8D7","F488","865C","C90D","C90D","F4BF","",""
"2119","F47F","3DA3","CFFE","F4B5","F4BE","3DCC","",""
"2120","3D96","8667","1992","3DD6","3DD6","865C","",""
"2121","865C","CFFC","7782","865C","8668","D02A","",""
"2122","CFFE","777B","AABB","D034","D034","19BF","",""
"2123","1991","AABE","F3CF","19C8","19BF","777B","",""
"2124","777B","F3CF","1D39","7782","7782","AABB","",""
"2125","AABB","1D39","66BE","AABB","AABB","F3CF","",""
"2126","F3C3","66BD","AB33","F3C3","F3CF","1D44","",""
"2127","1D39","AB3B","F8B2","1D39","1D39","66BE","",""
"2128","66B4","F8B1","8066","66B4","66BD","AB33","",""
"2129","AB33","8071","A37A","AB33","AB3B","F8B2","",""
"2130","F8B2","A384","EC9D","F8B2","F8B1","809D","",""
"2131","8066","EC9D","3638","809D","80A7","A3C1","",""
"2132","A384","3642","7EDD","A3B0","A3C9","ECD2","",""
"2133","ECA0","7EDD","C78E","ECCA","ECD4","366D","",""
"2134","3631","C78E","10DB","366F","366E","7EF2","",""
"2135","7EDD","10D3","5AA0","7EF2","7EF2","C7A5","",""
"2136","C797","5AA0","A369","C7AE","C7B0","10F9","",""
"2137","10D3","A35C","E48D","10F1","10F9","5AC1","",""
"2138","5AA0","E48B","23B7","5AB8","5AB8","A387","",""
"2139","A35C","23C1","6CA2","A384","A37B","E48B","",""
"2140","E48B","6CAD","B4C3","E48B","E48D","23D6","",""
"2141","23B7","B4C3","FA9F","23DF","23DF","6CC0","",""
"2142","6CA2","FA9F","4786","6CC8","6CC0","B4BB","",""
"2143","B4BB","478D","906A","B4BB","B4BB","FAB2","",""
"2144","FA93","906A","DA59","FABD","FABB","478D","",""
"2146","4786","DA57","22ED","4786","4792","906B","",""
"2147","9061","22ED","6C47","906A","906A","DA6F","",""
"2149","DA4F","6C4A","B5F9","DA67","DA67","22F6","",""
"2150","22F6","B5F9","FEAC","22F6","22F6","6C47","",""
"2151","6C3D","FEA4","2A57","6C3D","6C48","B60D","",""
"2152","B5F0","2A60","579B","B60D","B616","FEA4","",""
"2153","FEAC","5784","A099","FEAD","FEAD","2A57","",""
"2154","2A64","A0A3","E960","2A64","2A60","57A1","",""
"2155","5784","E960","9968","5784","5784","A099","",""
"2156","A0A5","9974","CBC8","A0A5","A0A3","E960","",""
"2157","E958","CBCD","17DD","E960","E958","9968","",""
"2158","9974","17E5","53C6","9974","9968","CBDF","",""
"2159","CBCC","53BC","AE71","CBE6","CBE8","17DD","",""
"2160","17E5","F389","F380","17DD","17E8","53C6","",""
"2161","53C6","3CF1","3CE6","53BC","53C6","AE91","",""
"2162","AE7E","8A79","8A7C","AE9B","AE91","F38B","",""
"2165","F380","D039","D035","F38C","F38A","3CE6","",""
"2166","3CE6","1107","1107","3CE6","3CF1","8A95","",""
"2167","8A70","52A4","52A7","8A88","8A8F","D04C","",""
"2168","D035","9800","9800","D055","D054","1107","",""
"2169","1107","E17F","9800","1107","110F","52A7","",""
"2170","529B","55A6","55B2","529B","52A5","9800","",""
"2171","980A","91FF","9201","980A","9800","E176","",""
"2172","E176","DAFD","9201","E176","E17F","55B2","",""
"2173","55B2","26F2","DAF4","55B2","55A6","921A","",""
"2174","91F6","6D02","6CF9","920E","9217","DB1A","",""
"2175","DB00","A8B5","6CF9","DB1A","DB12","26F2","",""
"2176","26EA","FFC8","A8B5","26EA","26EA","6CF9","",""
"2177","6D02","4D03","FFC8","6D02","6D02","A8B5","",""
"2178","A8B7","929D","4D05","A8AD","A8B5","FFD0","",""
"2179","FFD0","BF2D","929D","FFC8","FFC8","4D1D","",""
"2180","4D03","0BF6","BF37","4D1C","4D1C","92BA","",""
"2181","92A5","519A","0BF8","92BA","92C4","BF36","",""
"2182","BF36","519A","5191","BF36","BF2D","0C01","",""
"2183","0BF8","1A76","9B06","0BF8","0BF6","5199","",""
"2184","519A","1A76","1A76","519A","519A","9B06","",""
"2185","9B10","4576","4580","9B10","9B0F","1AAA","",""
"2186","1A82","8EB0","8EA6","1AB8","1AAA","8EE6","",""
"2187","4576","D844","D844","45B4","45B4","D87A","",""
"2188","8EB0","20DD","20DC","8EE9","8EE9","20F1","",""
"2189","D844","69C0","69BC","D87A","D872","69D6","",""
"2190","20DD","9528","9528","D87A","20F0","953E","",""
"2191","69BC","DA2A","DA2A","69D6","69D6","DA42","",""
"2192","9528","2822","2822","9547","9547","5727","",""
"2193","DA2A","5709","5714","9547","DA4B","81D8","",""
"2194","282A","81D6","81CD","5727","284A","CAE1","",""
"2196","5709","CAE3","CADB","5727","5733","14DD","",""
"2197","81CF","14CB","14CB","81D9","81D1","BB1C","",""
"2198","CAE1","BB11","BB1A","CAE1","CAD5","F622","",""
"2199","14CA","F61F","F620","14E1","14E0","3F3C","",""
"2200","BB1A","3F36","3F3C","BB1A","BB11","892C","",""
"2201","F61A","8911","8911","F61A","F614","D1AB","",""
"2202","3F3F","D1B0","D1A5","3F3F","3F3B","1AEC","",""
"2203","891D","1AF1","1AF8","8933","892B","74FC","",""
"2204","D1A6","74E7","74DE","D1B1","D1A6","ADA0","",""
"2205","1AFB","AD9F","AD92","1AFD","1AF1","F6B5","",""
"2206","1AFB","3B43","F6B5","74FC","74FC","3B43","",""
"2207","74DE","D268","3B43","ADA1","AD9F","8A38","",""
"2208","AD94","1C41","8A27","F6BE","F6B6","D273","",""
"2209","F6BE","7A9E","D273","3B4E","3B43","D273","",""
"2210","3B4E","B1C3","1C42","8A42","8A43","7AA4","",""
"2211","8A2A","FB5D","7AA4","D273","D268","B1B9","",""
"2212","D273","4424","B1B9","1C4F","D268","B1B9","",""
"2213","1C36","8D5A","FB69","7A9E","1C57","FB86","",""
"2214","7A9E","D689","4426","B1B9","B1B9","8D52","",""
"2215","B1B9","2074","8D52","FB7B","B1B9","8D52","",""
"2216","FB5D","69A3","D694","441D","FB7C","D692","",""
"2217","4426","B257","206C","8D52","4424","2084","",""
"2218","8D52","F40F","69AC","D692","8D5B","69C3","",""
"2219","D689","324D","B24B","2083","D689","B24B","",""
"2220","206B","71DD","F403","69C3","208A","F403","",""
"2221","69B0","C51E","3250","B24B","69C0","3250","",""
"2222","B256","3EC7","71E8","F403","B257","71E8","",""
"2223","F40E","7278","C51E","3250","F40E","C537","",""
"2224","324D","BBA4","3EC6","71E8","324D","3EE3","",""
"2225","71E8","04C2","7278","C537","71DD","7278","",""
"2226","C51E","4E04","BBA4","3ED8","C537","BBA4","",""
"2227","3EC7","9763","04B7","7278","3ED8","04B7","",""
"2228","7281","ED22","4E0C","BBA4","7281","4E0C","",""
"2229","BB9A","2BC0","9763","04B7","BBA4","9763","",""
"2230","04B7","744E","ED22","4E0C","04C2","ED3B","",""
"2231","4E04","9D01","2BC2","9763","4E04","2BE0","",""
"2232","9763","E67B","744E","ED3B","9763","744E","",""
"2233","ED26","2F4C","9D01","2BD6","ED3B","9D01","",""
"2234","2BB8","AC18","E685","744E","2BDE","E67B","",""
"2235","744E","C927","2F49","9D0B","744E","2F49","",""
"2236","9D0B","18CD","AC18","E67B","9D01","AC4D","",""
"2237","E67B","5FC3","C929","2F3F","E685","C95C","",""
"2238","2F3F","A882","18D4","AC4D","2F49","193A","",""
"2239","AC18","F1DC","5FC3","C95C","AC4D","5FD8","",""
"2240","C927","3B90","A88B","193A","C95C","A89B","",""
"2241","18D4","846D","F1DF","5FD8","193A","F1FB","",""
"2242","5FC6","CCE6","3B87","A8A3","5FE2","3BA9","",""
"2243","A88D","0FBB","8464","F1FB","A89B","8482","",""
"2244","F1DC","4E0E","CCDC","3BAB","F1F2","CCE7","",""
"2245","3B87","95BD","0FB4","8482","3B9F","0FD2","",""
"2246","8464","E012","4E04","CCE6","848E","4E23","",""
"2247","CCDC","284A","95B4","0FD2","CCDC","95B4","",""
"2248","0FB4","715E","E009","4E2C","0FD2","E026","",""
"2249","4E0E","BAAB","284D","95BD","4E23","284D","",""
"2250","95B4","0008","715E","E026","95B4","715E","",""
"2251","E013","4D77","BAAA","284A","E026","BAAA","",""
"2252","284A","96F9","0011","716B","284A","002A","",""
"2253","7168","DF8E","4D82","BAAA","7168","4D77","",""
"2254","BAAA","28F1","9702","0027","BAAB","971F","",""
"2255","0008","7234","DF9B","4D77","0020","DF8E","",""
"2256","4D77","9F96","28E3","971F","4D84","28E3","",""
"2257","9702","CE78","7234","DF8E","971F","7234","",""
"2258","DF98","1765","9F96","28E3","DF98","9F96","",""
"2259","28E3","60D5","CE71","723F","28EE","CE71","",""
"2260","7234","1224","176E","9F8D","7234","176E","",""
"2261","9F8D","4324","60DF","CE7B","9F96","60F7","",""
"2262","CE71","9082","1224","1765","CE78","1228","",""
"2263","1765","DC74","4324","60F7","1765","432E","",""
"2264","60E1","2073","907B","1224","60ED","9099","",""
"2265","1228","5E1F","DC75","4324","1224","DC75","",""
"2266","4324","B65C","2069","90A2","432D","2074","",""
"2267","9084","01CB","5E15","DC75","90A2","5E15","",""
"2268","DC75","892A","B64D","2073","DC7D","B687","",""
"2269","2066","CA95","01CC","5E1F","2073","01D2","",""
"2270","5E1F","1012","478F","B687","5E1F","4797","",""
"2271","B64D","5A17","892A","01CC","B68F","8920","",""
"2272","01CC","CA5A","CA9D","479B","01CB","CA95","",""
"2273","479B","061C","1012","892A","479C","1012","",""
"2274","892A","4A6E","5A17","CA9D","892A","5A3B","",""
"2275","CA9D","DD78","CA64","101B","CA9D","CA5A","",""
"2276","101B","27C0","0625","5A38","1012","065C","",""
"2277","5A20","7D0C","4A66","CA5A","5A2F","4A71","",""
"2278","CA5A","B0A8","A28B","0653","CA62","A2C4","",""
"2279","061C","03C7","DD74","4A66","065C","DDAB","",""
"2280","4A66","3271","7D0C","A2B6","4A6E","27F3","",""
"2281","A28B","87D2","B0AB","DDAB","A2C1","7D3C","",""
"2282","DD79","C3ED","03C7","27F3","DDA9","B0DD","",""
"2283","27B6","0E2C","327A","7D3C","27ED","03F9","",""
"2284","7D11","68B0","87D2","B0D5","7D49","32B1","",""
"2285","B09F","9B75","C3E3","03F2","B0E1","8809","",""
"2286","03BF","E4B4","0E2C","32B1","03F9","C422","",""
"2287","327A","2E5D","68B1","8809","32B1","0E62","",""
"2288","87DB","76FF","9B7E","C422","8809","68E7","",""
"2289","C3E3","BFCF","E4BE","0E5A","C422","9BB4","",""
"2290","0E2D","090B","2E67","68DB","0E62","E4EB","",""
"2291","68A5","52CD","76F5","9BB4","68DB","2E9D","",""
"2292","9B7E","9B8E","BFCF","E4F4","9BB4","771F","",""
"2294","E4BF","C3E8","090B","2E9D","E4F4","BFE7","",""
"2295","2E5D","BDEC","52C6","771C","2E9D","092A","",""
"2296","7701","0602","9B8E","BFE7","7714","52EA","",""
"2297","BFCF","4F07","C3DD","092A","BFE7","9BB5","",""
"2298","090E","39FD","BDF5","52EA","092C","C3DD","",""
"2299","52CD","6B91","0602","9BB5","52DD","BE13","",""
"2300","9B98","B49B","4F07","C3E8","9BB5","0602","",""
"2301","C3E8","FE85","39FB","0603","C3E8","4F1C","",""
"2302","BDEC","51BB","6B91","4F1C","0602","39F3","",""
"2303","0602","91B4","FE86","39FA","4F25","6B91","",""
"2304","4F07","F5A8","51BB","6B92","39FB","B490","",""
"2305","39FB","24E3","91B0","B490","6B87","FE9D","",""
"2306","6B92","B627","F5A8","FEA0","B490","51F2","",""
"2307","B490","FF24","24EB","51F2","FE9D","91E8","",""
"2308","FE87","4462","6D32","91E8","51FB","F5DE","",""
"2309","51C4","91F9","B61D","F5DE","91E8","2519","",""
"2310","91A7","F48A","FF2F","2519","F5DE","6D50","",""
"2311","F5B0","216D","446B","6D59","2524","B63F","",""
"2312","24E7","6A73","91F7","B636","6D57","FF4C","",""
"2313","6D28","B4E3","F48A","FF43","B640","4484","",""
"2314","B627","4620","2163","4486","FF4C","9215","",""
"2315","FF2E","D932","6A71","9218","4483","F4A7","",""
"2316","4462","2C9D","B4D9","F4B1","920C","216D","",""
"2317","91EE","4935","FCE2","216D","F4A7","6A71","",""
"2318","F48A","87A3","4613","6A74","2163","B4F8","",""
"2319","216D","D074","D93B","B4F8","6A71","FCE3","",""
"2320","6A71","6297","2CA6","FCE3","B500","461C","",""
"2321","B4E3","8D1D","4935","4613","FCE2","8F62","",""
"2322","FCE3","DC20","87A3","8F6B","4613","D954","",""
"2323","461C","23E9","D074","D949","8F6B","2CDE","",""
"2324","8F6B","6CB1","8D13","2CDD","D949","496D","",""
"2325","D932","B6D2","DC2C","4963","2CDD","87D9","",""
"2326","2CA7","FEE4","23E7","87DA","4963","D0A2","",""
"2327","492E","6381","6CAF","D0AB","87D0","62B4","",""
"2328","87A3","92DD","B6D2","62AF","D0AB","8D2B","",""
"2329","D074","DABF","FEDA","8D34","62AA","DC5E","",""
"2330","628B","241B","6381","DC56","8D34","23FD","",""
"2331","8D1C","6D2F","92DD","2406","DC56","6CA7","",""
"2332","DC20","B701","92DD","6CAF","2406","B6E7","",""
"2333","23EA","2F7C","2412","B6E7","6CA7","FEDA","",""
"2334","6CAF","4EAF","6D37","FEE4","B6F1","6381","",""
"2335","B6CA","97B3","6D37","6381","FEE3","92F2","",""
"2336","FEDA","DCB1","B701","92F2","6381","DABF","",""
"2337","6381","2AEA","2F86","DAC8","92FB","2412","",""
"2338","92D3","72B4","4EA6","2412","DABF","6D37","",""
"2339","DABF","BC71","97A7","6D37","2412","B721","",""
"2340","2412","0554","DCB1","B719","6D2F","2FB3","",""
"2341","6D37","0554","2AE2","2FB3","B719","4EE3","",""
"2342","B701","90A9","72B3","4EDD","2FBC","97DB","",""
"2343","2F86","CDB7","BC79","97E3","4EE5","DCF0","",""
"2344","4EAD","169D","054B","DCE6","97E7","2B24","",""
"2345","97AC","169D","4DC5","2B22","DCF0","72D2","",""
"2346","DCB1","A926","90B2","72D0","2B22","BC90","",""
"2347","2AE2","A926","CDB7","0571","72D0","0569","",""
"2348","72BB","F25D","169D","4DD5","BC8A","4DC5","",""
"2349","BC7D","855B","60E1","90C7","0569","90D0","",""
"2350","0549","855B","A924","CDB7","4DD3","CDB7","",""
"2351","4DD5","CE06","F25E","169D","90C7","169F","",""
"2353","90B2","12DF","3B90","60F6","CDBF","60FF","",""
"2354","CDB7","6164","8566","A925","1695","A91A","",""
"2355","169D","A9C5","CE06","F25D","6103","F25E","",""
"2356","60D9","F313","12E0","3B86","A91A","3B86","",""
"2357","A924","1C67","6158","857B","F254","857F","",""
"2358","F261","4AC9","A9C5","CE05","3B93","CDFB","",""
"2359","3B90","93CA","F313","12E0","8573","12E0","",""
"2360","855B","DD34","1C5F","617E","CE05","6180","",""
"2361","CE05","89AE","4AC7","A9C5","12DF","A9C5","",""
"2362","12E0","BF3C","93C0","F313","6175","F31F","",""
"2363","6161","0AC0","DD2B","1C7F","A9CE","1C77","",""
"2364","A9C5","534B","89AD","4AD1","F313","4AC7","",""
"2365","F31E","9CA3","BF32","93BF","1C7F","93C0","",""
"2367","1C67","E5EC","0AB7","DD41","4AC9","DD42","",""
"2369","4AD1","2FD9","5346","89AE","93CA","89A0","",""
"2370","93CB","6D9E","9C9B","BF3E","DD4A","BF3E","",""
"2371","DD2B","C1FF","E5EB","0AD6","89AD","0AD6","",""
"2372","89A0","0369","2FD0","533D","BF3C","5346","",""
"2373","BF3E","416F","6D96","9CA6","0ADB","9C9B","",""
"2374","0AB7","8A5C","C1FE","E5F4","534B","E5EB","",""
"2375","533D","D437","036A","2FE6","9CA3","2FE6","",""
"2376","9C9B","5025","416F","6DBD","E5EC","6DBD","",""
"2377","E5F4","787F","8A67","C1F3","2FF2","C1FE","",""
"2378","2FD0","C199","D437","0360","6DBD","036A","",""
"2379","6DA1","0A63","5027","4178","C1FF","4178","",""
"2380","C1F3","53E2","7873","8A67","0360","8A67","",""
"2381","0360","9D65","C19A","8A67","416F","D44F","",""
"2382","4178","E436","0A63","5066","8A5C","505C","",""
"2383","8A5C","2CB9","53DB","78AA","D445","78B1","",""
"2384","D42E","75E6","9D70","78AA","505C","C1C7","",""
"2385","5030","A0AC","E444","0A5A","78B4","0A55","",""
"2386","7873","EE95","2CAD","541A","C1CF","5410","",""
"2387","C19A","374D","75E6","541A","0A5A","9DA8","",""
"2388","0A5A","8080","A0AC","9D9E","5419","E448","",""
"2389","53DB","01AD","EE8B","2CB8","9D9E","2CAD","",""
"2390","9D70","3812","3758","2CB8","E445","75E6","",""
"2391","E435","8133","8080","A0AC","2CB9","A0AC","",""
"2392","2CB8","CAF0","01AD","EE95","75DE","EE8B","",""
"2393","75DD","1382","381B","3757","A0AC","8080","",""
"2394","A0B5","5C55","813C","3757","EE95","01E1","",""
"2395","EE95","A5F8","CAEF","01E1","374D","3851","",""
"2396","374D","CFE7","1379","01E1","8080","8172","",""
"2397","8087","1A46","5C4B","3848","01E1","CB1C","",""
"2398","01AD","45B0","A5F8","CB28","3853","1396","",""
"2399","381A","74B9","CFDD","CB28","8172","5C6D","",""
"2400","813D","B8AA","1A46","5C61","CB26","A616","",""
"2401","CAF1","07EA","74C1","A61E","1396","CFFD","",""
"2402","1382","BEB4","B8B3","A61E","5C6F","1A7D","",""
"2403","5C4B","E89E","07E0","1A7D","A616","45B1","",""
"2404","A5F8","31AA","BEC1","45A7","CFFD","74E1","",""
"2405","CFDD","7A90","E89D","74D6","1A85","B8D4","",""
"2406","1A46","C404","31A9","B8D1","45B0","081E","",""
"2407","45B0","0D94","7A87","0828","74E1","BEEC","",""
"2408","74C1","7602","C405","BEEC","B8D1","E8CD","",""
"2409","B8B4","A01E","0D9C","E8D8","0828","31E3","",""
"2410","07ED","E934","760E","31E3","BEF6","7A8F","",""
"2411","BEC0","320F","A015","7A91","E8D5","C43B","",""
"2412","E895","7B89","E929","C43A","31EB","0DD5","",""
"2413","31AB","C519","320A","0DCB","7A86","7638","",""
"2414","7A86","2F7B","7B8B","7638","C43A","A056","",""
"2415","C3F8","5070","C517","A055","0DC9","E96D","",""
"2416","0D94","A06B","2F84","E96B","7642","3204","",""
"2417","760E","E91F","5079","3205","A055","7BC2","",""
"2418","A015","33E3","A060","7BB6","E962","C54E","",""
"2419","E936","7BBB","E920","C54E","320F","C54E","",""
"2420","3205","C504","33E4","2FB1","7BC1","50AE","",""
"2421","7B7F","1059","7BB6","50A6","C54D","A0D5","",""
"2422","C50F","569F","C504","A0CD","C54D","E944","",""
"2423","2F7B","96AB","105B","E93A","2FBC","33E2","",""
"2424","5079","B800","56A0","33EC","50B1","7BF0","",""
"2425","A069","FF3B","96B5","7BFA","A0D5","7BF0","",""
"2426","E927","4826","B7F7","7BFA","E945","1089","",""
"2428","33E4","EB72","FF45","108F","33E3","56C3","",""
"2429","7BC0","1B20","481D","56BE","7BEE","56C3","",""
"2430","C500","642F","EB72","96B5","C545","96B5","",""
"2431","1051","A720","1B20","B7F7","108C","FF3B","",""
"2432","569D","F970","6438","FF3B","56BB","FF3B","",""
"2433","96B5","3FDB","A716","FF3B","96B5","481D","",""
"2434","B7F7","8963","F970","481D","B800","EBA8","",""
"2435","FF3B","D203","3FD4","1B61","FF3B","1B55","",""
"2436","481D","189C","895B","1B61","4827","646E","",""
"2437","EB69","4211","D211","646E","EBA8","A752","",""
"2439","1B28","6D81","18A5","F9B0","1B61","F9A5","",""
"2440","6438","B4C4","4208","F9B0","646E","4012","",""
"2441","A71F","FDAB","6D78","4009","A74C","D20D","",""
"2442","F977","973C","B4CD","8991","F9AF","18A5","",""
"2443","3FD4","BEAC","FDAD","D20D","400A","4211","",""
"2444","8963","07D4","9731","4213","8991","6D78","",""
"2445","D20D","515D","BEAC","6D81","D211","B4CD","",""
"2446","18A5","99EC","07CA","6D81","189C","FDAD","",""
"2447","4213","DE3F","5165","B4CD","4211","9767","",""
"2449","6D81","2D7D","99F4","FDB5","6D81","BEE3","",""
"2450","B4CD","753C","DE3F","9772","B4C4","0800","",""
"2451","FDB5","BDF0","2D7D","BEDA","FDB5","519F","",""
"2453","973C","C9FD","7546","080A","9772","9A13","",""
"2454","BEA4","0788","BDF0","5193","0800","DE4D","",""
"2455","07CA","4F5D","C9FD","9A13","519D","2DBE","",""
"2456","515D","99BB","0788","DE57","9A09","755A","",""
"2457","99F4","066F","4F5D","2DB4","DE4D","BDF0","",""
"2458","DE36","4B28","99BB","7563","2DBC","CA1C","",""
"2459","2D86","945D","0667","BDE7","755A","0788","",""
"2460","7546","DE41","4B30","CA25","BDF0","4F5F","",""
"2461","BDF0","26E6","945D","0788","CA1C","99E1","",""
"2462","C9FD","7023","DE3E","4F5D","0791","066F","",""
"2463","0791","FE52","26E9","99E1","4F61","4B30","",""
"2464","4F55","4C25","7027","0667","99E1","9454","",""
"2465","99C4","5ADC","FE47","4B28","0667","DE56","",""
"2466","4B28","85DF","4C25","945D","4B28","26E6","",""
"2467","945F","CDD9","5AD2","DE56","945F","701B","",""
"2468","DE3E","1742","85DF","26E7","DE57","BA11","",""
"2469","26E6","BA01","CDE5","701B","26E6","FE50","",""
"2470","7024","F300","1738","BA11","701B","4C2E","",""
"2471","B9F3","3ECE","BA01","FE50","BA08","5AF4","",""
"2472","FE47","878B","F300","4C2E","FE52","85F7","",""
"2473","5ADB","CE8C","3EC5","5AF3","4C25","CDE5","",""
"2474","85DF","19FF","877F","85F7","5AF4","1751","",""
"2475","CDE2","63D0","CE96","CDE2","85F7","BA01","",""
"2476","BA0A","AD00","1A07","175A","CDD9","F300","",""
"2477","F309","F5C7","63DA","BA0A","175A","3EE3","",""
"2478","3ECE","30AC","AD0A","F30A","BA0A","877F","",""
"2479","8789","75FE","F5CA","3EEA","F2FE","CE96","",""
"2480","CE8C","BE79","30B6","877F","3EEE","1A07","",""
"2481","19FF","0841","75F4","CE96","8787","63F2","",""
"2482","63D0","9A7A","BE82","1A07","CE8C","AD28","",""
"2483","F5C7","D548","0841","63E8","19FF","F5BF","",""
"2484","30B9","1E85","9A7F","AD1E","63E8","30B6","",""
"2485","75FD","682D","D548","F5C7","AD1E","75F4","",""
"2486","BE82","B054","1E85","30AC","F5CA","BE82","",""
"2487","0849","FA49","682D","75FD","30AC","0859","",""
"2488","9A86","42C7","B051","BE82","75FD","9AAB","",""
"2489","D548","8DCD","FA40","0862","BE85","D558","",""
"2490","1E85","D5AC","42D1","9AB6","0859","1E9E","",""
"2492","6824","2920","8DC3","D558","9AAB","6845","",""
"2493","B051","50E1","D5AC","1E9E","D560","B051","",""
"2494","FA40","927D","2920","6845","1EA4","FA64","",""
"2495","42D1","E362","50EC","B054","683B","42D1","",""
"2496","8DCD","8296","9286","FA61","B051","8DF8","",""
"2497","D5A2","B58D","E362","42C7","FA61","D5A2","",""
"2499","2919","FEB2","82A0","8E03","42C7","2920","",""
"2500","50EC","90ED","B58D","D5AC","8E03","50EA","",""
"2501","9286","D9DC","FEB2","2919","D5AC","927D","",""
"2502","E35A","2319","4874","50EA","2920","E362","",""
"2503","82A0","6CC9","90ED","9286","50E1","82D6","",""
"2504","B584","B59D","D9D2","E35A","927D","B5B9","",""
"2505","FEBA","E2F1","2319","82CC","E362","FEF0","",""
"2506","486C","0EE5","6CC9","B5C2","82CC","48AC","",""
"2507","90F5","57ED","B59D","FEF4","B5C2","9114","",""
"2508","D9DC","DE6C","E2F1","48AB","FEF0","D9F5","",""
"2509","2319","1504","57EA","910B","48AB","232E","",""
"2510","6CC9","61F4","DE78","D9F4","9114","6CD8","",""
"2511","B59D","AADA","1505","232E","D9F4","B5B3","",""
"2513","E2FE","F4B1","61F1","6CE2","232E","E2FA","",""
"2514","0EDD","51B7","AAE5","B5BC","6CE3","0EFB","",""
"2515","57E1","8701","F4B4","E2FB","B5BC","5808","",""
"2516","DE75","E08D","51BE","0EFB","E2FB","DE6C","",""
"2517","1506","1A11","8701","5808","0EFB","1525","",""
"2518","61EA","6263","E082","DE6C","57FE","61EA","",""
"2519","AAE5","AB59","1A11","1523","DE6C","AAE5","",""
"2520","F4BB","F472","6263","61F1","1525","F4CA","",""
"2521","51B7","3E3D","AB62","AAE5","61F4","51ED","",""
"2522","8701","9BD7","3E43","F4D5","AAE5","8729","",""
"2523","E08D","D41B","9BD0","51EC","F4CD","E0C2","",""
"2524","1A1B","62EB","D41C","8737","51F8","1A4F","",""
"2525","6268","B109","1E43","E0C2","8733","627F","",""
"2526","AB62","F8D1","62F3","1A48","E0C7","AB78","",""
"2527","F46F","422A","B100","628B","1A43","F487","",""
"2528","3E43","8B74","F8D1","AB78","6281","3E52","",""
"2529","9BDB","D536","4233","F487","AB72","9BF6","",""
"2530","D41B","43A8","D536","3E52","F490","D412","",""
"2531","1E37","7916","43A1","9BEB","3E5A","1E60","",""
"2532","62EA","C241","790E","D41B","9BF8","6311","",""
"2533","B109","0BFA","C24B","1E57","D412","B11C","",""
"2534","F8DF","4BE6","0BFA","6311","1E60","F8D1","",""
"2535","4233","84D9","4BDF","B129","6310","422A","",""
"2536","8B74","CDF1","84E2","F8D1","B127","8B7F","",""
"2537","D53D","17A5","CDF1","4233","F8DE","D559","",""
"2538","43A1","6070","17C2","8B74","422A","43D4","",""
"2539","790E","A464","A46D","D556","8B74","794E","",""
"2540","C241","F3AD","F3B5","43D4","D556","C276","",""
"2541","0C02","3B7C","3B7C","7943","43DA","0C30","",""
"2542","4BDF","85DD","85EE","C281","794C","4C05","",""
"2543","84D9","C676","C681","0C30","C280","84F0","",""
"2544","CDE7","04D3","04D3","4C06","0C38","CE05","",""
"2545","17A5","4D96","4D99","84FA","4C05","17CD","",""
"2546","6070","9752","9752","CE0E","84F0","608E","",""
"2547","A464","1A71","1A71","17BD","CE0F","A46D","",""
"2548","F3B4","3ED8","3ED0","608E","17CD","F3D4","",""
"2549","3B7C","87DA","87DE","A46D","6084","3B83","",""
"2550","85DE","D1A4","D1A3","F3D2","A46D","860B","",""
"2551","C681","1A0A","1A05","3B7A","F3D7","C681","",""
"2552","04CB","62ED","62F7","85FE","3B7C","04D3","",""
"2553","4D8D","AC39","AC2D","C681","860C","4D99","",""
"2554","975B","F14A","F14A","04CB","C676","976B","",""
"2555","1A66","3EF1","3EF5","4D8D","04D3","1A9D","",""
"2556","3ED9","80C4","80C4","976B","4D96","3F0E","",""
"2558","87DE","BDFB","BDF3","1AA7","976B","8820","",""
"2559","D198","06BB","06BB","3F05","1A9D","D1DA","",""
"2560","1A0A","06BB","5127","8811","3F03","1A21","",""
"2561","62EC","9955","9948","D1D0","8815","630E","",""
"2562","AC2D","9955","E277","1A27","D1D0","AC54","",""
"2563","F140","E27A","2BAC","630D","1A29","F162","",""
"2564","80CD","7583","BE4D","AC54","6310","3F13","",""
"2565","BDF3","7583","077E","F159","AC4A","80EB","",""
"2566","06BB","BE4D","5133","3F15","F162","BDF3","",""
"2567","511D","5133","E345","80EB","3F1D","06BB","",""
"2568","9955","5133","0C24","BDFD","80EB","5144","",""
"2569","E26E","E345","4060","06BB","BDFE","9948","",""
"2570","2BB6","0C2F","8886","5148","06BB","E26E","",""
"2571","7583","4063","D1EE","9948","5144","2BAC","",""
"2572","BE43","8885","7E6C","E26E","9951","75A3","",""
"2573","077C","D1EB","B3FF","2BB6","E27A","BE43","",""
"2574","513D","D1EB","FF80","75A3","2BAE","077E","",""
"2575","99F6","7E79","49C6","75A3","75A3","5150","",""
"2576","E34F","FF78","8F7A","BE4D","BE43","E34F","",""
"2577","0C2F","FF78","DAC0","0771","0771","0C24","",""
"2578","4060","49C8","2632","5150","5150","4079","",""
"2579","8890","8F7B","6DCE","E34F","E34F","8886","",""
"2580","D1EE","DACB","B675","0C25","0C2F","D203","",""
"2581","7E77","263B","F9FA","0C25","4084","7E77","",""
"2582","B3F5","B669","3659","4079","8890","B3FF","",""
"2583","FF80","F9FC","73D9","8890","D20A","FF9D","",""
"2584","FF80","3657","73D9","D203","7E77","49D2","",""
"2585","8F7A","73D9","7450","7E77","B3F3","8F7A","",""
"2586","DACC","73D9","7450","B3FF","FF95","DAC0","",""
"2587","DACC","C944","0837","FF9D","49D2","264A","",""
"2588","2632","3729","4FD6","49C8","8F7B","6DE4","",""
"2589","B66F","7455","4FD6","8F85","DACB","B674","",""
"2590","F9FF","BD58","993C","DACB","2655","F9FA","",""
"2591","3659","0841","E4AF","264A","6DE4","3659","",""
"2592","73E4","4FCE","2C33","6DE4","B669","73D9","",""
"2593","73E4","993C","74E1","B669","F9F1","C966","",""
"2594","C951","E4BA","A59E","F9FB","3657","3747","",""
"2595","371E","2C3C","ED97","3659","73E7","7450","",""
"2596","7449","74D8","3652","73D9","C95C","BD61","",""
"2597","BD61","A59E","B465","C969","3748","0837","",""
"2598","0841","ED8E","DEF4","373C","7450","4FD6","",""
"2599","4FCE","3652","2CD4","7449","0841","993C","",""
"2600","993C","B471","739A","BD61","4FCE","2C5A","",""
"2601","2C3C","DEFD","BDA1","0841","993C","74E1","",""
"2602","74D8","2CCB","062D","4FCE","E4D2","A59E","",""
"2603","A5A5","73A6","5084","993F","2C51","ED97","",""
"2604","ED97","BD9F","98AD","E4C7","74E1","3652","",""
"2605","3651","062D","E1EA","2C5A","A5A8","B47D","",""
"2606","B465","5084","0F50","74D8","ED8E","DF32","",""
"2607","DEF4","98AD","3E24","A59E","3651","2CFC","",""
"2608","2CD6","E1DE","8745","ED97","3651","BDBA","",""
"2609","739A","0F50","CFF4","3651","DF2A","0631","",""
"2610","BD9F","3E24","5AD9","B47D","DF2A","50A7","",""
"2611","0624","8744","9119","DF32","2CFC","98A4","",""
"2612","98A4","CFFC","DA33","2D05","739A","98A4","",""
"2613","E1E5","5AE3","1F5A","739A","BDAE","3E24","",""
"2614","3E2D","9118","6D5B","BDB5","062D","8745","",""
"2615","873B","DA33","C06B","0631","509D","CFF4","",""
"2616","CFF4","1F57","FE71","98AD","98AD","CFF4","",""
"2617","5AE0","6D63","5C73","E1E5","E1E5","5AF8","",""
"2618","9119","C06D","90EF","0F48","3E2D","912A","",""
"2619","DA35","FE70","DA19","3E24","3E2D","DA47","",""
"2620","1F57","5C6B","2322","873B","8747","6D79","",""
"2621","6D5B","90ED","6C70","CFF4","CFFC","C08A","",""
"2622","C063","DA1A","B678","5AFE","5AFE","FE8B","",""
"2623","FE64","2315","161C","912A","912E","5C89","",""
"2624","5C73","6C74","497D","DA51","DA4C","9117","",""
"2625","90F6","B670","928D","1F91","6D76","DA30","",""
"2626","DA18","497F","DBDB","6D84","C081","2322","",""
"2627","2321","928A","2573","C081","FE8F","6C98","",""
"2628","6C7A","DBDA","66A1","FE8F","5C89","B6AE","",""
"2629","B66D","2575","B87A","5C89","910E","1643","",""
"2630","161C","00E1","00E6","910D","DA3A","49A5","",""
"2631","497D","4967","4964","DA3A","2315","92A7","",""
"2632","9298","A771","A771","2321","6C8E","DBFC","",""
"2633","DBE4","E4F3","E4E8","6C98","B6A3","259B","",""
"2634","257D","2E13","2E1D","B6AE","1643","66AE","",""
"2635","66AA","78F8","78EF","163A","499B","B8AF","",""
"2636","B871","C50B","C503","499B","92AA","00FD","",""
"2637","00E6","08F4","08E8","92A7","DBFC","4960","",""
"2638","4960","50F7","50F7","DC03","258E","A78E","",""
"2639","A77A","9A27","9A30","259B","66A1","E4F1","",""
"2640","E4F1","E264","E25B","B8A6","B8B0","2E1D","",""
"2641","2E13","2C48","2C48","00FD","0108","7925","",""
"2642","78FA","88FB","88FB","4960","496B","C525","",""
"2643","C50B","BA5A","BA5B","A798","A78E","0929","",""
"2644","08F0","09FC","0A06","E4E8","E4F1","5118","",""
"2645","50F7","3076","307D","2E13","2E1D","9A48","",""
"2646","9A32","79AA","79A7","7930","7925","E25B","",""
"2647","E264","C25C","C252","C51A","C524","2C61","",""
"2648","2C47","0C19","0C11","091C","091C","8935","",""
"2649","88F6","8E98","8EA4","5110","5110","BA8E","",""
"2650","BA59","B295","B295","9A3F","9A4A","0A72","",""
"2651","0A06","FBA7","FBA7","E264","E25B","3092","",""
"2652","307E","8DD1","4560","2C5F","2C61","79B6","",""
"2653","799F","D6AC","8DC4","8935","8935","C27B","",""
"2654","C252","1FE3","D6AB","BA8E","BA86","0C32","",""
"2655","0C11","69BA","1FE3","0A74","0A67","8ECE","",""
"2656","8E98","B26C","69BA","3094","3094","B2CB","",""
"2657","B295","EEF5","B263","79B6","79B6","FBDF","",""
"2658","FB9F","331D","EEEA","C27A","C27D","4597","",""
"2659","4569","7A95","331C","0C33","0C29","8DE2","",""
"2660","8DC4","C4E0","7A96","8ECE","8ECE","D6BB","",""
"2662","D6AB","1546","C4E0","B2CB","B2CB","200B","",""
"2663","1FE3","53F3","1547","FBDF","FBDF","69D1","",""
"2664","69BA","9CA4","53E9","4596","459E","B289","",""
"2666","B26C","E65C","9CA3","8DE2","8DED","EEF5","",""
"2667","EEF5","2F1B","E665","D6BB","D6C3","3343","",""
"2668","3327","7859","2F24","200B","200B","7A95","",""
"2669","7A8C","E9FE","7859","69D1","69D1","C4FF","",""
"2670","C4E0","287D","E9FE","B289","B280","1547","",""
"2671","153C","71C4","287C","EEEA","EEEA","53E9","",""
"2672","53F6","9EFF","71C4","3345","333B","9CA3","",""
"2673","9C99","CDF1","9EFF","7A95","7A8C","E67D","",""
"2674","E665","1221","CDF1","C4F5","C4FF","2F23","",""
"2675","2F1B","6115","1221","153C","153C","7859","",""
"2676","784E","F66E","6117","53F6","53F3","EA1C","",""
"2677","E9F5","253C","F66D","9C99","9CA4","2888","",""
"2678","287C","6EE5","2545","E67D","E673","71C4","",""
"2679","71C0","B779","6EDB","2F1B","2F1B","9EFF","",""
"2680","9EF5","00D0","B779","7858","7859","CDE9","",""
"2681","CDF1","4A07","00D0","EA12","EA1A","1229","",""
"2682","1221","93CB","4A0F","287C","287D","6123","",""
"2683","610B","DD1C","93C1","71C0","71C4","F66E","",""
"2684","F66D","25BB","DD1C","9EFF","9EFF","2545","",""
"2685","253C","6794","25BB","CDF1","CDF1","6F03","",""
"2686","6EDB","A5C3","6794","6123","1229","B779","",""
"2687","B779","EEA1","A5B9","F66E","6123","00D0","",""
"2688","00C7","5AD3","EE95","253C","F66D","4A0F","",""
"2689","4A07","93D5","5AD3","6F03","253C","93D9","",""
"2691","93CB","E467","93DD","B779","6F03","DD3A","",""
"2692","DD1C","2CCF","E470","00C7","B770","25BB","",""
"2693","25C4","75F7","2CC7","4A07","00D0","6794","",""
"2694","679C","BF3E","7600","93E2","4A07","A5B9","",""
"2695","A5C3","0888","0889","DD3A","93E2","EE95","",""
"2696","EE9E","525A","525B","25BB","DD43","5AD3","",""
"2697","5ADB","9B84","9B88","6794","25BB","93F5","",""
"2698","93DD","CA35","CA2B","A5C3","6794","E486","",""
"2699","E467","13AC","13B4","EE9E","A5C3","2CD1","",""
"2700","2CD0","5C78","5C78","5ADB","EEA1","75F7","",""
"2701","75FF","A5AC","A5A8","93F5","5AD3","BF47","",""
"2702","BF47","F339","F343","E486","93ED","0894","",""
"2703","0889","3681","368A","2CD1","E48D","5274","",""
"2704","525B","81EF","81E7","75F7","2CC7","9BA1","",""
"2705","9B8E","C3E3","C3D9","BF47","75F7","CA36","",""
"2706","CA2B","1431","1432","0894","BF3E","13AC","",""
"2708","13B7","5B06","5B0A","5273","0892","5C78","",""
"2709","5C70","A64B","A653","9BA1","5273","A59F","",""
"2710","A5AC","EFAA","EFAA","CA35","9BA2","F343","",""
"2711","F343","38E2","38EC","13AC","CA35","36A3","",""
"2712","368A","664B","664B","5C70","13AC","820D","",""
"2713","81EF","9543","953E","A5AC","5C78","C3D9","",""
"2714","C3D9","DECC","DEC3","F343","A5AC","5B0A","",""
"2715","1431","279D","27A9","36A3","F339","A653","",""
"2716","5AFE","DB67","DB67","820D","369A","EFAA","",""
"2717","A64B","0A9C","0AA7","C3E3","820E","38EC","",""
"2718","EFA1","5767","575F","1428","C3D9","664B","",""
"2719","38E2","A0A2","A0AB","5AFE","1431","953E","",""
"2720","664B","E654","E65D","A64B","5B06","DEDB","",""
"2721","9545","27C4","27C4","EFAA","A64B","27C0","",""
"2722","DEC0","7CAC","7CAC","38E2","EFAA","DB83","",""
"2723","27A0","D616","D61E","664B","38E2","0AC1","",""
"2724","DB5A","0E85","0E85","9545","664B","577D","",""
"2725","0AA7","5896","589E","DEDB","9543","A0CA","",""
"2726","575F","A09F","A09F","27C0","DEE5","E671","",""
"2727","A0A2","EA76","EA76","DB85","27C5","27E3","",""
"2728","E65C","3468","3471","0AC1","DB79","7CCA","",""
"2729","27C4","9755","9756","5783","0ABB","D63A","",""
"2730","7CB6","C84D","C84F","A0C6","5783","0E7C","",""
"2731","D61E","1135","1135","E67A","A0C6","58B5","",""
"2732","0E83","5BB2","5BAA","27E8","E672","A09F","",""
"2733","58A1","ED14","A41C","7CD2","27E5","EA80","",""
"2734","A0A1","37D6","ED0D","D634","7CD3","3483","",""
"2735","EA76","73D8","37CC","0E7C","D634","9772","",""
"2736","3468","C936","C936","58B5","0E85","C86C","",""
"2737","9754","0AE6","0AE3","A09F","58B5","1153","",""
"2738","C84D","492D","4924","EA8B","A097","5BC8","",""
"2739","1140","9177","916D","3483","EA8D","A43A","",""
"2740","5BB2","DB51","DB51","9772","348E","ED2E","",""
"2741","A41C","47C5","47BB","C863","9767","37EB","",""
"2743","ED14","78F3","78F2","115C","C86C","73DB","",""
"2744","37D6","C1D5","C1E0","5BC8","1153","C95E","",""
"2745","73D8","16C0","16BE","5BC8","5BD0","0AFE","",""
"2746","C941","54F7","54F3","ED24","A442","492D","",""
"2747","0AE9","9DBD","9DC7","37EB","ED24","9186","",""
"2748","492F","F2F8","F2F0","37EB","37F4","DB79","",""
"2749","9177","2F9F","2FA5","C95E","73CF","47D8","",""
"2750","DB5A","796E","7963","0AFE","C955","7907","",""
"2751","47BB","B6CA","B6D5","0AFE","0AFE","C1F6","",""
"2752","78E8","17C9","17D4","918E","4924","16DF","",""
"2754","C1D5","5535","553D","DB7A","918E","5515","",""
"2755","C1D5","9F24","9F19","DB7A","DB70","9DDE","",""
"2756","54F5","101B","1018","47E2","47E1","F30E","",""
"2757","9DBE","2B25","2B2D","C201","790F","2FA5","",""
"2758","9DBE","741F","7428","C201","C201","7984","",""
"2759","F2F7","BDE9","BDDE","16DF","16DA","B6D5","",""
"2761","2F9F","0640","0649","5515","551B","17E7","",""
"2762","796E","4F42","4F39","9DDE","9DDC","554F","",""
"2763","B6CA","988F","988F","F315","F317","9F42","",""
"2764","17C9","E231","E239","2F9F","2FAA","1045","",""
"2765","5535","2AF7","2B01","7983","798B","2B67","",""
"2766","9F21","6C00","6C00","B6CA","B6D5","745E","",""
"2767","1011","AB6E","AB64","17E7","17E7","BE1C","",""
"2768","2B25","EFAF","EFAF","554D","5557","4F58","",""
"2769","7428","EFAF","1D48","9F42","9F45","98A4","",""
"2770","BDDE","9F5F","9F60","1045","104E","E249","",""
"2771","0640","9F5F","DF10","2B5B","2B5B","2B15","",""
"2772","4F43","284C","2855","745E","7454","6C00","",""
"2773","988F","721B","7212","BE14","BE1C","EFCB","",""
"2774","E231","721B","BAE0","0668","4F51","1D70","",""
"2775","2B01","BAD6","0405","4F58","98AD","9F65","",""
"2776","6C00","03FC","4DC6","98AE","E249","DF19","",""
"2777","AB64","4DCE","968F","E252","2B20","2855","",""
"2778","EFB8","9687","DFC7","2B15","6BF7","7234","",""
"2779","9F5F","DFD0","05BC","6BF7","AB8C","BAE3","",""
"2780","DF10","05C7","298A","AB81","EFD6","03FC","",""
"2781","7212","2980","7221","EFCB","1D68","968F","",""
"2782","BAD6","7214","E514","1D70","9F5F","DFC7","",""
"2783","03FC","E514","1AA4","9F5F","DF10","05BC","",""
"2784","4DCE","1AA1","6CFE","DF1A","2855","298A","",""
"2785","968F","B614","B609","284C","BAD6","7221","",""
"2786","DFD0","FEC2","FEC4","7233","03FC","E514","",""
"2787","05BC","4819","4819","BAD6","4DEA","1ABD","",""
"2788","298A","9143","9143","03FC","9687","6D09","",""
"2789","721E","2459","DB35","4DED","DFD3","B627","",""
"2790","E514","6D01","6CFE","9692","05C7","B627","",""
"2791","1AA1","B63F","B64C","DFD0","2980","4819","",""
"2792","6CFE","FF7F","FF8C","05BC","7214","4819","",""
"2793","B609","48BF","48BF","2980","E514","913A","",""
"2794","FEB9","E363","48BF","721E","1AB9","DB4D","",""
"2795","4819","07EE","E363","E514","6CFE","246F","",""
"2796","9144","50EF","50F1","1AB9","B627","6CF4","",""
"2797","DB35","960F","960E","6D07","FEC2","B64C","",""
"2798","2459","E472","E469","B627","4819","48BF","",""
"2799","6CFE","2C7D","2C7D","FEB9","913A","48BF","",""
"2800","B63F","761B","761E","4819","DB4D","E399","",""
"2801","FF7F","BD08","BD08","DB4D","246F","0821","",""
"2802","E363","0544","0544","246F","6CFE","5127","",""
"2803","07E9","470F","4707","6CF4","B649","9643","",""
"2804","50F1","67A5","67AD","B649","FF7F","E49E","",""
"2805","960E","B09F","B0A7","FF8C","48BF","2CBD","",""
"2806","E472","F975","F96E","48C9","E399","7648","",""
"2807","2C86","722B","7221","E399","0821","BD08","",""
"2808","761E","ADFB","ADFB","0821","5127","0544","",""
"2809","BCFF","F743","F73A","512E","963B","4707","",""
"2810","054C","40E9","40E9","963B","E4A8","67A5","",""
"2811","4706","8980","8989","E49E","2CBD","B0A7","",""
"2812","67AD","CDE5","CDEE","2CB4","7648","F96E","",""
"2813","B09F","012C","0122","7648","BD08","7264","",""
"2814","F979","4938","4943","BD08","054C","AE3B","",""
"2815","7221","915B","9164","0544","470F","F770","",""
"2816","AE08","BFC5","BFCF","470F","67A5","4120","",""
"2817","F743","ED98","ED96","67AD","B09F","89A5","",""
"2818","40E9","36A1","36AD","B09F","F975","CE06","",""
"2819","8980","808E","808F","F975","7261","0158","",""
"2820","CDE5","7E00","4836","7258","AE32","4956","",""
"2821","012C","10EA","7E09","AE32","F770","9164","",""
"2822","4941","597B","C714","F77B","4127","BFEC","",""
"2823","915B","A2D1","597D","4120","89A7","ED98","",""
"2824","BFC5","FC92","A2DB","89A5","CE06","36A1","",""
"2825","EDA0","3065","FC95","CDFD","015F","80AC","",""
"2826","36A1","7E91","3072","0158","495F","4836","",""
"2827","808E","C7E8","7E91","495F","915B","7E00","",""
"2828","482E","114E","C7F0","9164","BFE4","C714","",""
"2829","7E00","59E8","1144","BFE4","EDA1","10F9","",""
"2830","C714","A3AA","59E8","ED96","EDA1","5985","",""
"2831","10EA","0C9B","A3B2","36A1","80AC","A2DB","",""
"2832","5985","39E9","0CA5","80AC","4836","FCA8","",""
"2833","A2DB","8574","39F4","482E","4836","3065","",""
"2834","FC8A","CFCD","8577","7E00","7E09","7E91","",""
"2835","306F","1554","CFD4","C716","1103","C808","",""
"2836","7E91","6096","154C","1103","1103","115C","",""
"2837","C7F3","B29B","608A","5985","5985","59E8","",""
"2838","1144","F4A4","B292","A2DB","A2D1","A3CC","",""
"2839","A3AA","3D39","F4A7","FCA8","FCB0","0CA7","",""
"2840","0CA5","7390","3D42","306F","3065","39F4","",""
"2841","39F2","BF1F","7390","7E91","C800","8592","",""
"2842","8565","05E5","BF22","C80C","C800","CFCB","",""
"2843","CFD4","4FB6","05EE","115C","1164","1552","",""
"2844","154D","C8E1","4FB6","59EA","59E8","608A","",""
"2845","6096","0036","C8D8","A3C2","A3C2","B2AA","",""
"2846","B29B","4954","494A","0CA5","0CA5","F4C0","",""
"2847","F4A2","9431","9431","39F2","39F0","3D40","",""
"2848","3D37","DBB9","DBC1","858B","858E","7390","",""
"2849","7390","250F","250C","CFD4","CFD8","BF22","",""
"2850","BF1E","7707","76FE","154D","1554","05EE","",""
"2851","05F0","B942","B942","6096","6096","4FCE","",""
"2852","4FB6","01D3","01D3","B2B4","B2B4","C8F6","",""
"2853","C8E1","2C42","2C42","F4B7","F4C0","002E","",""
"2854","002E","741C","7425","3D37","3D39","494A","",""
"2855","494A","B190","B186","7390","7390","9431","",""
"2856","9431","06E7","06E7","BF15","BF1F","DBC1","",""
"2857","DBB9","7FD3","7FD3","05F0","05E5","250C","",""
"2858","2504","A1A4","A1A4","4FCE","4FCE","7716","",""
"2859","76FF","EAD4","EACB","C8FF","C8F6","B96A","",""
"2860","B94C","3452","3452","002E","0039","01DC","",""
"2861","01DC","7CFA","7CF0","494A","4954","2C4B","",""
"2862","2C42","C5E4","C5E3","9431","943A","7425","",""
"2863","7425","0F19","0F19","DBB9","DBC1","B186","",""
"2864","B190","58B1","58B1","2504","2504","06FF","",""
"2865","06E7","A1A2","A1A2","B961","771E","800A","",""
"2866","7FD3","C89C","C89C","01DC","B961","A1DA","",""
"2867","A1AC","0837","5080","2C4B","01DC","EB09","",""
"2868","EAD4","5080","A5DC","7425","2C4D","3494","",""
"2869","3452","A5DC","E24E","B190","741C","7D0F","",""
"2870","7CF0","E245","30AC","06FF","B190","C5F0","",""
"2871","C5D8","30AC","7752","8014","06FF","58D2","",""
"2872","0F19","775C","C156","A1E3","8009","A1B8","",""
"2873","58BB","C14E","09E2","EB0D","A1DA","C894","",""
"2874","A1A2","09E2","544E","3494","EB01","084B","",""
"2875","C89C","5451","9D05","7D0F","3493","509D","",""
"2876","082D","9CFB","E5A0","C5F0","7D17","A600","",""
"2877","5077","E5A0","13D9","58CA","C5FA","E27C","",""
"2878","A5DC","13E1","3E8A","A1C1","58CA","30DC","",""
"2879","E245","3E8A","878F","C89C","A1B8","775C","",""
"2880","30B5","878F","D05F","0854","C89C","C16E","",""
"2881","7752","D05F","57A2","509D","0854","09E2","",""
"2882","C156","57A3","91AE","A5F4","5095","545E","",""
"2883","09E2","91AE","DA48","E27C","A5F4","9D19","",""
"2884","5446","DA48","1B19","30E4","E27C","E5A2","",""
"2885","9D05","1B1C","6DB0","7752","30DC","13D9","",""
"2886","E596","6DA5","B61E","C166","7752","3E8C","",""
"2887","13D8","B614","FF62","09E2","C166","878F","",""
"2888","3E82","FF60","488B","5467","09E9","D05F","",""
"2889","8787","4896","9268","9D23","5467","57A2","",""
"2890","D056","9271","D391","13D8","9D23","91AE","",""
"2891","5798","D39A","11CF","3E8C","E5A0","DA48","",""
"2892","91AE","11CF","5A93","8787","13D7","1B2F","",""
"2893","DA50","5A9C","A462","D056","3E82","6DCB","",""
"2894","1B19","A459","5807","57A2","878F","B614","",""
"2895","6DAE","5807","D6CF","91AE","D05F","FF62","",""
"2896","B61E","8D9C","69B1","DA48","5798","4894","",""
"2897","FF60","D6CC","AACA","1B2F","91AE","9285","",""
"2898","4896","2008","FC9F","6DC2","DA48","D39A","",""
"2899","9271","69A7","451C","B61E","1B35","11CC","",""
"2900","D39A","AAD3","BEDE","FF61","6DCB","5A9C","",""
"2901","11CE","FC9F","152A","488B","B621","A479","",""
"2902","5A93","451C","5432","928E","FF57","582E","",""
"2903","5810","8D8F","9E98","D39B","4894","8DC3","",""
"2904","D6CF","BEE5","172E","11CE","9290","D6EA","",""
"2905","1FFD","152A","4C3A","5A93","D391","2023","",""
"2906","69A5","5432","9770","A479","11CC","69C5","",""
"2907","AACA","9E99","272C","5825","5A93","AACA","",""
"2908","FC9F","172E","734D","8DC5","A471","FCD7","",""
"2909","4511","4C3A","9D9A","D6FA","582E","453B","",""
"2910","8D90","9770","3008","201A","8DC3","8D99","",""
"2911","BEDE","E127","5D5F","69C5","D6EF","BF08","",""
"2912","1533","272C","882C","AAD3","201B","1533","",""
"2913","542A","734C","D12D","FCD7","69CA","542A","",""
"2914","9E8F","9D96","1A01","453B","AAD7","9ECD","",""
"2915","172E","E04E","C493","8D90","FCD7","173E","",""
"2916","4C3A","3008","FBA3","BEFC","4530","4C52","",""
"2917","977B","5D68","453E","1533","8D8F","9793","",""
"2918","E133","8835","8E85","5432","BF04","E149","",""
"2920","2735","D12A","D68E","9EC4","152A","272C","",""
"2921","7343","1A01","207F","1747","542A","7366","",""
"2922","9D8E","C49E","7900","4C49","9ECD","9DB4","",""
"2923","E058","FBAC","B42E","9793","173E","E06F","",""
"2924","3008","4541","FB84","E147","4C52","2FFF","",""
"2925","5D5F","8E84","3DCB","272C","9796","5D5F","",""
"2926","882C","D691","8E74","735B","E13F","882C","",""
"2927","D12D","2075","D746","9DB4","2739","D12D","",""
"2928","1A0B","7900","208E","E066","7366","1A07","",""
"2929","C493","B436","816C","2FFF","9DAC","FBBA","",""
"2930","FBAC","FB84","B526","5D5F","E066","457E","",""
"2931","453E","3DCB","FE48","882C","3008","8E95","",""
"2932","8E85","8E74","4821","D12D","5D5F","2092","",""
"2933","D68F","D752","9121","1A0A","8835","7902","",""
"2934","207C","2090","D95E","C4AA","D12A","B463","",""
"2935","78F8","816B","234C","FBC4","19FE","FB84","",""
"2936","B438","B525","6BC8","4580","C4B7","3DD4","",""
"2937","FB85","FE3C","B5C4","8E95","FBBB","8E74","",""
"2938","3DCB","4823","F6CD","D687","4579","D751","",""
"2939","8E7D","9121","361F","2092","8E9D","208E","",""
"2940","D74F","D95F","7A6B","78F8","D692","818B","",""
"2941","2086","234A","C8FE","B46B","208D","B53C","",""
"2942","816B","6BD3","40DC","FB85","78F8","484F","",""
"2943","B526","B5C1","7093","3DCB","B46D","9134","",""
"2944","FE48","F6CD","B9A9","8E7D","FB8B","D95E","",""
"2945","4823","3616","0361","D747","3DCB","2368","",""
"2946","9121","7A5F","4B85","208E","8E74","6BC8","",""
"2947","D96A","C907","9577","8189","D747","B5E1","",""
"2948","2344","40DC","FC7D","B53C","2086","F6CD","",""
"2949","6BC8","7093","2AE2","484F","8191","363D","",""
"2950","B5C4","B9B2","740B","913F","B53B","7A7D","",""
"2951","F6D7","0362","9DE5","D96A","FE63","C934","",""
"2952","361F","4B85","E64D","235E","4859","40F6","",""
"2953","7A6A","9570","2FBC","6BCE","913F","70B6","",""
"2954","C908","FC7D","B497","B5DE","D95F","B9C1","",""
"2955","C908","2AEA","D26C","F6D7","236A","0376","",""
"2956","40DC","7402","222C","363D","6BCB","4B80","",""
"2957","B9A9","9DDB","68EE","7A87","B5DD","958F","",""
"2958","B9A9","E64D","B202","C940","F6D7","FCA8","",""
"2959","4B8A","2FBC","FB12","4102","3634","2B02","",""
"2960","9570","B497","44C4","70AB","7A8A","7422","",""
"2961","FC80","D269","8DAC","B9C1","C93B","9DF4","",""
"2962","2AEA","2237","D629","037B","4102","E645","",""
"2963","7403","68EE","1922","4B85","70B6","2FDD","",""
"2964","9DE8","B201","5741","958F","B9C8","B4CE","",""
"2965","E645","FB1B","9F07","FCA8","0376","D29E","",""
"2966","2FBC","44CE","E951","2B05","4B85","22A3","",""
"2967","B4A1","8DB7","3189","7425","9585","6916","",""
"2968","D269","D629","7ABD","9DF4","FCB4","B218","",""
"2969","222E","1922","C3E1","E645","2B02","FB39","",""
"2970","68F6","5741","0961","2FD4","7424","44DC","",""
"2971","B202","9F11","56B6","B4D7","9DFC","8DCA","",""
"2972","FB1B","E950","A055","D29E","E651","D633","",""
"2974","44C4","3189","3222","229A","2FDD","1937","",""
"2975","8DAC","7AC7","7B99","6916","B4CE","5757","",""
"2976","D633","C3E1","A700","B218","D29E","9F11","",""
"2977","1922","0961","D461","FB3A","2299","E965","",""
"2978","5741","56BE","1D54","44DC","6913","3193","",""
"2979","9F14","A04D","66DA","8DD4","B210","7AC8","",""
"2980","E950","E8E1","17B6","D629","FB3A","C3EC","",""
"2981","3193","322B","480D","1940","44DC","0979","",""
"2982","C3E1","7B8F","9545","5756","8DD4","56BE","",""
"2983","095F","A700","E12B","9F14","D633","A073","",""
"2984","A04D","D469","26EF","E96F","1937","3222","",""
"2985","E8EE","1D52","62AE","E96F","575F","7B99","",""
"2986","322B","66E6","BB2F","7AC7","9F11","A700","",""
"2987","7B8F","17BE","06BC","7AC7","E96D","D461","",""
"2988","A70A","4811","4C5A","0977","3189","1D54","",""
"2989","D450","953C","8DD8","56BE","7ABD","66F4","",""
"2990","1D52","E121","CF33","56BE","C3E1","17BE","",""
"2991","66D4","26F9","14BB","E8EE","0979","4804","",""
"2992","480E","62BB","5ED3","322D","56BE","9560","",""
"2993","9545","BB2D","5ED3","322D","A073","E121","",""
"2994","E12C","06AF","0E2E","A70A","E8EC","26EF","",""
"2995","26FA","4C57","5733","D450","322B","62B0","",""
"2996","62B0","8DD8","5733","1D4A","7B8F","BB65","",""
"2997","BB24","14BB","E997","66FD","A700","06AF","",""
"2998","06B8","5EDC","3331","17BE","D469","4C65","",""
"2999","4C5A","D33E","3331","17BE","1D49","8DD8","",""
"3000","8DD8","0E38","8072","9560","66FC","CF33","",""
"3001","CF3C","5728","0F14","E121","17B6","14BB","",""
"3002","14B1","A3A3","0F14","E121","480E","5EEB","",""
"3003","5ED3","E997","3BE4","26FA","9562","D35D","",""
"3004","D338","3333","CE4F","BB56","E121","0E2E","",""
"3005","0E2E","8072","CE4F","BB56","26F9","5733","",""
"3006","5735","B8F6","184C","06AF","62BB","A398","",""
"3007","A3A4","0F1E","9406","8DE4","BB62","E997","",""
"3008","E9A1","3BEC","C0C0","8DE4","06AF","3331","",""
"3009","3327","88C6","09FC","CF3C","4C57","808B","",""
"3010","807C","CE4F","537E","14B1","8DD8","B90C","",""
"3011","B8F6","CE4F","9C18","5EEB","CF3C","0F1E","",""
"3012","0F1D","1854","E507","D35D","14BB","3BE4","",""
"3013","3BEC","9406","104F","0E38","5EF4","88C6","",""
"3014","88C6","C0B4","5A5C","5735","D356","CE4F","",""
"3015","CE4F","09F9","A297","A3A4","0E38","CE4F","",""
"3016","1854","5374","CCBE","E9A1","5728","1862","",""
"3017","9410","9C10","460E","3327","A3A3","9446","",""
"3018","C0B4","E507","8FF6","8094","E997","C0F3","",""
"3019","09F0","1059","40BD","B911","3333","0A32","",""
"3020","5374","5A53","72AC","0F1D","8093","53B3","",""
"3021","9C10","A2A1","BBCC","3BE4","B914","9C2E","",""
"3022","E507","CCB1","0596","88C6","0F1D","E514","",""
"3023","1059","FE6B","4DEC","CE4F","3BE4","106E","",""
"3024","5A53","460E","96D7","186C","88C6","5A6B","",""
"3025","A2A1","8FF6","F049","9443","CE46","A2B6","",""
"3026","CCBB","40C3","29ED","C0F3","CE46","CCBB","",""
"3027","4611","72B1","72A3","0A25","186C","FE84","",""
"3028","9000","BBC4","BB36","53A9","943C","4605","",""
"3029","40C3","058E","057E","9C37","C0F3","9014","",""
"3030","72B2","4DED","4A1F","E514","0A2F","40FB","",""
"3031","BBC3","96DF","9853","1076","53B6","72E5","",""
"3032","0585","F049","F5D6","5A6B","9C37","BC00","",""
"3033","4DF5","BB40","288B","A2BE","E520","05C7","",""
"3034","96D2","057B","7615","CCBB","106E","96F8","",""
"3035","F055","4A1F","BFE1","FE90","5A73","F067","",""
"3036","29F9","9852","043D","4605","A2B6","2A05","",""
"3037","729E","F5D6","51CC","901C","CCBB","72C2","",""
"3038","BB42","2894","9BA0","40FB","FE89","BB3C","",""
"3039","0586","760A","E461","72E5","4605","059B","",""
"3040","4A1F","BFE7","2D89","BC00","901F","4A46","",""
"3041","984B","51CA","6F3F","05C1","40FA","9873","",""
"3042","F5CB","9B9C","AD84","4E14","72EA","F5D6","",""
"3043","2894","E460","F64B","96EF","BBF8","288B","",""
"3044","7615","2D8B","7006","F072","05C1","7615","",""
"3045","BFE1","6F3F","9B8B","2A05","4E14","BFF7","",""
"3046","043D","AD8D","EDB4","72C3","96F6","0440","",""
"3047","51C9","F64F","372B","BB42","F071","51CC","",""
"3048","9BA2","700C","7FE7","05A5","2A0C","9BBD","",""
"3049","E461","9B8B","C91C","4A3D","72C3","E461","",""
"3050","2D89","EDB6","1257","9868","BB33","2D82","",""
"3051","6F47","372B","A6F3","F5CB","0597","6F3E","",""
"3052","AD8D","7FE7","CF0E","2894","4A46","AD84","",""
"3053","F64B","C91C","1876","7615","9874","700C","",""
"3054","7006","1257","6138","BFF7","F5D6","9BAF","",""
"3055","9B8B","688F","AA88","51C9","2894","EDB3","",""
"3056","EDA9","A6EC","2BE2","9BB3","7610","374A","",""
"3057","372B","CF0E","4C5F","E462","BFFB","7FF0","",""
"3058","7FE7","186C","9570","2D82","043D","C926","",""
"3059","C91C","6138","DA7D","6F3F","51CA","1260","",""
"3060","1260","AA7D","2885","AD8D","9BB4","68B2","",""
"3061","689A","2BE1","706C","F64B","E45F","A712","",""
"3062","A6F8","4C5F","BA2A","7006","2D8B","CF06","",""
"3063","CF06","956C","0307","9BA3","6F3F","1876","",""
"3064","1878","DA7D","4B7A","EDB3","AD84","6138","",""
"3065","6139","2885","8E6A","374A","F64F","AA88","",""
"3066","AA7D","706C","CB8C","7FF0","7006","2C18","",""
"3067","2BD6","BA2B","A6D9","C926","9BA2","4C95","",""
"3068","4C5F","0307","F00C","1260","EDB4","959A","",""
"3069","9564","4B7A","393D","68B2","374A","DAA9","",""
"3070","DA74","8E6A","831F","A712","7FF0","28C6","",""
"3071","288E","CB8F","CBD2","CF06","C91C","7089","",""
"3072","706C","1453","1095","1878","1257","BA42","",""
"3073","BA2A","5EAC","A77C","6139","68A8","032F","",""
"3074","0311","A6E4","F0D7","AA7D","A712","4B83","",""
"3075","4B7A","F018","1EBA","2C17","CF0E","8E88","",""
"3076","8E6A","3947","4D24","4C8B","186C","CB8D","",""
"3077","CB84","8327","9612","95A3","6130","1453","",""
"3079","1453","CBD2","DF75","DAA9","AA7D","5EC1","",""
"3080","5EAC","5F17","9080","28C6","2C17","A6E3","",""
"3081","A6D9","A786","BF9C","708A","4C8B","393D","",""
"3082","F017","F0D7","0F21","BA38","959A","8337","",""
"3083","393D","1EC3","5B07","0326","DAB3","CBD2","",""
"3084","8327","4D2C","9CF8","4B83","28BC","109F","",""
"3085","CBC7","9609","EA5E","8E80","708A","5F2B","",""
"3086","1095","DF7E","37B8","CB8C","BA40","A785","",""
"3087","5F0C","9088","7010","5EC1","0326","F0D7","",""
"3089","A786","BFA6","C683","A6D9","4B83","1ED2","",""
"3090","F0D7","0F21","07BD","3948","8E80","4D24","",""
"3091","1EC7","5B07","4945","833F","CB84","9612","",""
"3092","4D14","9CEF","8EBA","CBC7","5EC1","DFA5","",""
"3093","9615","EA71","D8B9","109F","A6E3","9088","",""
"3094","DF81","37B8","50E4","5F2B","F00C","5B07","",""
"3095","9080","7017","82F9","A77C","3947","9CF3","",""
"3096","BFA9","C682","CBFF","F0D7","833F","EA5E","",""
"3097","0F21","07C5","5BCA","1ED2","CBC7","37D0","",""
"3098","5B0D","493B","A4D6","4D14","1095","702E","",""
"3099","9CFA","8EBA","F1AC","DF98","5F35","C686","",""
"3100","EA5E","D8B0","37D5","9089","A785","07BD","",""
"3101","37BB","50EE","8074","BFA9","F0D7","4945","",""
"3102","7017","82FB","A61B","0F34","1EDC","8EBA","",""
"3103","C677","CBFF","4131","5B0D","4D25","D8D1","",""
"3104","07BD","19D7","8BBA","9CFA","9612","5122","",""
"3105","493B","5BD2","1037","EA5E","DFA6","8328","",""
"3106","8EBA","A4DE","3E2C","37D4","9080","CC2D","",""
"3107","D8BC","F1A2","8762","702E","BFA6","1A03","",""
"3108","50EC","37C9","D10F","C677","5B07","5BE8","",""
"3109","82F2","806E","1994","07BD","9CEF","A4F5","",""
"3110","CBF7","A60E","6278","493B","EA71","F1C8","",""
"3111","19D7","FD20","ABA0","8EBA","37D0","37EB","",""
"3112","A4DE","4129","F567","D8D4","7036","808B","",""
"3113","F1AC","8BB0","3E32","511B","C682","A618","",""
"3114","37C9","1037","6ADC","8331","07BD","FD3E","",""
"3115","8074","3E2D","7D23","CC2D","493B","4129","",""
"3116","A60E","875B","C115","1A03","8EBA","8BCE","",""
"3117","FD20","D10F","0FE5","5BF0","D8C8","1074","",""
"3118","4134","199F","B483","A4F5","5124","3E57","",""
"3119","8BB0","ABAA","F00C","F1CA","8328","8799","",""
"3120","103F","F567","390F","37E0","CC39","D14D","",""
"3121","3E23","3E32","82F2","808B","1A03","19BA","",""
"3122","875B","6ADD","E0A0","A60E","5BF0","6282","",""
"3123","D117","7D28","15E8","FD3E","A4F5","ABBF","",""
"3124","1994","C11F","A8F8","4131","F1CA","F57F","",""
"3125","6275","0FE5","F156","8BCE","37E0","3E51","",""
"3126","ABAA","B479","3A32","1074","8094","6AD2","",""
"3127","F567","F00C","8375","3E57","A618","7D41","",""
"3128","3E3C","391A","CD31","8791","FD46","C132","",""
"3129","6ADC","82F8","24DB","D14D","4133","0FFA","",""
"3131","7D28","E0A0","58C8","19BA","8BCE","B479","",""
"3132","C121","15F5","A7D2","628D","106C","F00C","",""
"3133","B482","A8F8","EFCE","ABC7","3E61","390F","",""
"3134","F004","F15E","3A0B","F582","8791","830B","",""
"3135","3918","3A32","822E","3E51","D144","E0D9","",""
"3136","82F8","836F","CB6E","6AD4","19BA","1621","",""
"3138","15F4","CD28","14D4","7D4B","6282","6F45","",""
"3139","6F16","24D8","5E79","C132","ABBF","A937","",""
"3140","A900","58BF","CCB8","B482","F575","F17D","",""
"3141","F15E","A7CE","0233","F004","3E57","3A54","",""
"3142","3A32","EFCC","4B5E","3918","6ADD","8395","",""
"3143","8375","3A0C","950D","8315","7D4A","CD4A","",""
"3144","CD31","823A","DEE2","E0D9","C13C","24F6","",""
"3145","CD31","CB78","17F5","1621","B479","58C8","",""
"3146","24D8","14D0","6109","A938","F004","A7E5","",""
"3147","58C8","5E82","A622","F17D","3910","EFC6","",""
"3148","A7C7","CCB8","F3EB","3A4B","8315","3A2A","",""
"3149","EFC6","0232","3D25","8395","E0D9","8237","",""
"3150","3A00","4B5E","855B","CD4A","1621","CB6E","",""
"3151","8237","950D","DE9A","24F6","6F4E","14CC","",""
"3152","CB77","DEE2","1912","58BF","A92E","5E91","",""
"3153","14D4","17EB","611D","A7E5","F17D","CCE4","",""
"3154","5E81","6109","AA7C","EFC6","3A4B","0265","",""
"3155","CCB8","A624","F38A","3A2C","838D","4B94","",""
"3156","0228","F3EA","AAE3","822E","CD4A","9544","",""
"3157","4B5E","3D25","CBB9","CB77","24F6","DEFE","",""
"3158","9510","8551","14C7","14CC","58C8","1802","",""
"3159","DEEB","DE9A","5E84","5E98","EFCC","6127","",""
"3160","17EB","1919","A6EE","CCE8","3A2A","A635","",""
"3161","6109","611D","EB26","025E","8230","F408","",""
"3162","A61B","AA72","EB26","4B9C","CB78","3D3E","",""
"3163","F3EC","F394","84A5","9546","14D0","855B","",""
"3164","3D2C","3D67","CAEA","DEFE","5E98","DE9A","",""
"3165","8550","AAE3","0DB7","180E","CCE4","192E","",""
"3166","DE9A","CBC1","4D1D","612F","0265","611D","",""
"3167","1912","14BD","93A9","A63B","4B9E","AA6F","",""
"3168","6112","5E8F","93A9","F408","953A","F391","",""
"3169","AA6F","A6E5","5656","3D4A","DF09","3D73","",""
"3170","F391","EB26","8E3E","855B","180E","AB19","",""
"3171","3D5D","EB26","8E3E","DE9A","6127","CBEE","",""
"3172","CBB6","849A","D776","192E","A634","14FF","",""
"3173","14C8","CAEC","69C0","611D","F3FD","5EBA","",""
"3174","5E8E","0DB7","69C0","AA6F","3D4A","A70E","",""
"3175","A6EC","4D14","B32F","F391","8551","EB3E","",""
"3176","EB32","93A9","FF2B","3D73","DEA2","3AC1","",""
"3177","3A88","93A9","4109","AB1D","1937","84B9","",""
"3179","84A7","DDF4","8F22","CBF7","6112","CAEA","",""
"3180","CAE1","565C","9CBB","14F3","AA7A","0DD5","",""
"3181","0DC0","8E45","E8C3","5EC0","F391","4D14","",""
"3182","4D1D","D77A","2E34","A70E","3D7A","93A9","",""
"3183","93A9","2383","77FC","EB3E","AB13","DE13","",""
"3184","DDFD","69CB","E102","3AB4","CBF7","565C","",""
"3185","565C","B326","2181","84C2","14FB","8E45","",""
"3186","8E45","FF35","6B5F","CAE1","5EB9","D776","",""
"3187","D776","4109","B63F","0DDD","A709","2391","",""
"3188","237A","8F18","FD59","4D1D","EB47","69CB","",""
"3189","69C0","9CB9","4683","93A0","EB47","B32F","",""
"3190","B331","E8CC","9290","93A0","84BA","FF49","",""
"3191","4109","2E2B","D9C7","5656","CAEB","4111","",""
"3192","8F22","7804","223F","8E45","0DD5","8F22","",""
"3193","9CB9","E102","3F26","D776","4D1D","9CD2","",""
"3194","E8CC","2181","6BA3","239B","93A0","E8DB","",""
"3195","2E34","6B5F","B1A3","69CA","93A0","2E34","",""
"3196","77FC","B63F","FB11","B326","5656","7813","",""
"3197","E102","FD50","D57A","FF49","8E45","E0F9","",""
"3198","2189","4683","FDE1","4111","8E45","2189","",""
"3199","B649","9286","46E3","9CC9","D778","6B7D","",""
"3200","FD59","2247","907B","E8E4","69C0","B64C","",""
"3201","4683","3F26","D8A0","E8E4","69C0","FD59","",""
"3202","928F","B1AB","229E","7813","B326","4683","",""
"3203","D9C7","FB0F","7EEB","E0F9","FF52","92A8","",""
"3204","223F","D579","B357","E0F9","4109","D9E5","",""
"3205","3F25","FDE3","FB57","2189","8F18","224B","",""
"3206","6BAD","46EA","44A8","B63F","9CD1","3F26","",""
"3207","B1A3","907D","8DC2","B63F","E8E4","6BAB","",""
"3208","FB05","D8A0","D279","FD59","2E2B","B1A3","",""
"3209","D56C","22A6","017B","4683","781D","B1A3","",""
"3210","FDD7","7EED","9187","92A7","E0F9","FB29","",""
"3211","46E3","B360","BC89","D9E5","218B","D5AE","",""
"3212","907E","FB57","0596","3F2E","6B86","FE16","",""
"3213","D898","44AF","4F40","3F2E","B648","4722","",""
"3214","22A6","8DB8","97CC","6BAD","FD5A","9093","",""
"3215","B357","D27A","C1D9","B1A3","4683","D8BE","",""
"3216","FB56","D27A","0B56","FB1D","929D","22DD","",""
"3217","44AF","017B","5476","D5A4","D9E5","7EE5","",""
"3218","8DC2","9188","9D48","FE19","223F","B378","",""
"3219","D280","BC89","E5DB","4722","3F26","FB57","",""
"3220","017B","0596","3036","908B","6BAD","8DC2","",""
"3221","917F","4F36","7976","D8BE","B1AB","D279","",""
"3222","BC7F","97D5","E279","22DD","FB26","017B","",""
"3223","058C","C1D9","18E0","7EEB","D5B0","91BC","",""
"3224","4F36","0B53","65C1","B378","FE0E","BCB6","",""
"3225","97CC","5480","AEB3","FB4B","4722","05CC","",""
"3226","C1D1","9D52","F8B4","44AF","908C","4F76","",""
"3227","0B53","E5E4","4133","8DBA","D8BE","97EA","",""
"3228","5481","3036","8A74","D279","22DD","C1F2","",""
"3229","9D52","7976","E488","017B","7EEB","0B73","",""
"3230","E5DB","E27B","1D12","91B5","B36D","5499","",""
"3231","3036","18D6","6662","BCBF","FB56","9D70","",""
"3232","7976","65C2","AF7C","05CA","44AF","E5DB","",""
"3233","E279","AEB3","F8B0","4F6D","8DBA","304B","",""
"3234","18E0","F8B1","41EE","97EA","D27A","7994","",""
"3235","65CB","4125","A51C","C1E9","017B","E271","",""
"3236","AEA8","8A74","D8DD","0B71","91BD","18FE","",""
"3237","F8B2","E488","2320","549B","BCB6","65CB","",""
"3238","4131","1D1A","6118","9D70","05C1","AEB3","",""
"3239","8A75","6659","B82B","E5E6","4F76","F8C3","",""
"3240","E47E","AF88","FED7","3054","97EA","4127","",""
"3241","1D1B","F8B1","483F","7994","C1F2","8A6B","",""
"3243","6663","41ED","93D8","E27D","0B72","E4A8","",""
"3244","AF86","A524","DB43","18F4","548E","1D1B","",""
"3245","F8B0","D8DD","1C6A","65C1","9D66","6662","",""
"3247","A51C","2320","5C52","AEA8","E5DB","AF7C","",""
"3248","D8E9","610E","A367","F8C8","3054","F8BB","",""
"3249","232A","B82B","ECAF","4131","7994","41EE","",""
"3250","610E","FED7","6072","8A6B","E279","A51C","",""
"3251","B82B","4838","999F","E49D","18FE","D8F4","",""
"3252","FECF","93D1","E2A6","1D12","65C2","2320","",""
"3253","4838","DB43","2CEB","665A","F8CC","6118","",""
"3254","93D1","1C6C","748B","AF86","4125","B849","",""
"3255","DB3A","5C52","B264","F8B0","8A74","FED7","",""
"3257","1C76","A367","0755","41F6","E4A8","483F","",""
"3258","5C52","ECB2","52C4","A524","1D0E","93E9","",""
"3259","A375","606C","9A20","D901","6659","DB59","",""
"3260","ECAF","9995","C251","2328","F8B1","1C6A","",""
"3261","6072","E2A6","0D67","610E","41ED","5C53","",""
"3262","99A0","2CEB","54B0","B849","A524","A367","",""
"3263","E2A6","7495","9DDC","FECF","D8F4","ECAF","",""
"3264","2CF5","B263","26CB","4838","2328","6072","",""
"3265","7495","0755","4426","93E9","610E","99B6","",""
"3266","B26A","52B8","8D36","DB59","B852","E2CF","",""
"3267","0755","9A29","D6E0","1C77","FED7","2CEB","",""
"3268","52C0","C251","1F65","5C49","4838","748B","",""
"3269","9A20","0D5E","6840","A367","93E9","B264","",""
"3270","C251","54AE","B193","ECA5","DB59","0755","",""
"3271","0D6A","9DDC","F69A","6072","1C6C","52DB","",""
"3272","54A5","26CC","4454","99B7","5C49","9A45","",""
"3273","9DD1","4428","8624","E2C4","A367","C25A","",""
"3274","26C0","8D42","C351","2CF5","ECA5","0D67","",""
"3275","442C","D6DE","0C10","7495","606C","54B0","",""
"3276","8D3A","1F6F","567B","B26A","99AE","9DDC","",""
"3277","D6E0","6840","A1AE","0755","E2CF","2701","",""
"3278","1F65","B192","E6E5","52D7","2CF7","445E","",""
"3280","684A","F690","2F96","9A3D","7495","8D71","",""
"3281","B191","4452","7972","C251","B263","D714","",""
"3282","F690","8624","C79C","0D67","0755","1F8C","",""
"3283","4457","C353","0C0E","54AE","52CF","685B","",""
"3284","861C","0C07","7AE5","9DD1","9A47","B1B0","",""
"3285","C351","567B","BF10","26F5","C251","F6A9","",""
"3286","0C10","A1B8","0729","4463","0D5E","4476","",""
"3287","567B","E6EE","315E","8D6E","54AE","8639","",""
"3288","A1B8","2F96","619D","D713","9DDC","C353","",""
"3289","E6E5","7979","A915","1F8D","2702","0C12","",""
"3290","2F96","C794","F1E8","6863","445C","569B","",""
"3291","797C","0C0F","7A9F","B1A8","8D6F","A1B9","",""
"3292","C794","7ADB","AED8","F6A9","D721","2F96","",""
"3293","0C0E","BF1A","F877","4469","1F7E","798A","",""
"3294","7ADB","0729","4134","8642","6866","C7AB","",""
"3295","BF10","3166","8A5D","C355","B1B1","0C25","",""
"3296","0734","619E","D3A7","0C10","F6A9","7B1A","",""
"3297","3166","A918","FD32","5699","4468","BF28","",""
"3298","619C","F1EA","47B6","A1BB","863A","0732","",""
"3299","A917","7A9F","8F83","E6E5","C349","317F","",""
"3300","F1E7","AEDD","D20F","2F96","0C07","61AC","",""
"3301","7A9F","F877","0D1C","7994","5699","A915","",""
"3302","AED8","412B","518B","C7AB","A1AE","F1E8","",""
"3303","F877","8A53","9F61","0C26","E6EE","7A9F","",""
"3304","4137","D3A7","368E","7B10","2F96","AED8","",""
"3305","8A53","FD33","6D6E","BF35","798A","F895","",""
"3306","FD2A","47B6","B695","0734","C7B4","4134","",""
"3307","47B6","8F83","0046","317F","0C1C","8A5D","",""
"3308","8F86","D20F","48C5","61AC","7B10","D3A7","",""
"3309","D219","0D11","91B0","A918","BF32","FD32","",""
"3310","0D1B","518B","DAEE","F1DE","0732","47EC","",""
"3312","5193","9F61","249A","7A9F","317F","8F84","",""
"3313","9F61","3699","6D64","AED1","61B5","D20F","",""
"3314","3699","6D64","9C99","F88C","A918","0D1C","",""
"3315","6D63","B697","CA91","4134","F1EA","518B","",""
"3316","B695","004B","1377","8A53","7A9F","9F61","",""
"3318","004E","48BB","B0B1","D3A7","AED8","36C4","",""
"3319","48BD","91A4","E021","FD2A","F895","6DA6","",""
"3320","91A7","DAEA","2E69","47EC","4134","B6DA","",""
"3321","DAF6","24A3","77BB","8F7A","8A5C","0082","",""
"3322","24A8","6D61","C1B4","D20F","D3B0","48DB","",""
"3323","6D64","9C99","0824","0D1B","FD33","91BF","",""
"3324","9C9D","CA91","54A8","5193","47EC","DB0D","",""
"3325","136D","136D","9D58","9F61","8F7A","24B4","",""
"3326","B0B6","B0BB","E611","36D0","D20F","6D8C","",""
"3327","E021","E021","1429","6DA6","0D11","9C91","",""
"3328","2E69","2E61","2231","B6D0","518B","CAB0","",""
"3330","77BB","77BB","6B7B","007C","9F61","1395","",""
"3331","77BB","C1AA","B3C7","48E2","36D0","B0C9","",""
"3332","082E","0824","5A38","91BF","6D9B","E056","",""
"3333","54A8","549F","94C2","DB16","B6D0","2E91","",""
"3334","54A8","9D58","DDCD","24B2","007C","77BB","",""
"3335","9D4F","E608","20A5","6D7F","48E3","C1CC","",""
"3336","1432","1432","7127","9C99","91BF","082E","",""
"3337","1432","222D","C810","CAB0","DB08","54BF","",""
"3338","223C","6B6D","01B8","138C","24B3","9D78","",""
"3339","B3CB","B3CC","55C3","B0C9","6D7F","E611","",""
"3340","B3CB","B3CC","9535","E056","9C99","1429","",""
"3341","5A38","5A38","DCB1","2E9B","CAB0","2231","",""
"3342","94C0","DDCB","26BB","77C4","1395","6B7B","",""
"3343","DDCD","DDCB","6F31","C1CC","B0CF","B3C7","",""
"3344","20A5","209D","B981","082C","E056","5A38","",""
"3345","712F","C810","19C0","54BF","E056","94C2","",""
"3346","C808","C810","4D06","9D78","2E91","DDCD","",""
"3347","01AE","01B7","9616","E611","77C4","20BD","",""
"3348","55C3","953B","DF60","1432","082C","714E","",""
"3350","953D","953B","28F8","2231","54BF","C82B","",""
"3351","DCA9","DCB1","6C86","6B7B","9D6F","01C7","",""
"3352","26BE","26BD","BB78","B3BE","E608","55D1","",""
"3353","6F2A","6F28","0464","5A43","1432","956D","",""
"3354","B981","B97F","4D7C","94C2","222D","DCB1","",""
"3355","4D07","19CC","AE0D","DDCD","B3CC","26D3","",""
"3356","961B","4CFC","F0E5","20BD","B3CC","6F24","",""
"3357","DF6C","961B","3553","714F","5A3F","B9A5","",""
"3358","6C86","DF69","7FA4","C828","94B7","19DE","",""
"3359","BB7A","2902","D16B","01C9","DDCB","4D24","",""
"3360","0464","6C86","0F60","55D1","20B5","9643","",""
"3361","4D87","BB76","5923","9574","7142","DF87","",""
"3362","AE15","0466","A1BF","DCB0","C81F","2916","",""
"3363","F0E5","4D83","EC2E","26CD","01CF","6C86","",""
"3364","3553","AE0D","343F","6F2E","55DB","BB97","",""
"3365","7F99","F0DC","7E0D","B996","9574","0485","",""
"3366","D16D","3547","C228","19E7","DCA7","4D96","",""
"3367","0F60","7F99","1036","4D24","26D2","AE28","",""
"3368","592D","D162","3974","9643","6F31","F0FC","",""
"3369","A1C7","0F59","82EA","DF87","B9A2","355E","",""
"3370","EC2E","592B","CBBC","2916","19EB","7FD1","",""
"3371","3447","A1BF","14F1","6C90","4D1B","D185","",""
"3372","7E0D","EC2E","96CB","BB8B","9641","0F59","",""
"3373","C228","3447","B953","048E","DF88","593B","",""
"3374","1043","7E04","025E","4D90","291D","A1BF","",""
"3375","3974","C21B","4C12","AE32","6C90","EC3E","",""
"3376","82F1","1040","948B","F0F4","BB89","3447","",""
"3377","CBB3","397D","DD6F","355E","048E","7E2B","",""
"3378","14E8","82F4","26B4","7FD1","4D92","C229","",""
"3379","96C1","CBB3","7073","D184","AE2B","1040","",""
"3380","B960","14E8","B934","0F59","F0FC","3974","",""
"3381","025C","96CD","F5A0","593B","355E","82EA","",""
"3382","4C09","B953","39E5","A1BF","7FDA","CBBC","",""
"3383","9484","025C","8149","EC3E","D184","14E8","",""
"3384","DD6F","4C09","CB9B","3447","0F63","9700","",""
"3385","26AC","9484","13D8","7E2B","5944","B98A","",""
"3386","7073","DD67","5D01","C21B","A1C7","0293","",""
"3387","B934","26B4","A637","1040","EC48","4C47","",""
"3388","F5A0","7074","F01D","3974","3447","94A0","",""
"3389","39DC","B92C","38C8","82F1","7E23","DD88","",""
"3390","8149","F5AD","8202","CBB3","C21B","26CA","",""
"3391","CBA6","39DC","CBCF","CBB3","1036","7081","",""
"3392","5D01","8149","1481","14E8","397F","B94A","",""
"3393","A641","CBA5","5DD6","96F7","82F4","F5AB","",""
"3394","F013","13D8","8B23","B993","CBB3","3A02","",""
"3395","38C8","5D0B","BA22","0293","14F1","8155","",""
"3396","820C","A637","FE46","4C47","9703","8155","",""
"3397","CBCD","F013","4D33","94A2","B994","13E2","",""
"3398","1481","38C8","F594","DD7F","0289","5D01","",""
"3399","5DD7","8202","2E4B","26D2","4C3E","A641","",""
"3400","8B2D","CBCB","77F1","708B","94AA","F02B","",""
"3401","BA22","1476","C098","B956","DD7F","38BF","",""
"3402","FE50","5DD6","C098","F5A0","26D2","38BF","",""
"3403","4D3B","8B2D","09ED","39FA","7081","CBE9","",""
"3404","F59B","BA19","5334","8149","B94A","1476","",""
"3405","2E55","FE46","9CEF","CBC3","F5AB","1476","",""
"3406","77F1","4D3B","2EE4","13E2","3A02","8B23","",""
"3407","C0A2","2E4F","70A4","5D01","8153","BA22","",""
"3408","09EE","77F4","AEDA","A637","CBC2","BA22","",""
"3409","5333","C099","F7A4","F02B","13D8","FE46","",""
"3410","9CF4","09ED","F7A4","38C8","5D01","F59B","",""
"3411","2EED","5333","7553","820C","A637","2E53","",""
"3412","709B","9CF5","99FA","CBEB","F02B","781B","",""
"3413","AED1","E63C","E9B5","1481","38C8","C0A4","",""
"3414","F7AE","2EEC","30AF","5DD7","820B","09EE","",""
"3415","7553","709B","7968","8B2D","CBE9","5333","",""
"3416","9A02","AED9","C2CF","BA22","1476","9D06","",""
"3417","E9B5","7553","0C79","FE50","5DCC","E658","",""
"3418","30B9","9A03","554C","4D53","8B2D","2EEE","",""
"3419","7968","E9B5","9DCD","2E55","BA19","70A4","",""
"3420","C2C4","30AE","CE0D","7811","FE46","AEDA","",""
"3421","0C7C","7968","1799","C0A2","4D54","F7A4","",""
"3422","5558","C2CB","5F2D","09ED","2E4F","7588","",""
"3423","9DD3","0C7A","A996","5333","780D","9A2F","",""
"3424","CE0D","554F","26D4","9D0F","C0A2","EA18","",""
"3425","17A2","9DD3","5E41","E64E","09E2","30CC","",""
"3426","5F38","CE03","A983","2EEE","5333","7988","",""
"3427","A98C","1799","EC6B","709B","9D0C","C2E2","",""
"3428","26CE","5F35","3CC6","AED1","E64B","0C96","",""
"3429","5E37","A98C","8320","F7AE","2EEC","5572","",""
"3430","A98B","26D7","CDD9","7588","70A4","9DD6","",""
"3431","EC6B","5E37","17D1","9A39","AED9","CE2B","",""
"3432","3CC6","A98D","6060","EA1F","F7AE","17B7","",""
"3433","832C","EC6B","8ECF","30D7","7588","5F2D","",""
"3434","CDCF","3CC6","9C2D","7980","9A38","A9B2","",""
"3435","17C8","8320","E580","C2E2","EA18","26ED","",""
"3436","606A","CDD7","2F6D","0C93","30D6","5E5E","",""
"3437","8ED9","17D3","DA52","9DD3","7980","A9A9","",""
"3438","9C36","606A","10E9","CE21","C2EB","ECA1","",""
"3439","E576","8ED7","59EB","17BE","0C92","3CDA","",""
"3440","2F64","9C37","A34C","5F35","5570","8345","",""
"3441","DA52","E580","ECD9","A9AB","9DCC","CDCF","",""
"3442","10EC","2F66","2E20","26F4","CE21","17E6","",""
"3443","59FB","DA52","7FD5","5E55","17B7","6060","",""
"3444","A352","10EB","D865","A9A9","5F35","8EEC","",""
"3445","ECCC","59F8","10FD","ECA1","A9AB","9C36","",""
"3446","2E20","A352","5B1E","3CE3","26ED","E583","",""
"3447","7FD4","ECD6","A35F","833E","5E5E","2FA4","",""
"3448","D859","2E16","EC84","CDCF","A9A9","DA73","",""
"3449","10F4","7FCA","3775","17EE","ECA1","1107","",""
"3450","5B26","D859","9458","6060","3CE5","5A17","",""
"3451","A368","10FF","C576","8EF7","8345","A373","",""
"3452","EC8B","5B1E","0E92","9C2D","CDCF","ECEB","",""
"3453","3775","A35D","5845","E580","17E6","2E20","",""
"3454","9462","EC8A","A067","2FA5","6060","800A","",""
"3455","C57D","3775","35BE","DA6F","8EF5","D883","",""
"3456","0E88","9458","78A8","1107","9C2D","10F4","",""
"3457","5845","C575","C5A4","5A17","E580","5B3C","",""
"3458","A061","0E92","0713","A374","2F9D","A35F","",""
"3459","EA50","584E","455A","ECEB","DA6F","EC84","",""
"3460","35CA","A063","8E2F","2E20","1107","37A8","",""
"3461","78A8","EA57","D755","800A","5A14","9470","",""
"3463","C5AE","35CA","5139","D877","A36D","C595","",""
"3464","071A","789E","7EDE","10FD","ECF4","0EAF","",""
"3465","4551","C5A9","C7E5","5B3C","2E16","5866","",""
"3466","8E25","071A","11CA","A368","8000","A063","",""
"3467","5132","4551","5AB5","EC84","D877","EA64","",""
"3468","7ED1","8E24","A2ED","37B4","10FC","35E7","",""
"3469","C7E5","D75D","0463","9477","5B3C","78C0","",""
"3470","11BE","5132","3564","C58D","A35D","C5AB","",""
"3471","5AB5","7EDB","7F22","0EAA","EC84","0713","",""
"3472","A2EC","C7DA","C302","5867","37B4","455A","",""
"3473","0463","11C8","12FC","A06A","947C","8E2F","",""
"3474","355D","5AAB","5A1F","EA68","C58B","D755","",""
"3475","7F27","A2F4","A511","35DC","0E9D","5156","",""
"3476","C302","046C","1779","78B6","585D","7EF9","",""
"3477","12FE","3566","35D9","C5AC","A068","C7FA","",""
"3478","5A1F","7F2A","8108","071A","EA72","11FE","",""
"3479","A511","C2F8","CAC4","4551","35E5","5AC7","",""
"3480","1779","12F4","1125","8E25","78B6","A2F4","",""
"3481","35E0","5A1D","5C09","D755","C5A9","0481","",""
"3482","8108","A509","A798","514F","071C","3558","",""
"3483","CAB6","1779","EF20","7EF1","455C","7F3E","",""
"3484","1115","35DE","37D8","C7FA","8E24","C302","",""
"3485","5C09","8103","78F1","11FE","D75D","1333","",""
"3486","A798","CAC1","B837","5AD6","514F","5A1F","",""
"3487","EF20","1121","FA2E","A2F4","7EF6","A53F","",""
"3488","37DE","5C09","4A74","0481","C801","17B8","",""
"3489","78E6","A798","94B8","3564","11FF","3614","",""
"3490","B836","EF14","DBB6","7F48","5AD3","8136","",""
"3491","FA37","37D7","24E8","C2F8","A2F4","CAF4","",""
"3492","4A74","78F0","6EBC","1333","0481","113C","",""
"3493","94B7","B82D","00A2","5A1F","3568","5C26","",""
"3494","DBB6","FA37","4CAA","A549","7F40","A7BE","",""
"3495","24E8","4A74","9320","17AE","C305","EF2C","",""
"3496","6EBC","94AF","DC6D","360E","1333","37FC","",""
"3497","B760","DBB6","052F","813E","5A27","78F0","",""
"3498","00AB","24DF","342B","CAEE","A540","B84B","",""
"3499","4CAA","6EBC","7D23","113E","17B8","FA58","",""
"3500","9320","B760","23E0","5C27","3610","4A9F","",""
"3501","DC76","00AB","53F2","A7B5","813E","94B8","",""
"3502","052F","4CA1","A614","EF34","CAEF","DBB6","",""
"3503","342E","931F","EF9F","37F4","1137","24E8","",""
"3504","7D27","DC6D","362D","78E6","5C2B","6ED3","",""
"3505","23E0","0525","81A5","B84B","A7BB","00A2","",""
"3506","53FB","3429","CACB","FA4C","EF35","4CC8","",""
"3507","EF94","7D24","14BF","4A9F","37F1","9328","",""
"3508","3626","23E0","5DD3","94AF","78F0","DC6D","",""
"3509","8199","53F2","9F76","DBB6","B84B","052F","",""
"3510","CAC0","A620","FD27","24E8","FA55","342B","",""
"3511","14BD","EF96","43A4","6ED3","4A9C","7D23","",""
"3512","5DDF","3626","8CD5","B760","94AF","23E0","",""
"3513","9F76","819D","EA2D","00AB","DBB6","540B","",""
"3514","FD1E","CACA","186A","4CC8","24E8","A61C","",""
"3515","43AC","14C8","619D","9328","6ED3","EFB4","",""
"3516","8CD5","5DD5","A686","DC6D","B760","362F","",""
"3517","EA2D","9F6E","F4C7","052F","00AB","81A8","",""
"3518","186A","FD1E","3CB4","342E","4CBD","CACB","",""
"3519","619D","43AC","8650","7D27","931F","14D4","",""
"3520","A687","8CD5","CF0E","23E0","DC6D","5DF4","",""
"3521","F4BF","EA23","17C7","5412","0525","9F6C","",""
"3522","3CB5","1872","47FC","A61D","3429","FD27","",""
"3523","8659","61A5","9052","EFB3","7D24","43A4","",""
"3524","CF0E","A687","D920","362F","23E0","8CD5","",""
"3525","17CC","F4BB","2360","8199","5412","EA64","",""
"3526","47FD","8657","9163","CAC0","A612","18A9","",""
"3527","9050","CF17","D233","14D4","EFB4","61D3","",""
"3528","D920","17C7","1D84","5DF2","362F","A6BC","",""
"3529","2369","47FC","6744","9F6E","819D","F4FE","",""
"3530","D233","9050","ADB8","FD27","CABC","3CD3","",""
"3531","1D82","D92A","F242","43A4","14E0","8667","",""
"3532","6744","2360","4367","8CD5","5DF3","CF28","",""
"3533","ADC5","9163","8E6D","EA64","9F77","17C8","",""
"3534","F23F","D22A","D4F4","18A9","FD27","4811","",""
"3535","4365","1D7A","0205","61DD","43A4","9047","",""
"3536","8E6D","674E","5072","A6C6","8CE0","D920","",""
"3537","D4F4","674E","953E","F4FE","8CE0","237E","",""
"3538","01FC","F243","DE85","3CD4","18AA","9161","",""
"3539","5072","4364","DE85","8667","18AA","D233","",""
"3540","9541","4364","5768","CF33","61D3","1D84","",""
"3541","DE85","D4ED","8527","17C7","A6C6","6767","",""
"3542","DE85","01FC","CE31","481B","F4F5","ADC4","",""
"3543","8520","01FC","178D","9047","3CC9","F242","",""
"3544","CE28","9538","60E8","D920","8665","4385","",""
"3545","CE28","9538","A931","2386","CF32","8E6D","",""
"3546","1789","DE85","060D","9161","17BF","D4F4","",""
"3547","A933","5768","34E3","D22A","4818","5072","",""
"3548","A933","8528","85FD","1D82","9052","953E","",""
"3549","0606","CE27","CF55","675D","D920","953E","",""
"3550","85FF","1788","60B8","ADC4","9161","DE9D","",""
"3551","CF4E","60E9","60B8","F23F","9161","5786","",""
"3552","178E","0606","ABA1","4383","1D7A","853C","",""
"3553","60B1","34E3","0D30","8E6D","6767","CE45","",""
"3554","60B1","85FB","39AD","D4F4","ADC4","17A6","",""
"3555","ABAB","CF54","82DB","0214","F243","6111","",""
"3556","0D3B","1787","CC72","5072","4385","A93A","",""
"3557","39AD","60AD","151C","9541","8E6D","0643","",""
"3558","82DB","ABAB","5DE7","DE9D","D4ED","34D9","",""
"3559","CC7C","0D3D","A96A","5786","0214","861F","",""
"3560","151C","39A4","F0DA","8549","5072","CF71","",""
"3561","5DDD","82DC","39A5","CE46","9538","60B7","",""
"3562","A957","CC72","7631","179E","DE9D","60B7","",""
"3563","F0DA","151C","BA55","6114","5786","ABD4","",""
"3564","399B","5DDD","01BA","A92E","8549","0D71","",""
"3565","7628","A960","4C12","063C","CE4E","39D9","",""
"3566","BA55","F0E3","CC81","34E3","17A5","8309","",""
"3567","01AF","399B","F7CF","8617","610A","CCA8","",""
"3568","4C12","7628","40DB","CF73","A931","153A","",""
"3569","CC81","BA5E","9032","178E","063C","5DF4","",""
"3570","F7CF","01AF","D30F","60AB","34D9","A986","",""
"3571","40DB","4C1B","7508","ABE2","8611","F0F1","",""
"3573","9032","CC7C","AF09","0D71","CF74","39B9","",""
"3574","D31A","F7D4","F7BE","39E4","1792","7628","",""
"3575","1BF3","9029","45DB","8312","60B3","BA72","",""
"3576","7508","D317","8A9A","CCB2","ABE0","01AF","",""
"3577","AF16","1BF3","CF3E","153A","0D67","4C39","",""
"3578","F7C8","7512","1D5C","5DFC","39E3","CCB8","",""
"3579","45D4","AF09","8F91","A97D","8313","F80A","",""
"3580","8A9A","F7C0","AEA4","F0FB","CCB1","410E","",""
"3581","CF47","45DB","F7A9","39C4","1531","905E","",""
"3582","1D5C","8AA2","414C","7631","5DFF","D334","",""
"3583","8F91","CF47","89D2","BA72","A98E","1C04","",""
"3584","AEA9","1D50","D2BC","01BA","F0FC","7525","",""
"3585","F7A8","8F9B","1C03","4C39","39C4","AF22","",""
"3586","4151","F7AB","65A8","CCAE","7631","F7E6","",""
"3587","89E0","4153","AE85","F80A","BA7B","45D4","",""
"3588","D2C0","89D4","F2CE","411B","01B9","8AC0","",""
"3589","1BF5","D2BF","2EFC","9068","4C39","CF65","",""
"3590","65A7","1BF5","C583","D32E","CCB4","1D72","",""
"3591","AE8E","65B4","05B2","1C0C","F801","8FC8","",""
"3592","F2CE","AE85","52EC","752F","4113","AEE0","",""
"3593","2F05","2EFC","A02D","AF27","9068","F7D8","",""
"3594","7A00","79F6","EA05","F7E5","D335","418C","",""
"3595","C58B","C58B","30A6","8AC0","1C0A","89FC","",""
"3596","05B2","05B2","7BE8","CF5C","752F","D2CD","",""
"3597","52EC","52EC","C5C0","1D72","752F","1C1C","",""
"3598","A02E","A02D","0E7C","8FD2","AF20","65BF","",""
"3599","EA05","EA05","3609","AEDE","F7DB","AEA4","",""
"3600","C5B7","309D","63C2","F7D6","45DE","F2CE","",""
"3601","0E73","7BE0","ACE0","418C","8AB6","2F1A","",""
"3602","3609","C5B7","F595","89FC","CF5C","7A1D","",""
"3604","63C6","0E73","9A3F","D2D7","1D7C","C58B","",""
"3605","ACE0","3608","D606","1C12","8FC8","05CF","",""
"3606","F59D","ACDF","1E91","65CD","AED3","52E2","",""
"3607","9A4C","F595","5E76","AEAB","F7D7","A02D","",""
"3608","D610","9A4C","B1F4","AEAB","418C","EA1E","",""
"3609","1E94","D613","FA63","2F1A","89F6","30A6","",""
"3610","5E80","1E92","4394","7A14","D2D9","7BE8","",""
"3611","B1F1","5E76","8D6C","7A14","1C1B","C5DF","",""
"3612","4395","B1EA","D6A0","C58B","AEA4","0E7C","",""
"3613","8D73","FA61","17D3","05CF","AEA4","3609","",""
"3614","D6AB","438F","566E","52EC","F2D9","63C2","",""
"3615","17C9","8D6B","9EC4","A02D","7A14","ACDD","",""
"3616","5677","D6AB","E822","EA13","7A14","F595","",""
"3617","9ECC","9ECE","6415","309D","C58B","9A3F","",""
"3618","E82B","E82B","9323","7BE0","52EC","D621","",""
"3619","6415","6420","DC35","C5D5","52EC","1EA0","",""
"3620","932D","932D","25D8","0E7F","EA1C","5E80","",""
"3621","DC2D","DC2D","6E6D","3608","30A6","B210","",""
"3622","25E4","25D8","B2B8","63C6","30A6","FA63","",""
"3623","6E63","6E6D","01F7","ACE0","C5D5","4394","",""
"3624","B2BE","B2BB","49D6","F59D","0E7F","8D84","",""
"3625","01F7","01F7","9256","9A4C","3600","D6C0","",""
"3626","49DE","49D6","C1A1","D62B","63C0","17D2","",""
"3627","924D","924A","09F3","1EA0","ACDF","566E","",""
"3628","C198","C198","52BB","5E76","F595","9EC4","",""
"3629","09FC","09FC","9D15","B210","9A4C","E822","",""
"3630","52BB","52BB","0984","FA61","D62B","644C","",""
"3631","9D0D","9D16","4E92","4396","D62B","9362","",""
"3632","0985","097A","E184","8D8D","5E76","DC63","",""
"3633","4E85","4E85","2A41","D6C7","B20A","261A","",""
"3634","97C2","97C2","7383","17D2","B20A","6E8C","",""
"3635","E190","E18B","BD4B","5677","FA54","B2DA","",""
"3636","2A41","2A41","7F0B","9ECC","4398","022A","",""
"3637","7378","7378","AAEC","E82B","8D8B","49F9","",""
"3638","BD52","BD52","D3A6","6456","D6C0","9256","",""
"3639","4F80","0176","1D49","9362","566E","C1B6","",""
"3640","7F0C","7F02","D079","DC63","566E","09FD","",""
"3641","AAF4","AAF6","0221","261A","9EC4","52B3","",""
"3642","D3AF","D3AE","4B2F","6E8C","E82B","9D2A","",""
"3643","1D41","1D46","94E1","B2D3","6457","097A","",""
"3644","D079","D079","DD5F","0222","9362","4E92","",""
"3645","0220","0220","264C","49F2","DC63","E19C","",""
"3646","4B2F","4B36","7A36","924D","2611","2A38","",""
"3647","94E1","94E1","B954","C1B6","6E81","7383","",""
"3648","DD68","DD5E","0209","09FC","B2D0","BD68","",""
"3649","2642","264C","45FE","52B3","0222","0183","",""
"3650","7A2E","7A2E","953E","9D2A","49F2","7F23","",""
"3651","B954","B95F","DD16","097A","9250","D3A6","",""
"3652","0212","0212","2774","4E8F","C1B6","1D5F","",""
"3653","45FE","45F5","8F8C","E1A4","09F3","D0B1","",""
"3654","954A","953E","B9F5","2A41","52B3","0252","",""
"3655","DD0E","DD16","0300","7378","9D34","4B6B","",""
"3656","2774","2768","4CA6","BD70","0985","9520","",""
"3657","8F8A","8F8C","DE12","017A","4E8F","DD7E","",""
"3658","B9EB","B9F2","316B","7F23","E1A4","2665","",""
"3659","0309","030A","713B","AB0C","2A41","7A55","",""
"3660","4CB0","4CA6","BA90","D3AF","7383","B976","",""
"3661","954A","9554","FCA3","1D59","BD70","022F","",""
"3662","DE1A","DE1B","3A25","D0B1","0176","45F3","",""
"3663","316A","713D","7E20","024C","4F8B","9564","",""
"3664","713C","BA86","CD3A","4B63","7F1A","DD0E","",""
"3665","BA92","FCAB","4CA5","9516","AB0E","278F","",""
"3666","FCA3","3A1A","8218","DD7E","D3AE","8FBD","",""
"3667","3A23","7E18","CB47","2665","1D59","BA22","",""
"3668","7E18","CD3A","1501","7A4A","D0B1","0336","",""
"3669","CD3A","4C9F","5D8C","B977","0252","4CE3","",""
"3670","4CA6","8218","A668","0226","4B65","9567","",""
"3671","8222","CB47","FEEB","45FE","9516","DE31","",""
"3672","CB47","14F9","39AA","9564","DD7D","3195","",""
"3673","14F9","5D83","82BE","DD16","2659","7168","",""
"3674","5D83","A660","AAC1","278F","7A58","FCE2","",""
"3675","A660","FEE3","F37E","8FC1","B975","3A42","",""
"3676","FEF0","399F","3BE1","BA2B","0224","7E30","",""
"3677","399F","82BE","B9EF","0342","4601","CD71","",""
"3678","82C9","AAC1","DC93","4CD9","955C","4CD5","",""
"3680","AACB","F386","2C63","9571","DD0B","8257","",""
"3681","F37E","3BDF","BC28","DE27","2787","CB85","",""
"3682","3BDF","B9EF","0563","319F","8FBD","1530","",""
"3683","3BDF","DC9C","4F1C","7168","BA22","5DAC","",""
"3684","DC8E","2C63","97DC","FCE2","0335","A681","",""
"3685","DC8E","732E","E07E","3A42","4CE8","FF25","",""
"3686","2C63","BC23","233F","7E39","DE33","39DE","",""
"3687","7334","0561","4163","CD71","3195","82F4","",""
"3688","BC23","4F1F","8AA6","4CE1","7172","AB00","",""
"3689","0558","97E5","D363","824E","FCD8","F3A5","",""
"3690","4F1C","E07C","2175","CB88","3A39","3BF8","",""
"3691","97DC","2340","65E8","1538","7E39","BA23","",""
"3692","E074","4165","AF2A","5DAC","CD71","DCD0","",""
"3693","233F","8AA6","F4A2","A678","4CE0","2CC5","",""
"3694","4165","D362","426E","FF19","8257","734B","",""
"3695","8AAE","2169","8AE1","39D6","1530","BC38","",""
"3696","D358","65E8","D379","82F4","5DA1","0575","",""
"3697","2173","AF2A","2220","AB00","A678","4F2E","",""
"3698","65E9","F49F","66A9","F39C","FF19","9807","",""
"3699","AF2A","4262","8E31","3BEE","39D6","E074","",""
"3701","F49F","8AE4","BBF4","BA1F","82FD","235D","",""
"3702","426B","D37D","0558","DCD0","AB01","4163","",""
"3703","8AE4","2218","4DB5","2CC5","F39C","D37F","",""
"3704","D372","66A9","F9DF","7355","3BF8","2186","",""
"3705","2220","8E31","2DD1","BC43","BA22","6605","",""
"3706","669F","BBFE","7920","0575","DCC5","AF47","",""
"3707","8E31","0558","C259","4F2E","2CC5","F4D4","",""
"3708","BBFC","4DAD","09D8","97F8","734B","427F","",""
"3709","0558","F9DF","4D59","E074","BC42","8B09","",""
"3710","4DB5","7920","9EFA","235D","0575","D379","",""
"3711","F9D4","C259","E759","4165","4F2D","2240","",""
"3712","2DDB","09D8","2FF8","8ACB","97FA","66C5","",""
"3713","7920","4D56","72D0","D37F","E07C","8E59","",""
"3714","C251","E762","AFF3","2191","2353","BC1E","",""
"3715","09D8","2FF8","F8BB","65FD","4165","057E","",""
"3716","4D56","72D1","43B2","AF47","8AC4","4DCD","",""
"3717","9EFC","AFFC","CE69","F4CC","D381","F9F2","",""
"3718","E762","F8BB","0E13","428C","2186","2DF8","",""
"3719","2FF8","43A8","573C","8B0A","65FD","7948","",""
"3720","72C7","CE60","A084","D372","AF47","C26F","",""
"3721","AFFC","0E1D","E9CA","223F","F4D7","0A00","",""
"3722","F8B2","573C","3306","66BD","428A","4D56","",""
"3723","43A8","A082","7D67","8E57","8B02","9F31","",""
"3724","CE60","E9C0","BE8B","BC1B","D37B","E778","",""
"3725","0E13","32FE","0F13","057E","2236","2FEE","",""
"3726","573D","7D5E","3CCB","4DCD","66C7","72ED","",""
"3727","A082","0F1B","67B2","F9F2","8E4F","AFF3","",""
"3728","E9C9","3CCB","B0A2","2DF0","BC1B","F8B2","",""
"3729","7D5E","67A8","F9F2","793F","0576","43DF","",""
"3730","BE7F","B0A2","8FB5","C278","4DC5","CE68","",""
"3731","0F13","F9FB","C494","09F6","F9FD","0E13","",""
"3732","3CCB","8FAF","0DAE","4D56","2DF8","573C","",""
"3733","67B3","C494","5772","9F3B","7948","A084","",""
"3734","B0AA","0DAE","9FF0","E780","C26F","E9CA","",""
"3735","F9F2","5770","E8D0","2FF9","09F6","E9CA","",""
"3736","8FB5","E8C8","3C15","72E4","4D56","3306","",""
"3737","C49B","3C15","7BF5","AFF3","9F3B","7D9D","",""
"3738","0DAE","7BFE","C542","F8B2","E778","BE80","",""
"3739","5770","C542","ED04","43DF","2FEE","0F13","",""
"3740","9FED","ED0D","FFED","CE5E","72E4","3CCB","",""
"3741","E8C8","47C8","47D1","0E13","AFFD","67B2","",""
"3742","3C15","909E","909E","573D","F8BB","B0A2","",""
"3743","7BF5","43C1","43B6","A082","43DF","FA0A","",""
"3744","C539","754F","755E","E9C9","CE68","8FE6","",""
"3745","ED04","BE71","BE75","3306","0E1B","C4CA","",""
"3746","FFF7","083F","0833","7D94","5732","0DE5","",""
"3747","47D1","998A","50B5","BE8A","A078","57AA","",""
"3748","90A1","F778","9993","0F13","E9CA","A000","",""
"3749","43C1","2CCC","F781","3CD4","32FE","E8E8","",""
"3750","7561","75F3","2CD7","67B3","7D94","3C4B","",""
"3751","BE76","BFA8","75FB","B0AA","BE80","7C35","",""
"3752","083E","0832","BFB1","FA0A","0F1B","C570","",""
"3754","50B8","4C5E","083A","8FEB","3CCB","ED42","",""
"3755","9979","9BC1","4C5E","C4CA","67A8","002C","",""
"3756","F781","0D0E","4C5E","0DEB","B0A2","47F0","",""
"3757","2CCB","31F6","0D04","579E","FA13","90AE","",""
"3758","7602","7AFC","31EB","A000","8FEB","43EC","",""
"3759","BFAE","C49A","7AFE","E8E8","C4D0","7584","",""
"3760","083A","0D36","C49B","3C42","0DE5","BEAC","",""
"3761","4C55","5604","0D34","7C2B","57AA","0871","",""
"3762","9BCE","A950","0D34","C57A","A000","50D6","",""
"3763","0D04","E942","A946","ED42","E8DD","99A1","",""
"3764","31EB","3278","E946","002E","3C4C","2D10","",""
"3765","7AFC","749A","E946","47F0","7C35","7638","",""
"3766","C4A4","B218","74A3","90B8","C570","BFE4","",""
"3767","0D34","B218","B210","43EC","ED42","0857","",""
"3768","560C","FA8D","B210","758A","0024","4C75","",""
"3769","A950","A3C6","FA8D","BEA8","47F0","9C00","",""
"3770","E944","A3C6","A3C5","0869","90B7","0D3B","",""
"3771","3278","8376","A3C5","50D7","43EC","3222","",""
"3772","749A","8376","3A90","99A1","7592","7B33","",""
"3773","B210","CCAB","836B","99A1","BEAB","C4DB","",""
"3774","FA97","1669","836B","2D04","086A","0D55","",""
"3775","72A4","693F","1669","7639","50D4","561D","",""
"3776","A3C5","D022","6948","BFE8","99AC","A985","",""
"3777","F3A2","1A15","6948","084F","F7B8","E96B","",""
"3778","8375","1A15","D023","4C6D","2D11","32B5","",""
"3779","CCA2","AAF4","1A17","9C02","7638","74D0","",""
"3780","1660","AAF4","6218","3222","BFDF","B238","",""
"3781","6948","3262","AAF4","3222","084F","FAA5","",""
"3782","A90E","55FC","3261","7B34","4C75","72DD","",""
"3783","D019","9EEF","3261","C4D2","9BF7","A3F4","",""
"3784","1A15","E409","9EFA","0D5C","0D3B","F40E","",""
"3785","620D","322A","E409","561D","322D","3AA6","",""
"3786","AAEC","7A14","E409","A985","7B32","8383","",""
"3787","3261","C3D2","7A19","E96B","C4D0","CCCA","",""
"3789","55FD","0C8A","C3C5","32AB","0D55","1682","",""
"3790","9EF1","5521","C3C5","74D7","561D","697E","",""
"3791","E409","97F7","552B","B238","A985","A945","",""
"3792","322C","D518","97EE","FAAE","E96D","D058","",""
"3793","7A0F","1DE7","1DE7","72DD","32B9","1A4C","",""
"3794","0C93","6833","6829","A3FC","74D0","622C","",""
"3795","552A","B3D0","6829","F417","B237","AB0E","",""
"3796","97F7","F9BB","F9BB","838F","FAAE","3297","",""
"3797","D510","4536","4536","CCC1","72D7","5632","",""
"3798","1DE7","8F07","4536","1679","A3F4","9F28","",""
"3799","6829","D585","D585","697F","F417","E43F","",""
"3800","B3D0","1A2F","1A32","A944","3AAF","7A37","",""
"3801","F9C5","6B00","1A32","D04E","838D","C3E8","",""
"3802","4536","B373","B373","1A4C","CCC1","552C","",""
"3803","8F07","FCA2","FCAB","6235","1682","9815","",""
"3804","D585","285D","2853","AB0C","6981","D518","",""
"3805","1A2F","54A8","549C","3296","A944","1DE7","",""
"3806","6B00","9D9C","9D9C","563B","D058","6851","",""
"3807","B373","E703","E6FC","9F30","1A4C","B3D0","",""
"3808","FCA2","8B46","C552","E436","6235","F9BB","",""
"3809","285D","C54D","0F00","3263","AB0C","452D","",""
"3810","54A6","0EF3","57B7","7A31","328C","8F1E","",""
"3811","9D9B","57BB","A0DE","C3DF","5632","D585","",""
"3812","8B46","A0E3","EA1F","0CA9","9F30","1A25","",""
"3813","C559","EA24","33FB","5520","E442","6B1E","",""
"3814","0EF1","73E9","73E9","9815","325C","B373","",""
"3815","57BA","C62F","C636","D51A","7A33","FCAB","",""
"3816","EA30","078E","078E","1DEA","C3E1","286B","",""
"3817","3407","45E8","45DE","6851","0CA7","549C","",""
"3818","73EE","8EB0","8EA6","B3D7","552A","9D9C","",""
"3819","C637","D873","8EA6","F9C5","9815","E714","",""
"3820","078E","59AB","D873","4536","D510","8B4E","",""
"3821","45DE","883F","59A5","8F1E","1DDF","C55C","",""
"3822","8EA6","D159","8843","D585","6851","0F1F","",""
"3823","D87B","1B0C","D15A","1A2F","B3D0","57B7","",""
"3824","59AB","638F","1B0C","6B1E","F9C7","A0DF","",""
"3825","8836","AC72","638F","B376","4536","EA1F","",""
"3826","D15A","F5BC","AC7C","FCA2","8F15","3413","",""
"3827","1B16","3F64","F5BC","2874","D57B","740C","",""
"3828","6398","8837","3F64","54A6","1A2F","C636","",""
"3829","F5B0","B047","8837","9D9B","6B1E","078E","",""
"3830","3F6E","FFBC","FFB1","E71C","B36B","45DE","",""
"3831","883A","470A","4715","8B4E","FCA2","8EA6","",""
"3832","B04F","9176","9176","C559","286B","D88B","",""
"3833","FFB9","FE9F","FE95","0F0F","54A8","59E2","",""
"3834","4715","439E","439E","57B0","9DA4","886D","",""
"3835","9176","8CC8","8CC9","A0E3","E71E","D190","",""
"3836","FE95","D6B3","D6B3","EA2E","8B4E","1B42","",""
"3837","439E","1F4D","1F56","341F","C54D","63B8","",""
"3838","8CC8","68A5","B26B","7408","EA24","AC95","",""
"3839","D6B0","B264","FB14","C629","341C","F5D6","",""
"3840","68A5","FB1E","4457","078E","7408","3F89","",""
"3841","B264","4457","72D9","45DE","C636","8856","",""
"3842","FB1E","72D9","7D72","8EA6","079C","B04F","",""
"3843","4461","7D79","C172","D892","45E8","FFCE","",""
"3844","72E3","C07E","10C9","59DB","8EB0","4715","",""
"3845","7D72","F185","C071","886D","D88B","918B","",""
"3846","C165","3A8B","F187","D199","59E2","FE95","",""
"3847","10C9","845C","3A8E","1B4C","8876","439E","",""
"3848","C07C","CCC8","8460","63B6","D190","8CC9","",""
"3849","F186","15B0","CCC7","AC89","1B4C","D6CB","",""
"3850","3A9A","69D8","15A6","F5D9","1B4C","1F56","",""
"3851","8456","A8CA","69D7","3F87","63B6","68AE","",""
"3852","CCC7","F16C","A8C4","8856","AC95","B28B","",""
"3853","15A6","3A05","F173","B047","F5CE","FB14","",""
"3854","69D9","8460","3A05","FFD8","3F7D","4457","",""
"3855","A8CD","CD8E","845A","4717","884D","72D9","",""
"3856","F173","3AED","CD99","9193","B047","7D72","",""
"3857","3A05","6093","3AF2","FE9F","FFDA","C172","",""
"3858","845A","B024","F718","439E","470A","10ED","",""
"3859","CD8F","F718","3FFB","8CC8","9193","C0B1","",""
"3860","3AF2","3FF8","893A","D6C9","FE95","F1BC","",""
"3861","608D","893A","D2ED","1F56","439E","3ACA","",""
"3862","B02B","D2ED","25C7","68A5","8CC8","848D","",""
"3863","F70F","25BD","6597","B28E","D6CC","CCE7","",""
"3864","3FF8","6597","A760","FB1E","1F56","15C8","",""
"3865","8930","A756","E5F8","4461","68AE","69F3","",""
"3866","D2F8","E602","2E2A","72E3","B281","A8E3","",""
"3867","25C7","2E2A","76F1","7D72","FB14","F18A","",""
"3868","65A0","76E8","E86A","C165","4457","3A05","",""
"3869","A75A","E85F","1914","10DF","72D9","847F","",""
"3870","E602","6239","6230","C0A8","7D79","CDB3","",""
"3871","2E2C","A756","A74B","F1B4","C16F","3B28","",""
"3873","76F3","F566","F56F","3ACA","10EA","60BD","",""
"3874","76F3","3D3D","3D3E","848D","C0A8","B096","",""
"3875","1914","86EC","86E9","CCE5","F1C0","F738","",""
"3876","6230","E468","E468","15BC","8495","4007","",""
"3877","A758","19CF","19C6","69F3","CCEF","8958","",""
"3878","3D3C","62E5","62F1","A8DB","15C8","D304","",""
"3879","3D3C","ACB4","ACA4","F18A","69EA","25FB","",""
"3880","86F9","F51D","F51C","3A0E","A8E2","65D7","",""
"3881","E468","3E00","3E01","8474","F18E","A790","",""
"3882","19CF","ABA5","ABA5","CDAC","3A0E","E62E","",""
"3883","62F1","D1BC","D1BC","3B29","8480","2E3F","",""
"3884","ACA4","1AC4","1AC9","60BD","CDB4","7709","",""
"3885","F525","6476","6475","B08F","3B22","E89E","",""
"3886","3E01","ACDD","ACDD","F738","60C9","194A","",""
"3887","ABA7","F12B","F12B","400E","B08F","6263","",""
"3888","D1BB","408D","408D","8958","F737","A782","",""
"3889","1ABE","88C1","88B7","D304","400E","F59B","",""
"3890","6474","D1AC","D1B8","25F2","894D","3D51","",""
"3891","ACDD","1336","1336","65CE","D30F","870D","",""
"3892","F12B","5062","505A","A78D","25F2","E495","",""
"3893","4090","9944","E307","E637","65CE","1A02","",""
"3894","88BE","E30E","315E","E895","A798","6325","",""
"3895","D1A8","3165","BF4A","1950","E62E","ACDE","",""
"3896","1336","75F2","0904","626E","2E3F","F53A","",""
"3897","505A","BF4A","309E","A782","7700","F53A","",""
"3898","993A","0910","7AE0","F5A4","E895","ABCF","",""
"3899","E313","30A8","C8D4","3D5B","194C","D1F1","",""
"3900","315E","7AEA","088C","870D","6264","D1F1","",""
"3901","75F2","C8DC","577C","E49D","A781","1B02","",""
"3902","BF4A","0882","7C1B","19FD","F5A6","64AA","",""
"3903","0904","5785","A99B","631D","3D5E","ACFB","",""
"3904","309E","7C1A","F1E2","ACDE","8705","F14C","",""
"3905","7AE9","A9A4","3BE1","F53A","E495","40BA","",""
"3906","C8D4","F1EB","E485","3E18","19FC","88DE","",""
"3907","088A","3BE1","1A4A","ABDB","6326","D1CB","",""
"3908","577C","E47C","63F8","D1E7","ACE9","134B","",""
"3909","7C1A","1A4A","AD13","1B02","F53B","5062","",""
"3910","A99B","63F0","F52B","64A1","3E0D","9944","",""
"3911","F1E2","AD13","3F29","AD06","ABDB","E32E","",""
"3912","3BEB","F534","87B6","F14C","D1E8","317E","",""
"3913","E47C","3F29","D2C1","40C0","1AFF","760A","",""
"3914","1A52","87BF","1A2B","88D5","64A1","BF64","",""
"3915","63F8","D2C1","5517","D1CB","AD06","091C","",""
"3916","AD1B","1A33","9A93","1353","F14C","309E","",""
"3917","F52B","5521","E301","5062","40C3","7B00","",""
"3918","3F32","9A89","2C4D","9944","88D4","C912","",""
"3919","87BF","E301","BA9D","E32E","D1C4","089A","",""
"3920","D2B8","2C4F","FA50","317E","1355","57B3","",""
"3921","1A2B","BAA8","4362","760A","5062","7C1A","",""
"3922","5521","FA4C","8D44","BF64","993A","A9B3","",""
"3923","9A89","436E","D5EE","091C","E32E","F1E2","",""
"3924","E30E","8D45","1F2E","30A8","317E","3BF9","",""
"3925","2C44","D5E4","686E","7B03","7601","E494","",""
"3926","BAA4","1F35","B23E","C912","BF64","1A6B","",""
"3927","FA50","6869","FAF6","08A2","091C","6425","",""
"3928","4362","B23F","283C","57B3","30A8","AD32","",""
"3929","8D44","FB01","573E","7C1B","7B02","F52B","",""
"3930","D5E3","283D","98FB","A9BC","C912","3F41","",""
"3931","1F2E","573E","EA49","F1EB","08A2","87C0","",""
"3932","6862","98FB","89BE","3C04","57B3","D2EE","",""
"3933","B234","EA3F","B85F","E4A1","7C1A","1A36","",""
"3934","FB00","89C8","01A6","1A61","A9BF","5517","",""
"3935","283C","B86A","4DF0","6430","F1EC","9A90","",""
"3936","5735","01A9","93CC","AD2A","3C03","E30B","",""
"3937","98F4","4DF0","DCB6","F52B","E4A1","2C44","",""
"3938","EA49","93CD","328F","3F4A","1A61","BABB","",""
"3939","89BE","3285","7077","87B6","6430","FA50","",""
"3940","B85F","706E","B91B","D2EE","AD2A","4362","",""
"3941","01A6","B911","E731","1A33","F534","8D5A","",""
"3942","4DF0","E739","F4DD","5517","3F4D","D5E3","",""
"3943","93CD","F4D7","3DB5","9A90","87B6","1F34","",""
"3944","DCC0","3DBD","EFD2","E301","D2F8","6862","",""
"3945","328F","EFD2","19D6","2C44","1A2B","B253","",""
"3946","7076","19CA","6A6E","BAC3","5521","FB00","",""
"3948","B911","6A6D","B0A4","FA48","9A90","283C","",""
"3949","E731","B0A7","FC33","4362","E30E","573E","",""
"3950","F4DF","FC35","42C0","8D5A","E30E","98FB","",""
"3951","3DB3","42C0","8C73","D5EC","BAC6","EA61","",""
"3952","EFD2","8C6B","8C73","1F2E","FA43","8A14","",""
"3953","19CA","ECB5","ECB5","686E","FA43","B896","",""
"3954","6A66","1FDE","6862","B253","4363","01DC","",""
"3955","B0AF","686C","B4E3","FAF6","8D53","4E33","",""
"3956","FC35","B4EA","FA97","2832","D5EF","93E1","",""
"3957","42BE","FAA3","4377","5735","1F35","DCD8","",""
"3958","8C6C","4380","4377","98F4","6869","32BC","",""
"3959","ECB5","B5A0","D7FC","EA61","B25E","70C5","",""
"3960","1FD2","D7F7","217F","8A0B","FB01","B951","",""
"3961","686E","2189","217F","B8A0","283D","E770","",""
"3962","B4DC","65FA","65F2","01DF","573E","F500","",""
"3963","FAA1","B6ED","FC10","4E27","98F4","3DD5","",""
"3964","437E","FC0E","FC10","93E1","EA56","F009","",""
"3965","B599","FC0E","45C7","DCD8","8A14","19FF","",""
"3966","D7F8","9B46","9B47","32BC","B896","6AE3","",""
"3967","217E","D904","D903","70C3","01DC","B0CD","",""
"3968","65FC","D904","1A3B","B951","4E27","FC42","",""
"3969","B6F0","5B77","5B77","E767","93E1","42DD","",""
"3970","FC19","A0E1","A0EA","F4F9","DCCE","8C83","",""
"3971","45D3","A0E1","E9E6","3DCD","32BC","ECEA","",""
"3972","9B46","E9DE","650C","F015","70C3","201F","",""
"3973","D8FB","6501","9851","1A09","B951","B516","",""
"3974","1A45","985B","E219","6AE3","E770","FAB6","",""
"3975","5B80","E219","2DE3","B0C4","F4FD","4399","",""
"3976","A0EA","73BC","73BC","FC4F","3DD5","B5D0","",""
"3977","E9E8","B7EE","B7E5","42DB","F009","D83C","",""
"3978","6501","0776","0776","8C8C","1A09","21D5","",""
"3979","985B","5BC2","5BB8","ECEB","6AEA","6631","",""
"3980","E219","99A5","99AE","2023","B0C1","B723","",""
"3981","2DDB","C3CB","C3C3","68A5","FC4D","FC29","",""
"3982","73C5","1049","1052","B51D","42D3","45E8","",""
"3983","B7F1","55A7","55A7","FAC1","8C8B","9B74","",""
"3984","0776","9E9B","9E9B","438F","ECEB","D947","",""
"3985","5BC5","3164","3164","B5D5","2029","1A71","",""
"3986","99AE","4E0E","4E19","D82F","6896","5BAD","",""
"3987","C3C3","96F3","96F3","21CB","B51C","A107","",""
"3988","1051","DFB3","DFA8","6628","FABE","E9FF","",""
"3989","55A7","28E7","28F3","B718","438F","6541","",""
"3990","9E9B","7112","7115","FC35","B5D5","9892","",""
"3991","3170","CCC3","FF99","45DF","D839","E265","",""
"3992","4E16","FFA8","4E77","9B74","21D0","2E19","",""
"3993","96E9","4E6D","8E5E","D947","6628","73DB","",""
"3994","DFB4","8E5E","CB82","1A71","B718","B806","",""
"3995","28ED","CB7A","144F","5BAD","FC37","07B5","",""
"3996","7112","145A","3EC1","A109","45E0","5BF7","",""
"3997","CCC3","3EC1","D3FB","E9FF","9B74","99F1","",""
"3998","FF98","D3FB","0B4B","6541","D94C","C401","",""
"3999","4E77","0B42","53B4","9891","1A7A","1087","",""
"4000","8E69","53B4","9D0D","E26D","5BAD","55CE","",""
"4001","CB82","9D04","E636","2E11","A0FE","9EB2","",""
"4002","1459","E63D","2E6C","73DB","EA01","319B","",""
"4003","3EC1","2E68","9A45","73DB","6536","4E44","",""
"4004","D3FB","9A3C","C537","B7FC","9887","971C","",""
"4005","0B42","C52D","0DA2","5BEE","E265","DFC9","",""
"4006","53AA","5244","5244","5BEE","2E11","28FF","",""
"4007","9D04","818E","8186","99F1","73E3","7115","",""
"4008","E636","C9A4","C9A4","1087","B805","CCF1","",""
"4009","2E68","125E","125E","1087","07AC","FFCF","",""
"4010","9A3C","8D8F","8D85","55C4","5BEE","4EAA","",""
"4011","C52D","C2B2","C2A8","9EBC","99F1","8E7D","",""
"4012","0DA2","0B1A","5B0D","31A7","C3F8","CB82","",""
"4013","5244","5B0B","A42F","4E44","1087","144F","",""
"4014","818E","A428","E723","971C","55C4","3EB7","",""
"4015","C99B","E72D","454A","DFC9","9EB2","D42D","",""
"4016","125E","454A","8027","290A","31A7","0B82","",""
"4017","8D85","8027","C89E","7115","4E44","53C9","",""
"4018","C2A8","C89E","5B2A","CCFE","971C","9D26","",""
"4019","0B1A","5B20","98FB","FFDB","DFBE","E65A","",""
"4020","5B0B","98EF","ED08","4EAA","28FF","2E68","",""
"4021","A42F","ECFE","4760","8E7D","7112","9A7A","",""
"4022","E72D","475A","7050","CB84","CCF1","C56E","",""
"4023","454A","7045","BDCC","1459","FFD0","0DC0","",""
"4024","8027","BDCA","0171","3EB7","4EAA","525D","",""
"4025","C8A8","016E","5066","D42D","8E86","81B0","",""
"4026","0CB8","5060","934D","0B79","CB7A","C9A4","",""
"4027","5B2A","934E","04E9","53C9","144F","1255","",""
"4028","98FA","04E0","3030","9D1A","3EB7","8DBB","",""
"4030","ED08","3028","72EE","E65A","D42D","C2E9","",""
"4031","4760","72EE","B5A5","2E68","0B79","0B42","",""
"4032","7045","B5A5","F2E1","9A72","53D4","5B3A","",""
"4033","BDD6","F2DE","3B7D","C56E","9D26","A466","",""
"4035","017B","3B7D","B251","0DB6","E65D","E723","",""
"4036","5065","B259","E441","5266","2E60","4596","",""
"4037","933D","E441","330D","81AC","9A72","807C","",""
"4038","04EB","3310","79B1","C9A4","C565","C8DA","",""
"4039","3028","79A8","C1C9","125E","0DB6","0CC9","",""
"4040","72E2","C1C9","0B1B","8DC5","525D","5B53","",""
"4041","B5A5","0B24","3578","C2DF","81AC","98EA","",""
"4042","F2DE","3580","ADA2","0B42","C9A4","ED1F","",""
"4043","3B7D","AD94","E8BC","5B2F","1255","47AB","",""
"4044","B251","E8BC","3131","A45C","8DC5","7084","",""
"4045","E44C","3131","7A79","E723","C2E6","BE07","",""
"4046","3305","7A75","C49E","459E","0B37","0189","",""
"4047","79A8","C494","0BE9","807C","5B3A","508F","",""
"4048","C1C0","0BDB","669D","C8DA","A466","9344","",""
"4049","0B24","66A7","9424","0CC9","E723","0535","",""
"4050","3580","942E","DC8B","5B5D","4596","307C","",""
"4051","AD94","DC93","210E","98EA","807C","730C","",""
"4052","E8B4","2116","6F73","ED1E","C8DA","B5DC","",""
"4053","3131","6F7D","B736","47A7","0CD2","F2F3","",""
"4054","7A75","B73F","0141","7089","5B5D","3B91","",""
"4055","C49D","0141","769F","BE01","98F6","B287","",""
"4056","0BE6","7693","9CFE","0187","ED15","E48F","",""
"4057","66A7","9D07","E5D7","509B","47B4","3359","",""
"4058","9424","E5E1","2F12","9334","707A","79CE","",""
"4059","DC93","2F0A","7706","0536","BDFD","0B1B","",""
"4060","210E","76FC","C8BF","3074","0189","3578","",""
"4061","6F73","C8BE","5420","730E","5090","ADCA","",""
"4062","B73F","541C","A1A4","B5DD","934D","E8F2","",""
"4063","0138","A1A4","EEBB","F2FE","052D","314D","",""
"4064","769F","EEBA","2F03","3B91","3074","7A84","",""
"4065","9CFE","2EFA","7301","B292","7301","C4C8","",""
"4066","E5E0","72FF","A732","E48F","B5DC","0BE6","",""
"4067","2F0C","A728","1FB4","3359","F2F3","66D4","",""
"4068","C8B5","1FBE","5B4A","79CE","3B91","9463","",""
"4070","2945","5B48","96EF","C1CA","B287","DCA9","",""
"4071","5420","96F8","DA71","0B24","E48F","212F","",""
"4072","A1A7","DA69","1E0F","3578","3359","6F9A","",""
"4073","EEBB","1E19","6B5D","ADCA","79C6","B736","",""
"4074","2EF9","6B65","E614","3145","C1C0","0156","",""
"4075","7300","E60A","1434","7A90","0B27","76D6","",""
"4076","A728","143C","5DA5","C4D2","3580","9D34","",""
"4077","5B48","5DA5","A5E7","0BE6","ADCA","E60F","",""
"4078","96FB","A5DC","F024","66DC","E8F2","2F43","",""
"4079","DA69","F022","375A","9463","3145","7720","",""
"4080","1E0F","375A","9FB7","DCB0","7A84","C8D5","",""
"4081","6B65","9FB7","C49D","2125","C4C8","2986","",""
"4082","E60A","C49D","1455","6F9A","0BE7","544A","",""
"4083","1434","1455","60A0","B73F","66DC","EEE8","",""
"4084","5DA5","6097","A8C4","014D","9463","2F16","",""
"4085","A5DC","A8C7","D2BC","76CA","DCB0","7318","",""
"4086","F02C","D2B3","2503","9D34","2125","A746","",""
"4087","375A","2503","9D21","E60F","6F90","2001","",""
"4088","9FBA","9D1D","D0BF","2F42","B73F","5B8B","",""
"4089","C49D","D0B4","1400","7720","0157","9717","",""
"4090","1455","1400","68C8","C8D4","76D5","DAA1","",""
"4091","60A0","68C8","A685","2991","9D3F","1E35","",""
"4092","A8BC","A688","F3E7","5451","E610","6B7C","",""
"4093","D2BA","F3E7","4ACD","A1D9","2F41","E660","",""
"4094","2503","4AC0","88B9","EEE0","7719","1472","",""
"4095","9D1D","88C2","CB16","2F21","C8CC","5DE3","",""
"4096","D0B4","CB16","109F","730E","2992","A5F4","",""
"4097","1400","1096","4C65","A746","544A","F060","",""
"4098","68C8","4C65","8C46","2007","A1D9","375A","",""
"4099","A685","8C4E","DA47","5B93","EEE0","9FF9","",""
"4100","F3E7","DA3F","4F34","9717","2F17","C4D4","",""
"4101","4ACB","4F34","7775","DA97","7317","14AA","",""
"4102","88B9","776A","C0BE","1E35","A746","60D4","",""
"4103","CB16","C0C1","0DF0","6B7B","2007","A8DC","",""
"4104","109F","0DF4","533F","E657","5B8B","D2BA","",""
"4105","4C65","534A","9A65","1472","970E","2522","",""
"4106","8C4E","9A62","0FA2","5DD9","DA97","9D68","",""
"4107","DA40","0F99","32FA","A5F4","1E2E","D100","",""
"4108","4F34","32F2","7BC2","F061","6B7B","141F","",""
"4109","7776","7BC4","C6A6","375B","E660","68F7","",""
"4110","C0C0","C6AD","0D30","A005","1472","A6A4","",""
"4111","0DE4","0D31","5082","C4D4","5DD9","F3F6","",""
"4112","5341","508D","9F11","14AA","A601","4B01","",""
"4113","9A64","9F11","0750","60D4","F057","8924","",""
"4114","0FA2","0750","340E","A8D3","3751","CB35","",""
"4115","32FA","3417","7C7C","D2B3","A004","10CE","",""
"4116","7BC2","7C7F","C93D","2519","C4D4","8C4E","",""
"4117","C6AF","C931","0F6F","9D68","14AA","DA5E","",""
"4118","0D3A","0F68","5816","D100","60D5","4F95","",""
"4119","5082","5817","EA88","141F","A8DF","779F","",""
"4120","9F17","B2E0","31FE","68F6","D2B3","C0F3","",""
"4121","075B","EA7F","766F","A6A4","2522","0E04","",""
"4122","3417","31FE","B205","F3F6","9D6D","537D","",""
"4123","7C7C","7665","F9A4","4B02","D100","9A62","",""
"4124","C931","B1FC","6FCD","891A","141F","0FED","",""
"4125","0F5F","F9AC","971E","CB3E","68F6","333D","",""
"4126","5816","6FCD","E674","10CE","A6A4","7BF5","",""
"4127","B2E0","971F","2D80","4CA2","F400","C6C6","",""
"4128","EA86","E67E","7846","8C46","4B02","0D4E","",""
"4129","320D","2D75","BEFD","DA5E","8925","5082","",""
"4130","7665","783E","081D","4FA0","CB3E","9F11","",""
"4131","B205","BEFD","77A3","77A2","10C3","079C","",""
"4132","F9AC","081D","A0AC","C0F0","8C4E","344E","",""
"4133","6FCD","77A3","E10F","0E04","DA55","7C9B","",""
"4134","971F","A0A7","21DB","5370","4F9B","C966","",""
"4135","E67C","E10C","680A","9A62","77AC","0F8D","",""
"4136","2D75","21E5","B036","0FED","C0EC","582F","",""
"4137","7847","680A","3157","333D","0E0B","B329","",""
"4138","BEFB","B035","5C51","7BFF","5372","EAD6","",""
"4139","081D","3161","E6BD","C6BD","9A64","321F","",""
"4140","77A5","5C4E","37AA","0D5A","0FEF","7686","",""
"4141","A0B3","A36B","7DC5","5082","333B","B21A","",""
"4142","E104","E6BD","C705","9F12","7C00","F9AE","",""
"4143","21DB","37A8","12DC","079C","C6C7","F9AE","",""
"4144","680B","7DC5","5A0F","3445","0D4B","9756","",""
"4145","B035","C6FD","9B30","7C9B","508E","E6BF","",""
"4146","3157","12D4","DC0E","C966","9F18","E6BF","",""
"4147","5C4A","5A1A","2251","0F8D","9F18","2D9C","",""
"4148","A363","9B28","6B7D","582E","07A7","BEF3","",""
"4149","E6B5","DC16","B766","B32B","3444","BEF3","",""
"4150","37AA","2255","FDF9","EACC","7C91","081D","",""
"4151","C705","6B7D","47E1","321E","C95B","A0FE","",""
"4152","12DC","B75D","9318","767E","0F83","A0FE","",""
"4153","5A0F","FDF9","071D","B21A","5824","E12B","",""
"4154","9B28","47E1","31BE","F9AC","B321","681F","",""
"4155","2248","9318","7F58","7003","EAD4","681F","",""
"4156","6B70","0713","CB1B","9752","3229","B038","",""
"4157","B75D","31B4","1245","E6C8","7686","5C87","",""
"4158","FDF9","7F5D","A6DB","2D9C","B21A","5C87","",""
"4159","47DA","CB29","ED7B","7846","F9AE","A383","",""
"4160","9318","124F","36C5","BEFB","6FF8","E6B5","",""
"4161","0713","5B05","7B17","081D","9752","37AA","",""
"4162","31BF","A6E4","B6AD","77DB","E6C8","7DBC","",""
"4163","7F60","ED75","0019","A0FA","2D93","C705","",""
"4164","7F60","36BD","4B52","E123","783E","12DC","",""
"4165","1245","7B0D","91F7","21FE","BEFD","5A26","",""
"4166","5B05","B6AD","DB3A","6826","081D","DC16","",""
"4167","5B05","0022","2733","B035","77CF","DC16","",""
"4168","A6E4","4B52","695B","3161","A0F6","2255","",""
"4169","ED7C","9201","B7A5","5C81","E12B","6B70","",""
"4170","7B16","DB32","2EDF","A378","2200","B75D","",""
"4171","0019","DB32","6065","E6B5","682A","9322","",""
"4172","9201","6964","A6A7","37AA","B02D","0713","",""
"4173","DB32","B7AF","A6A7","7DBD","3157","7F58","",""
"4174","DB32","2EDF","3BD9","C705","5C89","CB27","",""
"4175","272A","6067","8281","12DC","A374","125B","",""
"4176","6964","A6AA","8281","5A26","E6BD","5B05","",""
"4177","B7AF","A6AA","17A3","9B30","37A8","A6DB","",""
"4178","2EE2","F00B","5E37","DC0E","7DC5","ED7B","",""
"4179","6065","8282","A000","2248","C6FD","36C5","",""
"4180","A6B4","CC4B","A000","6B70","12D4","7B17","",""
"4181","F00F","17A5","2701","B75D","5A2E","B6AD","",""
"4182","3BCF","5E36","2701","FDF9","9B30","0030","",""
"4184","8281","9FF7","0591","47F0","DC16","4B52","",""
"4185","CC48","E0CA","0591","9322","2248","9201","",""
"4186","1799","2705","4BE9","0713","6B7D","DB3A","",""
"4187","5E35","7049","9546","31BE","B75D","2733","",""
"4188","A002","B59C","1D3B","7F5F","FDF9","695B","",""
"4189","E0D0","0589","3F17","CB1B","47F9","B7BC","",""
"4190","2702","4BF2","898E","1265","9318","2EDF","",""
"4191","7049","9546","D177","5B05","0713","6065","",""
"4192","B5A7","1D39","1B88","A6DB","31B4","A6A7","",""
"4193","0589","3F24","6287","ED74","7F5D","F00E","",""
"4194","4BE9","8990","C00F","36BF","CB1A","3BD9","",""
"4195","9545","D183","F7AC","7B16","1263","8281","",""
"4196","1D3B","1B88","3FA8","B6AD","5B05","CC69","",""
"4197","3F22","6290","818C","0030","A6E4","1799","",""
"4198","8990","C00F","BFB5","4B52","ED75","5E35","",""
"4199","D183","F7AF","02EB","9201","36BD","A000","",""
"4200","1B88","3FA8","321F","DB32","7B0D","E0D0","",""
"4201","628F","818A","CB4A","272A","B6AD","2701","",""
"4202","F7AC","BFB5","0061","6964","0038","B5BB","",""
"4203","3FB1","02F5","2620","B7C5","4B52","0589","",""
"4204","8195","321D","6FA1","2EEA","91F7","4BF4","",""
"4205","BFB9","CB53","B86E","6065","DB3A","9546","",""
"4206","02EB","0058","008B","A6B4","272A","1D6F","",""
"4207","321E","2620","886F","F00F","6964","3F57","",""
"4208","CB56","6F97","B440","3BCF","B7C5","89DA","",""
"4209","0063","B86E","FCA4","827B","2EE2","D177","",""
"4210","2620","0096","4ABB","CC5E","6067","1BBE","",""
"4211","6F97","886F","8F26","17A3","A6AA","6287","",""
"4212","B865","B44B","D758","5E35","F00B","C043","",""
"4213","008B","FCAE","336B","A000","3BD8","F7E4","",""
"4214","8865","4AB3","6482","E0D0","8282","3FC6","",""
"4215","B449","8F1C","B2F7","2702","CC5F","819E","",""
"4216","FCB0","D756","FAC7","7049","17A4","BFCB","",""
"4217","4ABB","3376","42F3","B5BD","5E36","02EB","",""
"4218","8F26","6475","8C39","0589","A000","321F","",""
"4219","D74D","B2F7","B6A2","4BE9","E0CA","CB7F","",""
"4220","3376","FAC7","2D35","4BE9","2705","008F","",""
"4221","6477","42EA","68C5","1D6F","703F","263F","",""
"4222","B2EE","8C43","B146","1D6F","B5B3","6FB0","",""
"4223","FAD0","B6AD","FA77","89DA","0591","B883","",""
"4224","42EA","2D3F","43D8","D182","4BE9","008B","",""
"4225","8C39","68C5","8BE5","D182","9546","889B","",""
"4226","B6A2","B146","E7AB","1BC7","1D6F","B47E","",""
"4227","2D3D","FA80","153A","C04E","3F57","FCCD","",""
"4228","68BB","43E1","5DB3","C04E","89DA","4ACA","",""
"4229","B146","8BE5","A256","F7DC","D177","8F44","",""
"4230","FA77","E7AA","E09E","3FC6","1BBE","D75A","",""
"4231","43E1","1545","251F","81A3","6289","339F","",""
"4232","8BF0","5DB3","6897","BFCB","C04F","64A8","",""
"4233","E7AA","A24E","F6B1","02F5","F7DC","B32F","",""
"4234","153A","E09E","2637","321E","3FD0","FAF0","",""
"4235","5DB3","251F","5E2C","CB8D","81AA","42EA","",""
"4236","A24E","6897","A199","008F","BFCB","8C39","",""
"4237","E0A8","F6A6","EA77","263E","02F5","B6A2","",""
"4238","251F","2637","3292","6FB0","321D","2D6B","",""
"4239","6897","5E2C","A668","B88D","CB7F","68F2","",""
"4240","F6B1","A191","E1F5","008B","0095","B15A","",""
"4241","2640","EA77","2526","88A7","2634","FA98","",""
"4242","A199","3292","73A5","B47E","6FB9","43F6","",""
"4244","EA77","A668","BCE6","4ACA","B883","8BE5","",""
"4245","328A","E1F5","FABF","8F45","008B","E7DF","",""
"4246","A65D","2526","2B3F","D74D","88A4","1572","",""
"4247","252F","73A5","DB81","33AC","B477","5DDC","",""
"4248","73AE","BCDD","24E3","64B4","FCCE","A26F","",""
"4249","BCDD","FAC8","6D36","B32E","4AD5","E0D9","",""
"4250","FAC8","2B3F","B7A2","FAF0","8F44","2536","",""
"4251","2B48","DB76","FEB1","42F3","D74D","688F","",""
"4252","A10A","24EA","5AB3","8C44","339F","F6FD","",""
"4253","DB81","6D36","8892","B6A2","64AC","268C","",""
"4254","24EA","B7A1","D108","2D74","B325","5E4A","",""
"4255","6D36","FEA5","1A31","68FA","FAF0","A1BF","",""
"4256","B7A1","5AB3","637C","B165","42EA","EAA2","",""
"4257","5AB6","8892","AB97","FA8F","8C39","32A8","",""
"4258","8890","D108","1E72","8BE5","B6AD","A699","",""
"4259","D105","1A2E","4057","E7DF","2D74","E242","",""
"4260","1A31","6372","8E21","157C","68F2","2550","",""
"4261","637F","AB96","D5C0","5DDC","B164","73D1","",""
"4262","1E73","1E72","1DFC","A26F","FA8F","BD1B","",""
"4263","4055","4055","6732","E0D9","43F6","FAC0","",""
"4264","8E21","8E22","B063","252B","8BEE","2B56","",""
"4265","D5CC","D5C1","1413","688F","E7DF","A156","",""
"4267","1DF3","1DF4","443A","F6FF","157B","DBAD","",""
"4268","6726","6728","8D7A","268C","5DD2","2521","",""
"4269","B063","B063","D5EA","5E4A","A26F","6D57","",""
"4270","1413","141D","1F35","A1C8","E0D9","B7D4","",""
"4271","443A","443A","6753","EAAB","252B","FEA7","",""
"4272","8D7A","8D7A","C1EF","329F","6897","5AE9","",""
"4273","D5E3","1F32","FCFE","A699","F6F3","88D1","",""
"4274","1F28","6754","45DA","E242","268C","D125","",""
"4275","6760","C1F6","8378","2543","5E4A","1A49","",""
"4276","C1F8","FCF5","C67C","73DD","A1C8","6394","",""
"4277","FCFE","45D1","12FF","BD1B","EAAB","AB96","",""
"4278","45D1","837C","5C03","FACA","329F","1EA8","",""
"4279","8371","C67C","D6A3","2B5E","A6A2","40A4","",""
"4280","C672","12F5","0AD3","A156","E239","8E52","",""
"4281","12F5","5BFB","4DF6","DBAD","254D","D5EE","",""
"4283","5BFB","D6A3","9C69","2518","73D1","1DF3","",""
"4284","D6A3","0AD3","E5C7","6D5A","BD11","6732","",""
"4285","0ACB","4E01","2DE8","B7D4","FACA","B063","",""
"4286","4E01","9C69","8FFD","FEB1","2B5E","4470","",""
"4287","9C69","E5BD","BFD0","5AEB","A160","8DB5","",""
"4288","E5C7","2DE8","086E","88C6","DBAD","D605","",""
"4289","2DE8","BFDA","4BF9","D11E","2518","1F48","",""
"4290","8FFD","0864","7B95","1A55","6D57","6753","",""
"4291","BFD0","4BF9","BF4C","6396","B7CA","C222","",""
"4292","0864","7B99","995A","AB8D","B7CA","FD27","",""
"4294","4BF9","BF4D","BC06","1E9E","5AEA","45F6","",""
"4295","7B8D","12B1","099A","40A2","88C7","839F","",""
"4296","BF4C","995A","4D48","8E52","D11D","C6AF","",""
"4297","12B1","BBFD","9784","D5DD","1A4F","1314","",""
"4298","995A","09A2","DEA2","1DFC","639D","5C1A","",""
"4299","BC08","4D48","3A3C","6726","639D","D6F6","",""
"4300","BC08","9779","7413","B063","1EA8","0B1F","",""
"4301","4D48","DEAC","BD87","4477","409A","4E20","",""
"4302","9782","3A49","05E6","8DAB","409A","9C99","",""
"4303","9782","740B","3617","D605","D5E2","E5FB","",""
"4304","3A3C","BD7E","7D6B","1F48","1DFD","2DF5","",""
"4305","740B","05EE","ED40","675E","1DFD","9032","",""
"4306","740B","3617","19B4","C230","6734","C01D","",""
"4307","05E6","7D6B","6874","FD26","1453","089E","",""
"4308","3617","ED48","B008","45F6","1453","4C14","",""
"4309","7D6B","19B4","FA88","83A9","446F","7BB3","",""
"4310","19B4","687F","2785","C6AF","8DB6","BF62","",""
"4311","687C","B008","71C8","1309","D5FB","12D0","",""
"4312","B008","FA8A","0036","5C11","1F4C","99A7","",""
"4313","FA83","2791","26A7","D6F0","6754","09D6","",""
"4314","2785","71BE","6EFB","0B16","C222","4D61","",""
"4315","71BE","0033","B840","4E14","FD33","97B7","",""
"4316","0028","269D","0181","9C8F","45F5","DEAC","",""
"4317","26A8","6EFD","49A5","E5FA","839F","3A88","",""
"4318","6EF0","B848","A9E2","2DFB","C6A7","744A","",""
"4319","B84B","017D","D9F8","9032","1314","BDBB","",""
"4320","0176","499B","2323","C01D","5C1A","05FE","",""
"4322","499C","A9D6","66D7","0897","D6F0","3642","",""
"4323","A9D6","D9F4","B534","4C14","0B1F","7D62","",""
"4324","D9F3","2330","FD07","7BAB","4E1C","ED7E","",""
"4325","2328","66E1","276C","BF59","9C97","19EA","",""
"4326","66D7","B537","A11C","12C7","E5F1","68A8","",""
"4327","B53E","FD0F","DD25","99A7","2DF5","B027","",""
"4328","FD0D","2764","1D33","BC3C","902A","FA88","",""
"4329","2764","A11C","5B78","09D8","C027","2785","",""
"4330","A11E","DD25","A45A","4D61","0897","71E1","",""
"4331","DD1C","1D35","EC69","97AC","4C14","0069","",""
"4332","1D31","5B6E","6242","DEAC","7BAB","26DF","",""
"4333","5B78","A451","9081","3A88","BF62","6F18","",""
"4334","A451","EC5F","D954","7441","12D0","B857","",""
"4335","EC5F","6242","22FB","BDBB","99B1","019A","",""
"4336","6242","9074","6C38","0605","09CC","49A5","",""
"4337","9080","D949","ADF3","364C","4D62","DA28","",""
"4338","22F4","D949","FC7C","7D6B","97B9","2362","",""
"4339","6C32","2304","6EA8","ED75","DEA2","66F8","",""
"4340","ADF3","ADF3","9432","19EA","3A95","B562","",""
"4341","FC7D","ADF3","DC90","68B1","7441","FD0F","",""
"4342","6EA8","FC7D","25D6","B027","BDB3","2764","",""
"4343","9432","6E9F","B727","FA80","05FE","A150","",""
"4344","DC8E","942A","1D66","2790","364C","DD72","",""
"4345","25D5","DC85","49AA","71D5","7D62","1D47","",""
"4346","6F13","6F0A","902A","0069","ED7F","5B90","",""
"4347","B728","6F0A","D89C","26E2","19E0","A479","",""
"4348","1D5A","B727","21CD","6F19","68A8","EC66","",""
"4349","49B6","1D5B","6B1C","B861","B031","6283","",""
"4350","902A","49B7","B44E","0192","2790","90B7","",""
"4351","D89C","9036","F92B","49A5","71D5","D974","",""
"4352","21CD","D89C","46DC","AA0D","0060","2333","",""
"4353","6B1C","21CD","889E","DA2B","26DF","6C66","",""
"4354","B457","6B1C","C6DB","235B","6F1A","ADF3","",""
"4355","F92C","B44E","0FA9","66EE","B851","FC7D","",""
"4356","46D3","F923","58E0","B556","018E","6EDE","",""
"4357","8894","46DC","A22D","FD0F","49A6","9469","",""
"4358","C6DB","889C","EB5F","276C","AA0D","DCB0","",""
"4359","0FA1","C6D2","34AC","A151","DA2D","25E5","",""
"4360","58DE","0FA1","7DE1","DD69","235B","6F26","",""
"4361","A22C","58DE","F499","1D50","66EE","6F26","",""
"4362","EB57","A22B","239D","5B86","B560","1D66","",""
"4363","34A1","EB5F","6C91","A477","FD03","49E5","",""
"4364","7DE1","34AA","B5CD","EC66","2764","49E5","",""
"4365","F48E","7DE1","FF0E","6279","A150","9034","",""
"4367","239D","F499","43ED","90AE","DD6A","21D6","",""
"4368","6C88","239D","919C","D975","1D47","21D6","",""
"4369","B5CD","6C91","DACF","2329","5B90","6B13","",""
"4371","FF0E","B5D8","241C","6C6C","A479","B457","",""
"4372","43F6","FF0E","65D6","ADE8","EC5E","F923","",""
"4373","9193","43ED","A40D","FC84","6283","46DC","",""
"4374","DACF","919C","ECEA","6ED4","90B6","889E","",""
"4375","241C","DAC6","3616","945E","D975","C6DB","",""
"4376","65DE","2413","7F70","DCAE","2333","0FA9","",""
"4377","A41A","65DE","C89F","25EE","6C63","58E0","",""
"4378","ECEA","A40D","11EB","6F33","ADF3","A22D","",""
"4379","3616","ECE2","5B2B","B720","FC7D","EB5F","",""
"4380","7F65","361F","D43C","1D66","6ED4","34AC","",""
"4381","C896","7F6F","D43C","49EB","9466","7DE1","",""
"4382","11E1","C89F","4C3C","902A","DCA2","F499","",""
"4383","5B2A","11EA","90EC","D89F","25EE","239D","",""
"4384","D437","5B2A","90EC","21CD","6F32","6C91","",""
"4385","032C","D43C","27E2","6B1C","B727","FF0E","",""
"4386","4C3B","0325","7128","B457","1D5B","43ED","",""
"4387","90EC","4C3C","7128","F92C","49E9","919C","",""
"4388","DEBE","90EC","BA79","46D3","902A","DACF","",""
"4389","27E7","DEC8","456B","8894","D893","241C","",""
"4390","711F","27E1","456B","C6DB","21D6","65D6","",""
"4391","BA6A","7127","839B","0FA1","6B1C","A40D","",""
"4392","03B7","BA79","CC70","58DE","B44E","ECEA","",""
"4393","4578","03B0","15AE","A22C","F923","3616","",""
"4394","839B","4575","5EEF","EB57","46DC","7F70","",""
"4395","CC7A","8392","A836","34A1","889C","C89F","",""
"4396","15B7","CC70","F1C0","7DE1","C6D2","11EB","",""
"4397","5EEF","15B8","3B2E","F48E","0FA1","5B2B","",""
"4398","A836","5EE7","C863","239D","58DE","D43C","",""
"4399","F1CB","A837","D680","6C88","A22B","032D","",""
"4400","3B24","F1C9","6E3E","B5CD","EB5F","4C3C","",""
"4401","C85C","3B2D","B540","FF0E","34AA","90EC","",""
"4402","D677","C863","FF29","43F6","7DE1","DEBE","",""
"4403","258B","D680","91C4","9193","F499","27E2","",""
"4404","6E35","258B","DA37","DACF","239D","7128","",""
"4405","B537","6E3F","1D29","241C","6C91","BA79","",""
"4406","FF2A","B540","5B5A","65DE","B5D8","03BB","",""
"4407","47B6","FF2A","A311","A41A","FF0E","456B","",""
"4408","91C4","47B6","ED60","ECEA","43ED","839B","",""
"4409","DA40","91C4","3CE4","3616","919C","CC70","",""
"4410","1D28","DA37","7F2F","7F65","DAC6","15AE","",""
"4411","5B64","1D1F","CCB4","C896","2413","5EEF","",""
"4412","A319","5B64","0CDF","11E1","65DE","A836","",""
"4413","ED67","A311","5F8A","5B2A","A40D","F1C0","",""
"4414","3CE4","ED5F","A4C3","D437","ECE2","3B2E","",""
"4415","7F39","3CE3","F232","D437","361F","C89A","",""
"4416","CCAB","7F38","3AEB","032C","7F6F","25D7","",""
"4417","0CDF","CCAB","8453","90EC","C89F","6E75","",""
"4418","5F7E","0CDF","AEB1","90EC","11EA","B537","",""
"4419","A4C3","5F87","DDA5","DEBE","5B2A","FF50","",""
"4420","F239","A4BA","268E","27E7","D43C","47C0","",""
"4421","3AEB","F239","6F6E","711F","0325","91E2","",""
"4422","8453","3AEB","175A","BA6A","4C3C","DA40","",""
"4423","AEA8","845B","4F1E","03B7","90EC","1D47","",""
"4424","DDA7","AEA8","9AA8","4578","DEC8","5B83","",""
"4425","2698","DDA5","E33D","839B","27E1","A319","",""
"4426","6F6D","2696","2C7D","CC7A","7127","ED7E","",""
"4427","1760","6F6D","6A63","15B7","BA79","3CF2","",""
"4428","4F1E","175A","C091","5EEF","03B0","7F2F","",""
"4429","9AA6","4F27","0871","F1CB","4575","CCAB","",""
"4430","E336","9AB1","51AE","F1CB","8392","0CDF","",""
"4431","2C81","E33F","934E","3B24","CC70","5F86","",""
"4432","6A63","2C82","D164","D6B9","15B8","A4E0","",""
"4433","C091","6A63","1A54","D6B9","5EE7","F249","",""
"4434","0873","C087","639D","25E0","A837","3AEB","",""
"4436","51AA","086C","E83D","B540","F1C9","845B","",""
"4437","934E","51A2","0FE4","B540","3B2D","AEB1","",""
"4438","D164","934E","5985","FF49","C89A","DDA5","",""
"4439","1A5D","D164","A1E1","91EB","D6B7","268E","",""
"4440","6394","6394","EB6D","91EB","25E0","6F6E","",""
"4441","E834","E834","34E2","1D46","6E78","1773","",""
"4442","0FEA","0FE4","7BB0","5B82","B540","4F1E","",""
"4443","5985","5985","BFD4","A319","FF49","9ACE","",""
"4444","A1DF","A1DF","0D5C","ED86","47B6","E337","",""
"4445","EB6D","EB64","3ACE","ED86","91E2","2C7D","",""
"4446","34E2","34EA","3ACE","3CF2","DA40","6A63","",""
"4447","7BB0","7BAE","8438","CCAB","1D47","C0C8","",""
"4448","7BB0","BFDA","1634","0CE2","5B82","0871","",""
"4449","0D64","0D61","73EE","0CE2","A319","51AC","",""
"4450","3ACE","3AC5","AA9A","A4E0","ED86","934E","",""
"4452","3ACE","8438","F3A0","F254","3CF2","D16D","",""
"4453","8440","1634","3BCC","F254","7F38","639D","",""
"4454","CD01","73E1","8694","845B","CCAB","E873","",""
"4455","1634","AA92","CDA0","AEA8","0CDF","1016","",""
"4456","73E1","F3A0","1790","AEA8","5F87","59C0","",""
"4457","AA9A","3BCC","601F","DD9E","A4D7","A1EA","",""
"4458","F3A7","868C","AA29","6F77","F254","EBA2","",""
"4459","3BCC","CD9F","CF5D","6F77","3AF3","3516","",""
"4460","868C","178E","040A","4F27","8453","7BB6","",""
"4461","CD96","6016","4BBA","9AC2","AEA8","BFD4","",""
"4462","1784","CF5D","9595","9AC2","DDA5","0D5C","",""
"4463","6016","0413","473E","2C81","2696","3ACE","",""
"4464","AA26","4BB0","783E","6A66","6F6D","8438","",""
"4465","CF5F","9595","C1DF","6A66","1773","CD09","",""
"4466","0414","4746","0A3D","C0C7","4F1E","1634","",""
"4467","4BB0","783E","53C3","51A3","9ACF","7422","",""
"4468","959F","C1DC","9D6E","51A3","E335","AAD1","",""
"4469","473E","0A3D","005E","9357","2C8A","F3DE","",""
"4470","7848","53B8","2FCD","D170","6A63","3BE1","",""
"4471","C1DE","9D5D","7969","1A5D","C0BD","86C0","",""
"4472","0A45","005C","C1BD","639E","0871","CD96","",""
"4473","9D5D","2FC5","0B3F","E869","51AC","17AE","",""
"4474","005C","7970","5044","1016","934E","6016","",""
"4475","2FCD","C1B3","9BAB","59B4","D164","AA47","",""
"4476","7967","0B48","0829","A1E1","1A54","CF55","",""
"4477","C1B3","5044","2FC9","EBA2","6394","0427","",""
"4478","0B3F","9BAB","7CF8","3520","E869","4BB0","",""
"4479","504D","0829","C898","7BB6","1021","95B4","",""
"4480","9BAD","2FC0","0ECF","BFD2","59BC","477D","",""
"4481","0831","7CED","588B","0D64","A1DF","7884","",""
"4482","2FC0","C898","A2F0","3ACE","3516","C220","",""
"4483","7CF8","0ECE","E7C5","8440","7BAE","0A3D","",""
"4484","C88E","A2F8","","CD01","BFDA","9DA4","",""
"4485","0ED7","E7C5","","1634","0D61","0094","",""
"4486","587F","","","7416","3AC5","300A","",""
"4487","A2FB","","","AAC7","8438","799E","",""
"4488","","","","F3D6","CD09","C1BD","",""
"4489","","","","3BE1","1634","0B75","",""
"4490","","","","86CA","7416","507A","",""
"4491","","","","CD96","AAD1","9BAB","",""
"4492","","","","17AB","F3DE","0867","",""
"4493","","","","6016","3BE1","2FF6","",""
"4494","","","","AA3A","86C0","7D2C","",""
"4495","","","","CF55","CD96","C88E","",""
"4496","","","","0431","17AE","0F05","",""
"4497","","","","4BB0","6016","58C3","",""
"4498","","","","95B4","AA3A","A2FB","",""
"4499","","","","477D","CF5D","E7C5","",""
"4500","","","","787F","0431","","",""
"4501","","","","C21D","4BB9","","",""
"4502","","","","0A3D","95B4","","",""
"4503","","","","53EF","4773","","",""
"4504","","","","9DA6","788D","","",""
"4505","","","","0092","C216","","",""
"4506","","","","3017","0A3D","","",""
"4507","","","","79A5","53F6","","",""
"4508","","","","C1BD","9DA9","","",""
"4509","","","","0B7C","0094","","",""
"4510","","","","507A","3015","","",""
"4511","","","","9BA3","3015","","",""
"4512","","","","086B","C1BD","","",""
"4513","","","","2FF6","0B7F","","",""
"4514","","","","7D2D","0B7F","","",""
"4515","","","","C899","9BAF","","",""
"4516","","","","0F0B","086B","","",""
"4517","","","","58C0","086B","","",""
"4518","","","","A2F0","7D20","","",""
"4519","","","","E7BC","7D20","","",""
"4520","","","","","C88F","","",""
"4521","","","","","0F05","","",""
"4522","","","","","A2F2","","",""
"4523","","","","","A2F2","","",""