"#","Intro Time ms (GBA)","https://github.com/10BenAgain/Seed-Farm-Bot Intro Time ms (NDS)","MONO/LR","MONO/L=A","MONO/HELP","STEREO/LR","STEREO/L=A","STEREO/HELP","Instead of pressing the A button on the title screen, press Start instead MONO/LR, Start","MONO/L=A, Start","MONO/HELP, Start","STEREO/LR, Start","STEREO/L=A, Start","STEREO/HELP, Start","Instead of pressing the A button on the title screen, press L instead MONO/L=A, L","STEREO/L=A, L"
"1","33752","34748","11C2","11AC","11BA","11C2","11AC","11AE","11AD","11A4","11B2","11AD","11AD","11A5","11A7","11A7"
"2","33768","34764","3FCB","3FB7","3FC3","3FE9","3FD6","3FE1","3FC4","3FAF","3FBD","3FE2","3FCE","3FCF","3FBF","3FDD"
"3","33784","34780","9644","963B","9633","9653","964A","964B","963C","962A","962B","9653","9642","9643","9638","9651"
"4","33808","34804","D560","D550","D55A","D572","D572","D574","D558","D553","D549","D56A","D561","D562","D54D","D566"
"5","33824","34820","1EA0","1E8D","1E98","1EBE","1EB5","1EB6","1E8E","1E8F","1E90","1EAD","1EAD","1EAE","1E94","1EA9"
"6","33840","34836","9243","9232","9233","923B","9232","9233","9233","9235","9233","9233","922A","9233","922F","9237"
"7","33856","34852","CF14","CF04","CF05","CF2C","CF1B","CF1C","CF0C","CF05","CEFD","CF24","CF1E","CF14","CF01","CF20"
"8","33872","34868","171E","1714","170C","171E","1714","1717","1715","170C","170D","170C","170C","170E","1711","1712"
"9","33888","34884","5FD2","5FC9","5FC9","5FD1","5FC9","5FC0","5FC9","5FB7","5FC1","5FC9","5FB7","5FC2","5FC5","5FC5"
"10","33904","34900","A911","A90A","A909","A911","A908","A90B","A900","A8F7","A8F8","A900","A8F7","A8F8","A905","A905"
"11","33920","34916","EE6A","EE56","EE64","EE87","EE7F","EE7F","EE59","EE50","EE4F","EE7F","EE6E","EE6F","EE61","EE75"
"12","33936","34932","3B9B","3B92","3B93","3B9C","3B88","3B93","3B94","3B8B","3B8B","3B93","3B8A","3B8C","3B85","3B85"
"13","33952","34948","84D4","84C0","84C1","84D4","84C0","84C1","84CE","84C3","84C4","84CD","84C4","84B9","84BD","84BD"
"14","33976","34972","CE16","CE0C","CE04","CE16","CE0C","CE04","CE04","CE04","CDFC","CE04","CE04","CDFC","CE00","CE00"
"15","33992","34988","13AA","13A1","1399","13AA","13A1","1399","13A2","139A","139A","13A2","1399","139A","139E","139E"
"16","34008","35004","5C39","5C30","5C28","5C56","5C4D","5C45","5C31","5C28","5C20","5C4E","5C45","5C3D","5C24","5C41"
"17","34024","35020","A2D8","A2D9","A2DA","A2E2","A2D8","A2D0","A2D9","A2D0","A2D2","A2D0","A2D0","A2C8","A2D6","A2D6"
"18","34040","35036","5205","51FC","51FD","5235","522C","522D","51FD","51EF","51F0","5233","522B","522C","51E0","5229"
"19","34056","35052","7D3D","7D31","7D2B","7D72","7D6E","7D61","7D28","7D2E","7D1F","7D69","7D5D","7D5B","7D27","7D62"
"20","34072","35068","C64A","C63A","C645","C679","C673","C679","C642","C63A","C630","C67B","C66F","C66F","C636","C672"
"21","34088","35084","0F27","0F25","0F26","0F30","0F25","0F26","0F28","0F1F","0F18","0F28","0F1F","0F1E","0F1B","0F23"
"22","34104","35100","5A74","5A6C","5A77","5AE2","5AD7","5ADE","5A77","5A64","5A61","5AE4","5AD7","5ADA","5A70","5ADB"
"23","34120","35116","9FB6","9FAD","9FB7","9FBF","9FAD","9FAE","9FAE","9FAE","9FA6","9FB7","9FA5","9FB0","9FAA","9FAA"
"24","34136","35132","0416","0408","0409","0448","043F","0443","0409","0405","0406","0443","043A","0438","0405","043C"
"25","34160","35156","3009","3000","300B","303F","3042","3040","300B","2FF8","2FF9","3040","3037","3038","3007","303C"
"26","34176","35172","7DCE","7DBF","7DC3","7DF9","7DEF","7DEF","7DBA","7DAF","7DB0","7DF9","7DEF","7DEF","7DB6","7DF1"
"27","34192","35188","C780","C77B","C77F","C7BA","C7B0","C7A9","C77A","C773","C769","C7B2","C7A7","C7AA","C776","C7AE"
"28","34208","35204","1004","0FF9","0FF3","1005","0FF9","0FF3","0FFC","0FF1","0FEB","0FF3","0FF1","0FEB","0FEE","0FF6"
"29","34224","35220","5962","595A","5965","5998","599B","599B","5964","595C","595B","599A","5984","5988","5960","5997"
"30","34240","35236","A2A0","A296","A297","A2D6","A2C8","A2D6","A2A0","A296","A28F","A2CD","A2C2","A2C5","A292","A2D2"
"31","34256","35252","08FE","08F3","08F4","0929","0929","092A","08F6","08EB","08EC","092A","0921","0919","08E7","091D"
"32","34272","35268","390E","38FC","38FE","393D","393C","393B","38FD","38FD","3900","3934","3934","392C","38FB","393A"
"33","34288","35284","D6B1","D6A8","D6A9","D6A9","D6A0","D6A1","D6A1","D6A0","D6A1","D6A1","D698","D6A1","D6A5","D69D"
"34","34304","35300","20BE","20B5","20B6","20F3","20F6","20EB","20BF","20B8","20AE","20F4","20EB","20EC","20B2","20E7"
"35","34328","35324","69D8","69D9","69DC","6A18","6A0F","6A05","69D0","69D1","69C8","6A05","6A07","69FD","69CC","6A01"
"36","34344","35340","AF99","AF98","AF91","AFA1","AF90","AF99","AF9C","AF90","AF94","AF91","AF90","AF89","AF8D","AF8D"
"37","34360","35356","ED55","ED47","ED4D","ED4C","ED3F","ED44","ED3E","ED39","ED44","ED3E","ED39","ED44","ED43","ED3C"
"38","34376","35372","3693","3681","3687","3693","3681","367C","3682","367B","3672","367B","367B","3672","3680","3680"
"39","34392","35388","73F6","73EA","73ED","73F6","73EA","73ED","73EE","73E2","73DA","73EE","73E2","73DA","73E7","73E7"
"40","34408","35404","73F6","73EA","73ED","73F6","73EA","73ED","73EE","73E2","73DA","73EE","73E2","73DA","73E7","73E7"
"41","34424","35420","B682","B670","B671","B679","B670","B671","B671","B668","B672","B671","B668","B672","B66D","B66D"
"42","34440","35436","FF4D","FF3B","FF45","FF4D","FF3B","FF45","FF45","FF3D","FF3D","FF45","FF3D","FF3D","FF41","FF41"
"43","34456","35452","4888","487F","488B","4888","487F","488B","488A","4877","4883","488A","4877","4883","487C","487C"
"44","34472","35468","C875","C877","C86D","C8AA","C8AD","C8A2","C878","C864","C870","C8AE","C899","C8A6","C874","C8AA"
"45","34488","35484","F485","F47C","F47D","F4B2","F4B2","F4AA","F47E","F46A","F475","F4AA","F4A1","F4AB","F471","F4AF"
"46","34512","35508","3D9C","3D8A","3D8B","3DD0","3DC0","3DC8","3D94","3D82","3D83","3DC8","3DB8","3DC0","3D87","3DC4"
"47","34528","35524","865A","8651","865B","865A","8651","8652","8652","8652","864A","865B","8649","864A","8657","8657"
"48","34544","35540","CFF4","CFF7","CFEC","D032","D02D","D022","CFF4","CFE3","CFE4","D022","D019","D024","CFE8","D028"
"49","34560","35556","1984","197B","197C","19C7","19B2","19BB","1984","1973","197C","19B3","19B2","19B3","1978","19B7"
"50","34576","35572","7775","7775","7776","7781","776C","7777","776D","776D","7765","7776","776D","776E","7772","7772"
"51","34592","35588","AAA9","AAAB","AAA1","AAB4","AAAB","AAA1","AAA1","AA98","AA99","AAAC","AAA4","AA99","AA9D","AAA8"
"52","34608","35604","27F3","27F4","27F5","2800","27F4","27EB","27EB","27EF","27ED","27EB","27EC","27ED","27F1","27F1"
"53","34624","35620","70E7","70DE","70DF","70E7","70DE","70DF","70EA","70E2","70D7","70EA","70E2","70D7","70DB","70DB"
"54","34640","35636","B574","B56A","B56C","B574","B56A","B56C","B563","B55A","B563","B563","B55A","B563","B55F","B55F"
"55","34656","35652","02DC","02D3","02D4","02DC","02D3","02DD","02D4","02D4","02CC","02D4","02D4","02CC","02D9","02D9"
"56","34680","35676","804B","804C","804D","8080","8082","8083","8043","803A","8045","8083","806F","807B","803F","8074"
"57","34696","35692","A37B","A372","A369","A3B1","A39E","A3B0","A376","A360","A36B","A3A9","A396","A3A8","A365","A39B"
"58","34712","35708","EC8F","EC8F","EC93","ECC7","ECC6","ECBE","EC89","EC87","EC88","ECC7","ECBE","ECB7","EC8E","ECC3"
"59","34728","35724","EC8F","EC8F","EC93","ECC7","ECC6","ECBE","EC89","EC87","EC88","ECC7","ECBE","ECB7","EC8E","ECC3"
"60","34744","35740","362D","3638","3634","3672","366B","3669","361C","3613","3630","3669","3663","365A","3635","365F"
"61","34760","35756","7EDA","7EC8","7EC9","7EF9","7EF0","7EF0","7EC9","7EC9","7ECA","7EE5","7EDC","7EE8","7ECE","7EED"
"62","34776","35772","C797","C78F","C786","C7B0","C79D","C79E","C786","C787","C787","C7A9","C795","C796","C782","C7A5"
"63","34792","35788","10D7","10C5","10CF","10EC","10E3","10ED","10CF","10BD","10BE","10EF","10E3","10E4","10C2","10E8"
"64","34808","35804","5AA6","5A9B","5A94","5ABE","5AAB","5AAC","5A94","5A8B","5A96","5AB3","5AA3","5AA4","5A98","5AAF"
"65","34824","35820","A355","A34C","A358","A373","A373","A374","A356","A34D","A345","A36B","A36B","A36C","A349","A367"
"66","34848","35844","E47F","E462","E477","E47F","E47F","E477","E480","E46E","E46F","E477","E477","E46F","E47C","E47C"
"67","34864","35860","23FB","23F2","23F3","241A","241A","241B","23F3","23F4","23F5","241B","2412","240A","23F9","2417"
"68","34880","35876","6B8B","6B79","6B7A","6B8B","6B79","6B84","6B84","6B7A","6B72","6B83","6B71","6B7B","6B7F","6B76"
"69","34896","35892","B4BB","B4BA","B4BD","B4C7","B4B2","B4B3","B4BF","B4AA","B4AB","B4B3","B4AA","B4AB","B4AF","B4AF"
"70","34912","35908","F97F","F976","F96D","F975","F96C","F96D","F977","F96E","F965","F96D","F96E","F96F","F973","F973"
"71","34928","35924","9C1C","9C1C","9C1D","9C1C","9C1C","9C1F","9C1D","9C14","9C15","9C1D","9C0B","9C15","9C19","9C19"
"72","34944","35940","E618","E60F","E60E","E62F","E626","E626","E605","E5FC","E5FD","E61E","E615","E616","E60A","E623"
"73","34960","35956","2EAC","2EAC","2EA4","2EAC","2EA3","2EA4","2EAD","2E9B","2EA5","2EA4","2EA5","2EA5","2EA9","2EA0"
"74","34976","35972","7805","77FB","77F4","7805","77F3","77F4","77FF","77EB","77EC","77FC","77EB","77EC","77F0","77F0"
"75","34992","35988","B5F0","B5E7","B5F0","B60E","B60E","B60F","B5E8","B5DF","B5E8","B606","B5FD","B607","B5EC","B60B"
"76","35008","36004","FEA8","FE9F","FEA3","FEA8","FE9F","FE97","FEA0","FE97","FE98","FE97","FE97","FE98","FE88","FE9C"
"77","35032","36028","2A54","2A57","2A54","2A5C","2A57","2A54","2A56","2A4D","2A4C","2A56","2A4D","2A44","2A52","2A48"
"78","35048","36044","2A54","2A57","2A54","2A5C","2A57","2A54","2A56","2A4D","2A4C","2A56","2A4D","2A44","2A52","2A48"
"79","35064","36060","577C","577C","578E","577C","577C","578E","577D","5774","5786","577D","5774","5786","5770","5770"
"80","35080","36076","A138","A136","A137","A159","A14F","A14F","A12F","A12E","A131","A148","A146","A147","A135","A14B"
"81","35096","36092","E9E5","E9DC","E9E6","E9FD","E9F4","EA0E","E9DD","E9DD","E9D5","E9F5","E9F4","E9ED","E9E2","E9FB"
"82","35112","36108","9A3C","9A33","9A34","9A53","9A4A","9A4B","9A34","9A38","9A2C","9A4B","9A4E","9A43","9A29","9A53"
"83","35128","36124","CB34","CB36","CB2B","CB3E","CB2C","CB2B","CB35","CB24","CB24","CB2E","CB2C","CB2F","CB2F","CB2A"
"84","35144","36140","17DA","17DA","17D2","17DA","17DA","17D2","17DB","17C4","17D4","17DB","17D1","17C9","17D8","17D8"
"85","35160","36156","5449","5449","544C","5471","5468","546A","5441","5438","5439","545F","5456","5461","543D","545B"
"86","35176","36172","AD9B","AD92","AD93","AD8E","AD85","AD86","AD92","AD89","AD8B","AD92","AD8A","AD8B","AD85","AD85"
"87","35192","36188","F37F","F380","F377","F37F","F378","F382","F37F","F378","F377","F37F","F378","F377","F37F","F37E"
"88","35216","36212","3CE3","3CE5","3CDB","3CE3","3CDA","3CDB","3CDB","3CD1","3CD3","3CDB","3CD1","3CD3","3CD8","3CE1"
"89","35232","36228","8A75","8A6C","8A64","8A8C","8A83","8A84","8A64","8A5B","8A5C","8A84","8A7B","8A7C","8A69","8A80"
"90","35248","36244","1B32","1B28","1B29","1B28","1B2A","1B29","1B2B","1B20","1B22","1B1F","1B21","1B17","1B24","1B28"
"91","35264","36260","5AFC","5AEB","5AEC","5AF4","5AEB","5AEC","5AEC","5AE3","5AE4","5AF5","5AEB","5AE4","5AE8","5AE8"
"92","35280","36276","A199","A192","A187","A18F","A192","A187","A191","A188","A17F","A193","A188","A17F","A18D","A18D"
"93","35296","36292","EB13","EB0A","EB0A","EB13","EB0A","EB0A","EB01","EAF8","EB03","EB01","EAF8","EB03","EB07","EB07"
"94","35312","36308","55AE","55A5","55A6","55A2","55A5","55A6","559A","559D","559E","559A","559D","559E","55A2","55A2"
"95","35328","36324","91F2","91E9","91F3","9209","9200","920A","91EA","91E1","91EB","9201","91F8","9202","91E6","91FD"
"96","35344","36340","DB44","DB33","DB3C","DB64","DB5B","DB52","DB3C","DB33","DB34","DB52","DB49","DB4A","DB39","DB56"
"97","35360","36356","DB44","DB33","DB3C","DB64","DB5B","DB52","DB3C","DB33","DB34","DB52","DB49","DB4A","DB39","DB56"
"98","35376","36372","26EB","26E7","26DC","26E4","26DB","26E3","26E3","26DA","26E0","26E6","26D3","26D4","26E2","26E4"
"99","35400","36396","6CFE","6CEB","6CEC","6CFE","6CEB","6CEC","6CF6","6CE3","6CF1","6CF6","6CE3","6CF1","6CF2","6CF5"
"100","35416","36412","A8A2","A8A6","A89C","A8A2","A89C","A89C","A89B","A89E","A89F","A89B","A894","A89F","A897","A897"
"101","35432","36428","FF7D","FF7C","FF7C","FF7D","FF74","FF7C","FF75","FF6C","FF6D","FF75","FF6C","FF6D","FF78","FF78"
"102","35448","36444","4CF9","4CF9","4CF1","4D10","4D11","4D08","4CFB","4CF2","4CF5","4D13","4D0A","4D0D","4CED","4D04"
"103","35464","36460","9297","928E","929A","92C1","92BA","92AF","929A","9293","9287","92AF","92AF","92B3","928B","92B5"
"104","35480","36476","BF36","BF24","BF2E","BF2D","BF2D","BF25","BF25","BF1C","BF1D","BF2E","BF25","BF1D","BF21","BF21"
"105","35496","36492","0BFB","0BF2","0BEB","0BF3","0BF2","0BF7","0BF3","0BE2","0BEB","0BF3","0BE2","0BEB","0BEF","0BE7"
"106","35512","36508","518D","518D","518E","518D","518D","518E","5185","5185","5186","5185","5185","5186","5181","518C"
"107","35528","36524","9AFE","9AFE","9AF6","9AFE","9AFE","9AF6","9AF6","9AF7","9AF7","9B00","9AF7","9AF7","9AF2","9AF2"
"108","35552","36548","1A73","1A6A","1A74","1AA9","1AA0","1AAB","1A6B","1A6D","1A6E","1AA1","1AA4","1AA5","1A67","1A9D"
"109","35568","36564","9AF5","9AED","9AE5","9B22","9B23","9B24","9AF1","9AE8","9AE6","9B27","9B1B","9B1C","9AED","9B20"
"110","35584","36580","E464","E451","E45C","E491","E48F","E493","E452","E449","E454","E493","E480","E488","E45B","E48C"
"111","35600","36596","2DD2","2DC9","2DD3","2E11","2E08","2E09","2DD3","2DC1","2DCE","2E09","2DF6","2E01","2DCF","2E08"
"112","35616","36612","7602","75EF","75FA","7621","760E","760F","75FB","75F1","75F2","7618","7610","7610","75EC","7614"
"113","35632","36628","9595","958A","958E","95AC","95A3","95A4","9583","9582","957B","959B","959B","9593","9587","9597"
"114","35648","36644","D9B4","D9AB","D9B6","D9DA","D9C8","D9D2","D9B6","D9A3","D9AC","D9C9","D9C9","D9CB","D9B0","D9CF"
"115","35664","36660","272B","2722","271B","272B","271A","2726","2723","2712","2713","2723","2712","271B","271F","2717"
"116","35680","36676","272B","2722","271B","272B","271A","2726","2723","2712","2713","2723","2712","271B","271F","2717"
"117","35704","36700","5707","570B","56FF","5724","571B","571C","56FF","56F6","56F7","571C","5713","5714","56FB","5718"
"118","35720","36716","81CE","81C8","81D0","81D7","81CD","81D0","81C8","81C8","81C5","81CE","81CA","81C5","81CC","81C3"
"119","35736","36732","CADE","CACF","CACC","CADE","CACA","CACC","CAD1","CAC4","CACC","CAD1","CAC4","CACC","CAC8","CAC8"
"120","35752","36748","14C8","14BF","14C0","14E4","14DC","14D1","14C0","14AB","14AE","14DD","14CB","14CA","14BC","14D8"
"121","35768","36764","BB08","BB09","BB0A","BB13","BAFF","BB0A","BB0A","BAF7","BB03","BB0A","BAF7","BAF8","BB06","BB07"
"122","35784","36780","F612","F614","F616","F617","F607","F616","F60A","F608","F602","F60A","F609","F602","F5F0","F604"
"123","35800","36796","3F3B","3F30","3F30","3F3B","3F30","3F30","3F32","3F1E","3F2A","3F33","3F1E","3F2A","3F2E","3F2E"
"124","35816","36812","8916","88FA","8910","8930","8926","8928","8906","8908","88FD","891F","8922","8917","890D","8923"
"125","35832","36828","D1B1","D1A8","D19D","D1B1","D1A7","D1A3","D1A6","D19D","D19E","D19F","D19D","D197","D1A1","D19B"
"126","35848","36844","1AF9","1AEE","1AEE","1AF9","1AEE","1AEE","1AE3","1AE6","1AE1","1AF1","1AE6","1AE3","1AEA","1ADE"
"127","35864","36860","752A","7521","7522","7540","7541","7542","7522","7519","751A","7544","7539","753A","750E","753E"
"128","35888","36884","02FB","02EF","02F0","02F8","02EF","02E9","02F3","02E7","02EB","02F0","02E7","02E8","02EC","02EC"
"129","35904","36900","482C","4819","4822","4843","4831","483B","4822","481D","481C","483A","4834","4833","4816","482E"
"130","35920","36916","958A","9579","957A","9582","9581","9582","957A","957B","957A","9582","9571","9572","9580","9576"
"131","35936","36932","DEB5","DEAB","DEA4","DEB5","DEAB","DEA4","DEAD","DE9B","DEA4","DEAD","DE9B","DEA4","DEA0","DEA8"
"132","35952","36948","1C32","1C31","1C2A","1C49","1C4C","1C41","1C28","1C2C","1C2A","1C43","1C45","1C41","1C30","1C3D"
"133","35968","36964","7A99","7A99","7A99","7A99","7A99","7A99","7A99","7A90","7A89","7A91","7A88","7A89","7A8D","7A95"
"134","35984","36980","B1B9","B1A7","B1B1","B1B1","B1A7","B1A9","B1B1","B1A7","B1A9","B1A9","B1AB","B1A9","B1A5","B1A5"
"135","36000","36996","B1B9","B1A7","B1B1","B1B1","B1A7","B1A9","B1B1","B1A7","B1A9","B1A9","B1AB","B1A9","B1A5","B1A5"
"136","36016","37012","FB64","FB5A","FB51","FB79","FB78","FB79","FB5A","FB52","FB55","FB71","FB6D","FB71","FB58","FB76"
"137","36032","37028","4421","440F","4410","4418","4418","4410","4411","4411","4414","4419","4407","4411","440D","4416"
"138","36056","37052","8D4E","8D4F","8D46","8D4E","8D4E","8D46","8D4E","8D47","8D3F","8D4E","8D47","8D3F","8D4B","8D4B"
"139","36072","37068","D692","D689","D681","D692","D680","D681","D681","D679","D681","D681","D679","D681","D67D","D67D"
"140","36088","37084","2071","2068","2060","208B","207F","2078","2060","2057","2061","2077","206C","207A","205D","2074"
"141","36104","37100","69A9","69A0","69A1","69C6","69B5","69BD","69A5","698F","698F","69C0","69AC","69AE","6994","69B9"
"142","36120","37116","B297","B28B","B28E","B28B","B28B","B28E","B28E","B285","B27D","B285","B285","B288","B289","B289"
"143","36136","37132","F40A","F3F7","F400","F400","F3F7","F400","F3F8","F3EF","F3F8","F3F8","F3EF","F3F8","F3F4","F3F4"
"144","36152","37148","3242","3239","323A","324C","3239","3242","323A","3231","323C","3242","3231","323C","3236","3236"
"145","36168","37164","71DA","71D1","71DC","71DA","71D1","71DC","71D2","71D3","71D4","71D2","71D3","71D4","71DB","71DB"
"146","36184","37180","C4D7","C4D6","C4CF","C4EF","C4F0","C4E7","C4CF","C4D0","C4C7","C4E7","C4DE","C4DF","C4D7","C4EB"
"147","36200","37196","7DA9","7DAC","7DA1","7DA9","7DAA","7DAB","7DAD","7D98","7D99","7DAD","7D98","7DA3","7D9D","7DA7"
"148","36216","37212","C6D4","C6C9","C6C2","C6D4","C6C1","C6C2","C6CD","C6B9","C6C2","C6C2","C6C1","C6BA","C6C6","C6BE"
"149","36240","37236","0FF6","0FE2","0FE4","0FE2","0FE2","0FE4","0FE4","0FDB","0FE4","0FE4","0FDB","0FE4","0FE8","0FE8"
"150","36256","37252","5940","592D","5937","5940","592D","5937","592E","5925","5930","592E","5925","5930","5933","5933"
"151","36272","37268","9762","9756","974D","9762","9756","974D","9757","974E","974F","9757","974E","974F","9753","9753"
"152","36288","37284","ED34","ED2B","ED2C","ED4C","ED43","ED44","ED33","ED2A","ED24","ED4B","ED42","ED3C","ED32","ED4A"
"153","36304","37300","2BBB","2BAB","2BAC","2BD9","2BC9","2BCA","2BAC","2BAD","2BAB","2BD1","2BC1","2BC2","2B9E","2BC6"
"154","36320","37316","2BBB","2BAB","2BAC","2BD9","2BC9","2BCA","2BAC","2BAD","2BAB","2BD1","2BC1","2BC2","2B9E","2BC6"
"155","36336","37332","744A","7436","7442","743F","7436","7437","7437","742E","742F","7437","7439","743A","7433","7433"
"156","36352","37348","9D02","9CFC","9CFA","9D02","9CFC","9CE6","9CF1","9CE8","9CE9","9CF1","9CE8","9CE9","9CF6","9CF9"
"157","36368","37364","E6CA","E6C1","E6B9","E6CA","E6C1","E6B9","E6C0","E6B0","E6B1","E6C0","E6B0","E6B1","E6BC","E6BC"
"158","36384","37380","2F44","2F31","2F3D","2F44","2F31","2F32","2F3A","2F31","2F32","2F3A","2F29","2F32","2F22","2F36"
"159","36408","37404","ABA6","AB93","AB9E","ABDC","ABCA","ABD4","AB9E","AB8B","AB8C","ABD4","ABC2","ABC3","AB9A","ABD0"
"160","36424","37420","C91E","C915","C91F","C954","C954","C94C","C916","C916","C917","C955","C94C","C94D","C91B","C948"
"161","36440","37436","16BC","16B3","16B4","16FA","16F1","16F2","16B4","16AB","16AC","16F2","16E0","16EC","16B7","16EE"
"162","36456","37452","6071","6071","6069","60B1","609E","609F","6069","6069","606A","609F","609D","6097","606E","609B"
"163","36472","37468","A8D7","A8CE","A8DA","A8FF","A8F6","A8FA","A8D9","A8C6","A8C7","A8F8","A8E5","A8EF","A8CB","A8F6"
"164","36488","37484","F1D0","F1D0","F1C8","F1F3","F1E0","F1E1","F1C8","F1BF","F1C9","F1E8","F1D7","F1D9","F1CD","F1DD"
"165","36504","37500","3B1A","3B10","3B08","3B37","3B25","3B2F","3B08","3B08","3B0A","3B26","3B29","3B2A","3B04","3B22"
"166","36520","37516","D9E7","D9D4","D9D7","DA04","D9FD","D9F6","D9D7","D9D4","D9CF","D9FF","D9EA","D9ED","D9D2","D9FA"
"167","36536","37532","1AD2","1AC9","1AD3","1ADB","1AD2","1ACA","1AD3","1ACA","1AC2","1ACA","1AC1","1ACB","1AD2","1AC6"
"168","36552","37548","598C","5981","5986","59AA","59A0","59A1","597A","5971","597A","59A1","598F","5999","597E","599D"
"169","36576","37572","A176","A16F","A166","A178","A171","A16E","A166","A15D","A166","A16E","A165","A166","A16C","A16A"
"170","36592","37588","DEF4","DEED","DEEC","DEF6","DEE3","DEE4","DEEC","DEE3","DEE6","DEEC","DEE3","DEE4","DEE8","DEDE"
"171","36608","37604","29AA","2995","2996","29BC","29BC","29B4","2996","2997","2998","29B4","29B4","29B5","2992","29B9"
"172","36624","37620","7162","715A","715A","7162","7159","7151","715D","7148","7149","715B","7151","7152","7156","7156"
"173","36640","37636","7162","715A","715A","7162","7159","7151","715D","7148","7149","715B","7151","7152","7156","7156"
"174","36656","37652","BAA1","BAA2","BAA2","BAAA","BA98","BA99","BAA5","BA90","BA9A","BAA2","BA9A","BA9A","BA95","BA95"
"175","36672","37668","0002","FFF9","0003","001B","001A","001C","FFFA","FFFA","FFFB","001B","0013","0013","0003","0017"
"176","36688","37684","4D34","4D23","4D2C","4D34","4D23","4D30","4D24","4D23","4D1C","4D2C","4D23","4D1C","4D28","4D29"
"177","36704","37700","966C","9662","965A","966C","9659","965A","965A","9651","965B","965A","9651","965B","965F","965F"
"178","36720","37716","E026","E01B","E015","E043","E031","E032","E01E","E00C","E00D","E032","E029","E02A","E01A","E037"
"179","36744","37740","28E1","28E2","28E2","28E1","28E2","28D9","28D9","28D0","28D1","28D9","28D9","28DA","28DE","28DF"
"180","36760","37756","7231","7230","7232","7231","7228","7231","7229","7228","7229","7229","7228","7229","722D","7225"
"181","36776","37772","9F97","9F8D","9F8E","9F97","9F8D","9F84","9F84","9F85","9F7C","9F84","9F85","9F7C","9F8A","9F8A"
"182","36792","37788","CEFD","CEFD","CEF5","CF20","CF15","CF0D","CEFF","CEEC","CEF6","CF0D","CF04","CF0E","CEE6","CF12"
"183","36808","37804","17FC","17F2","17F3","1813","180A","1802","17EA","17ED","17E2","1802","1805","17FA","17EF","1807"
"184","36824","37820","6045","6032","6033","6045","603C","6033","6033","6034","6035","6033","6034","6035","6039","6039"
"185","36840","37836","4E66","4E53","4E5D","4E5C","4E5C","4E54","4E5E","4E4B","4E56","4E5D","4E57","4E4C","4E5C","4E59"
"186","36856","37852","9AD0","9AD2","9AC8","9AEE","9AE5","9AE6","9AC8","9ABF","9AC0","9AE6","9AE7","9AE8","9ACF","9AE2"
"187","36872","37868","E554","E54B","E544","E54C","E543","E544","E550","E53B","E53C","E544","E53B","E53C","E540","E54B"
"188","36888","37884","2B0D","2B03","2AF8","2B00","2B03","2AF8","2AF8","2AEF","2AFC","2B04","2AEF","2AFC","2B01","2B01"
"189","36904","37900","5E1B","5E12","5E13","5E11","5E12","5E13","5E09","5E0A","5E0B","5E09","5E0A","5E0B","5E0F","5E0F"
"190","36928","37924","B571","B575","B574","B591","B587","B58D","B569","B569","B569","B57E","B580","B582","B56F","B583"
"191","36944","37940","025C","025D","0254","0275","027B","026D","0254","0254","024C","026D","0273","0274","0259","0277"
"192","36960","37956","025C","025D","0254","0275","027B","026D","0254","0254","024C","026D","0273","0274","0259","0277"
"193","36976","37972","478E","478D","478C","4794","478D","4785","478F","477D","4786","4786","477D","477D","478A","4780"
"194","36992","37988","8926","8913","8914","891C","8913","891E","8914","890B","8916","8914","890B","8916","8910","8910"
"195","37008","38004","CA95","CA8C","CA95","CA95","CA8C","CA95","CA95","CA84","CA85","CA95","CA84","CA85","CA89","CA89"
"196","37024","38020","1016","100D","100E","1016","100D","100E","100E","1007","1008","100E","1007","1008","1001","1001"
"197","37040","38036","598C","5979","5982","598C","5979","5982","5982","5971","5972","5982","5971","5972","597E","597E"
"198","37056","38052","CA59","CA50","CA4A","CA59","CA50","CA4A","CA51","CA48","CA49","CA51","CA48","CA49","CA46","CA46"
"199","37072","38068","0619","0610","0619","0650","0647","064D","0611","0612","0611","0648","0648","0645","060D","0644"
"200","37088","38084","4A60","4A61","4A60","4A68","4A63","4A58","4A59","4A50","4A5C","4A63","4A5A","4A5B","4A53","4A5E"
"201","37104","38100","A28A","A281","A278","A2B4","A2AF","A2AC","A278","A26F","A27B","A2AC","A2A7","A2A4","A27E","A2AC"
"202","37128","38124","DFD8","DFCF","DFDD","E04F","E03B","E03C","DFDD","DFC7","DFD5","E047","E033","E03F","DFD9","E038"
"203","37144","38140","2582","257B","257A","258E","2586","257A","2587","257B","257F","257C","2574","2580","2581","2581"
"204","37160","38156","BCFB","BCF2","BCEB","BD29","BD2A","BD21","BCEB","BCEA","BCEC","BD21","BD18","BD19","BCF3","BD27"
"205","37176","38172","0E24","0E1B","0E13","0E4D","0E44","0E50","0E1C","0E0A","0E14","0E45","0E3C","0E48","0E0F","0E41"
"206","37192","38188","3B6F","3B66","3B5D","3B65","3B66","3B5D","3B67","3B5E","3B55","3B5D","3B5E","3B5F","3B59","3B63"
"207","37208","38204","8F0C","8F02","8EF9","8F41","8F47","8F3F","8F03","8EF0","8EF1","8F39","8F38","8F39","8EFF","8F44"
"208","37224","38220","C3E3","C3E5","C3DB","C422","C410","C411","C3E4","C3D2","C3D3","C411","C411","C412","C3E0","C40D"
"209","37240","38236","0E29","0E20","0E17","0E54","0E54","0E4C","0E20","0E19","0E1A","0E4C","0E4C","0E4D","0E1C","0E48"
"210","37264","38260","68AC","68A3","6898","68D6","68DB","68CE","68A4","688F","6890","68CE","68C5","68D1","6894","68D8"
"211","37280","38276","68AC","68A3","6898","68D6","68DB","68CE","68A4","688F","6890","68CE","68C5","68D1","6894","68D8"
"212","37296","38292","9B6D","9B6D","9B65","9BA3","9B9A","9B9B","9B65","9B65","9B5D","9BA3","9B9A","9B9D","9B6A","9BA1"
"213","37312","38308","E4BB","E4A8","E4B2","E4F0","E4E8","E4EA","E4B2","E4A0","E4A1","E4DE","E4DF","E4D7","E4A5","E4E4"
"214","37328","38324","2E63","2E5A","2E52","2E90","2E87","2E88","2E5C","2E52","2E53","2E88","2E7F","2E80","2E5A","2E8C"
"215","37344","38340","76FD","76F2","76E9","76FC","7710","7711","76F5","76E0","76EB","7708","7708","7700","76EF","7704"
"216","37360","38356","BFCF","BFCF","BFC7","BFF1","BFE7","BFE9","BFD0","BFC7","BFC8","BFDF","BFDF","BFE0","BFCC","BFE5"
"217","37376","38372","0A78","0A6D","0A63","0AAD","0AA6","0A9B","0A6E","0A65","0A66","0AA4","0A9B","0A93","0A6A","0AA0"
"218","37392","38388","524D","524D","524E","526B","5262","526B","524E","5245","5246","526B","525A","5263","524A","525F"
"219","37408","38404","9ADC","9AD3","9AD7","9AD2","9AC9","9AD4","9AD4","9ACB","9ACF","9ACA","9AC1","9AC2","9AC6","9AD0"
"220","37424","38420","C4F4","C4ED","C4EE","C51C","C50B","C514","C4F6","C4E5","C4EE","C514","C50B","C50C","C4E8","C506"
"221","37448","38444","BC8F","BC87","BC7E","BC8F","BC86","BC87","BC7E","BC7F","BC76","BC7E","BC75","BC76","BC83","BC7A"
"222","37464","38460","05F7","05F7","05EF","05F7","05FA","05FB","05F8","05E6","05F0","05EF","05E6","05E7","05F4","05F4"
"223","37480","38476","4201","41F8","41F9","4201","41F6","41F7","41F9","41F0","41EF","41F7","41F0","41F1","41F5","41F5"
"224","37496","38492","77DC","77CA","77CB","77DC","77CA","77D4","77D4","77C2","77C3","77CB","77C2","77C3","77C7","77C7"
"225","37512","38508","C0D8","C0D9","C0DC","C0D8","C0D9","C0DC","C0DB","C0C7","C0C8","C0DB","C0C7","C0C8","C0D6","C0D6"
"226","37528","38524","0AD2","0AC0","0AC1","0AEA","0AD7","0AD8","0AC1","0AB6","0AC0","0AD8","0AD7","0AD0","0ABB","0AD4"
"227","37544","38540","51C3","51AF","51BB","51ED","51ED","51EE","51B8","51A7","51A8","51E5","51E5","51DD","51AC","51E1"
"228","37560","38556","91AF","919C","91A5","91E2","91D9","91DC","91A6","919D","9194","91DA","91D4","91CB","9198","91D6"
"229","37576","38572","F5A8","F59F","F5A8","F5DE","F5D5","F5D6","F5A0","F59F","F5A0","F5DD","F5CD","F5D5","F5A4","F5D2"
"230","37592","38588","F5A8","F59F","F5A8","F5DE","F5D5","F5D6","F5A0","F59F","F5A0","F5DD","F5CD","F5D5","F5A4","F5D2"
"231","37616","38612","24E4","24D4","24DE","2514","250E","2515","24DF","24CE","24CC","2516","2509","250F","24DA","250C"
"232","37632","38628","6E25","6E1E","6E2C","6E69","6E5E","6E5B","6E21","6E16","6E19","6E62","6E51","6E56","6E1B","6E4E"
"233","37648","38644","B620","B613","B614","B63B","B629","B62A","B60C","B60B","B604","B633","B62B","B62C","B610","B62F"
"234","37664","38660","FF9E","FF94","FFA6","FFAD","FFBE","FFBE","FF96","FF82","FF83","FFAD","FFB7","FFAE","FF91","FFBA"
"235","37680","38676","43F3","43E2","43EE","4409","4400","440B","43E3","43E2","43E3","4401","4402","43F9","43DF","4409"
"236","37696","38692","90EF","90EF","90E7","90F9","90E6","90F0","90F0","90E7","90E8","90F2","90DE","90E8","90E3","90E3"
"237","37712","38708","F48C","F48C","F491","F4A9","F4A9","F4AE","F48E","F484","F486","F4AA","F4A1","F4A2","F480","F4A6"
"238","37728","38724","216B","2160","2162","2169","2160","2161","2157","214E","214F","2161","214E","2159","2153","2153"
"239","37744","38740","6A65","6A5C","6A67","6A6E","6A5C","6A67","6A66","6A5D","6A55","6A5D","6A5E","6A5F","6A63","6A62"
"240","37760","38756","B4D2","B4C9","B4CA","B4F0","B4E7","B4E8","B4D3","B4CA","B4CB","B4F1","B4E8","B4E0","B4CF","B4EE"
"241","37784","38780","FCD6","FCCD","FCD8","FCD6","FCD5","FCCD","FCCE","FCC5","FCC6","FCCE","FCC5","FCC6","FCD4","FCD2"
"242","37800","38796","9BAD","9BAC","9BA5","9BB4","9BAC","9BA5","9BA5","9BA4","9B9D","9BA5","9BA4","9B9D","9BA8","9BA9"
"243","37816","38812","E58E","E577","E584","E5A2","E590","E59A","E586","E56F","E57A","E59D","E588","E592","E574","E58D"
"244","37832","38828","3696","3696","3697","36D9","36C6","36C7","369A","368E","3686","36D1","36BE","36C9","3693","36CD"
"245","37848","38844","5574","556B","5560","55A8","559E","5596","5560","5560","5561","5596","5596","5597","5568","559B"
"246","37864","38860","89A7","8995","89A1","8A14","8A0B","8A0C","899F","898D","8997","8A0C","8A03","89FB","8992","8A08"
"247","37880","38876","CFB6","CFAE","CFA6","CFCB","CFCD","CFCC","CFAE","CFA5","CF9C","CFC3","CFC3","CFBB","CFA2","CFCA"
"248","37896","38892","622F","6226","6223","6243","6245","623B","6223","621E","621F","6240","6232","623E","6223","6242"
"249","37912","38908","622F","6226","6223","6243","6245","623B","6223","621E","621F","6240","6232","623E","6223","6242"
"250","37928","38924","8D18","8D0F","8D07","8D36","8D23","8D2E","8D07","8CFE","8D08","8D24","8D25","8D1C","8D0C","8D2A"
"251","37944","38940","DB2D","DB24","DB27","DB3D","DB3D","DB35","DB1C","DB1C","DB14","DB3C","DB2C","DB34","DB18","DB38"
"252","37968","38964","23E6","23D4","23DE","2403","23F2","23FB","23D5","23D6","23D6","23FB","23EA","23EB","23D1","23F7"
"253","37984","38980","6CA3","6C9A","6CA4","6CA3","6CA3","6CA4","6C9B","6C92","6C9C","6CA4","6C9B","6C9C","6C97","6CA0"
"254","38000","38996","B6CE","B6C5","B6B9","B6EB","B6D7","B6D8","B6C3","B6BA","B6BB","B6E1","B6CF","B6DA","B6BF","B6D4"
"255","38016","39012","FED6","FED6","FED9","FEDF","FECD","FECE","FECE","FEC5","FED1","FECE","FEC5","FECF","FED3","FECA"
"256","38032","39028","637C","6373","6380","6386","637D","637E","6374","6377","6376","6380","6377","636C","6370","637C"
"257","38048","39044","92CF","92D0","92D1","92EE","92E5","92EE","92C7","92C8","92C9","92F0","92E5","92E6","92C3","92E2"
"258","38064","39060","DABF","DABF","DAC1","DABF","DABF","DAC0","DAB7","DAAE","DAB8","DAB7","DAAE","DAAF","DAB3","DAB3"
"259","38080","39076","240D","2404","240F","240D","2404","240F","240F","2406","2408","240F","23FC","23FD","240C","240C"
"260","38096","39092","6D34","6D2B","6D2D","6D34","6D2B","6D2D","6D2C","6D23","6D24","6D2C","6D23","6D1B","6D1F","6D1F"
"261","38112","39108","36F8","36EF","36E6","375A","3751","375C","36E6","36DD","36E8","3752","3748","374A","36E2","374E"
"262","38128","39124","5AE9","5AD7","5AE1","5B1E","5B0D","5B0E","5AE1","5ADB","5AD0","5B0E","5B05","5B0E","5ADD","5B0A"
"263","38152","39148","A425","A41C","A41D","A465","A452","A45E","A426","A41D","A415","A453","A454","A455","A419","A45C"
"264","38168","39164","E80F","E7FE","E807","E825","E81C","E81D","E807","E7F6","E7F7","E826","E814","E815","E7FB","E822"
"265","38184","39180","2986","297D","2988","29A9","299E","299C","297E","2981","2976","2994","2998","2995","2978","298E"
"266","38200","39196","72B1","72AF","72B2","72D5","72CD","72D0","72B2","72A0","72AA","72D0","72C7","72C9","72AD","72C2"
"267","38216","39212","BC67","BC69","BC6A","BC80","BC81","BC82","BC60","BC5A","BC5B","BC7B","BC75","BC78","BC66","BC7E"
"268","38232","39228","BC67","BC69","BC6A","BC80","BC81","BC82","BC60","BC5A","BC5B","BC7B","BC75","BC78","BC66","BC7E"
"269","38248","39244","0547","053F","054B","0567","055E","055C","0541","0534","0537","055C","0556","0560","053D","0565"
"270","38264","39260","4DD1","4DC8","4DBB","4DD2","4DBF","4DC9","4DCB","4DC0","4DB6","4DCB","4DC0","4DBD","4DBA","4DBA"
"271","38280","39276","90A4","909B","90A6","90CB","90C4","90C3","90A6","909D","909E","90C5","90BA","90B3","9098","90B7"
"272","38296","39292","CDBF","CDB6","CDB7","CDB7","CDB8","CDAF","CDAF","CDA6","CDA7","CDAF","CDA6","CDA7","CDB3","CDAB"
"273","38320","39316","1699","1686","1694","168F","1693","1687","1691","1688","167F","1694","167E","1689","168D","168D"
"274","38336","39332","60D5","60CC","60D6","60F2","60E9","60F4","60CD","60CD","60D0","60F4","60EB","60E2","60D3","60F0"
"275","38352","39348","A91C","A90A","A914","A913","A913","A914","A917","A902","A90F","A90B","A90B","A90F","A910","A907"
"276","38368","39364","F25A","F247","F254","F25A","F253","F254","F248","F23F","F24A","F252","F249","F24A","F24E","F244"
"277","38384","39380","3C65","3C5C","3C5D","3C7E","3C6B","3C74","3C53","3C54","3C55","3C6C","3C6B","3C6C","3C5C","3C68"
"278","38400","39396","84C4","84C6","84C4","84C4","84C4","84C4","84BC","84BE","84BF","84C7","84B3","84BC","84C3","84C3"
"279","38416","39412","CDFB","CDF2","CDFE","CDFB","CDFF","CDFD","CDFD","CDF4","CDF6","CDF3","CDF4","CDEB","CDFC","CDFC"
"280","38432","39428","6C3D","6C3E","6C35","6C3D","6C3D","6C35","6C3E","6C35","6C37","6C35","6C2C","6C2D","6C31","6C3B"
"281","38448","39444","B581","B578","B582","B581","B578","B582","B579","B570","B571","B581","B570","B571","B575","B575"
"282","38464","39460","FED3","FED3","FECB","FED3","FED3","FED4","FECB","FECB","FECC","FECB","FECB","FECC","FED0","FED0"
"283","38480","39476","281D","281D","281E","2834","2836","2836","2815","2818","2816","282C","2830","2831","2811","2828"
"284","38504","39500","4B5F","4B52","4B54","4B74","4B6B","4B6A","4B59","4B46","4B41","4B71","4B5D","4B5D","4B4A","4B61"
"285","38520","39516","93C6","93BE","93B8","93C6","93BE","93B8","93BF","93AC","93AF","93BF","93AC","93AF","93B3","93B3"
"286","38536","39532","DD2E","DD1A","DD26","DD45","DD3D","DD3B","DD1E","DD10","DD1C","DD32","DD36","DD33","DD17","DD2F"
"287","38552","39548","DD2E","DD1A","DD26","DD45","DD3D","DD3B","DD1E","DD10","DD1C","DD32","DD36","DD33","DD17","DD2F"
"288","38568","39564","889C","8893","8894","889C","8888","8894","8889","8880","8881","8889","888D","888E","8890","8890"
"289","38584","39580","BF28","BF30","BF2C","BF28","BF22","BF2C","BF21","BF23","BF1C","BF21","BF23","BF1C","BF2A","BF2A"
"290","38600","39596","0AB3","0AB3","0AAB","0ADA","0AD1","0ACA","0AA5","0AA5","0AAE","0ACC","0AC1","0AC4","0AB1","0ACE"
"291","38616","39612","5344","5333","533D","5344","5333","5332","533B","5328","5334","5334","5336","532C","532C","532C"
"292","38632","39628","9CE0","9CD3","9CD8","9CE0","9CD3","9CDE","9CE1","9CD4","9CD8","9CD8","9CD4","9CD8","9CDB","9CDB"
"293","38648","39644","E688","E671","E672","E69C","E686","E68A","E672","E669","E674","E68C","E688","E68C","E66F","E684"
"294","38664","39660","2F3F","2F1C","2F30","2F3F","2F30","2F30","2F39","2F27","2F32","2F31","2F35","2F29","2F22","2F2C"
"295","38688","39684","6D01","6D04","6CF9","6D01","6CF8","6CF9","6CF9","6CFA","6CF1","6D03","6CF0","6CF1","6CF5","6CFF"
"296","38704","39700","C1A7","C19C","C19F","C1A7","C1A5","C19F","C19D","C19C","C19F","C19D","C19C","C19F","C1A3","C19A"
"297","38720","39716","0369","035F","0357","0366","035D","035E","035E","0355","0358","035E","0355","0358","035A","035A"
"298","38736","39732","416A","416E","416F","416A","416E","416F","416C","4159","415A","416C","4159","415A","4168","4168"
"299","38752","39748","DE50","DE47","DE55","DE64","DE5B","DE69","DE48","DE3F","DE40","DE5C","DE53","DE54","DE4F","DE63"
"300","38768","39764","56A2","5692","569A","56D2","56D0","56CA","569A","5698","5692","56D0","56C1","56C8","568F","56CC"
"301","38784","39780","84C3","84B0","84BB","84FA","84E6","84F0","84B1","84A8","84B3","84F0","84DE","84DF","84AD","84EE"
"302","38800","39796","CDD1","CDD3","CDD4","CE08","CE0C","CE0A","CDC9","CDCB","CDCD","CE0A","CE01","CDF8","CDC5","CDFC"
"303","38816","39812","0A52","0A54","0A4C","0A53","0A4C","0A4C","0A4E","0A4B","0A4B","0A4E","0A43","0A46","0A52","0A52"
"304","38832","39828","53E2","53CD","53CE","5416","5401","5405","53D8","53C5","53C6","540E","53FA","53FD","53CB","540C"
"305","38856","39852","9D63","9D5A","9D61","9D9A","9D98","9D9B","9D64","9D5B","9D5C","9D91","9D8E","9D92","9D58","9D8D"
"306","38864","39860","9D63","9D5A","9D61","9D9A","9D98","9D9B","9D64","9D5B","9D5C","9D91","9D8E","9D92","9D58","9D8D"
"307","38880","39876","E435","E43C","E433","E435","E43E","E433","E43E","E42F","E435","E43E","E429","E42A","E42B","E43A"
"308","38896","39892","2CB1","2C9E","2CA8","2CA5","2CA8","2CA8","2CA9","2C96","2CA4","2CA9","2C96","2CA1","2C9C","2C9C"
"309","38920","39916","75E2","75CF","75D9","75D9","75CF","75D9","75D0","75D5","75C9","75D0","75D0","75C9","75CD","75CD"
"310","38936","39932","A0A4","A0A5","A09C","A0A4","A0A5","A09C","A0A8","A09D","A094","A0A8","A09D","A09D","A0A4","A0A1"
"311","38952","39948","EE89","EE80","EE81","EE89","EE80","EE81","EE8B","EE80","EE79","EE81","EE80","EE79","EE7D","EE7D"
"312","38968","39964","3755","374C","374D","3755","374C","374D","374D","3744","3746","374D","3744","3746","3749","3749"
"313","38984","39980","8084","8073","807E","8084","8073","807E","8074","8075","806C","8074","8075","806C","8078","8078"
"314","39000","39996","01C6","01B0","01B1","01FE","01E7","01E8","01BE","01B5","01A9","01F6","01ED","01E0","01B5","01E4"
"315","39016","40012","380E","380E","380F","384D","3846","383B","380F","3807","37FE","3845","383C","383F","380C","3837"
"316","39032","40028","812F","812F","8131","816E","8165","815C","8127","8128","811F","8166","815D","8154","8123","8162"
"317","39048","40044","CAE7","CADE","CAD6","CB15","CB14","CB15","CAE1","CACD","CAD9","CB0D","CB0C","CB05","CAD2","CB11"
"318","39064","40060","6892","6893","6894","68AA","68AA","68AD","688A","688A","6882","68A2","6899","689A","688F","68A7"
"319","39080","40076","B1FA","B1F0","B1E9","B20F","B20E","B210","B1F1","B1E0","B1E9","B207","B1FE","B207","B1ED","B20C"
"320","39096","40092","DC30","DC28","DC28","DC48","DC3F","DC40","DC28","DC16","DC17","DC37","DC2E","DC38","DC1B","DC33"
"321","39112","40108","25E3","25DA","25D3","261A","2611","2612","25DB","25CA","25D3","2609","2609","260A","25D7","2605"
"322","39128","40124","45A1","4598","4599","45A1","4598","4599","45A1","4598","4599","4599","4598","4591","45A0","4595"
"323","39144","40140","7447","743C","7441","7463","745F","745F","7441","7438","743B","745E","7455","744C","743B","745B"
"324","39160","40156","B8CB","B8CB","B8C3","B8F1","B8E1","B8E1","B8C3","B8BA","B8C5","B8E9","B8E2","B8E1","B8C8","B8DD"
"325","39176","40172","B8CB","B8CB","B8C3","B8F1","B8E1","B8E1","B8C3","B8BA","B8C5","B8E9","B8E2","B8E1","B8C8","B8DD"
"326","39192","40188","058B","0584","0578","0583","057B","0578","0583","057B","0574","0583","056E","0578","057E","0571"
"327","39208","40204","BEBE","BEB7","BEB6","BEF3","BEEA","BEE2","BEB8","BEA1","BEAE","BEE2","BEE2","BEE3","BEA6","BEE7"
"328","39224","40220","E89D","E895","E88D","E8D6","E8CC","E8C5","E898","E88D","E893","E8CE","E8BA","E8BD","E88A","E8C5"
"329","39240","40236","31A5","31A7","31AC","31DC","31DC","31D4","31AA","31A2","319C","31D5","31D5","31CD","319B","31D1"
"330","39264","40260","7A83","7A85","7A7B","7A83","7A7A","7A82","7A85","7A7C","7A73","7A7B","7A7E","7A73","7A78","7A78"
"331","39280","40276","C3F3","C3EB","C3EC","C42B","C42B","C429","C3F3","C3E3","C3E5","C42C","C418","C41F","C3E9","C41F"
"332","39296","40292","0D98","0D88","0D90","0DCF","0DC4","0DBF","0D90","0D80","0D82","0DC7","0DBF","0DC2","0D8C","0DBA"
"333","39312","40308","75FF","7601","7602","7633","762A","7638","7602","75EE","75FA","7638","7622","7630","75F3","7627"
"334","39328","40324","A01A","A014","A008","A050","A03F","A03F","A013","A000","A00D","A04C","A03F","A035","A004","A03A"
"335","39344","40340","E92B","E92B","E921","E963","E959","E963","E922","E91A","E91A","E966","E951","E95D","E929","E961"
"336","39360","40356","3207","31F4","31F6","3207","3204","3200","31F6","31EE","31ED","31F6","31EE","31FA","31FC","31FC"
"337","39376","40372","CD52","CD49","CD4A","CD52","CD50","CD51","CD51","CD41","CD42","CD51","CD48","CD49","CD46","CD4D"
"338","39392","40388","3486","3476","347E","34BC","34AB","34B5","3482","3475","346F","34B8","34A3","34AC","3473","34A8"
"339","39408","40404","5CBB","5CB2","5CBB","5CFB","5CE9","5CF4","5CB3","5CAA","5CB6","5CF3","5CE1","5CEB","5CAF","5CF0"
"340","39424","40420","AA9B","AA85","AA90","AACD","AAC4","AABC","AA86","AA7D","AA88","AAC5","AAB3","AAB4","AA82","AAC1"
"341","39440","40436","E9E2","E9DA","E9DA","EA11","EA10","EA09","E9DB","E9D4","E9C8","EA11","EA08","EA0B","E9CD","EA0D"
"342","39456","40452","33DE","33D5","33D6","33DE","33D5","33D6","33D7","33CD","33D9","33E1","33D7","33D9","33D0","33DE"
"343","39480","40476","7BB6","7BB4","7BB2","7BE8","7BEE","7BE5","7BB5","7BA1","7BAB","7BEB","7BDB","7BE6","7BB2","7BEB"
"344","39496","40492","7BB6","7BB4","7BB2","7BE8","7BEE","7BE5","7BB5","7BA1","7BAB","7BEB","7BDB","7BE6","7BB2","7BEB"
"345","39512","40508","C500","C4F3","C4FC","C53C","C531","C533","C4FA","C4F3","C4EA","C528","C522","C52A","C4FA","C525"
"346","39528","40524","107C","106A","1076","10B4","10AB","109C","1072","1060","1064","10A6","10A5","1095","1069","10A1"
"347","39544","40540","5579","5570","5566","5570","5566","5566","5565","5568","5568","5571","555E","556C","556C","556C"
"348","39560","40556","9637","9636","962F","963F","962E","9637","962F","9626","9627","962F","962E","962F","9634","9633"
"349","39584","40580","B7FF","B7DA","B7EF","B7FF","B7EE","B7EF","B7F8","B7E6","B7E7","B7EF","B7E6","B7E7","B7EB","B7EB"
"350","39600","40596","FF40","FF37","FF38","FF36","FF37","FF38","FF36","FF25","FF2E","FF36","FF25","FF2E","FF2A","FF2A"
"351","39616","40612","4822","4810","4811","4822","4810","481A","481A","4811","4812","481A","4811","4812","4816","4816"
"352","39632","40628","ECDC","ECD3","ECDC","ED51","ED3F","ED49","ECDC","ECD3","ECCC","ED49","ED40","ED38","ECD0","ED45"
"353","39648","40644","1B1A","1B1A","1B1B","1B51","1B48","1B51","1B1B","1B12","1B13","1B53","1B40","1B41","1B17","1B45"
"354","39664","40660","64A2","6490","6491","64D0","64C7","64C8","649A","6491","6489","64D1","64BF","64C9","6496","64CD"
"355","39680","40676","A65A","A651","A652","A682","A677","A66F","A65C","A651","A64A","A66F","A666","A670","A656","A66B"
"356","39704","40700","4B90","4B92","4B92","4BD0","4BC7","4BC8","4B88","4B7F","4B89","4BCA","4BBF","4BC0","4B8F","4BC4"
"357","39720","40716","94CE","94C6","94C7","9505","94EF","94F0","94C7","94BD","94BF","94FD","94E7","94F6","94C2","94EC"
"358","39736","40732","DF1E","DF0B","DF0C","DF4A","DF4A","DF4B","DF15","DF03","DF0D","DF42","DF42","DF43","DF08","DF47"
"359","39752","40748","255A","2551","255B","2577","256E","256F","2552","2552","2555","257A","2566","2571","2557","256B"
"360","39768","40764","427E","426B","4276","4274","426B","426C","4278","4263","426E","426C","426D","426E","4272","4272"
"361","39784","40780","6D7E","6D75","6D75","6D7D","6D74","6D6B","6D75","6D62","6D70","6D75","6D6C","6D70","6D71","6D71"
"362","39808","40804","B4C4","B4C8","B4BC","B4D1","B4C4","B4C5","B4C7","B4B3","B4B4","B4BC","B4BC","B4B4","B4C1","B4C1"
"363","39824","40820","B4C4","B4C8","B4BC","B4D1","B4C4","B4C5","B4C7","B4B3","B4B4","B4BC","B4BC","B4B4","B4C1","B4C1"
"364","39840","40836","FDB1","FD9F","FDA0","FDB1","FD9F","FDA0","FDA9","FDA3","FDA1","FDA9","FDA3","FDA1","FD9C","FD9C"
"365","39856","40852","9781","9778","9772","97B7","97AE","97A8","9772","9771","976A","97A8","97A7","97A0","977A","97AB"
"366","39872","40868","BE9B","BE9B","BE93","BED2","BEC9","BED1","BE93","BE8A","BE8B","BECA","BEC8","BEC2","BE98","BEC6"
"367","39888","40884","09D4","09D3","09CD","0A41","0A40","0A39","09D4","09CB","09C5","0A39","0A39","0A3A","09C9","0A35"
"368","39904","40900","509E","509E","509F","50BB","50B2","50B3","5096","5096","5098","50BD","50B4","50B5","509B","50AF"
"369","39920","40916","9997","9982","998C","99A3","999A","999B","9983","997A","9984","999B","9992","999A","9988","9997"
"370","39936","40932","DE3F","DE2D","DE2E","DE54","DE4B","DE4C","DE2E","DE2E","DE2E","DE56","DE4F","DE44","DE2A","DE48"
"371","39960","40956","2C86","2C75","2C7E","2C95","2C8C","2C8D","2C7F","2C6D","2C76","2C96","2C8D","2C85","2C7A","2C92"
"372","39976","40972","7546","7530","7531","7557","755B","7559","753B","7528","7533","755C","7550","7551","752D","7555"
"373","39992","40988","BDDF","BDD6","BDDE","BDE6","BDD6","BDE2","BDE1","BDD5","BDD6","BDE1","BDD9","BDCF","BDD3","BDD3"
"374","40008","41004","CA03","C9FC","C9F3","CA21","CA1A","CA0F","C9F3","C9EA","C9EB","CA0F","CA10","CA07","C9EF","CA16"
"375","40024","41020","5A38","5A24","5A2F","5A2D","5A2F","5A2D","5A2D","5A1C","5A1D","5A25","5A26","5A1D","5A21","5A2B"
"376","40040","41036","A387","A37C","A375","A387","A37C","A37D","A375","A374","A36D","A37F","A374","A375","A37B","A371"
"377","40056","41052","10A3","10A3","109B","10AD","10A3","109B","10A5","1092","109B","109B","109B","109C","1097","1097"
"378","40080","41076","5669","5660","5661","5674","5669","5661","566A","5658","5659","566A","5658","5659","565D","5666"
"379","40096","41092","9456","944E","944E","9456","9444","944E","944E","9445","9446","944E","9445","9446","944A","9441"
"380","40112","41108","DE32","DE31","DE32","DE49","DE4A","DE4A","DE2A","DE29","DE2A","DE41","DE42","DE42","DE2E","DE46"
"381","40128","41124","272A","2721","2722","2720","2721","2722","2718","2719","271A","2722","2719","2710","271E","2714"
"382","40144","41140","272A","2721","2722","2720","2722","2722","2718","2719","271A","2722","2719","2710","271E","2714"
"383","40160","41156","70A6","70A7","70A7","70CE","70C5","70C5","70A7","709E","7096","70C5","70BC","70B3","70A3","70C2"
"384","40176","41172","B962","B950","B951","B962","B959","B95A","B951","B951","B949","B95A","B951","B953","B956","B956"
"385","40192","41188","FE4C","FE46","FE44","FE4C","FE39","FE44","FE44","FE3B","FE3C","FE44","FE3B","FE3F","FE36","FE36"
"386","40208","41204","4BE2","4BDB","4BD1","4BE2","4BDB","4BD1","4BDA","4BC8","4BD2","4BDA","4BC8","4BD4","4BD8","4BD8"
"387","40232","41228","5ACC","5ACF","5AD0","5AE4","5AE7","5AE8","5ACD","5ABB","5ABC","5AE5","5AD3","5AE0","5AC9","5AE1"
"388","40248","41244","85D3","85D2","85D3","85EB","85EA","85EB","85CB","85CA","85CB","85E3","85E2","85E3","85C7","85DF"
"389","40264","41260","CDD5","CDCC","CDD6","CDD5","CDCC","CDD6","CDD7","CDCD","CDC5","CDD7","CDCD","CDC5","CDD2","CDD2"
"390","40280","41276","173E","1735","1739","1756","174D","1751","172D","1724","172E","1745","173C","173D","1729","1741"
"391","40296","41292","BA0A","BA01","B9F9","BA0A","BA01","BA03","BA03","B9F0","B9FA","BA02","B9F0","B9F1","B9F5","B9F5"
"392","40312","41308","F2FB","F2FC","F2F3","F2FB","F2F2","F2FD","F2FD","F2EA","F2F5","F2FD","F2EA","F2F8","F2F9","F2F9"
"393","40328","41324","3ECC","3EB7","3EB8","3EEA","3ED5","3ED6","3EB8","3EAF","3EB0","3ED6","3ECD","3ECE","3EC0","3EDE"
"394","40344","41340","D9D1","D9C8","D9D1","D9D1","D9CF","D9C9","D9C9","D9C7","D9C1","D9D3","D9C0","D9C1","D9C5","D9CC"
"395","40360","41356","24C0","24AE","24AF","24C0","24B7","24B8","24AF","24A6","24B0","24B8","24AF","24B0","24B4","24B4"
"396","40376","41372","6ED0","6ED0","6EC8","6EF0","6EE7","6EE0","6ED1","6EC8","6EC0","6EE0","6EDF","6ED8","6EC4","6EDC"
"397","40392","41388","B72A","B72A","B722","B736","B721","B72E","B72B","B722","B724","B72B","B719","B71A","B72A","B71E"
"398","40416","41412","F5C4","F5B2","F5BE","F5C4","F5B2","F5BE","F5BC","F5AA","F5AB","F5BC","F5AA","F5AB","F5AF","F5AF"
"399","40432","41428","30B2","309F","30AA","30B2","309F","30AA","30AA","3097","3098","30AA","3097","30A2","30A6","309C"
"400","40448","41444","75A4","759B","75A6","75A4","759B","75A6","759C","759D","759D","759C","759D","759D","7598","7598"
"401","40464","41460","75A4","759B","75A6","75A4","759B","75A6","759C","759D","759D","759C","759D","759D","7598","7598"
"402","40480","41476","BE77","BE6E","BE6F","BE77","BE6E","BE6F","BE79","BE66","BE67","BE79","BE66","BE67","BE6B","BE6B"
"403","40496","41492","0846","0834","083E","085F","084B","0856","0835","082C","0836","084C","0843","084E","083A","0853"
"404","40512","41508","9A71","9A74","9A75","9AA8","9AAC","9AA0","9A75","9A60","9A75","9AAD","9AA4","9AA5","9A71","9AA9"
"405","40528","41524","D540","D537","D538","D558","D54F","D550","D538","D52F","D538","D55A","D547","D550","D534","D54C"
"406","40544","41540","1E8B","1E80","1E78","1EA2","1E98","1E91","1E78","1E78","1E79","1E99","1E88","1E89","1E7F","1E8D"
"407","40560","41556","681F","6820","6821","6840","6837","6838","6821","680E","6819","682F","682F","6830","681D","6834"
"408","40584","41580","B049","B036","B042","B03F","B040","B037","B041","B02E","B02F","B042","B038","B02F","B033","B03E"
"409","40600","41596","FA3D","FA34","FA3D","FA5E","FA4C","FA56","FA34","FA2C","FA2D","FA4D","FA44","FA45","FA31","FA49"
"410","40616","41612","42CD","42C4","42BB","42CD","42BA","42C5","42C5","42BC","42B3","42C5","42BF","42BD","42C1","42B7"
"411","40632","41628","8DC9","8DB7","8DB8","8DF5","8DEC","8DED","8DB8","8DAF","8DB9","8DF7","8DE4","8DEF","8DB4","8DE9"
"412","40648","41644","D5F3","D5E2","D5EC","D5F4","D5E2","D5E3","D5E3","D5E2","D5E4","D5EC","D5DA","D5DB","D5E8","D5DF"
"413","40664","41660","5C21","5C18","5C19","5C21","5C18","5C19","5C19","5C10","5C11","5C19","5C19","5C1D","5C15","5C1E"
"414","40680","41676","9E49","9E36","9E41","9E49","9E36","9E41","9E41","9E2E","9E38","9E41","9E2E","9E38","9E3F","9E3F"
"415","40696","41692","EDD2","EDC2","EDCC","EDD2","EDC2","EDCC","EDCC","EDBA","EDC4","EDC3","EDBA","EDC4","EDC8","EDC8"
"416","40712","41708","8A24","8A1D","8A1D","8A5A","8A52","8A53","8A1C","8A13","8A08","8A47","8A49","8A3F","8A0C","8A43"
"417","40728","41724","B589","B576","B581","B5BF","B5B6","B5B7","B581","B56E","B56F","B5AC","B5A3","B5AF","B57F","B5A8"
"418","40744","41740","FEB2","FEB4","FEB4","FEE7","FEE7","FEE8","FEB2","FEAC","FEAD","FEDF","FEDF","FEE0","FEAE","FEDB"
"419","40768","41764","4868","486B","4867","489E","48A0","489E","4867","485E","4858","489E","488D","488E","4868","489A"
"420","40784","41780","4868","486B","4867","489E","48A0","489E","4867","485E","4858","489E","488D","488E","4868","489A"
"421","40800","41796","90F3","90E0","90E1","9107","910A","9108","90E1","90D8","90D9","9108","90F6","90F7","90E7","90FB"
"422","40816","41812","D9D3","D9CA","D9C3","D9ED","D9DA","D9E4","D9CB","D9BA","D9C3","D9DB","D9DB","D9DC","D9BF","D9D7"
"423","40832","41828","230C","2303","230D","232B","2322","2321","2303","2304","2305","232A","231A","2322","2300","231F"
"424","40848","41844","6CBB","6CB2","6CB3","6CDD","6CCC","6CCD","6CBE","6CAA","6CB6","6CCD","6CCC","6CC5","6CBA","6CC9"
"425","40864","41860","B59A","B592","B587","B5B8","B5B1","B5B2","B587","B58B","B57F","B5B2","B59D","B59E","B583","B5AB"
"426","40880","41876","E2FA","E2E8","E2E9","E2FB","E2E8","E2E9","E2F2","E2E9","E2E1","E2E9","E2E0","E2E1","E2E5","E2E5"
"427","40896","41892","0F2A","0F16","0F17","0F47","0F34","0F3F","0F17","0F0E","0F0F","0F3F","0F2C","0F37","0F1E","0F3D"
"428","40912","41908","56C0","56B7","56C2","56CA","56C1","56B8","56C2","56B9","56BA","56C2","56B9","56BA","56B4","56BE"
"429","40936","41932","DE6D","DE64","DE5C","DE6D","DE66","DE5C","DE5C","DE53","DE5D","DE65","DE53","DE54","DE61","DE58"
"430","40952","41948","13E0","13D0","13DA","13D9","13D7","13D8","13D8","13D1","13C9","13D1","13C8","13C9","13CD","13CD"
"431","40968","41964","61A5","6193","6195","619D","6193","6195","6197","618D","6196","6197","618D","618F","6191","619C"
"432","40984","41980","00F2","00E9","00F3","010A","0101","010C","00EA","00E1","00E2","0102","00F9","0104","00E6","00FE"
"433","41000","41996","5A0B","59FC","59FD","5A3A","5A31","5A39","5A03","59FE","59F5","5A3C","5A30","5A37","59F9","5A2E"
"434","41016","42012","933B","9332","9333","9372","936C","936A","932A","932A","932B","936A","9357","9358","932F","935C"
"435","41032","42028","EA45","EA36","EA33","EA75","EA72","EA74","EA3E","EA34","EA2F","EA6D","EA5E","EA65","EA33","EA69"
"436","41048","42044","1A0E","1A03","1A05","1A41","1A41","1A39","1A07","19FE","19FE","1A42","1A38","1A34","1A09","1A3B"
"437","41064","42060","6261","6264","625E","627D","6281","6280","6259","624F","6251","6274","6279","626C","6248","627C"
"438","41080","42076","AB5C","AB57","AB54","AB76","AB64","AB70","AB4E","AB4B","AB4F","AB6E","AB5A","AB5E","AB4A","AB6B"
"439","41096","42092","AB5C","AB57","AB54","AB76","AB64","AB70","AB4E","AB4B","AB4F","AB6E","AB5A","AB5E","AB4A","AB6B"
"440","41120","42116","F475","F46B","F469","F487","F47F","F47F","F46C","F457","F465","F47F","F483","F481","F45C","F47A"
"441","41136","42132","3E3F","3E37","3E37","3E59","3E4E","3E47","3E36","3E2E","3E22","3E47","3E47","3E48","3E35","3E42"
"442","41152","42148","9C1C","9C0A","9C0B","9C3D","9C2E","9C29","9C15","9C02","9C03","9C29","9C25","9C21","9C07","9C2A"
"443","41168","42164","D526","D51D","D519","D53C","D53E","D53F","D51F","D515","D511","D53F","D52B","D52C","D51A","D530"
"444","41184","42180","1D23","1D14","1D1D","1D1D","1D1A","1D1B","1D13","1D15","1D13","1D15","1D12","1D16","1D0E","1D17"
"445","41200","42196","61D3","61C1","61C8","61D3","61C9","61C8","61C0","61B4","61B6","61CD","61B4","61C4","61C9","61BE"
"446","41216","42212","AF9B","AF92","AF9B","AFA3","AF9A","AF9B","AF9B","AF8A","AF93","AF9D","AF8A","AF93","AF97","AF97"
"447","41232","42228","F8DF","F8CC","F8D7","F8E1","F8D6","F8CD","F8D9","F8CE","F8C5","F8CD","F8C4","F8C5","F8C9","F8D1"
"448","41248","42244","422F","4225","4226","4226","421D","421E","421E","421D","4216","4226","421D","4216","421A","4222"
"449","41264","42260","8B7B","8B69","8B6A","8B7B","8B69","8B6A","8B75","8B61","8B6B","8B73","8B61","8B6B","8B6F","8B6F"
"450","41288","42284","D52E","D52F","D530","D545","D546","D53D","D526","D527","D51E","D53D","D53F","D535","D522","D539"
"451","41304","42300","8553","8554","854B","8591","8588","8589","8555","854C","854D","858D","8584","8581","8547","857D"
"452","41320","42316","CE90","CE7D","CE88","CEBC","CEB3","CEBD","CE88","CE7F","CE80","CEB4","CEB6","CEB5","CE84","CEB0"
"453","41336","42332","1822","1810","1819","1858","184F","1846","1811","1808","1809","1850","1847","1849","180D","1842"
"454","41352","42348","5553","554A","554B","557B","5568","5569","554B","554C","5543","5573","5560","556B","5552","5565"
"455","41368","42364","84DD","84CC","84CD","84F5","84EF","84ED","84CD","84C4","84CD","84EF","84DB","84E5","84D5","84E9"
"456","41384","42380","CF66","CF5E","CF56","CF9B","CF89","CF94","CF62","CF58","CF4C","CF96","CF83","CF8B","CF53","CF8E"
"457","41400","42396","1735","1724","172D","1753","174A","1743","172D","171C","171D","174B","173A","173B","1721","1747"
"458","41416","42412","1735","1724","172D","1753","174A","1743","172D","171C","171D","174B","173A","173B","1721","1747"
"459","41440","42436","5FB9","5FA7","5FA8","5FB9","5FA7","5FA8","5FA8","5FA8","5FA9","5FA8","5F9F","5FA0","5FA4","5FAE"
"460","41456","42452","A584","A57C","A572","A5A2","A599","A590","A572","A573","A575","A59A","A591","A592","A578","A596"
"461","41472","42468","F243","F23A","F23B","F23B","F23A","F23D","F23B","F234","F22B","F233","F22A","F22B","F22F","F237"
"462","41488","42484","3B81","3B78","3B71","3B81","3B7A","3B79","3B79","3B68","3B73","3B79","3B68","3B69","3B75","3B77"
"463","41504","42500","84BF","84B9","84B7","84BF","84B9","84AD","84B7","84AF","84A5","84B7","84AF","84AF","84B3","84B6"
"464","41520","42516","C670","C667","C670","C678","C667","C671","C671","C667","C668","C674","C667","C669","C670","C66D"
"465","41536","42532","04CF","04BE","04BF","04C7","04BE","04CA","04C7","04BE","04B7","04C7","04B6","04B7","04BB","04C3"
"466","41552","42548","4D88","4D7F","4D80","4D92","4D7F","4D80","4D8A","4D81","4D78","4D8A","4D81","4D78","4D86","4D86"
"467","41568","42564","9756","9746","974E","976E","975E","9766","9747","9745","9746","975F","975D","975E","974A","9762"
"468","41584","42580","1B00","1AF7","1AF8","1B36","1B27","1B28","1AF8","1AE8","1AF0","1B28","1B25","1B28","1AED","1B24"
"469","41600","42596","3ECF","3ECA","3ECB","3F0B","3EF5","3EF8","3ECB","3EC2","3EB8","3F03","3EF7","3EF0","3EC6","3EF0"
"470","41624","42620","DDB3","DD9D","DD9E","DDDD","DDD4","DDDE","DDA9","DD9F","DDA0","DDDE","DDD5","DDCD","DDA4","DDDB"
"471","41640","42636","26F9","26F0","26FA","2730","272F","2728","26F1","26E8","26E9","2728","2727","2720","26ED","272C"
"472","41656","42652","6F26","6F25","6F26","6F4B","6F32","6F3C","6F1E","6F15","6F1F","6F43","6F3A","6F3B","6F22","6F3F"
"473","41672","42668","B88D","B884","B885","B8B0","B89D","B89E","B885","B887","B87D","B8A8","B895","B896","B88C","B89A"
"474","41688","42684","F0CD","F0CE","F0C5","F0F5","F0ED","F0ED","F0CF","F0BC","F0C7","F0E4","F0DB","F0DC","F0CB","F0E9"
"475","41704","42700","3DE5","3DDC","3DDD","3DE5","3DE7","3DE6","3DDD","3DDD","3DD5","3DE6","3DD4","3DDE","3DE2","3DD9"
"476","41720","42716","80CE","80B8","80B9","80E0","80D7","80D8","80C3","80B0","80B1","80E0","80CF","80D8","80B5","80D4"
"477","41736","42732","80CE","80B8","80B9","80E0","80D7","80D8","80C3","80B0","80B1","80E0","80CF","80D8","80B5","80D4"
"478","41752","42748","BDF3","BDE2","BDEB","BDF3","BDE2","BDE3","BDEB","BDE4","BDE3","BDEB","BDDA","BDDB","BDDF","BDDF"
"479","41768","42764","06B9","06BA","06B1","06B9","06B0","06B1","06B9","06A8","06A9","06B9","06A8","06B3","06B5","06B7"
"480","41792","42788","511A","511A","511B","5141","513A","5139","511D","5114","510A","513B","5132","5127","5118","5135"
"481","41808","42804","994F","993B","993C","9944","993B","9948","9946","9933","9934","9946","9933","9940","9942","9938"
"482","41824","42820","E277","E26E","E26F","E26E","E26F","E26F","E266","E266","E267","E26F","E266","E267","E262","E26B"
"483","41840","42836","2BA9","2BA0","2BA1","2BA9","2BA0","2BA1","2BA9","2BA4","2BA1","2BA9","2BA1","2BA1","2BA9","2BA5"
"484","41856","42852","7588","757F","7580","75A0","7597","7598","7580","7577","756F","7598","758F","7585","757F","7596"
"485","41872","42868","BE3D","BE3D","BE3E","BE46","BE3D","BE41","BE41","BE2C","BE36","BE35","BE35","BE2D","BE3A","BE3A"
"486","41888","42884","0779","0765","076F","076E","0765","0770","076F","0766","075E","076F","0767","075E","0762","076D"
"487","41904","42900","517F","5179","516F","5195","518C","518D","517A","5166","5167","5199","5184","5185","5176","5192"
"488","41920","42916","99E7","99E8","99E8","99F1","99E7","99DF","99DF","99D6","99E0","99DF","99DF","99D7","99DB","99E4"
"489","41936","42932","1874","1874","1875","188B","188D","188E","1874","186C","186D","188D","1885","1886","1871","188A"
"490","41952","42948","4ACC","4ACC","4AC4","4ACC","4AC3","4AC4","4ACD","4ABB","4ABC","4AC4","4ABB","4AC7","4AC9","4AC9"
"491","41976","42972","9355","934C","934D","9355","9343","934D","9344","9344","9345","9344","9344","9345","9349","9349"
"492","41992","42988","DCB5","DCAC","DCAD","DCCD","DCC4","DCC5","DCAD","DCA4","DCA5","DCC5","DCBC","DCBD","DCA9","DCC1"
"493","42008","43004","7EB6","7EA7","7EB2","7EB0","7EA7","7EA8","7EA8","7EA6","7EA0","7EA8","7EA9","7EA6","7EA4","7EAE"
"494","42024","43020","B3F3","B3F1","B3EB","B3F3","B3F3","B3EB","B3EA","B3DF","B3E2","B3EA","B3E9","B3EC","B3E5","B3F0"
"495","42040","43036","FF80","FF78","FF70","FF95","FF94","FF8D","FF70","FF70","FF68","FF8D","FF84","FF90","FF6C","FF89"
"496","42056","43052","FF80","FF78","FF70","FF95","FF94","FF8D","FF70","FF70","FF68","FF8D","FF84","FF90","FF6C","FF89"
"497","42072","43068","49C3","49C4","49BB","49C3","49C7","49C5","49C5","49BC","49BD","49C5","49B2","49B3","49C1","49C1"
"498","42088","43084","8F7E","8F6E","8F76","8F7E","8F6E","8F76","8F79","8F6F","8F71","8F79","8F6F","8F71","8F6B","8F6B"
"499","42104","43100","DAC8","DABF","DAC0","DAC8","DAB3","DAC0","DAB4","DAB7","DAAC","DAB4","DAB7","DAB8","DABC","DABC"
"500","42120","43116","262F","2626","2627","264F","263F","2640","2627","261E","261F","2647","2637","2638","2623","263C"
"501","42136","43132","6DC9","6DB8","6DB9","6DE7","6DDE","6DDF","6DC1","6DB0","6DB1","6DD5","6DCC","6DD7","6DB5","6DDB"
"502","42160","43156","B6B7","B6A5","B6AF","B6AE","B6AE","B6A6","B6B2","B69D","B69E","B6AF","B6A6","B6A7","B6AB","B6AB"
"503","42176","43172","F9F9","F9E6","F9E8","F9EE","F9E6","F9EF","F9E8","F9E8","F9E9","F9EF","F9E8","F9E9","F9D8","F9EC"
"504","42192","43188","3652","3640","3641","3649","3640","364A","3641","3638","3639","364E","3638","3642","363D","363D"
"505","42208","43204","73D6","73CD","73D8","73D6","73CD","73D8","73CE","73CF","73D0","73CE","73CF","73D0","73CA","73CA"
"506","42224","43220","C8F4","C8F5","C8F6","C90C","C90D","C90E","C8F6","C8E3","C8E4","C90E","C8FB","C8FC","C8E8","C900"
"507","42240","43236","375D","3754","3755","3783","3771","3773","375C","3752","374D","377B","3772","3773","375A","3776"
"508","42256","43252","C807","C7FC","C7FD","C805","C7FC","C7FF","C7F1","C7E8","C7F5","C7F1","C7F4","C7F7","C7F9","C7F9"
"509","42272","43268","123D","1234","1242","123D","1241","1242","1235","1239","123B","1235","122C","123A","1231","123E"
"510","42288","43284","5A7A","5A71","5A66","5A7A","5A71","5A66","5A72","5A69","5A6A","5A72","5A69","5A6A","5A6E","5A62"
"511","42304","43300","A3D6","A3D9","A3CE","A3D6","A3D9","A3CE","A3DA","A3D1","A3C6","A3DA","A3D1","A3C6","A3D6","A3D6"
"512","42320","43316","E4A7","E49E","E49F","E4BF","E4B6","E4B7","E4A9","E4A0","E497","E4C1","E4B7","E4AF","E49B","E4B3"
"513","42344","43340","2C2F","2C26","2C27","2C56","2C4C","2C4D","2C27","2C25","2C28","2C45","2C47","2C3D","2C23","2C41"
"514","42360","43356","74DB","74D2","74CB","74D3","74D2","74CB","74CB","74CF","74C3","74CB","74C2","74D0","74C7","74CF"
"515","42376","43372","74DB","74D2","74CB","74D3","74D2","74CB","74CB","74CF","74C3","74CB","74C2","74D0","74C7","74CF"
"516","42392","43388","A5A3","A59A","A592","A5A3","A591","A592","A59C","A589","A58A","A59B","A592","A58A","A598","A598"
"517","42408","43404","EDDF","EDD6","EDD7","EDDF","EDD6","EDD7","EDD7","EDCE","EDC6","EDD7","EDCE","EDC6","EDD3","EDD3"
"518","42424","43420","364A","3638","3639","364A","3638","3642","3639","3630","363E","3642","3630","363E","3640","3640"
"519","42440","43436","B46C","B462","B459","B483","B479","B470","B459","B450","B451","B470","B467","B468","B455","B476"
"520","42456","43452","DEEC","DEE3","DEEB","DF22","DF19","DF1A","DEE4","DEE2","DEDC","DF1A","DF11","DF12","DEEC","DF1E"
"521","42472","43468","2B93","2B82","2B8B","2BA2","2B99","2B9A","2B83","2B7A","2B7B","2BA3","2B91","2B92","2B7F","2B96"
"522","42488","43484","74BD","74AD","74B7","74CE","74CF","74C6","74B5","74AC","74AD","74C6","74C7","74BE","74AA","74CD"
"523","42512","43508","BCE6","BCE0","BCDE","BCE9","BCDD","BCDF","BCDE","BCD8","BCCF","BCD7","BCD5","BCD7","BCD3","BCDA"
"524","42528","43524","06E0","06D9","06CF","06F8","06E7","06F0","06CF","06C6","06D0","06F0","06E7","06E0","06CB","06E4"
"525","42544","43540","4F59","4F59","4F51","4F62","4F59","4F5A","4F5B","4F48","4F49","4F5A","4F51","4F49","4F57","4F56"
"526","42560","43556","99C6","99C7","99C8","99DF","99DF","99E0","99BE","99C0","99C0","99D7","99D7","99CF","99BA","99D3"
"527","42576","43572","1AD0","1ACF","1AC8","1AD8","1ACF","1AC8","1AD0","1AC7","1AC0","1AC8","1ABF","1AC0","1ACC","1AC4"
"528","42592","43588","492F","492F","4927","492F","492F","4927","4930","4927","492B","4930","491E","492B","492C","492C"
"529","42608","43604","91D2","91C1","91C2","91CA","91C1","91C2","91CA","91C1","91C2","91CA","91C1","91BA","91C8","91C8"
"530","42624","43620","DA90","DA87","DA88","DA92","DA87","DA88","DA8A","DA7F","DA76","DA8A","DA7F","DA80","DA7A","DA7A"
"531","42640","43636","5B76","5B6D","5B74","5BB1","5BAF","5BB0","5B74","5B6B","5B66","5BB0","5BA7","5BA1","5B70","5BAC"
"532","42664","43660","910A","9105","910A","9130","9128","911D","90FF","9102","9103","9126","9114","911E","90FE","911A"
"533","42680","43676","DA1F","DA22","DA17","DA46","DA40","DA3E","DA23","DA1A","DA10","DA3D","DA2E","DA35","DA14","DA34"
"534","42696","43692","DA1F","DA22","DA17","DA46","DA54","DA3E","DA23","DA1A","DA10","DA3D","DA2E","DA35","DA14","DA34"
"535","42712","43708","1FB7","1FA6","1FAF","1FE4","1FF6","1FED","1FAF","1FA7","1F9F","1FE5","1FD3","1FE5","1FAB","1FE1"
"536","42728","43724","6C7F","6C75","6C77","6C7E","6C75","6C77","6C6C","6C6D","6C6F","6C76","6C6D","6C6F","6C75","6C72"
"537","42744","43740","C06B","C05F","C060","C087","C07E","C07F","C060","C04F","C058","C07F","C076","C077","C054","C073"
"538","42760","43756","FE4D","FE40","FE38","FE66","FE62","FE60","FE3F","FE32","FE3A","FE5F","FE59","FE5A","FE3F","FE57"
"539","42776","43772","5C2D","5C28","5C1C","5C41","5C41","5C39","5C28","5C13","5C14","5C39","5C39","5C3A","5C18","5C35"
"540","42792","43788","90E4","90EB","90DF","9113","9107","90FF","90E8","90E2","90E5","9101","90FE","90F9","90E6","9105"
"541","42816","43812","DA05","D9FE","DA01","DA2D","DA25","DA28","DA0E","D9FF","D9F7","DA23","DA17","DA1E","DA03","DA23"
"542","42832","43828","23AF","239C","239B","23C8","23BD","23BD","23A7","2393","239C","23B5","23B1","23AD","2396","23BA"
"543","42848","43844","6D08","6CF7","6CFF","6D40","6D2D","6D38","6CF6","6CED","6CF1","6D2D","6D2E","6D26","6CF0","6D2B"
"544","42864","43860","B5D8","B5DA","B5DB","B5F7","B5F9","B5F1","B5D2","B5C5","B5CB","B5FA","B5E5","B5F2","B5CB","B5F3"
"545","42880","43876","16AD","16AF","16AF","16E3","16E4","16DB","16A5","169C","169D","16E5","16DC","16D3","16A1","16E1"
"546","42896","43892","9F53","9F52","9F53","9F9A","9F8F","9F87","9F53","9F42","9F4B","9F92","9F87","9F7F","9F4F","9F8C"
"547","42912","43908","E7B3","E7AA","E7A2","E7C7","E7C8","E7CA","E7A2","E7A5","E7A3","E7BF","E7C0","E7B7","E79E","E7C5"
"548","42928","43924","3017","300D","300F","3017","3018","3017","3017","300E","3007","3017","3006","3011","3013","3013"
"549","42944","43940","73A1","73A0","73A1","73BE","73C1","73C0","7399","7399","739A","73B6","73AD","73B8","739D","73BC"
"550","42960","43956","B77C","B773","B76B","B793","B780","B783","B76A","B76B","B76B","B780","B781","B778","B76F","B783"
"551","42984","43980","00E3","00DA","00DF","00FF","0101","00F7","00DB","00DA","00DB","0101","00F9","00EE","00E4","00FF"
"552","43000","43996","4963","495A","495A","4963","495A","495A","4953","4953","4956","495D","4953","4956","495A","4955"
"553","43016","44012","4963","495A","495A","4963","495A","495A","4953","4953","4956","495D","4953","4956","495A","4955"
"554","43032","44028","A777","A764","A765","A795","A782","A783","A76F","A764","A769","A78B","A782","A787","A769","A787"
"555","43048","44044","E4E0","E4E1","E4E2","E4ED","E4E1","E4E2","E4D8","E4CF","E4DA","E4E2","E4CF","E4DD","E4D4","E4D4"
"556","43064","44060","2E0F","2E06","2E07","2E1A","2E06","2E12","2E11","2DFE","2E09","2E07","2DFE","2E09","2E0E","2E0D"
"557","43080","44076","785A","785A","785C","7884","7878","787A","785B","7852","784A","7879","7870","7867","784E","786B"
"558","43096","44092","C509","C502","C501","C51F","C516","C517","C501","C4F6","C4EF","C517","C512","C506","C4F3","C513"
"559","43112","44108","08F1","08E9","08E0","091D","091E","0915","08E0","08E0","08D8","091F","0916","0919","08E5","0911"
"560","43128","44124","50FC","50F3","50E9","5114","5102","5103","50F4","50EB","50E1","510C","50FA","5104","50E5","50FF"
"561","43152","44148","9A2E","9A1B","9A1C","9A3C","9A3B","9A34","9A1C","9A1D","9A1C","9A34","9A33","9A2C","9A18","9A38"
"562","43168","44164","E335","E32C","E32D","E34C","E343","E33B","E324","E31B","E325","E344","E332","E33C","E32B","E337"
"563","43184","44180","2B8E","2B85","2B7B","2B83","2B85","2B86","2B86","2B7D","2B73","2B7B","2B72","2B73","2B82","2B77"
"564","43200","44196","8971","8975","896E","89B5","89AE","89AD","8969","8960","896E","89A3","899A","89A5","896B","89A9"
"565","43216","44212","1443","1430","1431","146F","1466","1470","1431","1432","1429","1467","145E","1468","1437","1463"
"566","43232","44228","3D53","3D4E","3D4B","3D8A","3D82","3D82","3D42","3D42","3D43","3D82","3D79","3D7A","3D47","3D7E"
"567","43248","44244","8579","8579","857A","859F","8596","8599","857A","8571","8572","8597","858E","8591","8576","8595"
"568","43264","44260","CE16","CE04","CE0E","CE2E","CE25","CE26","CE0E","CE05","CE06","CE1C","CE1D","CE21","CE01","CE22"
"569","43280","44276","0BA3","0B92","0B9B","0BC1","0BB9","0BB9","0B9B","0B94","0B8B","0BBA","0BB0","0BA9","0B8F","0BB5"
"570","43296","44292","8E40","8E2B","8E2C","8E76","8E6D","8E6E","8E38","8E2F","8E24","8E6E","8E67","8E5B","8E34","8E5F"
"571","43320","44316","B299","B288","B291","B2C7","B2C7","B2BF","B291","B280","B281","B2C8","B2B6","B2B7","B285","B2C3"
"572","43336","44332","B299","B288","B291","B2C7","B2C7","B2BF","B291","B280","B281","B2C8","B2B6","B2B7","B285","B2C3"
"573","43352","44348","FBA7","FB9E","FB9F","FBDF","FBCD","FBD8","FB9F","FB96","FB8F","FBD7","FBD1","FBCF","FB9B","FBCA"
"574","43368","44364","455B","455C","455F","4592","4592","4593","4553","454A","454B","458A","458D","458B","455A","458F"
"575","43384","44380","8DCD","8DC2","8DB9","8DDF","8DDE","8DDF","8DC2","8DB9","8DBD","8DDF","8DCE","8DDB","8DBE","8DDB"
"576","43400","44396","D69B","D69A","D693","D6B2","D6A9","D6AA","D69B","D68A","D68B","D6B3","D6AE","D6AB","D697","D6AF"
"577","43416","44412","2156","214D","214F","218E","217B","217C","214E","213B","2146","2183","217D","2174","214B","2178"
"578","43432","44428","6941","692F","6939","6960","6959","6956","6930","6927","6928","6956","694D","694E","692C","6956"
"579","43448","44444","B1B6","B1AD","B1A3","B1AB","B1AC","B1A3","B1AE","B19A","B1A5","B1A3","B19A","B1A8","B19F","B19F"
"580","43464","44460","F00F","EFFD","EFFE","F02D","F01A","F025","F007","EFFE","EFFF","F025","F012","F013","EFFA","F017"
"581","43480","44476","31C0","31AC","31B7","31BF","31AC","31B7","31B7","31AE","31AF","31AD","31AE","31A5","31B6","31B4"
"582","43496","44492","7A93","7A81","7A8B","7A8A","7A81","7A8B","7A82","7A82","7A7A","7A82","7A82","7A84","7A87","7A88"
"583","43520","44516","C3B5","C3B7","C3AD","C3B5","C3B7","C3AD","C3B8","C3A4","C3AF","C3AD","C3A4","C3A5","C3B3","C3B3"
"584","43536","44532","5FA7","5F9E","5FA9","5FA7","5FA8","5FA9","5F9F","5F96","5F97","5F9F","5F96","5FA1","5F9B","5FA5"
"585","43552","44548","A858","A84F","A858","A858","A859","A858","A850","A84F","A848","A850","A84F","A848","A856","A854"
"586","43568","44564","F227","F215","F21F","F23F","F22C","F22D","F216","F20D","F20E","F22D","F224","F225","F21B","F233"
"587","43584","44580","3AD8","3ACF","3ADA","3AE1","3ACF","3AD9","3AD0","3AD0","3AC8","3AD9","3AC7","3AC8","3AD5","3AD6"
"588","43600","44596","7854","7842","7843","7854","7842","7843","7843","7843","7844","7843","783A","7845","783F","783F"
"589","43616","44612","EA31","EA28","EA29","EA4F","EA3E","EA4F","EA29","EA29","EA21","EA47","EA3E","EA3F","EA2F","EA4F"
"590","43632","44628","2881","2872","2872","287A","2873","287C","287A","286D","2872","2874","286D","286A","2870","2876"
"591","43648","44644","2881","2872","2872","287A","2873","287C","287A","286D","2872","2874","286D","286A","2870","2876"
"592","43664","44660","7206","7204","71FD","7206","71FD","71FD","71F7","71FB","71F6","71F7","71FB","71F6","71F2","71F2"
"593","43688","44684","9F8A","9F77","9F82","9FA2","9F90","9F9A","9F82","9F79","9F70","9F91","9F88","9F89","9F7E","9F96"
"594","43704","44700","CDF1","CDDF","CDE9","CDF1","CDE8","CDED","CDE9","CDE0","CDD8","CDE9","CDD7","CDE1","CDE5","CDE5"
"595","43720","44716","121B","121C","1213","1228","1212","1213","1213","1214","120B","121D","1214","1215","121C","1219"
"596","43736","44732","60BF","60BF","60C1","60D7","60D6","60D7","60B7","60AE","60B9","60CF","60C6","60D1","60B3","60CB"
"597","43752","44748","F654","F651","F64C","F65A","F64B","F652","F64C","F643","F650","F653","F649","F64A","F648","F64F"
"598","43768","44764","2541","253A","2539","2541","2530","2530","2530","2530","2529","2539","2530","2529","2536","2536"
"599","43784","44780","6ED8","6ED8","6ED9","6EF5","6EF5","6EED","6ED0","6ED0","6EC8","6EF8","6EED","6EE5","6ED6","6EF2"
"600","43800","44796","B774","B763","B764","B76C","B763","B76C","B764","B75B","B75C","B764","B75B","B764","B768","B768"
"601","43816","44812","00C7","00BE","00CA","00C7","00C6","00CA","00C8","00BE","00C0","00C8","00BE","00C2","00C3","00BB"
"602","43832","44828","4A01","4A02","4A04","4A01","4A02","4A04","49F9","49F0","49FC","49F9","49FA","49FC","49FF","49FF"
"603","43848","44844","E852","E84C","E841","E852","E840","E841","E841","E842","E843","E841","E842","E839","E847","E83D"
"604","43872","44868","3188","317D","317E","3188","317D","3176","317E","3177","316E","317F","3175","316D","3172","317A"
"605","43888","44884","735E","7349","7354","7355","7349","7354","734E","733F","7345","734E","733F","734E","7352","7345"
"606","43904","44900","B13F","B12B","B137","B13F","B137","B137","B137","B131","B12F","B137","B131","B12F","B134","B133"
"607","43920","44916","EE93","EE8A","EE93","EE93","EE8A","EE93","EE93","EE82","EE83","EE93","EE82","EE83","EE87","EE87"
"608","43936","44932","5B17","5B05","5B0F","5B2F","5B1E","5B27","5B0F","5AFD","5AFE","5B27","5B16","5B17","5B02","5B1B"
"609","43952","44948","93D1","93D2","93D1","93F9","93EF","93E6","93D3","93CA","93C1","93E6","93E7","93DE","93CF","93EC"
"610","43968","44964","93D1","93D2","93D1","93F9","93EF","93E6","93D3","93CA","93C1","93E6","93E7","93DE","93CF","93EC"
"611","43984","44980","E387","E37E","E37F","E393","E386","E37F","E387","E37E","E380","E38A","E376","E376","E37A","E382"
"612","44000","44996","2CC6","2CC5","2CC6","2CCE","2CC6","2CC6","2CC7","2CBE","2CB5","2CBD","2CB5","2CBF","2CB9","2CC3"
"613","44016","45012","75FD","75F5","75F5","75FD","75F5","75F5","75F5","75ED","75E5","75ED","75E4","75E5","75D5","75F2"
"614","44040","45036","BF41","BF3B","BF32","BF3A","BF3B","BF39","BF3B","BF36","BF2A","BF3B","BF36","BF33","BF37","BF3A"
"615","44056","45052","0894","0889","0881","0894","0875","0881","088C","0878","0884","088C","0878","0884","087E","087E"
"616","44072","45068","525F","5255","5257","5275","526D","526E","525B","524E","5246","5271","5265","5268","5252","526A"
"617","44088","45084","9B8C","9B81","9B7C","9BA7","9B94","9B9F","9B86","9B6F","9B70","9BA0","9B8E","9B97","9B73","9B92"
"618","44104","45100","CA24","CA23","CA1C","CA2C","CA23","CA26","CA1C","CA1B","CA1C","CA24","CA1D","CA14","CA20","CA18"
"619","44120","45116","13B1","13A0","13A1","13B3","13A0","13A7","13A1","1398","1399","13A9","1398","1399","139D","13A3"
"620","44136","45132","5C75","5C6C","5C6D","5C75","5C6C","5C6D","5C6D","5C5A","5C65","5C6D","5C5A","5C65","5C69","5C6C"
"621","44152","45148","A59C","A593","A594","A59C","A593","A594","A594","A58B","A596","A594","A58B","A58C","A599","A599"
"622","44168","45164","423C","423D","423E","425B","4246","4253","423E","4235","4236","4253","4252","424B","423A","4257"
"623","44184","45180","8C93","8C81","8C82","8C8A","8C81","8C8B","8C8C","8C82","8C84","8C82","8C79","8C83","8C7E","8C7E"
"624","44208","45204","CF94","CF8B","CF95","CF94","CF8B","CF95","CF8C","CF83","CF8D","CF8C","CF8C","CF8D","CF91","CF88"
"625","44224","45220","1F1D","1F14","1F0C","1F1D","1F14","1F0C","1F15","1F0C","1F0E","1F15","1F0C","1F0E","1F11","1F11"
"626","44240","45236","5B06","5AF3","5AFD","5AFC","5AF3","5AF4","5AF4","5AEB","5AF8","5AF4","5AEB","5AF8","5AF0","5AF0"
"627","44256","45252","A645","A647","A63D","A645","A647","A63D","A63D","A634","A635","A63D","A634","A635","A644","A644"
"628","44272","45268","F03A","F02A","F032","F053","F041","F04B","F02B","F022","F023","F042","F039","F03A","F027","F03E"
"629","44288","45284","F03A","F02A","F032","F053","F041","F04B","F02B","F022","F023","F042","F039","F03A","F027","F03E"
"630","44304","45300","396E","3965","3970","3995","398C","398D","3966","395D","3966","3990","3984","3985","3962","3989"
"631","44320","45316","6647","663E","663F","6647","663E","663F","6642","662C","662D","6642","6636","6637","663B","663B"
"632","44336","45332","9538","9529","9538","9533","9515","9528","952D","952B","9524","952D","952B","9524","9527","9527"
"633","44352","45348","DE2E","DE2F","DE2C","DE2E","DE2F","DE2C","DE2E","DE24","DE28","DE2E","DE24","DE28","DE27","DE27"
"634","44376","45372","270F","2703","270F","270F","2703","270F","2705","26FD","2705","2705","2704","2705","270B","270B"
"635","44392","45388","DB61","DB58","DB4F","DB75","DB6C","DB6D","DB4F","DB50","DB53","DB6D","DB6E","DB70","DB55","DB73"
"636","44408","45404","0AA7","0A9C","0AA0","0AC6","0ABA","0AB2","0A90","0A95","0A96","0ABD","0AB3","0AAA","0A9A","0AAE"
"637","44424","45420","584E","5845","584F","5896","588A","5881","584F","5846","5847","588B","5878","5883","584B","587D"
"638","44440","45436","A0FF","A0F6","A0F7","A124","A11B","A113","A0F7","A0F5","A0EF","A113","A113","A10B","A0F3","A10F"
"639","44456","45452","E5CC","E5CD","E5CF","E5EC","E5E4","E5E4","E5CE","E5C5","E5C6","E5E4","E5D1","E5D4","E5C9","E5D8"
"640","44472","45468","27E3","27DA","27DB","2801","27F8","2801","27E3","27DA","27D3","2802","27F0","27F0","27D7","27FD"
"641","44488","45484","DDED","DDE2","DDDA","DE0A","DDF8","DE02","DDE7","DDDA","DDDB","DE02","DDF0","DDF1","DDDF","DDFE"
"642","44504","45500","1923","190F","191A","1926","190F","191A","191E","1911","1912","1910","1911","1913","190C","191A"
"643","44520","45516","62F9","62EE","62E9","630E","6305","6306","62E9","62E0","62E8","6306","62FD","6309","62E5","630D"
"644","44544","45540","AB35","AB2C","AB2D","AB3D","AB2C","AB35","AB2D","AB24","AB25","AB2D","AB24","AB25","AB29","AB29"
"645","44560","45556","EA6C","EA63","EA64","EA85","EA73","EA7D","EA5E","EA5D","EA5F","EA7D","EA74","EA6C","EA5A","EA79"
"646","44576","45572","346A","3461","345D","3489","3478","3478","345D","3459","345A","3479","3478","3471","3458","347D"
"647","44592","45588","9783","977B","9774","97A2","9798","979A","9774","976B","976C","979E","9789","9791","977C","9795"
"648","44608","45604","9783","977B","9774","97A2","9798","979A","9774","976B","976C","979E","9789","9791","977C","9795"
"649","44624","45620","C841","C838","C845","C869","C856","C860","C839","C830","C839","C860","C84E","C84F","C83D","C853"
"650","44640","45636","1135","1135","112D","115C","1153","114B","1136","1124","1125","114B","114B","1143","1129","1150"
"651","44656","45652","5BAE","5BA4","5BA5","5BC3","5BBA","5BC3","5B9D","5B9C","5B9D","5BC3","5BB2","5BBB","5BA1","5BC2"
"652","44672","45668","A4F8","A4F3","A4F0","A530","A527","A528","A4E9","A4E8","A4E8","A528","A51F","A520","A4F0","A51B"
"653","44688","45684","ED2E","ED25","ED26","ED4D","ED43","ED39","ED1C","ED13","ED14","ED46","ED30","ED3C","ED22","ED40"
"654","44712","45708","3717","370E","370F","3721","3715","370F","3719","3710","3707","370F","3706","3707","370B","3712"
"655","44728","45724","7488","747F","7480","74A6","7494","74A1","7476","746D","7478","749E","748C","7499","7472","749A"
"656","44744","45740","C840","C837","C838","C840","C82F","C838","C83A","C827","C828","C838","C827","C830","C836","C834"
"657","44760","45756","0AEB","0ADF","0AE3","0B0C","0AFF","0B04","0AE4","0AD3","0ADD","0AFA","0AF9","0AFA","0AD8","0AFC"
"658","44776","45772","491E","4920","4921","4929","4920","4916","4916","490D","4919","4921","4918","490E","491D","4920"
"659","44792","45788","9172","9161","9162","918B","9182","9183","9162","9159","9165","9183","917B","9172","915E","9176"
"660","44808","45804","4D06","4CFD","4D0A","4D25","4D1C","4D28","4D00","4CF5","4D02","4D26","4D14","4D20","4D06","4D19"
"661","44824","45820","838F","8386","837F","83A3","839A","839B","8387","8376","837F","839B","8398","8399","837B","839E"
"662","44840","45836","CC75","CC76","CC78","CC97","CC8A","CC8B","CC6D","CC6E","CC65","CC8F","CC82","CC87","CC73","CC87"
"663","44856","45852","1E95","1E99","1E98","1EB3","1EB5","1EB6","1E8D","1E84","1E85","1EAB","1EA2","1EAE","1E89","1EB1"
"664","44872","45868","54FA","54F2","54E8","5511","550F","5510","54F2","54DB","54E8","5511","5505","54FF","54F0","54FF"
"665","44896","45892","9DC2","9DBA","9DBB","9DCF","9DC4","9DD3","9DAF","9DAF","9DA9","9DD0","9DBD","9DBF","9DB7","9DCF"
"666","44912","45908","F373","F36A","F378","F392","F395","F395","F36B","F362","F370","F38A","F38D","F382","F367","F386"
"667","44928","45924","F373","F36A","F378","F392","F395","F395","F36B","F362","F370","F38A","F38D","F382","F367","F386"
"668","44944","45940","304D","304F","3045","3068","305F","3060","3045","303C","3047","3062","305B","305B","303F","305E"
"669","44960","45956","78B2","78AB","78A7","78AC","78AC","78AD","78AC","78A6","78A7","78AC","78A6","78A7","78A9","78AA"
"670","44976","45972","B7EB","B7D9","B7DA","B7FF","B7F6","B800","B7E4","B7D1","B7DB","B800","B7F7","B7F8","B7E0","B7F3"
"671","44992","45988","16C0","16AB","16AC","16C1","16AB","16AC","16B8","16AF","16A4","16B8","16A3","16A4","16A8","16A8"
"672","45008","46004","5530","552A","5531","554B","5540","5544","5530","552B","5523","554D","5541","5545","5527","553D"
"673","45024","46020","9E05","9DF0","9DFC","9DFE","9DFC","9DFD","9E01","9DF0","9DF8","9DF6","9DF1","9DF8","9DEE","9DEE"
"674","45040","46036","1008","1009","1008","103E","103C","1036","1000","0FF7","1000","1036","1034","102E","1004","1039"
"675","45056","46052","2B22","2B22","2B23","2B61","2B4F","2B50","2B1A","2B11","2B12","2B59","2B47","2B48","2B1F","2B4C"
"676","45080","46076","7423","7412","741B","745A","7451","7449","741B","7412","7413","7452","7440","7441","740F","744E"
"677","45096","46092","BDD9","BDDA","BDDB","BE18","BE07","BE12","BDDB","BDC8","BDD3","BE10","BE08","BE08","BDD7","BE04"
"678","45112","46108","064A","0637","0638","065C","065F","0654","0641","0638","0630","0654","064B","0657","063E","0650"
"679","45128","46124","A4D0","A4CF","A4D2","A4F7","A4E4","A4F0","A4C8","A4C7","A4C8","A4EF","A4DC","A4E7","A4CC","A4EC"
"680","45144","46140","EE29","EE2B","EE2C","EE4A","EE41","EE36","EE21","EE18","EE24","EE42","EE39","EE3A","EE28","EE3E"
"681","45160","46156","3790","3783","3785","37A9","37A9","37AA","3787","377C","3780","37AC","3798","3799","3784","37A6"
"682","45176","46172","7926","7910","7919","7936","7936","793A","791B","7907","790A","7930","7926","792E","7915","7935"
"683","45192","46188","AA4F","AA3D","AA47","AA4F","AA3D","AA3E","AA3E","AA3F","AA36","AA3E","AA3E","AA36","AA3A","AA3A"
"684","45208","46204","EE9D","EE94","EE95","EE9D","EE94","EE95","EE95","EE8C","EE8D","EE8C","EE8C","EE8D","EE91","EE91"
"685","45224","46220","1BED","1BE5","1BE5","1BE2","1BE2","1BE5","1BE3","1BDA","1BD2","1BE3","1BD1","1BDE","1BDF","1BDF"
"686","45248","46244","1BED","1BE5","1BE5","1BE2","1BE2","1BE5","1BE3","1BDA","1BD2","1BE3","1BD1","1BDE","1BDF","1BDF"
"687","45264","46260","9F66","9F5E","9F57","9F66","9F5E","9F5D","9F51","9F4B","9F4E","9F51","9F4B","9F4E","9F53","9F53"
"688","45280","46276","DF11","DEFF","DF09","DF08","DEFF","DF00","DF00","DEF7","DF01","DF00","DF00","DF01","DF05","DEFC"
"689","45296","46292","2848","2840","2841","2848","2840","284B","2849","2838","2839","2849","2838","2839","2847","2847"
"690","45312","46308","7217","720D","7206","7230","7226","7227","720E","7207","7206","7228","7221","721F","71EE","721A"
"691","45328","46324","BADC","BAD6","BAD4","BADF","BAD4","BACB","BACB","BAC2","BACC","BACB","BACB","BAC3","BAD3","BAD0"
"692","45344","46340","0407","03FC","03FD","0407","03FC","03FD","0401","03F4","03EC","03F4","03F6","03F7","03F9","03F9"
"693","45360","46356","4DC1","4DB8","4DB9","4DE7","4DD6","4DDF","4DC2","4DBC","4DBA","4DDF","4DCE","4DCF","4DBF","4DDF"
"694","45376","46372","968A","967A","9682","9683","9681","967B","9682","9679","967A","967B","9679","967F","9677","9677"
"695","45400","46396","DFBF","DFBF","DFB7","DFC8","DFBF","DFC0","DFC0","DFB7","DFB8","DFB7","DFB7","DFBB","DFBF","DFB3"
"696","45416","46412","05B9","05B0","05BB","05C2","05B7","05BB","05BA","05A8","05A9","05BA","05AF","05A9","05AD","05B4"
"697","45432","46428","2A56","2A57","2A4E","2A6E","2A6F","2A66","2A4E","2A4F","2A4F","2A66","2A67","2A67","2A53","2A6B"
"698","45448","46444","EE60","EE57","EE58","EE7E","EE75","EE6E","EE58","EE4F","EE50","EE6E","EE6D","EE66","EE54","EE72"
"699","45464","46460","2659","264E","264F","266D","2664","266D","2647","2648","263F","2665","265C","265D","264B","2661"
"700","45480","46476","76EB","76DB","76DC","76EE","76E5","76DC","76DC","76DA","76D4","76DC","76DA","76DB","76E2","76E2"
"701","45496","46492","C034","C036","C037","C053","C053","C056","C035","C023","C02D","C054","C042","C04C","C028","C047"
"702","45512","46508","FEB6","FEB6","FEAE","FEC1","FEAD","FEB7","FEB7","FEAE","FEB1","FEAE","FEB0","FEA6","FEB3","FEAA"
"703","45528","46524","480C","480C","480E","480C","480D","4804","480F","4804","4805","480F","4804","4805","4809","4809"
"704","45544","46540","9136","9136","9138","9136","9136","9138","9137","912E","912F","9137","9125","912F","9133","9133"
"705","45560","46556","9136","9136","9138","9136","9136","9138","9137","912E","912F","9137","9125","912F","9133","9133"
"706","45576","46572","DB37","DB2C","DB25","DB4D","DB44","DB3D","DB31","DB24","DB25","DB49","DB3C","DB3D","DB21","DB41"
"707","45600","46596","244D","244C","2451","2475","2462","2463","2451","243C","2445","2463","245A","2465","244B","246B"
"708","45616","46612","6CF0","6CE7","6CE8","6CF0","6CF2","6CF3","6CF2","6CDF","6CE0","6CE8","6CDF","6CE0","6CE4","6CEE"
"709","45632","46628","B644","B63B","B63A","B644","B63B","B639","B630","B627","B628","B63A","B630","B628","B635","B635"
"710","45648","46644","FF7C","FF7C","FF74","FF7C","FF7C","FF7D","FF73","FF74","FF75","FF7D","FF74","FF75","FF70","FF70"
"711","45664","46660","48C5","48BC","48BD","48C5","48B2","48BE","48B3","48AA","48AB","48B3","48AA","48AB","48B9","48B9"
"712","45680","46676","E568","E553","E560","E5D4","E5BF","E5CD","E554","E54B","E54C","E5C0","E5B7","E5B8","E550","E5BC"
"713","45696","46692","07E0","07D7","07D8","081E","0815","0816","07E1","07D8","07D0","0816","0804","080E","07E0","0809"
"714","45712","46708","5167","5152","5153","519A","5188","5189","515C","5153","514B","5192","5180","5181","514F","5185"
"715","45728","46724","9548","953F","954C","956F","9566","955E","954A","9537","9544","955E","9555","9556","953C","9563"
"716","45744","46740","E2EC","E2E3","E2DB","E2EF","E2DA","E2E4","E2E4","E2D2","E2DC","E2E4","E2D2","E2D3","E2CC","E2D7"
"717","45768","46764","8214","820D","8202","8241","8239","8239","820C","8206","81FA","8239","8231","8231","81FE","823D"
"718","45784","46780","CB40","CB42","CB38","CB80","CB78","CB70","CB37","CB39","CB3A","CB79","CB66","CB71","CB33","CB74"
"719","45800","46796","1295","128C","128D","12B3","12B4","12AB","128E","1284","128F","12AA","12AB","12A2","128A","12B0"
"720","45816","46812","5230","521E","5228","5227","5228","5228","521F","5220","5220","521F","5216","5220","521B","521B"
"721","45832","46828","67AB","6798","67A1","67AB","6798","67A1","6799","6790","679B","6799","6790","679B","679F","679F"
"722","45848","46844","B09F","B098","B097","B09F","B096","B097","B097","B086","B091","B097","B086","B091","B093","B093"
"723","45864","46860","F975","F962","F963","F96A","F962","F963","F962","F962","F963","F962","F962","F963","F95F","F95F"
"724","45880","46876","F975","F962","F963","F96A","F962","F963","F962","F962","F963","F962","F962","F963","F95F","F95F"
"725","45896","46892","7225","7215","721D","725D","724A","7255","721D","720D","7215","7255","7242","724D","721C","7251"
"726","45912","46908","ADF7","ADEE","ADFA","AE2D","AE2E","AE30","ADFC","ADE6","ADE7","AE25","AE26","AE27","ADEB","AE21"
"727","45936","46932","F948","F948","F940","F9B3","F9B4","F9AB","F94C","F943","F941","F9AB","F9AC","F9A3","F945","F9A7"
"728","45952","46948","4029","4020","402B","4050","403F","4040","4021","4022","4026","4048","4037","4040","4027","403C"
"729","45968","46964","8928","891F","8917","8936","892D","892E","8920","8919","890F","8938","892F","8930","8913","892A"
"730","45984","46980","CDDC","CDD3","CDD4","CE05","CDF2","CDFB","CDDE","CDCB","CDCC","CDF3","CDEA","CDF3","CDDB","CDFA"
"731","46000","46996","0022","0025","001B","003C","0031","0034","001B","0012","0012","003D","002B","0035","0022","0038"
"732","46016","47012","4941","492C","4937","4954","4954","4955","4938","4924","4925","494C","4943","494D","4933","4948"
"733","46032","47028","9160","9157","9150","9158","914F","9150","9150","9147","9150","9150","914F","9148","914C","914C"
"734","46048","47044","BFCF","BFC7","BFC7","BFEE","BFE3","BFE4","BFC8","BFBE","BFB5","BFE4","BFDB","BFD4","BFC4","BFE2"
"735","46064","47060","ED9D","ED96","ED8B","ED93","ED8A","ED8B","ED8B","ED8B","ED83","ED94","ED82","ED8C","ED93","ED90"
"736","46080","47076","89BB","89A8","89A9","89B1","89A8","89A9","89B1","89A0","89A1","89A9","89A0","89A1","89A5","89AD"
"737","46104","47100","50D4","50CB","50C2","50D4","50C3","50CC","50CC","50BB","50BC","50C4","50B9","50C4","50C8","50C0"
"738","46120","47116","8A4A","8A4F","8A4C","8A4A","8A41","8A4C","8A4C","8A47","8A3A","8A4C","8A47","8A3A","8A3E","8A3E"
"739","46136","47132","D356","D34D","D358","D360","D34D","D34E","D34E","D345","D350","D34E","D345","D350","D34A","D34A"
"740","46152","47148","10EE","10E3","10E2","1106","10FA","10FB","10DA","10D1","10DC","10F1","10E8","10F3","10E0","10F7"
"741","46168","47164","59CA","59BF","59C0","59C0","59BF","59B8","59C2","59B9","59B0","59B8","59B9","59B8","59B4","59B4"
"742","46184","47180","A35D","A35D","A35E","A37B","A372","A373","A355","A34C","A356","A373","A36A","A36B","A35B","A379"
"743","46200","47196","A35D","A35D","A35E","A37B","A372","A373","A355","A34C","A356","A373","A36A","A36B","A35B","A379"
"744","46216","47212","FC14","FC02","FC03","FC0B","FC0C","FC0C","FC03","FBFA","FBFB","FC03","FBFA","FC04","FBFF","FC08"
"745","46232","47228","3063","3062","305B","306D","3058","3059","305B","3052","3053","305B","3052","3053","3055","3061"
"746","46248","47244","7E3C","7E33","7E3E","7E45","7E33","7E3E","7E34","7E2B","7E35","7E3E","7E34","7E35","7E30","7E30"
"747","46272","47268","C7EF","C7E6","C7DD","C7FE","C7FE","C7F6","C7DD","C7D4","C7D5","C7F6","C7ED","C7EE","C7E3","C7FB"
"748","46288","47284","114D","113B","1146","1164","1153","115C","113C","1133","113E","1154","114B","1154","1142","1158"
"749","46304","47300","59DA","59DB","59D2","59DA","59DE","59D2","59D2","59D3","59CA","59D2","59C9","59CA","59D8","59D8"
"750","46320","47316","A3B0","A3A5","A3AA","A3C7","A3BE","A3C2","A3A8","A395","A3A2","A3BF","A3AD","A3BA","A39A","A3B2"
"751","46336","47332","0C93","0C94","0C8B","0C9D","0C8A","0C95","0C8B","0C8C","0C8D","0C95","0C8C","0C8D","0C91","0C91"
"752","46352","47348","39EE","39DC","39DD","39E2","39DC","39E9","39E2","39D3","39D3","39DC","39D3","39DE","39E3","39D9"
"753","46368","47364","8570","8561","8567","8592","857B","8580","8563","8555","855B","857C","8573","8582","8567","8582"
"754","46384","47380","CFC7","CFC9","CFC8","CFD0","CFC9","CFC8","CFBF","CFB5","CFC2","CFCA","CFC2","CFC2","CFBB","CFC6"
"755","46400","47396","6B26","6B24","6B1E","6B26","6B24","6B1E","6B1E","6B15","6B1D","6B1E","6B15","6B1D","6B21","6B21"
"756","46416","47412","BC00","BBF7","BBF8","BC18","BC1A","BC10","BC04","BBF9","BBF0","BC1B","BC12","BC08","BBF4","BC0C"
"757","46432","47428","FE9D","FE94","FE95","FE9D","FEA0","FE95","FEA1","FE8C","FE99","FE95","FE8C","FE8D","FE9D","FE9D"
"758","46456","47452","47DD","47D4","47D4","47D0","47D4","47D4","47C8","47BF","47C0","47C8","47BF","47C0","47D0","47C4"
"759","46472","47468","738C","738D","7384","738C","738D","7384","7384","7385","7386","7384","7385","7386","7380","7380"
"760","46488","47484","BECA","BECD","BECC","BECA","BECD","BECC","BECA","BEC1","BEBA","BECA","BEC1","BEBA","BEC8","BEC6"
"761","46504","47500","05E7","05EA","05DF","05E7","05EA","05DF","05DF","05DF","05D7","05DF","05DF","05E0","05DB","05DB"
"762","46520","47516","05E7","05EA","05DF","05E7","05EA","05DF","05DF","05DF","05D7","05DF","05DF","05E0","05DB","05DB"
"763","46536","47532","4FB2","4FB1","4FAA","4FC9","4FC9","4FC1","4FAA","4FA9","4FA2","4FC1","4FC1","4FB9","4FA6","4FBD"
"764","46552","47548","C88F","C87C","C87D","C8AD","C899","C8A5","C888","C87F","C880","C8A5","C891","C892","C884","C896"
"765","46568","47564","0025","0026","0028","0030","001C","0028","0027","001E","001F","001D","001F","0015","0019","0019"
"766","46584","47580","494F","4946","4940","494F","4946","4940","4949","4937","4941","493E","4935","4941","4943","493C"
"767","46600","47596","9437","942E","942E","9438","942E","942E","9430","941C","941D","9430","941C","941D","9421","9421"
"768","46624","47620","DBBD","DBAC","DBB5","DBBD","DBAC","DBB5","DBB9","DBA4","DBAD","DBB9","DBA4","DBAD","DBB1","DBB1"
"769","46640","47636","250C","24FB","24FC","250C","24FB","24FC","2504","24F3","24FC","2504","24F3","24FC","24F8","24F8"
"770","46656","47652","7713","770A","770B","772B","772C","7723","770B","7702","770D","7723","771A","7725","7712","772A"
"771","46672","47668","B93E","B935","B943","B95D","B95D","B955","B936","B92D","B92E","B95F","B955","B956","B93F","B95A"
"772","46688","47684","0213","0214","0216","021D","020A","0213","020B","0202","020B","020B","0202","0203","020F","0207"
"773","46704","47700","2C45","2C3C","2C3D","2C46","2C34","2C3D","2C35","2C29","2C2D","2C35","2C29","2C2D","2C31","2C31"
"774","46720","47716","BD46","BD47","BD3E","BD46","BD49","BD3E","BD47","BD35","BD3F","BD3E","BD35","BD36","BD44","BD44"
"775","46736","47732","10BF","10C0","10C1","10D9","10DB","10DC","10B7","10B8","10B9","10D1","10C8","10D4","10BD","10D9"
"776","46752","47748","84A3","849A","849B","84E4","84D0","84DC","84A6","849D","8493","84DE","84D3","84D6","84A2","84CD"
"777","46768","47764","AE04","ADF9","ADF1","AE3A","AE2D","AE26","ADFC","ADF4","ADE9","AE27","AE1F","AE2A","ADF8","AE2A"
"778","46784","47780","EACC","EAB9","EAC4","EB01","EAF8","EAF1","EABA","EABB","EAB2","EAF9","EAF0","EAE9","EAA2","EAED"
"779","46808","47804","3451","3450","3449","3486","3487","347E","3451","3448","3441","347E","3475","3476","344F","3483"
"780","46824","47820","7CEC","7CEC","7CF0","7D0B","7D0B","7D03","7CED","7CE4","7CE5","7D03","7D03","7D04","7CE9","7D08"
"781","46840","47836","7CEC","7CEC","7CF0","7D0B","7D0B","7D03","7CED","7CE4","7CE5","7D03","7D03","7D04","7CE9","7D08"
"782","46856","47852","C5DE","C5D5","C5CD","C5F6","C5ED","C5E5","C5D6","C5C4","C5CF","C5EE","C5DC","C5E7","C5D2","C5EA"
"783","46872","47868","0F25","0F1C","0F1A","0F3F","0F2E","0F39","0F1A","0F08","0F09","0F37","0F2E","0F27","0F0D","0F2B"
"784","46888","47884","58AC","58A3","58A4","58C4","58C4","58BC","58A4","58A5","589C","58BC","58BC","58C1","58AA","58B8"
"785","46904","47900","A195","A18C","A197","A1B4","A1B3","A1AC","A198","A18F","A190","A1B6","A1AD","A1A4","A193","A1A8"
"786","46920","47916","C88C","C88B","C88C","C894","C883","C88C","C884","C87B","C884","C884","C883","C884","C880","C88B"
"787","46936","47932","0872","0869","0873","0891","0888","0892","0873","086C","086B","0891","0880","0881","0867","088E"
"788","46952","47948","4F5E","4F55","4F4F","4F5E","4F4E","4F4F","4F4F","4F46","4F47","4F4F","4F46","4F4E","4F52","4F55"
"789","46976","47972","A5E2","A5CF","A5D0","A5F8","A5E7","A5F0","A5D0","A5C7","A5C8","A5F4","A5EB","A5E8","A5D8","A5F0"
"790","46992","47988","E12B","E12B","E123","E144","E143","E13C","E12C","E11A","E124","E144","E13B","E13D","E128","E138"
"791","47008","48004","2F44","2F45","2F3C","2F5D","2F5B","2F5C","2F46","2F3D","2F34","2F5C","2F4C","2F57","2F42","2F58"
"792","47024","48020","786C","786F","786F","7885","7885","7886","786D","785B","7865","7887","787D","787E","7860","7879"
"793","47040","48036","15E0","15D7","15CE","15EF","15EF","15E7","15D8","15C7","15D1","15E7","15DE","15DF","15CC","15EC"
"794","47056","48052","5E60","5E57","5E63","5E60","5E57","5E58","5E66","5E5A","5E5B","5E63","5E5A","5E50","5E5F","5E5F"
"795","47072","48068","A917","A90E","A90F","A94C","A943","A944","A919","A910","A907","A94D","A944","A93C","A90B","A940"
"796","47088","48084","F0DD","F0DD","F0D5","F0E6","F0D4","F0D5","F0D5","F0CC","F0D6","F0DE","F0CC","F0D6","F0DA","F0D1"
"797","47104","48100","13E0","13CC","13CD","13DE","13CC","13D9","13D6","13CC","13CE","13D6","13CC","13CE","13CF","13CF"
"798","47120","48116","3E87","3E75","3E76","3E87","3E7E","3E76","3E76","3E6D","3E6E","3E76","3E6D","3E6E","3E5E","3E7B"
"799","47144","48140","8787","8776","877F","8787","877E","877F","8783","8776","8777","8783","876E","8777","877F","8773"
"800","47160","48156","8787","8776","877F","8787","877E","877F","8783","8776","8777","8783","876E","8777","877F","8773"
"801","47176","48172","D05B","D04A","D04B","D05B","D052","D04B","D053","D042","D043","D053","D042","D043","D047","D047"
"802","47192","48188","57EB","57D8","57E3","57EA","57D8","57E3","57E2","57D0","57D1","57E2","57D0","57D1","57DF","57DF"
"803","47208","48204","91B3","91A8","91A1","91B3","91A8","91A1","91A9","9198","91A1","91A9","91A0","91A1","919D","919D"
"804","47224","48220","DA52","DA3F","DA4B","DA50","DA3F","DA4B","DA48","DA42","DA40","DA48","DA3F","DA40","DA3C","DA3C"
"805","47240","48236","1B9E","1B9E","1B9F","1BD5","1BD8","1BD6","1B96","1B99","1B8E","1BCD","1BD0","1BC5","1B92","1BC9"
"806","47256","48252","6CC8","6CCA","6CCB","6CD0","6CBF","6CC8","6CC8","6CBF","6CB8","6CCB","6CBF","6CB8","6CBC","6CC4"
"807","47272","48268","B60F","B60F","B60E","B60F","B60F","B60E","B607","B607","B606","B60E","B607","B606","B603","B603"
"808","47288","48284","FF54","FF4B","FF55","FF54","FF4B","FF55","FF4C","FF4B","FF4C","FF4C","FF4B","FF4C","FF48","FF48"
"809","47304","48300","4892","4887","488B","4892","4887","488B","4880","4877","4882","4880","487F","4880","487C","487C"
"810","47320","48316","926C","9263","925B","928A","9281","927A","925B","925E","9253","927A","927C","9272","9257","9276"
"811","47336","48332","D391","D388","D393","D391","D388","D389","D392","D38A","D38B","D394","D380","D381","D390","D38E"
"812","47360","48356","6453","6452","6451","645B","6450","6451","644B","6448","644B","6451","6442","6449","644F","644D"
"813","47376","48372","AD87","AD7E","AD8A","AD91","AD7E","AD7F","AD89","AD7F","AD80","AD7F","AD7F","AD82","AD7B","AD84"
"814","47392","48388","5FB3","5FA6","5FA7","5FE8","5FDB","5FDC","5FA7","5FA2","5FA3","5FDC","5FD7","5FD8","5FA3","5FD8"
"815","47408","48404","9970","9967","9968","9985","997C","9984","995E","995F","9960","9984","9974","997C","9964","9983"
"816","47424","48420","D7C8","D7B3","D7B4","D80A","D801","D802","D7B4","D7B8","D7B7","D7F8","D7F4","D7FA","D7BB","D7FE"
"817","47440","48436","2067","2055","2062","207D","207D","207D","2061","205A","204E","2075","2075","2075","205F","207C"
"818","47456","48452","6899","6887","6894","6899","688F","6894","6894","688B","688A","6889","687F","688C","6884","6884"
"819","47472","48468","6899","6887","6894","6899","688F","6894","6894","688B","688A","6889","687F","688C","6884","6884"
"820","47488","48484","AB7A","AB7A","AB7B","ABA0","AB8F","AB98","AB7B","AB69","AB73","AB90","AB87","AB90","AB6E","AB94"
"821","47504","48500","FB9E","FB96","FB96","FBB6","FBAC","FBB8","FB9F","FB96","FB97","FBAF","FBAD","FBAF","FB9D","FBAA"
"822","47520","48516","4510","4511","4507","453A","4527","4523","4516","4509","4502","4527","4525","451F","4511","4523"
"823","47536","48532","8D95","8D83","8D8E","8D95","8D83","8D8E","8D85","8D84","8D7D","8D85","8D7B","8D85","8D8B","8D80"
"824","47560","48556","BEE2","BED1","BED2","BF01","BEED","BEEE","BEDA","BEC9","BECA","BEF9","BEF0","BEE6","BECE","BEEA"
"825","47576","48572","156E","156E","156F","1577","1565","1566","156F","1566","155E","156F","155D","155E","1562","1562"
"826","47592","48588","542E","5427","541D","5430","5425","5428","541D","541D","5415","541D","541D","541E","5419","5426"
"827","47608","48604","9DF9","9DFD","9DF1","9E17","9E0E","9E0F","9DFB","9DF3","9DE9","9E0F","9E11","9E07","9DF8","9E16"
"828","47624","48620","176D","1759","1763","1783","1771","177B","175A","175B","1752","1772","1769","176A","1756","176E"
"829","47640","48636","4C2D","4C2C","4C25","4C46","4C3D","4C46","4C25","4C24","4C1D","4C3C","4C35","4C3E","4C21","4C38"
"830","47656","48652","976D","976E","976F","978D","977D","9785","9765","975C","975D","977E","9775","977D","9761","9785"
"831","47672","48668","3472","3469","3472","3493","3480","348B","3472","3461","346A","348B","3482","3479","3466","3487"
"832","47688","48684","7EDB","7ED2","7ED3","7F00","7EF7","7EF8","7ED3","7ED3","7ED3","7EF1","7EEF","7EF5","7ED9","7EF4"
"833","47712","48708","A992","A992","A98A","A9B4","A9A1","A9A2","A98A","A981","A982","A9A2","A9A3","A9A1","A986","A99E"
"834","47728","48724","EB6D","EB64","EB65","EB6F","EB5C","EB67","EB5D","EB5C","EB55","EB65","EB54","EB55","EB61","EB65"
"835","47744","48740","2FB3","2FA9","2FB4","2FB2","2FAA","2FB4","2FAB","2FA2","2FAC","2FAB","2FA2","2FA3","2FB0","2FA7"
"836","47760","48756","5D5C","5D53","5D54","5D5C","5D53","5D54","5D54","5D4B","5D4C","5D54","5D4B","5D58","5D50","5D50"
"837","47776","48772","8831","8828","8828","8830","8828","8828","8829","8821","8821","8829","8821","8821","881C","881C"
"838","47792","48788","8831","8828","8828","8830","8828","8828","8829","8821","8821","8829","8821","8821","881C","881C"
"839","47808","48804","D12D","D121","D12F","D12D","D121","D12F","D12E","D122","D11D","D12E","D122","D11D","D127","D127"
"840","47824","48820","19FB","19FC","19FC","19FB","19FC","19EF","19F1","19F3","19E9","19F1","19F3","19E9","19EE","19EE"
"841","47840","48836","C490","C487","C495","C4A9","C4A0","C4AD","C495","C47F","C480","C4AD","C498","C499","C484","C49D"
"842","47856","48852","FB9B","FB9A","FB9D","FBBF","FBB4","FBA9","FB9C","FB8B","FB94","FBB5","FBAB","FBAD","FB8E","FBAF"
"843","47872","48868","453C","453B","4534","4575","456B","456D","4537","452A","452F","4577","4564","456F","4533","4569"
"844","47888","48884","8E84","8E79","8E7C","8E99","8E88","8E91","8E79","8E72","8E71","8E8E","8E8B","8E7F","8E76","8E86"
"845","47912","48908","D68D","D683","D684","D68D","D67A","D685","D685","D67B","D67C","D685","D66E","D67C","D67F","D680"
"846","47928","48924","207C","2074","206B","2092","208B","2084","2073","2064","2060","208B","207B","2087","2068","2087"
"847","47944","48940","7A60","7A57","7A62","7A75","7A6C","7A7A","7A62","7A4F","7A5A","7A6D","7A71","7A72","7A54","7A69"
"848","47960","48956","B278","B268","B270","B27B","B268","B268","B266","B25F","B268","B26E","B25F","B25E","B264","B26D"
"849","47976","48972","FB78","FB7B","FB74","FB85","FB6F","FB7D","FB79","FB6B","FB75","FB79","FB6B","FB76","FB78","FB78"
"850","47992","48988","99DD","99DE","99DE","99DD","99D4","99DE","99D5","99D6","99D6","99D5","99D6","99D6","99DB","99DB"
"851","48008","49004","E307","E2F2","E2FC","E307","E2FB","E2FC","E2FC","E2EA","E2F4","E2FC","E2EA","E2F4","E2EF","E2EF"
"852","48024","49020","2C3B","2C32","2C3F","2C3B","2C32","2C3F","2C3C","2C33","2C34","2C3C","2C33","2C34","2C3B","2C3B"
"853","48040","49036","8A10","89FD","89FE","8A2E","8A19","8A1A","89FE","89F5","8A00","8A1A","8A11","8A1E","89FA","8A16"
"854","48056","49052","B525","B50E","B51B","B535","B537","B537","B51C","B511","B513","B52F","B52E","B52E","B50C","B52A"
"855","48080","49076","FE34","FE35","FE2C","FE52","FE52","FE51","FE26","FE2F","FE2C","FE52","FE41","FE44","FE31","FE4D"
"856","48096","49092","4816","480E","4815","4855","4849","4843","4815","4805","4805","484B","4841","483D","4810","483E"
"857","48112","49108","4816","480E","4815","4855","4849","4843","4815","4805","4805","484B","4841","483D","4810","483E"
"858","48128","49124","911F","9116","9117","913C","9135","9128","910D","910D","9105","9132","912E","912B","9110","9131"
"859","48144","49140","D95C","D953","D954","D95C","D95B","D95F","D950","D954","D948","D95D","D954","D955","D950","D95A"
"860","48160","49156","2344","2338","2346","235F","2355","2360","2338","2331","2330","2361","234E","2350","2335","2352"
"861","48176","49172","6BC4","6BBA","6BBC","6BC4","6BBA","6BC3","6BBA","6BBB","6BB2","6BC7","6BB3","6BB2","6BB8","6BB8"
"862","48192","49188","B604","B5F2","B5FC","B622","B60E","B61A","B5FD","B5EA","B5EC","B619","B60F","B609","B5F0","B60D"
"863","48216","49212","F86F","F86E","F86F","F8AE","F8A6","F89C","F867","F866","F867","F89C","F89E","F89E","F86B","F8A2"
"864","48232","49228","34F8","34F7","34F0","34F8","34EE","34F8","34FA","34EF","34F2","34FA","34EF","34F0","34F4","34F4"
"865","48248","49244","7940","7937","7938","794E","7942","7943","7938","792F","7930","7943","793D","793E","793F","793F"
"866","48264","49260","C798","C797","C790","C7B0","C7A7","C7A8","C790","C790","C788","C7A8","C7A7","C7A0","C78C","C7AC"
"867","48280","49276","40B9","40BC","40B1","40D1","40D3","40D3","40BC","40B5","40B5","40C9","40C0","40CB","40B8","40CF"
"868","48296","49292","708D","708B","7092","70B1","709C","70A9","708C","707C","707D","709D","709B","7095","7088","70A5"
"869","48312","49308","0F4E","0F45","0F46","0F6D","0F64","0F65","0F46","0F45","0F3E","0F5D","0F5C","0F5D","0F42","0F61"
"870","48328","49324","57CC","57C5","57BD","57C5","57BC","57BB","57BD","57BD","57BE","57BD","57BD","57BE","57B9","57B9"
"871","48344","49340","A1B5","A1B4","A1B5","A1D7","A1C5","A1CF","A1B7","A1A4","A1A5","A1CF","A1BD","A1C7","A1A9","A1C2"
"872","48360","49356","03BE","03AC","03B6","03E9","03E0","03E4","03B8","03A4","03A4","03EE","03DB","03DC","03A8","03DD"
"873","48384","49380","2AEA","2AE1","2ADA","2B02","2AF9","2AF1","2AE6","2AD9","2ADA","2AF1","2AE8","2AF2","2AE2","2AED"
"874","48400","49396","740A","73FD","73FE","7416","7414","7417","73FE","73F5","73EE","740E","740C","740D","73F2","740A"
"875","48416","49412","9DD7","9DD7","9DCF","9DF9","9DE7","9DF1","9DD9","9DCF","9DD0","9DF1","9DE8","9DE0","9DD4","9DE4"
"876","48432","49428","9DD7","9DD7","9DCF","9DF9","9DE7","9DF1","9DD9","9DCF","9DD0","9DF1","9DE8","9DE0","9DD4","9DE4"
"877","48448","49444","E737","E72E","E73A","E750","E747","E753","E72F","E730","E731","E750","E749","E748","E72B","E74E"
"878","48464","49460","2F03","2F03","2EFB","2F03","2EFA","2EFB","2F04","2EFB","2EFC","2EFB","2EFB","2EF3","2F00","2F00"
"879","48480","49476","B482","B471","B47D","B4BA","B4A7","B4A8","B47A","B469","B46A","B4A8","B49F","B4AA","B476","B4AC"
"880","48496","49492","D265","D253","D25D","D29A","D291","D292","D254","D254","D255","D296","D281","D282","D250","D292"
"881","48512","49508","2010","2007","2008","204F","203D","203E","2010","2007","2009","204A","203E","2040","2004","2043"
"882","48528","49524","69AF","69B6","69AD","69E9","69E3","69EA","699C","699C","69A5","69E3","69E3","69DA","6998","69DF"
"883","48552","49548","B251","B251","B249","B279","B26F","B265","B249","B249","B241","B265","B268","B268","B24E","B261"
"884","48568","49564","FB14","FB01","FB09","FB2E","FB19","FB22","FB0C","FB03","FAFA","FB1A","FB11","FB1A","FAFE","FB22"
"885","48584","49580","444F","4446","4451","446D","4464","4464","444F","4446","443F","4465","445C","445D","4443","4461"
"886","48600","49596","8E24","8E13","8E1C","8E34","8E32","8E2C","8E1C","8E0B","8E14","8E2C","8E23","8E24","8E10","8E2F"
"887","48616","49612","D6D8","D6CF","D6D0","D6F7","D6EE","D6FB","D6DD","D6C7","D6C8","D6F9","D6EF","D6F0","D6CC","D6EB"
"888","48632","49628","62B5","62AC","62B7","62D3","62D4","62CB","62AD","62A4","62AF","62CB","62C2","62C3","62A9","62C7"
"889","48648","49644","AACF","AAC7","AABE","AAC6","AABD","AAC7","AACA","AABE","AABF","AAC8","AAB5","AABF","AAC4","AAC3"
"890","48664","49660","F3E7","F3E7","F3E8","F3E7","F3E7","F3E8","F3DF","F3DF","F3E0","F3DF","F3DF","F3E0","F3DB","F3DB"
"891","48680","49676","3D99","3D88","3D93","3D91","3D90","3D93","3D93","3D8A","3D81","3D89","3D80","3D81","3D8F","3D8F"
"892","48704","49700","7AC1","7AAF","7ABC","7AB8","7AAF","7AB9","7AB9","7AB0","7AA8","7AB0","7AA7","7AA8","7AAC","7AB6"
"893","48720","49716","C3DE","C3E2","C3D6","C3DE","C3E2","C3D6","C3D6","C3CD","C3D9","C3D6","C3D7","C3D9","C3DD","C3DC"
"894","48736","49732","095F","0956","094F","0977","096E","0967","094F","094E","0947","0967","0968","096B","0956","096F"
"895","48752","49748","095F","0956","094F","0977","096E","0967","094F","094E","0947","0967","0968","096B","0956","096F"
"896","48768","49764","566A","566B","5662","5674","5661","566B","5662","5663","565A","566E","5659","565A","5668","565E"
"897","48784","49780","9FC3","9FB1","9FB2","9FC3","9FB1","9FB2","9FBB","9FB5","9FB3","9FBB","9FB3","9FAA","9FAE","9FB7"
"898","48800","49796","E977","E962","E963","E994","E98B","E982","E96F","E966","E964","E98B","E983","E983","E95F","E987"
"899","48816","49812","3228","3216","3217","321F","321E","3217","3217","3216","320F","3217","320E","320F","3213","321B"
"900","48832","49828","7B8B","7B8C","7B83","7B8B","7B8C","7B83","7B8D","7B7A","7B86","7B8E","7B7A","7B86","7B7F","7B7F"
"901","48848","49844","A6FD","A6FE","A6F5","A6FD","A6FE","A6F5","A6F5","A6EC","A6F6","A6FE","A6EC","A6ED","A6F1","A6F1"
"902","48864","49860","D4FB","D4EA","D4EB","D514","D500","D501","D4F4","D4E0","D4E2","D50D","D4F9","D4F5","D4EF","D505"
"903","48888","49884","1DE7","1DEA","1DE9","1DFE","1E03","1E00","1DDF","1DDD","1DE3","1DF8","1DF6","1DFC","1DE2","1DFC"
"904","48904","49900","6636","662D","6637","6636","662D","6637","662E","6625","662F","662E","6631","6626","6633","6633"
"905","48920","49916","184A","1836","183F","1858","184F","1856","1837","182E","182F","1850","1847","1848","1833","184C"
"906","48936","49932","480D","47FF","47FB","4809","47F8","4802","4806","47EF","47FC","47F9","47F8","47F3","47F6","47F6"
"907","48952","49948","E9F6","E9ED","E9FA","E9F6","E9ED","E9EE","E9EE","E9E5","E9EF","E9EE","E9E5","E9EF","E9EA","E9F3"
"908","48968","49964","310E","3105","3106","3110","3105","30FC","3106","30FD","3101","3106","30FD","3101","3102","3102"
"909","48984","49980","6F01","6EF0","6EF8","6F01","6EF0","6EF8","6EFE","6EF0","6EEB","6EF3","6EF0","6EEB","6EF3","6EF3"
"910","49000","49996","C45A","C45C","C45F","C474","C475","C478","C45D","C456","C44A","C476","C46F","C464","C457","C46F"
"911","49016","50012","0737","072E","073A","0758","074F","0758","072F","0726","0727","0750","074F","0750","072B","0754"
"912","49032","50028","4C61","4C4C","4C4E","4C56","4C4C","4C59","4C57","4C44","4C46","4C4E","4C4D","4C46","4C50","4C47"
"913","49048","50044","8DD3","8DCA","8DD4","8DD3","8DD3","8DD4","8DD4","8DCB","8DC3","8DD4","8DC2","8DC3","8DC7","8DD0"
"914","49072","50068","8DD3","8DCA","8DD4","8DD3","8DD3","8DD4","8DD4","8DCB","8DC3","8DD4","8DC2","8DC3","8DC7","8DD0"
"915","49088","50084","CF38","CF31","CF2F","CF38","CF2E","CF2F","CF30","CF1E","CF1F","CF27","CF1E","CF1F","CF23","CF2C"
"916","49104","50100","14B1","14A8","14A9","14B1","14A8","14A9","14A9","14AA","14AC","14B3","14AA","14AC","14A5","14A5"
"917","49120","50116","5E3D","5E34","5E3F","5E46","5E34","5E3F","5E35","5E35","5E2D","5E35","5E35","5E2D","5E3A","5E3A"
"918","49136","50132","D30A","D302","D2F7","D322","D319","D30F","D302","D2EE","D2EF","D31A","D306","D312","D2FF","D316"
"919","49152","50148","0EC1","0EB8","0EB1","0ED6","0ED7","0ECE","0EB9","0EB0","0EB1","0ED8","0EC5","0EC6","0EAD","0ECA"
"920","49168","50164","572E","571C","5726","5726","5725","571E","5726","571D","571E","5726","571D","571E","5722","5722"
"921","49184","50180","A395","A394","A395","A39D","A394","A38D","A396","A38C","A38D","A396","A38C","A385","A391","A391"
"922","49200","50196","E9E3","E9D1","E9DB","E9E3","E9D1","E9D2","E9DB","E9C9","E9D3","E9DC","E9C9","E9D3","E9D7","E9D7"
"923","49216","50212","3331","3325","331D","3331","3325","331D","3326","3314","3315","3326","3314","3315","3319","3319"
"924","49232","50228","8076","8065","806E","8092","807D","8087","8072","8065","805E","808A","807E","8076","8062","807A"
"925","49248","50244","B8F5","B8E1","B8E7","B90F","B8FC","B908","B8E9","B8DA","B8D9","B907","B8F0","B8F8","B8DE","B8F8"
"926","49272","50268","4601","45F8","4604","460D","45F8","4605","45F9","45F0","45FD","45F9","45F0","45FD","45F5","4601"
"927","49288","50284","9120","910D","910E","9120","911A","910E","9118","910F","9110","9118","910F","9110","9114","9117"
"928","49304","50300","D7D8","D7D9","D7D0","D7D8","D7D9","D7D0","D7DB","D7D1","D7D3","D7DB","D7D1","D7D3","D7D7","D7D7"
"929","49320","50316","215C","2152","2149","215C","2153","2149","2153","214B","2141","2153","214B","2141","2150","2150"
"930","49336","50332","940B","93F9","93FA","9441","942F","9430","9402","93F9","93F2","9437","942E","9428","93F6","942C"
"931","49352","50348","C0B0","C0A7","C0B1","C0E5","C0DC","C0E7","C0B1","C09F","C0A9","C0DD","C0D4","C0DF","C0AF","C0D9"
"932","49368","50364","09F1","09E8","09E1","0A28","0A20","0A20","09E1","09E0","09D9","0A14","0A0B","0A0C","09DD","0A1C"
"933","49384","50380","09F1","09E8","09E1","0A28","0A20","0A20","09E1","09E0","09D9","0A14","0A0B","0A0C","09DD","0A1C"
"934","49400","50396","5371","536B","536C","53A6","53A7","53A6","536C","5363","5367","53A6","539F","53A0","5368","53A2"
"935","49424","50420","9C15","9C0D","9C10","9C29","9C29","9C21","9C10","9BFA","9BFB","9C21","9C21","9C22","9C09","9C1D"
"936","49440","50436","E502","E4EE","E4FD","E512","E509","E50A","E4EF","E4E6","E4E7","E50A","E50A","E50B","E4EB","E506"
"937","49456","50452","11C5","11B5","11B6","11F3","11EA","11F5","11B6","11AD","11AE","11F5","11EC","11ED","11B2","11F1"
"938","49472","50468","59DA","59DD","59DB","5A00","59EF","59F9","59D2","59C9","59D6","59F8","59E7","59E8","59D7","59F4"
"939","49488","50484","A1E0","A1E1","A1E3","A1EA","A1E2","A1E3","A1D8","A1D9","A1DA","A1E2","A1DA","A1DB","A1D4","A1DF"
"940","49504","50500","CDCC","CDC3","CDBC","CDEB","CDE2","CDE3","CDBC","CDBB","CDBE","CDE3","CDDA","CDDB","CDC0","CDDF"
"941","49520","50516","FCF4","FCEB","FD07","FCFB","FCEB","FD07","FCF3","FCEA","FCEE","FCEC","FCE2","FCEE","FCF1","FCE8"
"942","49536","50532","460D","4602","45FB","460D","4602","45FB","4603","45FA","45FD","45FB","45FA","45FD","4602","45F7"
"943","49552","50548","8EC7","8EBE","8ECB","8ED0","8EBE","8EBF","8EC8","8EB6","8EB7","8EBF","8EB6","8EC0","8EBB","8EBB"
"944","49568","50564","4082","4079","406E","40B8","40A2","40B0","407A","4071","4072","40A3","40A7","40A8","406A","409F"
"945","49592","50588","C806","C7F5","C7F6","C833","C834","C835","C7F6","C7F9","C7EE","C835","C822","C82F","C7FE","C831"
"946","49608","50604","119E","118D","1196","11CB","11CF","11C3","118E","118D","1186","11CD","11C7","11BB","1192","11BF"
"947","49624","50620","59F3","59E0","59E1","5A0E","5A05","5A09","59EA","59D8","59E3","59FF","59F6","59FE","59DD","5A02"
"948","49640","50636","A313","A30A","A315","A32B","A32B","A32B","A30B","A302","A30F","A32C","A31A","A324","A311","A327"
"949","49656","50652","F04F","F03B","F047","F06E","F05B","F05C","F047","F033","F034","F05C","F053","F05E","F038","F060"
"950","49672","50668","29ED","29ED","29EC","2A0D","2A02","2A05","29EE","29E6","29E8","2A05","29FC","29F2","29EA","29FF"
"951","49688","50684","72E8","72D6","72D8","7306","72F2","72FB","72D3","72D7","72DB","72F4","72F3","72EE","72DD","72F9"
"952","49704","50700","72E8","72D6","72D8","7306","72F2","72FB","72D3","72D7","72DB","72F4","72F3","72EE","72DD","72F9"
"953","49720","50716","BC54","BC42","BC43","BC70","BC6B","BC69","BC4E","BC38","BC39","BC6C","BC58","BC62","BC3F","BC66"
"954","49736","50732","045B","0452","0458","0465","0452","0458","045C","0455","0454","0453","0457","044C","044F","044F"
"955","49760","50756","490A","4901","4902","48FF","48F9","4902","4903","48F9","48F2","48F7","48F9","48FB","48FE","48FE"
"956","49776","50772","96E4","96E3","96D8","96E4","96DC","96D8","96DC","96D4","96D2","96DC","96DF","96E0","96D9","96D9"
"957","49792","50788","F5D6","F5CB","F5C1","F5D4","F5CB","F5CE","F5C1","F5C3","F5B9","F5C1","F5B8","F5B9","F5BD","F5BD"
"958","49808","50804","288B","2882","288D","288B","288B","288D","288C","287A","2885","288C","287A","287B","2888","2888"
"959","49824","50820","760F","75FF","75FF","760F","75FF","75FF","7608","75F7","7603","7608","75F7","7603","7602","7602"
"960","49840","50836","BFE6","BFDD","BFD5","BFFE","BFF7","BFEC","BFE0","BFCC","BFD8","BFF4","BFE6","BFEC","BFDB","BFF3"
"961","49856","50852","0434","0423","0424","042C","042B","042C","0424","0426","0424","0424","041B","0426","0420","0420"
"962","49872","50868","51BD","51BB","51BD","51C5","51B6","51BD","51BC","51AC","51B4","51C0","51B5","51B4","51B8","51B8"
"963","49888","50884","9B9B","9B89","9B95","9BB6","9BA7","9BAF","9B98","9B89","9B8C","9BB3","9BA9","9BA9","9B90","9BA5"
"964","49912","50908","38B6","38AD","38AE","38AB","38A2","38A3","38AE","38A5","389B","38AE","389A","389B","38AA","38AA"
"965","49928","50924","7A74","7A6B","7A6C","7A7E","7A6B","7A6C","7A6C","7A63","7A64","7A6C","7A6D","7A64","7A68","7A68"
"966","49944","50940","B90F","B906","B907","B920","B91F","B920","B907","B8FE","B8F8","B920","B90F","B910","B903","B91C"
"967","49960","50956","00F2","00E7","00E8","00F2","00DE","00DF","00DF","00E1","00D7","00E7","00D6","00D7","00DB","00E4"
"968","49976","50972","7094","708F","7090","70AC","70A7","70A8","708C","7083","7088","70A4","709B","70A0","7088","70DC"
"969","49992","50988","9AF5","9AF7","9AFA","9AFF","9AF9","9AF8","9AEC","9AEE","9AF3","9AEC","9AF1","9AE5","9AF3","9AEA"
"970","50008","51004","ED66","ED54","ED5E","ED66","ED5D","ED55","ED55","ED4C","ED4D","ED55","ED4C","ED4D","ED51","ED5A"
"971","50032","51028","ED66","ED54","ED5E","ED66","ED5D","ED55","ED55","ED4C","ED4D","ED55","ED4C","ED4D","ED51","ED5A"
"972","50048","51044","3724","3725","3728","3743","3744","3745","3728","3720","3720","373B","373F","373D","3718","3737"
"973","50064","51060","7FEB","7FE2","7FE3","7FE2","7FE2","7FDA","7FDA","7FD1","7FDB","7FE3","7FD1","7FDB","7FDF","7FDF"
"974","50080","51076","C922","C90F","C910","C922","C90F","C910","C910","C907","C912","C91A","C907","C912","C90C","C90C"
"975","50096","51092","124D","1244","1245","124D","1244","124F","124F","1246","1247","1245","1246","1247","124F","124F"
"976","50112","51108","688D","6884","6885","68AF","689C","689D","688E","6884","6886","68A7","689D","6895","6889","68A2"
"977","50128","51124","A6E8","A6DF","A6E9","A711","A6FD","A6FE","A6E8","A6DF","A6D8","A6FE","A6FD","A6FE","A6DC","A702"
"978","50144","51140","CF01","CEF8","CF03","CF01","CF02","CEF9","CF03","CEFA","CEFB","CF06","CEF0","CEF1","CEF5","CEF5"
"979","50160","51156","1876","1863","186D","1875","1863","186E","186D","185B","1865","186D","1865","1866","186C","186C"
"980","50176","51172","6136","6121","6122","6136","6121","6122","612C","6125","6124","612C","6125","6124","6128","611E"
"981","50200","51196","AA84","AA7B","AA7C","AA84","AA7B","AA7C","AA7C","AA73","AA74","AA7C","AA73","AA74","AA6E","AA6E"
"982","50216","51212","2D1E","2D12","2D0B","2D8A","2D7E","2D76","2D0B","2D0A","2D03","2D76","2D76","2D6E","2D0F","2D7B"
"983","50232","51228","A200","A1F3","A1EC","A233","A221","A22B","A1F4","A1EF","A1EE","A22B","A219","A21A","A1F4","A21E"
"984","50248","51244","E5CE","E5C4","E5BD","E5ED","E5D9","E5DC","E5BD","E5C0","E5B6","E5DB","E5D2","E5DD","E5B9","E5D8"
"985","50264","51260","3385","3372","3373","339F","338A","338B","337D","3377","336B","3399","3382","338F","336F","3387"
"986","50280","51276","7CB6","7CB8","7CB9","7CD5","7CD8","7CD8","7CB9","7CB0","7CB1","7CD8","7CCF","7CD0","7CB5","7CD4"
"987","50296","51292","BA24","BA13","BA1C","BA3C","BA2B","BA34","BA14","BA13","BA14","BA36","BA23","BA2C","BA10","BA28"
"988","50312","51308","0308","02FF","0300","0327","0315","031F","0302","02F7","02F0","031F","030D","0317","02F4","0312"
"989","50328","51324","4B77","4B75","4B78","4B77","4B77","4B6F","4B76","4B6F","4B67","4B77","4B66","4B67","4B6B","4B72"
"990","50344","51340","4B77","4B75","4B78","4B77","4B77","4B6F","4B76","4B6F","4B67","4B77","4B66","4B67","4B6B","4B72"
"991","50360","51356","8E67","8E5E","8E5F","8E86","8E73","8E7D","8E55","8E4C","8E5A","8E74","8E6B","8E77","8E51","8E70"
"992","50384","51380","CB88","CB76","CB80","CB7F","CB83","CB80","CB81","CB6E","CB7C","CB80","CB6E","CB78","CB73","CB73"
"993","50400","51396","145D","144A","1455","145D","1454","144B","1455","144C","1443","144B","1442","144D","1451","1451"
"994","50416","51412","5E9E","5E9E","5E96","5EBC","5EBC","5EB4","5E9F","5E96","5E97","5EB4","5EB4","5EB5","5E9B","5EB9"
"995","50432","51428","A6E0","A6CD","A6D7","A6E0","A6CD","A6D8","A6D8","A6CE","A6C6","A6CE","A6CE","A6C6","A6D4","A6CA"
"996","50448","51444","F006","EFFD","F007","F006","EFFD","F007","EFFE","EFF5","EFF6","EFFE","EFF5","EFF6","F003","F003"
"997","50464","51460","3A1C","3A0B","3A14","3A33","3A2A","3A2B","3A16","3A03","3A0C","3A2E","3A1B","3A23","3A10","3A27"
"998","50480","51476","8288","8288","8289","8288","8289","8280","8280","8277","8281","8280","8280","8282","827C","8285"
"999","50496","51492","CBCE","CBC6","CBC6","CBC5","CBC6","CBBD","CBBD","CBBD","CBB5","CBBD","CBBE","CBB5","CBB9","CBC5"
"1000","50512","51508","1131","1125","1126","114D","1144","113C","111F","111D","111E","1145","1133","113D","111B","1141"
"1001","50528","51524","5E2F","5E2F","5E27","5E39","5E2F","5E27","5E27","5E1E","5E1F","5E27","5E1E","5E1F","5E23","5E23"
"1002","50544","51540","FC9C","FC93","FC8A","FC9D","FC93","FC8A","FC95","FC8B","FC82","FC8A","FC8B","FC82","FC90","FC90"
"1003","50568","51564","2A78","2A6F","2A72","2A90","2A87","2A8A","2A7C","2A70","2A71","2A92","2A88","2A80","2A6C","2A84"
"1004","50584","51580","5868","585F","5860","5871","585F","5860","5860","5863","5858","586C","5860","5861","585C","5866"
"1005","50600","51596","A0EA","A0E1","A0E3","A0ED","A0D8","A0E2","A0E2","A0D9","A0DD","A0E5","A0D0","A0D1","A0D5","A0D5"
"1006","50616","51612","DF7F","DF6C","DF6D","DF97","DF9D","DF94","DF76","DF64","DF65","DF8D","DF7C","DF8E","DF69","DF81"
"1007","50632","51628","9084","907C","9073","9084","9072","9073","907C","9073","9074","907C","906A","906B","906F","906F"
"1008","50648","51644","BFA2","BF8F","BF90","BF98","BF99","BF90","BF9A","BF87","BF88","BF9A","BF87","BF92","BF97","BF97"
"1009","50664","51660","BFA2","BF8F","BF90","BF98","BF99","BF90","BF9A","BF87","BF88","BF9A","BF87","BF92","BF97","BF97"
"1010","50680","51676","0F17","0F07","0F08","0F38","0F2F","0F24","0F14","0F07","0F08","0F30","0F26","0F27","0F04","0F20"
"1011","50696","51692","5B0C","5B03","5AFA","5B01","5AF9","5AFA","5B04","5AF1","5AF2","5AFA","5AFB","5AF2","5B00","5B00"
"1012","50712","51708","9D36","9D34","9D2D","9D3E","9D2C","9D2D","9D28","9D22","9D24","9D28","9D22","9D24","9D34","9D34"
"1013","50736","51732","EAEB","EAEE","EAE3","EB06","EAFB","EAFE","EAE3","EAE6","EADB","EAFE","EAFE","EAF6","EADF","EAF9"
"1014","50752","51748","3726","3713","3714","3726","371D","371E","3714","370B","3716","3714","3715","3716","3710","3710"
"1015","50768","51764","6F78","6F6F","6F70","6F78","6F6F","6F7B","6F7B","6F72","6F73","6F7B","6F72","6F68","6F77","6F77"
"1016","50784","51780","C62E","C62F","C626","C62E","C62F","C626","C630","C621","C628","C630","C621","C628","C625","C62B"
"1017","50800","51796","07C0","07AD","07AE","07C0","07AD","07AE","07AE","07A5","07A6","07B8","07A5","07A6","07AA","07AA"
"1018","50816","51812","4939","4930","4931","4939","4930","493A","4937","4928","4929","4931","4928","4929","492D","492D"
"1019","50832","51828","8EB6","8EAD","8EAE","8EB6","8EAD","8EAE","8EAE","8EA5","8EAF","8EAE","8EA5","8EAF","8EAA","8EAA"
"1020","50848","51844","D8B5","D8AF","D8A4","D8CC","D8C7","D8BB","D8AD","D8A4","D8A8","D8C4","D8BB","D8C0","D8A9","D8C1"
"1021","50864","51860","8DA0","8D8E","8D9A","8DCF","8DC6","8DC7","8D98","8D86","8D90","8DC7","8DBE","8DBF","8D8B","8DC3"
"1022","50880","51876","D6A5","D694","D69D","D6DC","D6CE","D6D4","D6A2","D68C","D69A","D6D4","D6CB","D6CF","D691","D6CB"
"1023","50896","51892","2306","2309","22FE","2348","2334","2335","22FE","22F5","22F6","2335","232C","232D","2306","2331"
"1024","50920","51916","66C6","66BB","66B2","66E3","66D0","66D1","66B2","66A9","66AA","66D1","66C7","66D2","66AE","66CD"
"1025","50936","51932","A4DC","A4CA","A4D4","A4F2","A4EA","A4EB","A4D4","A4C2","A4CC","A4E1","A4E1","A4E2","A4C7","A4DD"
"1026","50952","51948","F316","F304","F30C","F34F","F343","F33B","F30C","F2FC","F306","F33B","F332","F33C","F301","F340"
"1027","50968","51964","3755","3756","3757","3779","3770","376A","374D","374D","374D","376A","3768","3762","3752","376D"
"1028","50984","51980","3755","3756","3757","3779","3770","376A","374D","374D","374D","376A","3768","3762","3752","376D"
"1029","51000","51996","7FC0","7FB5","7FB8","7FC0","7FB5","7FB8","7FB7","7FAF","7FAF","7FAF","7FAC","7FA7","7FAA","7FB4"
"1030","51016","52012","A730","A725","A726","A74F","A743","A744","A71D","A714","A715","A73A","A73E","A732","A722","A736"
"1031","51032","52028","FBBF","FBB9","FBB7","FBBF","FBAD","FBAE","FBB7","FBAE","FBAF","FBB7","FBAE","FBA6","FBB3","FBB3"
"1032","51048","52044","4128","4128","4128","4128","4127","4120","4120","411F","4118","4120","411F","4118","4125","4125"
"1033","51072","52068","8A92","8A92","8A8A","8A92","8A92","8A8A","8A8A","8A81","8A82","8A8A","8A81","8A82","8A8F","8A92"
"1034","51088","52084","103B","1036","1037","1068","1068","106C","1029","1020","102F","106C","1057","1061","102F","1065"
"1035","51104","52100","3E2C","3E24","3E24","3E58","3E4F","3E50","3E25","3E11","3E12","3E50","3E50","3E48","3E16","3E55"
"1036","51120","52116","8755","8757","8757","8794","878B","8783","8758","874E","8745","878C","8783","8784","8754","8788"
"1037","51136","52132","D10B","D10D","D103","D140","D137","D138","D103","D0FA","D103","D138","D12F","D130","D107","D134"
"1038","51152","52148","1996","198B","1984","19B2","19A1","19AA","1984","197B","1988","19A2","19A1","199A","1988","199E"
"1039","51168","52164","6271","6268","625F","6289","6277","6281","6269","6258","6261","6281","626F","6279","6263","627D"
"1040","51184","52180","0161","014E","014F","0179","0167","0171","014F","0146","0147","0168","0168","016B","014B","0164"
"1041","51200","52196","4AC4","4AC4","4AC5","4AED","4AD9","4ADA","4ABC","4AB3","4AB4","4AE4","4ADB","4ADD","4AB8","4AE0"
"1042","51216","52212","77F9","77E7","77F1","780D","780E","780F","77E8","77DF","77E9","7805","7807","7807","77E4","780C"
"1043","51240","52236","87DD","87D3","87D4","87DC","87C9","87CA","87CA","87C1","87C2","87CA","87CB","87C2","87C6","87D1"
"1044","51256","52252","BFFE","BFE5","BFF9","BFFE","BFE5","BFF9","BFF6","BFE1","BFEE","BFF6","BFE7","BFE2","BFE3","BFE3"
"1045","51272","52268","0E77","0E77","0E76","0E77","0E76","0E6E","0E76","0E6D","0E6E","0E76","0E6D","0E65","0E72","0E6C"
"1046","51288","52284","B4C4","B4B3","B4B4","B4BC","B4B3","B4B4","B4BC","B4AB","B4B4","B4B4","B4B3","B4AC","B4B0","B4B0"
"1047","51304","52300","B4C4","B4B3","B4B4","B4BC","B4B3","B4B4","B4BC","B4AB","B4B4","B4B4","B4B3","B4AC","B4B0","B4B0"
"1048","51320","52316","EFFE","EFFF","EFF6","EFFE","EFFF","F001","F001","EFF7","EFEE","F001","EFED","EFEE","EFF3","EFF3"
"1049","51336","52332","3917","3911","3907","3917","3911","3907","390F","3909","38FF","390F","3909","38FF","390D","390D"
"1050","51352","52348","82EE","82EB","82EC","8308","8302","8303","82EC","82DD","82E4","8303","82F7","82FB","82E2","82FC"
"1051","51368","52364","E092","E089","E094","E0D4","E0C2","E0C3","E08A","E08B","E08C","E0D0","E0C3","E0C4","E092","E0C8"
"1052","51384","52380","15DE","15D5","15D6","1619","1617","1619","15D6","15CD","15CE","1618","1608","1612","15D2","1614"
"1053","51408","52404","6F08","6EFF","6F0B","6F40","6F37","6F41","6F0B","6EF7","6EF8","6F40","6F38","6F30","6F07","6F3C"
"1054","51424","52420","A8F4","A8F3","A8EC","A92A","A921","A92D","A8F4","A8EB","A8EC","A922","A925","A91A","A8F0","A91E"
"1055","51440","52436","F15B","F152","F153","F17A","F166","F172","F154","F14A","F14B","F171","F168","F15F","F150","F163"
"1056","51456","52452","3A32","3A32","3A37","3A55","3A4B","3A43","3A2A","3A21","3A22","3A43","3A45","3A46","3A2F","3A3F"
"1057","51472","52468","84D8","84D6","84D0","8518","8505","8511","84DA","84C7","84C8","8510","8507","8509","84CC","8502"
"1058","51488","52484","CCB6","CCAB","CCB3","CCD5","CCCE","CCCD","CCAC","CCA3","CCA4","CCC3","CCBA","CCC5","CCAA","CCCB"
"1059","51504","52500","65D3","65D3","65D4","65FA","65E9","65F2","65CB","65C2","65C3","65EA","65E9","65E2","65D0","65EE"
"1060","51520","52516","B2A1","B298","B2A4","B2A1","B298","B2A4","B2A4","B290","B291","B299","B29B","B29C","B295","B295"
"1061","51536","52532","FBFE","FBFF","FBF6","FBFE","FBF5","FBF6","FC00","FBF7","FBEE","FC04","FBF7","FBEE","FBF2","FBF2"
"1062","51552","52548","4531","4528","452C","4531","4528","452C","4529","4520","4521","452C","4520","4521","4525","4525"
"1063","51568","52564","8233","8225","822C","8233","822B","821C","8225","8225","8215","8227","8219","821D","8229","822A"
"1064","51592","52588","CB64","CB65","CB6B","CB64","CB6B","CB6B","CB5D","CB65","CB5D","CB5D","CB59","CB55","CB69","CB69"
"1065","51608","52604","14CC","14C1","14C4","14CC","14C1","14C4","14BA","14B9","14B2","14BA","14B9","14B2","14B6","14B6"
"1066","51624","52620","14CC","14C1","14C4","14CC","14C1","14C4","14BA","14B9","14B2","14BA","14B9","14B2","14B6","14B6"
"1067","51640","52636","5E7C","5E6D","5E6C","5E96","5E83","5E85","5E78","5E65","5E66","5E8E","5E7B","5E7E","5E71","5E8B"
"1068","51656","52652","CCB2","CCA2","CCA3","CCE6","CCDD","CCD3","CCAA","CC9A","CC9B","CCD3","CCD5","CCD6","CC9F","CCDC"
"1069","51672","52668","022C","0226","0224","0264","0250","025C","021C","021B","021C","0251","0253","0249","0223","024D"
"1070","51688","52684","4B5E","4B5E","4B56","4B94","4B93","4B94","4B56","4B56","4B4E","4B8C","4B83","4B84","4B52","4B90"
"1071","51704","52700","9509","9500","9501","9540","9537","9538","9504","94F8","94F1","9538","952F","9530","9500","952B"
"1072","51720","52716","DFDB","DFDB","DFDC","E009","E000","E001","DFD3","DFCA","DFD4","E00D","DFF8","E005","DFDA","DFFD"
"1073","51744","52740","17DF","17D6","17E3","1809","17F8","1801","17E1","17D8","17D9","1802","17F8","17F9","17D3","17F5"
"1074","51760","52756","6176","616D","616E","619A","6188","6188","6178","6165","6172","6192","6180","6180","616A","6185"
"1075","51776","52772","A5AB","A5A3","A5A6","A5C2","A5B9","A5BA","A59C","A593","A59D","A5C5","A5BB","A5B2","A599","A5BF"
"1076","51792","52788","F2E3","F2D9","F2E4","F2EC","F2E6","F2DB","F2DB","F2DE","F2D3","F2E4","F2DE","F2D3","F2E0","F2E0"
"1077","51808","52804","3D27","3D25","3D26","3D3F","3D42","3D37","3D26","3D16","3D1E","3D43","3D2E","3D2F","3D1B","3D33"
"1078","51824","52820","E844","E82E","E837","E837","E82E","E83C","E836","E826","E82E","E82F","E82E","E827","E82B","E82B"
"1079","51840","52836","242D","242D","242E","242D","2424","242E","242E","2425","2427","242E","2425","241D","2421","2421"
"1080","51856","52852","6D58","6D4F","6D47","6D58","6D48","6D50","6D50","6D47","6D48","6D50","6D40","6D41","6D45","6D45"
"1081","51872","52868","B6B2","B6A9","B6AA","B6B2","B6A9","B6A2","B6AC","B6A1","B6A2","B6AA","B6A5","B6A2","B69E","B69E"
"1082","51888","52884","F38E","F37C","F37D","F38E","F386","F386","F386","F37E","F37E","F388","F37E","F37E","F381","F381"
"1083","51912","52908","3D66","3D5F","3D5E","3D79","3D73","3D71","3D5F","3D55","3D56","3D72","3D68","3D63","3D5A","3D6D"
"1084","51928","52924","AABF","AAC0","AAC4","AAF4","AAF6","AAEC","AAB7","AAAE","AAB9","AAEC","AAF0","AAE4","AAB3","AAF3"
"1085","51944","52940","AABF","AAC0","AAC4","AAF4","AAF6","AAEC","AAB7","AAAE","AAB9","AAEC","AAF0","AAE4","AAB3","AAF3"
"1086","51960","52956","CBB3","CBAB","CBAC","CBF4","CBEB","CBE0","CBAB","CBA3","CBA5","CBE2","CBD8","CBD9","CBB0","CBEA"
"1087","51976","52972","16CD","16C0","16C5","1731","1730","1729","16BD","16BB","16B5","1731","1727","1729","16B7","172C"
"1088","51992","52988","5DD1","5DC0","5DC7","5DE8","5DDB","5DE5","5DBA","5DB3","5DB2","5DE1","5DDB","5DD2","5DBF","5DE0"
"1089","52008","53004","A68F","A67D","A689","A6A7","A69E","A69D","A689","A680","A680","A696","A698","A69B","A682","A69C"
"1090","52024","53020","EB2E","EB22","EB23","EB49","EB40","EB38","EB23","EB1A","EB12","EB38","EB3B","EB3C","EB16","EB3D"
"1091","52040","53036","3980","397B","397C","399C","399F","399F","397A","3973","3972","399E","3989","3997","397F","3999"
"1092","52056","53052","849F","848F","8497","84B6","84AD","84B7","8499","8487","8493","84AF","84B0","84B0","8495","84B5"
"1093","52080","53076","CADF","CAE1","CADD","CAE8","CAE1","CAD8","CAD2","CAD6","CACF","CAD2","CACC","CACF","CAD3","CAD3"
"1094","52096","53092","0DAD","0DB1","0DA5","0DCD","0DCF","0DC5","0DA5","0DA7","0D9D","0DCE","0DC5","0DBD","0DAC","0DCA"
"1095","52112","53108","4D19","4D10","4D08","4D1A","4D11","4D08","4D11","4D09","4D09","4D13","4CFF","4D0B","4D0D","4D04"
"1096","52128","53124","939B","9392","9393","939B","939C","93A0","9393","938A","938B","9393","9394","938B","938F","938F"
"1097","52144","53140","5E8F","5E84","5E84","5E8F","5E83","5E84","5E85","5E7E","5E7C","5E84","5E7B","5E7C","5E80","5E81"
"1098","52160","53156","9A8F","9A83","9A7A","9A8F","9A83","9A84","9A85","9A7B","9A7C","9A84","9A7B","9A7D","9A80","9A80"
"1099","52176","53172","E3B4","E3AB","E3B5","E3B4","E3AB","E3B5","E3AC","E3AD","E3AE","E3AC","E3AD","E3AE","E3A8","E3A8"
"1100","52192","53188","2E93","2E8A","2E8B","2EAB","2EA2","2EA3","2E8B","2E82","2E8D","2EA3","2E9A","2EA5","2E91","2EA9"
"1101","52208","53204","6A0F","69FD","69FE","6A06","69FD","69FE","69FE","69F4","69F6","6A07","69F5","69F6","69FA","69FA"
"1102","52224","53220","B3B2","B3B1","B3B2","B3D9","B3CF","B3D0","B3B6","B3A1","B3AA","B3D1","B3BD","B3C8","B3AE","B3CC"
"1103","52240","53236","FEA0","FE97","FE8E","FE96","FE8D","FE98","FE98","FE85","FE90","FE8E","FE8F","FE90","FE94","FE8A"
"1104","52264","53260","FEA0","FE97","FE8E","FE96","FE8D","FE98","FE98","FE85","FE90","FE8E","FE8F","FE90","FE94","FE8A"
"1105","52280","53276","4109","4107","4108","4109","4107","4108","4101","40FF","40F9","4101","40FF","40F9","4104","4104"
"1106","52296","53292","8ECD","8ECF","8ECE","8ECD","8EC4","8ECE","8ECE","8EBC","8EC8","8ECE","8EBC","8EC8","8ECA","8ECA"
"1107","52312","53308","9CB7","9CA5","9CA6","9CD0","9CBE","9CBF","9CAF","9CA7","9C9E","9CC8","9CC0","9CB7","9CA2","9CBB"
"1108","52328","53324","E8BA","E8B1","E8B2","E8D3","E8CA","E8CB","E8BB","E8B2","E8B3","E8D4","E8CB","E8CC","E8AE","E8C7"
"1109","52344","53340","2E27","2E1E","2E27","2E27","2E1E","2E27","2E27","2E16","2E1F","2E27","2E16","2E1F","2E1B","2E1B"
"1110","52360","53356","77F7","77F8","77EF","780E","780F","7812","77F9","77F0","77F1","7810","7807","780A","77EB","7802"
"1111","52376","53372","E194","E194","E196","E19D","E195","E18C","E18C","E183","E18D","E195","E183","E18E","E191","E192"
"1112","52392","53388","218D","2181","2183","218A","2181","2183","2179","217A","217D","2182","217A","217A","2175","2175"
"1113","52408","53404","6B64","6B50","6B51","6B82","6B6F","6B70","6B5D","6B54","6B49","6B70","6B72","6B68","6B44","6B6C"
"1114","52432","53428","B643","B633","B63E","B63C","B63D","B63E","B63B","B62B","B633","B634","B635","B62C","B630","B637"
"1115","52448","53444","FD52","FD49","FD48","FD50","FD3F","FD48","FD4A","FD37","FD38","FD48","FD43","FD38","FD44","FD3C"
"1116","52464","53460","9C5A","9C44","9C50","9C6F","9C65","9C66","9C50","9C3C","9C3D","9C66","9C5E","9C5E","9C41","9C57"
"1117","52480","53476","E3DE","E3D5","E3D6","E3DE","E3D5","E3D9","E3CC","E3CD","E3CE","E3CC","E3CD","E3D1","E3D2","E3D2"
"1118","52496","53492","2CF6","2CE4","2CE5","2CF6","2CE4","2CE5","2CEE","2CE5","2CDD","2CEE","2CDC","2CDD","2CE1","2CE1"
"1119","52512","53508","4AE3","4AE4","4AE5","4AE3","4AE4","4AE5","4ADB","4ADC","4ADD","4ADB","4ADC","4ADD","4AE1","4AE1"
"1120","52528","53524","6B60","6B57","6B4F","6B60","6B57","6B4F","6B58","6B46","6B50","6B58","6B46","6B50","6B54","6B54"
"1121","52544","53540","B19D","B19D","B19E","B19D","B19D","B19E","B19E","B195","B18D","B19E","B195","B18D","B19A","B19A"
"1122","52560","53556","FB0A","FAF9","FB02","FB22","FB11","FB1A","FB02","FAF0","FAFA","FB1A","FB07","FB12","FAF6","FB0E"
"1123","52576","53572","FB0A","FAF9","FB02","FB22","FB11","FB1A","FB02","FAF0","FAFA","FB1A","FB07","FB12","FAF6","FB0E"
"1124","52592","53588","D593","D58A","D58B","D5D4","D5CC","D5C1","D595","D58C","D58D","D5C1","D5B8","D5B9","D587","D5C8"
"1125","52608","53604","FDD3","FDD4","FDCB","FE09","FE00","FE0B","FDCB","FDCC","FDCD","FE01","FE02","FDF9","FDD2","FDFD"
"1126","52632","53628","46EC","46E3","46DB","4722","470F","471C","46E4","46DB","46D3","471B","4711","4714","46D7","470C"
"1127","52648","53644","907B","906F","9067","9085","907C","907D","9073","905E","9068","907D","907F","9075","906C","9087"
"1128","52664","53660","D89B","D88B","D893","D8BA","D8B3","D8A9","D88C","D883","D88B","D8B5","D8AB","D8A1","D88F","D8A5"
"1129","52680","53676","229F","228C","2297","22CB","22C2","22C3","228D","228E","2285","22CD","22BA","22BB","2289","22C9"
"1130","52696","53692","7ED0","7EC6","7EC8","7ECF","7EC7","7ED1","7EC8","7EBF","7EC0","7EC7","7EBF","7EC0","7ECD","7EC4"
"1131","52712","53708","B352","B353","B34A","B375","B361","B36C","B34A","B341","B342","B362","B359","B35A","B350","B35E"
"1132","52728","53724","FB76","FB6D","FB6E","FB76","FB61","FB6E","FB62","FB59","FB67","FB6F","FB65","FB5A","FB5E","FB6B"
"1133","52744","53740","44A6","44A6","449E","44A6","44A6","44A7","44AA","449E","44A2","44A7","4495","44A2","44A6","449A"
"1134","52760","53756","8DB5","8DB5","8DB6","8DC1","8DB5","8DB6","8DB6","8DAD","8DAE","8DB6","8DAD","8DAE","8DB2","8DB2"
"1135","52776","53772","0CDB","0CC8","0CD3","0CDB","0CC8","0CD3","0CD3","0CCA","0CCB","0CD3","0CC0","0CCB","0CC5","0CC5"
"1136","52800","53796","97B3","97A2","97AD","97E9","97D8","97E2","97A3","97A2","979B","97D9","97D8","97D1","97A9","97D5"
"1137","52816","53812","C8C5","C8C5","C8C6","C903","C8FA","C8FB","C8C9","C8B4","C8BE","C8F4","C8F2","C8F5","C8C2","C8F7"
"1138","52832","53828","11DA","11D4","11C9","1210","1207","1209","11D2","11C9","11CA","1208","1202","11F8","11CE","1204"
"1139","52848","53844","4F40","4F37","4F39","4F76","4F64","4F6E","4F2E","4F25","4F30","4F6E","4F5C","4F5D","4F37","4F61"
"1140","52864","53860","97D1","97CB","97C9","97F0","97E7","97DE","97BF","97C0","97C4","97DE","97DF","97D6","97BB","97E2"
"1141","52880","53876","C1CD","C1C4","C1C5","C1EE","C1E5","C1E6","C1C5","C1BC","C1BD","C1DD","C1D4","C1D5","C1C1","C1E2"
"1142","52896","53892","C1CD","C1C4","C1C5","C1EE","C1E5","C1E6","C1C5","C1BC","C1BD","C1DD","C1D4","C1D5","C1C1","C1E2"
"1143","52912","53908","0B4B","0B38","0B43","0B60","0B57","0B61","0B39","0B30","0B31","0B58","0B58","0B50","0B35","0B54"
"1144","52928","53924","547C","5473","546C","5495","5482","5483","546C","5462","5464","548C","5484","547B","5470","547F"
"1145","52944","53940","9D4F","9D3C","9D46","9D6E","9D62","9D66","9D46","9D34","9D35","9D63","9D5C","9D5D","9D45","9D5F"
"1146","52968","53964","E5D6","E5CD","E5CE","E5D6","E5CD","E5CE","E5D8","E5CF","E5C6","E5CE","E5C5","E5C6","E5CA","E5D4"
"1147","52984","53980","3075","306C","3076","3092","3089","3094","306D","306D","306D","308A","308C","3082","3072","3091"
"1148","53000","53996","785E","784B","7856","785F","7855","784C","7856","7843","7844","784C","784D","784F","7854","7853"
"1149","53016","54012","E2BB","E2B2","E2BB","E2BB","E2B2","E2BB","E2BC","E2B2","E2AB","E2BC","E2B2","E2AB","E2B8","E2AF"
"1150","53032","54028","17AD","179A","17A6","17A3","17A5","179B","17A5","1792","179D","17A5","179C","179D","17A2","1797"
"1151","53048","54044","6577","656E","656F","657D","656E","656F","6576","656D","6566","657A","6567","6566","656B","6576"
"1152","53064","54060","AEA7","AE9C","AEA8","AEA7","AE9C","AEA8","AEA9","AE97","AE96","AEA8","AE97","AE96","AE9A","AE9A"
"1153","53080","54076","F8AA","F8A4","F8A3","F8C5","F8BB","F8BE","F8A5","F895","F895","F8BB","F8A9","F8AD","F8A2","F8BA"
"1154","53096","54092","96A6","969D","969E","96A6","969D","96A5","969E","969C","9696","96A5","9695","9696","96A1","969A"
"1155","53112","54108","EE35","EE34","EE35","EE54","EE4B","EE54","EE3A","EE24","EE2D","EE58","EE4B","EE4C","EE29","EE48"
"1156","53136","54132","2947","2949","294B","2947","294A","294C","294B","2936","2942","294A","2943","2943","293B","2946"
"1157","53152","54148","729D","7294","728D","7295","728C","728D","7295","7284","728D","7295","728C","728D","7289","7291"
"1158","53168","54164","AF80","AF70","AF78","AF84","AF78","AF72","AF7B","AF69","AF73","AF7B","AF69","AF73","AF77","AF77"
"1159","53184","54180","F93C","F93E","F93E","F956","F955","F955","F93F","F92C","F92B","F94E","F942","F946","F932","F944"
"1160","53200","54196","4288","427F","4280","42A2","4296","4299","4274","426C","4278","428E","4282","4292","427A","4292"
"1161","53216","54212","4288","427F","4280","42A2","4296","4299","4274","426C","4278","428E","4282","4292","427A","4292"
"1162","53232","54228","A5F8","A5E7","A5F0","A611","A5FE","A609","A5E8","A5E7","A5E8","A5FF","A600","A601","A5E4","A5FB"
"1163","53248","54244","D852","D83D","D83E","D852","D842","D843","D843","D835","D83B","D83E","D835","D83B","D83F","D83F"
"1164","53264","54260","2318","230F","2319","2324","2318","2319","2310","2310","2308","2319","2310","2308","230C","230C"
"1165","53280","54276","619D","619E","619C","61BB","61B9","61BA","6195","6196","618C","61B3","61B1","61A8","6198","61B6"
"1166","53296","54292","B757","B74E","B750","B74D","B74F","B74F","B74F","B73C","B73D","B745","B73C","B747","B741","B74B"
"1167","53320","54316","FED3","FECD","FED1","FED3","FECD","FECB","FECE","FEC2","FEBC","FEC4","FEC2","FEBC","FEC7","FECA"
"1168","53336","54332","483F","4836","4837","4838","4822","4837","4837","4827","482F","4838","4827","4830","4833","4833"
"1169","53352","54348","93CD","93CC","93CD","93EE","93E5","93E6","93C5","93C4","93BD","93DD","93DD","93D5","93C9","93E2"
"1170","53368","54364","DB40","DB37","DB38","DB55","DB4C","DB56","DB38","DB2F","DB30","DB4D","DB44","DB4E","DB29","DB49"
"1171","53384","54380","1C63","1C5B","1C64","1C63","1C68","1C64","1C66","1C5E","1C5B","1C66","1C5E","1C55","1C57","1C62"
"1172","53400","54396","5C46","5C3D","5C3E","5C46","5C47","5C3E","5C3E","5C35","5C36","5C3E","5C35","5C40","5C3A","5C3A"
"1173","53416","54412","F6DF","F6CD","F6D0","F6DF","F6D5","F6D0","F6BE","F6CD","F6C8","F6BE","F6CD","F6C8","F6BD","F6D1"
"1174","53432","54428","676A","6761","676D","676A","676C","676D","6762","6764","675A","6762","6764","675A","6769","675E"
"1175","53448","54444","A445","A43C","A440","A45E","A455","A456","A43D","A42C","A42D","A456","A445","A446","A431","A44A"
"1176","53464","54460","ED92","ED91","ED94","EDB3","EDAA","EDB6","ED92","ED81","ED82","EDB7","EDAD","EDAE","ED8E","EDB3"
"1177","53488","54484","2CEC","2CD9","2CE5","2CE2","2CE3","2CE7","2CDA","2CDE","2CDC","2CE4","2CDC","2CDF","2CE0","2CD6"
"1178","53504","54500","7488","747F","7489","7487","747F","7489","7480","7477","7482","7480","7481","7478","747C","747C"
"1179","53520","54516","B262","B257","B25F","B262","B257","B25F","B25A","B258","B25B","B25A","B258","B25B","B261","B261"
"1180","53536","54532","B262","B257","B25F","B262","B257","B25F","B25A","B258","B25B","B25A","B258","B25B","B261","B261"
"1181","53552","54548","0713","06FF","0700","0712","06FF","0700","070D","0702","0702","070D","0702","0702","0709","0709"
"1182","53568","54564","52C4","52B0","52BA","52DB","52C9","52D2","52B1","52A8","52B4","52CA","52C1","52CB","52B8","52CF"
"1183","53584","54580","9A23","9A1C","9A13","9A42","9A30","9A31","9A13","9A0A","9A13","9A31","9A28","9A32","9A0F","9A2D"
"1184","53600","54596","C24C","C243","C24E","C24C","C24D","C244","C244","C248","C246","C244","C23B","C246","C240","C240"
"1185","53616","54612","0D56","0D56","0D57","0D61","0D4D","0D57","0D57","0D50","0D46","0D57","0D4E","0D4F","0D53","0D54"
"1186","53632","54628","54A2","5499","549A","54A2","5499","549A","54A3","549A","5492","54A3","549A","5492","5496","5496"
"1187","53648","54644","9DD8","9DC6","9DC7","9DD8","9DCF","9DC7","9DD0","9DBE","9DCA","9DD0","9DBE","9DCA","9DC3","9DC3"
"1188","53664","54660","2668","2669","266B","269E","269E","26A0","266B","2657","2664","26A0","268D","269A","2666","269B"
"1189","53680","54676","442E","4424","4429","4467","4453","445B","441D","4420","441E","445E","4453","4457","4423","445A"
"1190","53704","54700","8D3B","8D34","8D2B","8D75","8D62","8D65","8D35","8D2E","8D2B","8D6B","8D5B","8D66","8D32","8D60"
"1191","53720","54716","D6E8","D6D3","D6D6","D720","D714","D709","D6DF","D6D4","D6D7","D70D","D70B","D70C","D6DA","D711"
"1192","53736","54732","7485","747C","7474","749B","7491","7493","747C","7474","7475","7493","7494","7494","7479","7499"
"1193","53752","54748","BDF3","BDED","BDE2","BE0E","BDF8","BE03","BDE2","BDE2","BDE3","BE03","BDF0","BDFE","BDE7","BDFF"
"1194","53768","54764","0272","026B","026A","0291","027F","0280","026C","0258","0264","0280","0277","0278","0266","0285"
"1195","53784","54780","4F9B","4F87","4F91","4F99","4F92","4F88","4F91","4F88","4F89","4F88","4F8A","4F80","4F8D","4F8F"
"1196","53800","54796","8619","861A","8611","8636","8637","8638","861C","8613","8611","8638","8632","8630","8615","862A"
"1197","53816","54812","C34F","C33C","C345","C34F","C344","C33D","C347","C33E","C33F","C33D","C334","C33D","C339","C344"
"1198","53832","54828","0C0C","0C00","0C02","0C09","0C00","0C02","0C01","0BF8","0BF9","0C01","0BFB","0BF9","0BFD","0BFD"
"1199","53848","54844","0C0C","0C00","0C02","0C09","0C00","0C02","0C01","0BF8","0BF9","0C01","0BFB","0BF9","0BFD","0BFD"
"1200","53864","54860","5677","566E","5667","5695","5684","5685","5667","5666","5667","5685","5684","5687","5663","5689"
"1201","53888","54884","A1AB","A1AB","A1A3","A1AB","A1AB","A1A3","A1A3","A1A3","A19B","A1AC","A19A","A1A7","A1A8","A1A8"
"1202","53904","54900","E6E9","E6E0","E6D9","E6E1","E6E0","E6D9","E6E1","E6D8","E6DC","E6E1","E6D8","E6DC","E6DD","E6DD"
"1203","53920","54916","2F96","2F8D","2F8E","2F96","2F8D","2F8E","2F8E","2F85","2F86","2F8E","2F85","2F89","2F8A","2F8A"
"1204","53936","54932","7975","7963","796F","798D","7984","7987","796F","795B","795C","7985","7974","7975","7969","7981"
"1205","53952","54948","C78E","C790","C794","C7B0","C7AB","C7A8","C791","C788","C77E","C7A8","C79F","C7A0","C78D","C7A8"
"1206","53968","54964","0BFB","0BFD","0BF3","0C1D","0C0B","0C15","0BF3","0BF4","0BF8","0C0C","0C03","0C0D","0BF9","0C11"
"1207","53984","54980","7C3A","7C3B","7C3B","7C87","7C87","7C89","7C3C","7C33","7C2A","7C89","7C76","7C81","7C38","7C84"
"1208","54000","54996","BDFB","BDE5","BDF0","BDFB","BDEF","BDE6","BDF0","BDDD","BDE8","BDF0","BDE7","BDE8","BDE2","BDEC"
"1209","54016","55012","07D8","07D9","07DD","07F1","07E8","07E9","07DA","07D4","07C8","07F2","07E9","07E1","07CC","07E5"
"1210","54032","55028","30B3","30A1","30AB","30AA","30A1","30A2","30A2","30A2","30A3","30AB","30A2","309A","309E","309E"
"1211","54048","55044","B465","B453","B454","B465","B45D","B45D","B45D","B44B","B44C","B45D","B455","B455","B450","B45A"
"1212","54064","55060","FD30","FD27","FD28","FD30","FD27","FD20","FD20","FD17","FD20","FD20","FD1F","FD22","FD24","FD1C"
"1213","54088","55084","826A","8262","8262","826B","8262","8262","825F","8256","825B","825F","8256","825B","825B","825B"
"1214","54104","55100","BA92","BA89","BA94","BA9C","BA89","BA94","BA8A","BA8E","BA8C","BA94","BA8E","BA82","BA86","BA86"
"1215","54120","55116","F86A","F861","F86B","F888","F87F","F889","F86B","F859","F863","F889","F880","F881","F85E","F886"
"1216","54136","55132","4134","4121","412C","4134","4121","4122","4122","4119","4124","412C","4123","4124","4128","411E"
"1217","54152","55148","8A57","8A44","8A45","8A57","8A44","8A45","8A52","8A3C","8A3D","8A52","8A3C","8A3D","8A41","8A41"
"1218","54168","55164","8A57","8A44","8A45","8A57","8A44","8A45","8A52","8A3C","8A3D","8A52","8A3C","8A3D","8A41","8A41"
"1219","54184","55180","D3AC","D3A3","D39C","D3AC","D3A3","D39C","D39C","D39B","D394","D39C","D39B","D394","D3A0","D3A0"
"1220","54200","55196","FD2E","FD22","FD19","FD2E","FD22","FD19","FD23","FD10","FD11","FD23","FD10","FD11","FD15","FD15"
"1221","54216","55212","47B3","47AA","47B3","47E9","47E1","47EA","47AB","47AA","47A3","47E2","47E1","47DA","47A7","47DD"
"1222","54232","55228","8FBD","8FB4","8FB5","8FBD","8FBE","8FBF","8FBF","8FB9","8FAD","8FB5","8FB6","8FB7","8FBB","8FB1"
"1223","54256","55252","D20A","D201","D202","D20A","D20C","D20C","D20C","D201","D1FA","D20C","D201","D1FA","D208","D1FE"
"1224","54272","55268","0D11","0D08","0D09","0D11","0D08","0D09","0D09","0D00","0D01","0D09","0D00","0D01","0D05","0D10"
"1225","54288","55284","5185","5185","5186","5185","5185","5186","518A","5174","517E","518A","5174","517E","5179","5179"
"1226","54304","55300","9F15","9F16","9F0D","9F15","9F16","9F0D","9F17","9F0E","9F0F","9F17","9F0E","9F0F","9F13","9F13"
"1227","54320","55316","3696","367F","3680","36CC","36B7","36B8","368C","3685","3678","36BE","36BB","36B0","367C","36B4"
"1228","54336","55332","6D6B","6D62","6D60","6D9F","6D8E","6D8F","6D62","6D58","6D5A","6D8F","6D86","6D90","6D5F","6D94"
"1229","54352","55348","B6A1","B68A","B698","B6D6","B6C4","B6C6","B695","B68D","B68E","B6CE","B6C5","B6BD","B689","B6C2"
"1230","54368","55364","54D3","54CA","54D5","54FC","54E7","54F4","54CB","54C2","54C3","54E8","54DF","54E0","54C7","54E4"
"1231","54384","55380","9E05","9DFC","9DF4","9E14","9E0B","9E16","9DFE","9DEB","9DEC","9E0C","9E03","9E04","9DF0","9E14"
"1232","54408","55404","E742","E739","E73A","E75F","E756","E762","E73A","E73A","E732","E761","E74E","E759","E736","E753"
"1233","54424","55420","30A6","30A0","309E","30B4","30AB","30AC","3096","3095","308E","30AC","30AE","30A4","309A","30A8"
"1234","54440","55436","6D69","6D56","6D58","6D83","6D74","6D72","6D55","6D4C","6D4B","6D75","6D6E","6D6B","6D53","6D72"
"1235","54456","55452","9C8D","9C8D","9C8E","9C97","9C8D","9C85","9C8E","9C85","9C86","9C8E","9C86","9C7D","9C8A","9C81"
"1236","54472","55468","CAD6","CAC3","CACE","CAEA","CAE1","CAEE","CAC4","CAC6","CABC","CAEC","CAE3","CADA","CAC0","CAE9"
"1237","54488","55484","CAD6","CAC3","CACE","CAEA","CAE1","CAEE","CAC4","CAC6","CABC","CAEC","CAE3","CADA","CAC0","CAE9"
"1238","54504","55500","125B","1248","1249","125B","1252","1249","1253","1240","124B","1256","1240","124B","1245","1250"
"1239","54520","55516","B023","B024","B025","B03B","B032","B03E","B028","B01C","B013","B040","B035","B02B","B021","B03B"
"1240","54536","55532","DF00","DF00","DF06","DF1A","DF1C","DF19","DEFA","DEFB","DEF2","DF1A","DF13","DF0B","DEF5","DF1A"
"1241","54552","55548","2CFF","2CF6","2CF7","2D17","2D12","2D10","2CF9","2CEE","2CF1","2D0F","2CFE","2D07","2CEA","2D0B"
"1242","54568","55564","78D4","78CB","78CC","78F8","78E5","78E6","78D5","78CC","78C4","78ED","78DD","78E5","78D2","78E2"
"1243","54584","55580","C0F4","C0F3","C0EC","C0FC","C0F3","C0F4","C0EC","C0EB","C0EC","C0F4","C0E3","C0EC","C0E8","C0F0"
"1244","54608","55604","08D2","08C9","08CA","08F3","08E1","08EB","08D2","08C1","08C2","08EB","08D9","08DA","08C6","08DE"
"1245","54624","55620","5384","5370","5379","5381","5378","5379","537C","5370","5371","5379","5370","5371","536D","5375"
"1246","54640","55636","9E7B","9E67","9E73","9EB4","9E9F","9EA9","9E76","9E5F","9E60","9EAC","9E97","9E98","9E64","9E9C"
"1247","54656","55652","E60D","E604","E5FC","E60D","E5FB","E605","E5FC","E5F3","E5FD","E5FC","E5F3","E5FD","E601","E601"
"1248","54672","55668","142B","1422","1423","142B","1418","1423","1423","1410","141B","1423","1410","141B","1415","1415"
"1249","54688","55684","75AF","75A6","75AF","75AF","75A6","75AF","75A7","759E","759F","75A7","759E","759F","75A3","75A3"
"1250","54704","55700","BE05","BDFE","BDF5","BE05","BDFE","BDF5","BDF5","BDF4","BDF7","BDF5","BDF4","BDF7","BDF9","BDF9"
"1251","54720","55716","63C1","63B8","63B1","63DF","63D8","63D0","63B9","63B0","63A9","63D0","63CE","63C8","63B5","63D5"
"1252","54744","55740","A0FF","A0F6","A0FA","A11C","A113","A116","A0F8","A0EE","A0E5","A114","A10B","A103","A0E9","A107"
"1253","54760","55756","DDBD","DDB2","DDC0","DDBD","DDBF","DDC0","DDC0","DDB8","DDB0","DDC0","DDB8","DDB0","DDAF","DDAF"
"1254","54776","55772","2126","211D","2128","215B","2152","215F","211E","2115","211F","2153","214A","2155","211A","214F"
"1255","54792","55788","7051","703F","7048","7048","703F","7040","7040","7041","7038","704A","7040","7039","703D","703B"
"1256","54808","55804","7051","703F","7048","7048","703F","7040","7040","7041","7038","704A","7040","7039","703D","703B"
"1257","54824","55820","C80E","C7FF","C800","C81D","C814","C815","C807","C7F7","C7F8","C820","C80C","C80D","C7FC","C811"
"1258","54840","55836","01B0","01AC","01AA","01C3","01C1","01C5","01AC","01A3","019A","01C4","01BD","01BD","01A8","01B7"
"1259","54856","55852","55C3","55BD","55BB","55DB","55D2","55D3","55B1","55A8","55B3","55C9","55CA","55CE","55B7","55D2"
"1260","54872","55868","9537","952E","9533","956E","956B","9567","9529","952A","951D","955E","955F","9557","952D","9563"
"1261","54888","55884","DCA3","DCA7","DC98","DCAB","DC9B","DCA8","DCA4","DC9E","DC94","DC9A","DC9B","DC94","DC9F","DCA3"
"1262","54912","55908","26AD","26AB","26AF","26C4","26C3","26C8","26A5","26A3","269B","26BD","26BC","26B1","26AC","26C0"
"1263","54928","55924","6F2C","6F1C","6F28","6F26","6F26","6F19","6F26","6F1E","6F15","6F1B","6F1C","6F15","6F23","6F24"
"1264","54944","55940","B989","B980","B975","B9A0","B996","B98B","B980","B974","B976","B991","B98C","B98B","B969","B989"
"1265","54960","55956","19BB","19BD","19BE","19E4","19D0","19DC","19B3","19B5","19B6","19DC","19C8","19C9","19AF","19D8"
"1266","54976","55972","4D06","4CF3","4CF4","4D1B","4D12","4D1C","4CF4","4CEB","4CF7","4D1B","4D12","4D0B","4CF0","4D19"
"1267","54992","55988","9712","96FF","9708","974B","9746","9743","9700","96F7","96F8","9745","973B","9733","9702","9739"
"1268","55008","56004","341E","3415","3421","341E","3415","3416","3416","340D","3418","3421","340D","340E","3412","3412"
"1269","55024","56020","7991","797D","7986","79AD","79A5","79A5","797E","7974","7976","79A5","7993","7995","797A","79A2"
"1270","55040","56036","C6AC","C6AD","C6AE","C6B9","C6A3","C6A4","C6A4","C6A5","C6A6","C6AE","C6A5","C69C","C6AA","C6AA"
"1271","55056","56052","10AE","1099","109A","10CC","10B7","10B8","10A7","109D","1092","10C4","10BB","10B0","1096","10BE"
"1272","55080","56076","4D78","4D6E","4D7C","4D90","4D89","4D8E","4D78","4D6E","4D74","4D8C","4D89","4D8C","4D77","4D88"
"1273","55096","56092","ADDD","ADD4","ADCA","ADFB","ADE8","ADF3","ADD5","ADC1","ADCD","ADE9","ADEB","ADE1","ADD1","ADF0"
"1274","55112","56108","F0D8","F0CF","F0D7","F0F7","F0EE","F0F2","F0D0","F0C7","F0D1","F0F2","F0E9","F0E7","F0D5","F0EE"
"1275","55128","56124","F0D8","F0CF","F0D7","F0F7","F0EE","F0F2","F0D0","F0C7","F0D1","F0F2","F0E9","F0E7","F0D5","F0EE"
"1276","55144","56140","353F","3536","3537","355F","354E","3557","353F","352E","352F","354F","354E","3547","3533","3553"
"1277","55160","56156","7F98","7F8F","7F98","7FD7","7FCE","7FCF","7F90","7F87","7F87","7FCD","7FBD","7FBE","7F93","7FC9"
"1278","55176","56172","D19F","D18A","D194","D1AB","D1A2","D1AD","D192","D182","D18C","D1AD","D1A4","D1A5","D18E","D19F"
"1279","55192","56188","0F54","0F4B","0F56","0F60","0F55","0F56","0F4C","0F4D","0F44","0F56","0F4D","0F44","0F52","0F52"
"1280","55208","56204","592E","5922","591B","5943","593A","593B","591B","591D","591B","5933","592A","5933","591F","5937"
"1281","55224","56220","A1C4","A1BB","A1B2","A1BA","A1BB","A1BC","A1B2","A1A9","A1AA","A1B2","A1A9","A1AA","A1AE","A1AE"
"1282","55248","56244","EC74","EC6B","EC63","EC8C","EC83","EC84","EC6C","EC5A","EC64","EC84","EC72","EC7C","EC68","EC80"
"1283","55264","56260","34CE","34C6","34BC","34EE","34E2","34E6","34C6","34BD","34BE","34DC","34D3","34DE","34C2","34DF"
"1284","55280","56276","7D78","7D68","7D67","7D78","7D6F","7D70","7D69","7D67","7D68","7D70","7D67","7D68","7D6C","7D6C"
"1285","55296","56292","C227","C21A","C21B","C223","C21A","C212","C212","C209","C20A","C212","C209","C20A","C20E","C217"
"1286","55312","56308","0FF4","0FEB","0FE2","0FF4","0FEB","0FEC","0FE2","0FD9","0FDA","0FE2","0FD9","0FDA","0FE8","0FDE"
"1287","55328","56324","8EB0","8EA7","8E9D","8EB0","8EA7","8E9D","8EA8","8E94","8E95","8EA8","8E94","8E95","8EA4","8E99"
"1288","55344","56340","D771","D772","D772","D771","D772","D772","D769","D769","D76A","D769","D769","D76A","D76E","D76E"
"1289","55360","56356","20AC","2099","20A3","20AC","2099","20A3","20A3","209A","209B","20A3","209A","209B","2096","2096"
"1290","55376","56372","9CD4","9CC2","9CCC","9D0A","9CF7","9CF8","9CC3","9CBA","9CC4","9CF8","9CEF","9CFA","9CBF","9CF4"
"1291","55392","56388","B958","B951","B947","B98F","B986","B987","B947","B93E","B93F","B987","B975","B980","B94C","B97A"
"1292","55408","56404","024E","024E","0246","028E","0285","0286","0246","0246","0247","027D","0274","0275","024B","0282"
"1293","55424","56420","4C09","4C09","4C0A","4C47","4C35","4C3F","4C01","4BF8","4C05","4C42","4C36","4C2E","4C06","4C32"
"1294","55440","56436","4C09","4C09","4C0A","4C47","4C35","4C3F","4C01","4BF8","4C05","4C42","4C36","4C2E","4C06","4C32"
"1295","55464","56460","947F","9476","9483","949C","9493","9494","9480","9477","9478","94A1","948B","948C","947C","9490"
"1296","55480","56476","DD63","DD5A","DD5B","DD85","DD7A","DD7B","DD67","DD52","DD5B","DD7B","DD6A","DD73","DD57","DD77"
"1297","55496","56492","2811","2808","2809","2848","2847","2848","2809","280A","280B","284A","2842","2840","2805","2844"
"1298","55512","56508","6FFA","6FF1","6FF2","7010","7007","7010","6FF4","6FE0","6FE1","7010","7007","7000","6FE5","700C"
"1299","55528","56524","B875","B874","B86D","B87D","B86C","B86D","B875","B86C","B86D","B875","B864","B870","B869","B871"
"1300","55544","56540","F6C2","F6B8","F6BA","F6E1","F6D5","F6D6","F6B0","F6B1","F6A8","F6CD","F6CD","F6CE","F6AC","F6C9"
"1301","55560","56556","387A","387B","387E","387A","387D","387C","3872","3869","3876","3872","3871","386A","3876","3876"
"1302","55576","56572","8147","813E","813F","8147","812A","813F","813F","813F","8137","813F","8136","8137","813B","813B"
"1303","55592","56588","CA7D","CA81","CA75","CA7D","CA81","CA75","CA75","CA76","CA6D","CA75","CA76","CA6D","CA7B","CA7B"
"1304","55608","56604","13DA","13C8","13C9","13DA","13D2","13C9","13C9","13C0","13C1","13C9","13C0","13CB","13CE","13CE"
"1305","55632","56628","5D07","5CF4","5CF5","5D07","5CF4","5CFF","5CF5","5CF6","5CED","5CF5","5CF6","5CED","5CFB","5CFB"
"1306","55648","56644","FBD9","FBD0","FBD1","FBF2","FBE9","FBEB","FBC9","FBC8","FBC9","FBEA","FBE1","FBE2","FBCD","FBE6"
"1307","55664","56660","4481","4482","4479","4481","4482","4482","4484","4470","4471","4479","4479","4471","447E","447F"
"1308","55680","56676","8DC8","8DB6","8DC0","8DBF","8DBF","8DC0","8DC1","8DB8","8DAF","8DC2","8DAE","8DAF","8DB3","8DB3"
"1309","55696","56692","D789","D780","D781","D7A8","D795","D7A0","D784","D76F","D770","D796","D78D","D78E","D77D","D79C"
"1310","55712","56708","1479","146F","1470","1470","1467","1468","1468","1468","1460","1468","1467","1460","1464","146C"
"1311","55728","56724","5E1A","5E11","5E14","5E1A","5E11","5E0A","5E12","5E09","5E02","5E12","5E00","5E02","5E05","5E0E"
"1312","55744","56740","8BB7","8BB0","8BAF","8BD0","8BC7","8BC8","8BA7","8BA6","8BA9","8BBF","8BBF","8BC3","8BAB","8BC4"
"1313","55760","56756","8BB7","8BB0","8BAF","8BD0","8BC7","8BC8","8BA7","8BA6","8BA9","8BBF","8BBF","8BC3","8BAB","8BC4"
"1314","55776","56772","BA14","BA12","BA1A","BA1D","BA0C","BA1A","BA0A","BA03","BA0D","BA16","BA10","BA12","BA07","BA07"
"1315","55800","56796","FE46","FE47","FE48","FE50","FE4A","FE48","FE3E","FE35","FE40","FE3E","FE35","FE36","FE3A","FE3A"
"1316","55816","56812","4CE6","4CE7","4CE6","4CFE","4CFF","4CFC","4CE7","4CDE","4CDE","4CFE","4CF5","4CF8","4CE1","4CFB"
"1317","55832","56828","F4C5","F4BC","F4C6","F4C5","F4BC","F4BD","F4C6","F4B4","F4BE","F4CA","F4BD","F4B5","F4C2","F4C2"
"1318","55848","56844","2E4C","2E38","2E46","2E4C","2E41","2E46","2E44","2E32","2E33","2E44","2E39","2E3E","2E37","2E3F"
"1319","55864","56860","77F0","77EF","77F1","780E","7802","7812","77F0","77DF","77E8","7806","77FE","77FE","77EC","7808"
"1320","55880","56876","C094","C08B","C094","C094","C093","C094","C097","C08B","C08C","C08D","C08B","C08F","C088","C090"
"1321","55896","56892","09DE","09E1","09D6","09DE","09E1","09D6","09D7","09CE","09D5","09D7","09CE","09D5","09D3","09D3"
"1322","55912","56908","5334","532B","5322","5334","532B","5322","532D","5319","531B","532D","5319","531B","531C","5329"
"1323","55928","56924","9CEA","9CEB","9CE9","9D02","9D01","9D05","9CEF","9CD8","9CE3","9D06","9CF2","9CFC","9CDE","9CF7"
"1324","55944","56940","E632","E62B","E62A","E64F","E640","E641","E62C","E623","E61A","E648","E638","E644","E61E","E63E"
"1325","55968","56964","7BDD","7BD4","7BD5","7BDC","7BD3","7BCC","7BD5","7BCB","7BCD","7BD4","7BCB","7BC4","7BD0","7BD0"
"1326","55984","56980","B9C2","B9C3","B9C4","B9CC","B9C3","B9BA","B9BA","B9B1","B9BC","B9C4","B9B1","B9BC","B9C0","B9C0"
"1327","56000","56996","024C","0243","0244","024C","024D","0244","0244","023B","023C","0244","023B","023C","0240","024A"
"1328","56016","57012","7B89","7B75","7B82","7BBF","7BB6","7BB7","7B81","7B78","7B6E","7BB7","7BAE","7BA4","7B7E","7BB3"
"1329","56032","57028","99FE","99F5","99F6","9A2A","9A21","9A23","99EE","99E4","99E4","9A20","9A18","9A24","99EA","9A1E"
"1330","56048","57044","E7A4","E791","E79D","E7DA","E7C4","E7D3","E79D","E791","E796","E7CA","E7C4","E7C2","E79A","E7C1"
"1331","56064","57060","3163","315A","315B","3197","3198","318F","3164","315B","315C","3190","3187","3188","315F","318C"
"1332","56080","57076","3163","315A","315B","3197","3198","318F","3164","315B","315C","3190","3187","3188","315F","318C"
"1333","56096","57092","79C8","79B9","79B5","79DE","79D7","79D6","79B9","79AD","79BB","79D8","79CF","79D6","79BC","79D4"
"1334","56112","57108","C2C0","C2BF","C2C1","C2E2","C2D6","C2D1","C2B8","C2B8","C2B0","C2CF","C2C3","C2C7","C2BE","C2D4"
"1335","56128","57124","0BFA","0BF9","0BFC","0C22","0BFA","0C1A","0BF1","0BF3","0BF3","0C1A","0C0F","0C07","0BF7","0C16"
"1336","56144","57140","55C7","55B6","55BF","55E0","55CD","55DA","55BF","55B7","55B6","55CE","55CF","55D0","55B3","55D1"
"1337","56168","57164","9E82","9E78","9E71","9EA1","9E96","9E90","9E7A","9E72","9E72","9E8F","9E83","9E91","9E77","9E86"
"1338","56184","57180","CCED","CCDC","CCE5","CCED","CCDC","CCE9","CCE5","CCDC","CCDD","CCDD","CCDC","CCDD","CCD9","CCE1"
"1339","56200","57196","179A","1791","1789","17B8","17A5","17A6","1789","1789","1781","17A6","17A7","179E","1785","17A2"
"1340","56216","57212","5F27","5F29","5F2A","5F29","5F20","5F2A","5F2C","5F18","5F22","5F21","5F21","5F22","5F1D","5F1B"
"1341","56232","57228","A878","A86F","A866","A86E","A86F","A870","A873","A867","A85E","A870","A85D","A85E","A86C","A862"
"1342","56248","57244","27C9","27C0","27B7","27FC","27FA","27F4","27C5","27AE","27AF","27F4","27EB","27F3","27BD","27F7"
"1343","56264","57260","5E3F","5E2B","5E36","5E53","5E54","5E54","5E37","5E23","5E2E","5E4B","5E4B","5E4C","5E33","5E50"
"1344","56280","57276","F8DC","F8D3","F8D4","F912","F8FF","F900","F8D7","F8C2","F8CC","F900","F901","F8F8","F8D3","F906"
"1345","56296","57292","471B","4712","471D","4725","4712","471E","471D","470A","470B","4720","470A","470B","471A","4719"
"1346","56312","57308","8F69","8F67","8F68","8F8F","8F88","8F87","8F61","8F58","8F60","8F87","8F75","8F7F","8F5D","8F83"
"1347","56336","57332","D98A","D98A","D98B","D997","D98B","D982","D98B","D982","D97A","D98B","D982","D984","D97E","D988"
"1348","56352","57348","17C3","17C4","17BB","17E1","17E2","17D9","17C5","17B2","17BD","17E3","17D0","17DE","17C1","17DF"
"1349","56368","57364","606A","6058","6062","6061","6061","6065","6062","6050","6051","6062","6059","6051","605E","6055"
"1350","56384","57380","8ECA","8EC1","8ECB","8EE8","8EE9","8EEA","8ECB","8EB9","8EBA","8EE7","8ED7","8ED8","8EC7","8EE3"
"1351","56400","57396","8ECA","8EC1","8ECB","8EE8","8EE9","8EEA","8ECB","8EB9","8EBA","8EE7","8ED7","8ED8","8EC7","8EE3"
"1352","56416","57412","9CC2","9CBB","9CBA","9CDD","9CC9","9CCC","9CB3","9CA9","9CB5","9CCB","9CC9","9CCC","9CB6","9CD0"
"1353","56432","57428","E608","E5F5","E603","E616","E60C","E618","E600","E5F0","E5F8","E60D","E610","E615","E5F3","E614"
"1354","56448","57444","2EDB","2EC9","2ED2","2EF1","2EE7","2EF0","2EC9","2EC9","2EC2","2EF2","2EE7","2EE1","2ECF","2EE4"
"1355","56464","57460","DB24","DB1A","DB12","DB59","DB47","DB48","DB12","DB12","DB13","DB51","DB3F","DB40","DB17","DB4D"
"1356","56480","57476","10E5","10D3","10DD","1105","10FC","10F3","10D4","10D7","10D6","10F3","10F4","10F5","10D0","10F9"
"1357","56496","57492","5AE5","5AE4","5AE5","5B2B","5B1F","5B22","5AE5","5ADC","5ADD","5B16","5B0D","5B18","5AE1","5B1C"
"1358","56512","57508","A3B4","A3A1","A3AC","A3D1","A3BD","A3C9","A3AC","A399","A3A4","A3BE","A3B5","A3C1","A39E","A3BA"
"1359","56536","57532","EBBA","EBB2","EBB2","EBC4","EBB2","EBBD","EBBB","EBB3","EBB3","EBBC","EBB3","EBB3","EBAE","EBB6"
"1360","56552","57548","2EC1","2EC3","2EC6","2EE0","2EE1","2EE3","2EB9","2EB0","2EB1","2ED8","2ED9","2EDB","2EC2","2EDF"
"1361","56568","57564","7ED2","7EC0","7EC3","7EE7","7EE2","7EDA","7EC3","7EC1","7EC5","7EE3","7ED2","7EDC","7EBF","7ED7"
"1362","56584","57580","D863","D85A","D84F","D882","D86C","D878","D84F","D852","D847","D878","D871","D872","D84B","D869"
"1363","56600","57596","669B","6686","6693","66B8","66B1","66A7","6687","668A","667F","66B0","669E","66A8","668F","66AE"
"1364","56616","57612","AF10","AF12","AF0F","AF10","AF10","AF0F","AF08","AF06","AF07","AF0F","AF06","AF00","AF0B","AF0B"
"1365","56632","57628","F83C","F833","F82C","F83C","F833","F82C","F82C","F823","F824","F82C","F823","F82C","F828","F828"
"1366","56648","57644","4176","416D","4175","4176","416D","416E","4175","416C","416D","416E","416C","4166","4171","4171"
"1367","56664","57660","945C","9455","944C","9474","944E","946C","9454","944B","9444","946C","945A","945B","9452","945F"
"1368","56680","57676","C578","C56E","C56A","C58A","C589","C589","C569","C56A","C55D","C58C","C580","C57B","C565","C57E"
"1369","56696","57692","0E85","0E7C","0E7C","0E9E","0E93","0E9B","0E86","0E72","0E7D","0E94","0E94","0E97","0E79","0E90"
"1370","56720","57716","0E85","0E7C","0E7C","0E9E","0E93","0E9B","0E86","0E72","0E7D","0E94","0E94","0E97","0E79","0E90"
"1371","56736","57732","584F","583B","5848","585C","585B","5860","5849","5834","5836","5855","5857","584D","5843","5851"
"1372","56752","57748","A155","A14E","A15A","A16E","A171","A168","A155","A14E","A147","A170","A15F","A16A","A157","A16E"
"1373","56768","57764","EA22","EA1F","EA28","EA45","EA46","EA3C","EA1E","EA17","EA17","EA3D","EA3D","EA3D","EA1B","EA44"
"1374","56784","57780","364B","364A","364B","3663","3662","3666","3650","3642","3648","3663","3651","365B","3646","365D"
"1375","56800","57796","7776","7775","776E","7776","7775","7778","776E","7763","7770","776E","7765","776E","7772","776A"
"1376","56816","57812","C561","C55B","C54D","C561","C55A","C55B","C54F","C550","C548","C54F","C550","C548","C557","C557"
"1377","56840","57836","071A","0711","0707","071A","0711","0707","0707","06FE","070A","0707","06FE","070A","070E","070E"
"1378","56856","57852","455A","4555","4552","455A","4551","4552","4554","4540","454A","4554","4540","454A","4550","4550"
"1379","56872","57868","8E29","8E15","8E21","8E29","8E15","8E21","8E16","8E0D","8E0E","8E16","8E0D","8E0E","8E1F","8E1F"
"1380","56888","57884","D75A","D746","D752","D75A","D751","D747","D752","D73E","D74A","D752","D73E","D74A","D74E","D74E"
"1381","56904","57900","50D8","50CF","50DC","50F7","50EE","50FA","50D0","50D2","50D4","50EF","50F0","50F2","50D8","50F6"
"1382","56920","57916","D41F","D418","D419","D43E","D42A","D42B","D417","D40E","D411","D42B","D422","D42F","D415","D427"
"1383","56936","57932","1E1B","1E12","1E1D","1E52","1E54","1E4A","1E1D","1E14","1E0B","1E4A","1E49","1E4A","1E1C","1E51"
"1384","56952","57948","66AA","66A9","66AA","66C8","66C6","66C0","66AA","6699","669A","66C0","66BE","66B8","669E","66C3"
"1385","56968","57964","AF25","AF26","AF1D","AF2F","AF1C","AF1D","AF27","AF1E","AF15","AF27","AF1E","AF15","AF23","AF25"
"1386","56984","57980","04B1","049D","04A7","04C4","04BB","04C4","049E","049E","049F","04BC","04BB","04BC","04A3","04C0"
"1387","57008","58004","360F","3605","35FC","3624","361A","3624","3607","35FE","35F5","3627","3611","361C","3606","3621"
"1388","57024","58020","7E6A","7E6A","7E5E","7E73","7E62","7E64","7E61","7E62","7E59","7E61","7E56","7E59","7E5D","7E67"
"1389","57040","58036","7E6A","7E6A","7E5E","7E73","7E62","7E64","7E61","7E62","7E59","7E61","7E56","7E59","7E5D","7E67"
"1390","57056","58052","C4AA","C496","C4B1","C4F0","C4DD","C4E5","C4A1","C48E","C4AA","C4E7","C4D3","C4DD","C493","C4DB"
"1391","57072","58068","1108","10EF","10FD","1108","10FD","10FD","10F3","10EB","10F5","10F3","10EB","10F6","10FA","10FA"
"1392","57088","58084","5A20","5A15","5A24","5A29","5A22","5A18","5A17","5A0F","5A11","5A17","5A15","5A11","5A1D","5A1D"
"1393","57104","58100","A3EB","A3EC","A3E3","A405","A3EE","A3FD","A3E4","A3E4","A3E6","A3FC","A3FB","A400","A3EA","A400"
"1394","57120","58116","177E","1776","176A","17B3","17A0","17AB","1776","176D","1762","17AC","17A2","17A3","1772","17A9"
"1395","57136","58132","35DC","35D2","35C7","3606","3608","35FD","35D2","35BE","35CA","35FD","35F1","35F6","35CE","3602"
"1396","57160","58156","8101","80F9","80F5","8132","8133","812B","80F1","80EB","80F5","8125","8125","812B","80F1","8129"
"1397","57176","58172","CAB4","CAAB","CAB6","CAF1","CADF","CAEB","CAAA","CAA4","CAAD","CAE0","CAD7","CAD8","CAB2","CAE9"
"1398","57192","58188","1118","1115","1108","113B","1133","1128","1115","1109","1108","1133","112B","1121","1107","1130"
"1399","57208","58204","5C11","5C04","5C01","5C26","5C23","5C16","5C0B","5C00","5C03","5C22","5C17","5C10","5C03","5C1B"
"1400","57224","58220","A792","A794","A78A","A7BB","A7A9","A7A8","A796","A781","A78E","A7B4","A7A7","A7A0","A786","A7B2"
"1401","57240","58236","43D5","43CA","43CD","43F2","43E9","43E2","43C4","43C2","43C3","43EA","43E1","43DA","43C0","43E6"
"1402","57256","58252","8580","8577","8577","85A8","8593","8594","8578","856F","8570","8594","858A","858C","8574","8590"
"1403","57272","58268","C24E","C23E","C246","C24E","C245","C24B","C24B","C236","C237","C23F","C23D","C237","C23B","C242"
"1404","57288","58284","04DA","04D1","04CA","04DA","04C9","04D2","04CA","04C1","04C2","04D2","04C9","04C2","04CE","04CE"
"1405","57304","58300","491B","4909","4913","491B","4909","490A","490A","4901","4902","490A","4901","4902","4906","4906"
"1406","57328","58324","94AB","94A2","94A3","94AB","94A2","94A3","94AE","94A4","949B","94A3","949A","949B","94AA","94AA"
"1407","57344","58340","DBB2","DBA9","DBAA","DBB2","DBA9","DBAA","DBA0","DB97","DBA2","DBA0","DBA1","DBA2","DBA6","DBA6"
"1408","57360","58356","DBB2","DBA9","DBAA","DBB2","DBA9","DBAA","DBA0","DB97","DBA2","DBA0","DBA1","DBA2","DBA6","DBA6"
"1409","57376","58372","24D6","24D6","24D7","24D6","24D6","24D7","24CE","24CE","24CF","24CE","24CE","24CF","24CA","24D3"
"1410","57392","58388","6EB0","6EAE","6EA8","6EC8","6EC6","6EC0","6EAF","6E9D","6EA0","6EC7","6EB6","6EB8","6EAE","6EC6"
"1411","57408","58404","B752","B754","B755","B752","B756","B755","B74A","B74C","B74D","B74A","B741","B74D","B751","B751"
"1412","57424","58420","00AA","0094","009E","00AA","009D","009E","009E","008C","0096","0095","008C","0096","009A","009A"
"1413","57440","58436","4CAA","4CA2","4CA2","4CBD","4CC0","4CC0","4CA5","4C99","4C9B","4CB5","4CB7","4CBA","4C9F","4CBD"
"1414","57456","58452","931A","931E","9312","931A","931B","9312","931C","9313","9314","931C","9309","9314","931B","930E"
"1415","57472","58468","DC72","DC6B","DC60","DC68","DC6B","DC60","DC6A","DC61","DC62","DC60","DC57","DC62","DC68","DC68"
"1416","57496","58492","051D","0514","051E","051D","0514","051E","051E","050C","0519","051E","050C","0519","0511","051A"
"1417","57512","58508","34F6","34F7","34EE","3510","350F","3510","34EE","34F1","34F0","3504","3509","3508","34EB","3508"
"1418","57528","58524","7D1D","7D0C","7D0C","7D14","7D0C","7D0C","7D14","7D04","7D0C","7D09","7D04","7D01","7D14","7D09"
"1419","57544","58540","246D","246C","2472","2486","2485","2486","2465","245C","245D","247E","2475","2476","2461","247A"
"1420","57560","58556","B0FD","B0EA","B0F5","B0F3","B0F4","B0F5","B0F8","B0E2","B0ED","B0EB","B0E2","B0ED","B0E7","B0E7"
"1421","57576","58572","FAC7","FAC0","FAB8","FAE7","FADE","FAD4","FABF","FABA","FAB7","FADF","FAD6","FAD7","FABB","FAD0"
"1422","57592","58588","41D3","41CA","41D3","41D3","41D2","41D3","41CB","41CA","41C3","41D3","41CA","41CB","41C7","41CF"
"1423","57608","58604","8CC6","8CBD","8CBE","8CC6","8CBD","8CBE","8CBE","8CBD","8CBE","8CBE","8CBD","8CC0","8CC2","8CC2"
"1424","57624","58620","CABE","CAB2","CABF","CABE","CAB2","CABF","CABF","CAB2","CAAE","CABF","CAAE","CAAE","CAB0","CAB0"
"1425","57640","58636","14C7","14BA","14BC","14E0","14D3","14CF","14BD","14AE","14B4","14D4","14CA","14C9","14B7","14CE"
"1426","57656","58652","5DDD","5DCC","5DCB","5DFD","5DEA","5DEC","5DD4","5DCE","5DC1","5DEA","5DE2","5DED","5DD0","5DE7"
"1427","57680","58676","5DDD","5DCC","5DCB","5DFD","5DEA","5DEC","5DD4","5DCE","5DC1","5DEA","5DE2","5DED","5DD0","5DE7"
"1428","57696","58692","9F72","9F69","9F61","9F69","9F69","9F61","9F6A","9F61","9F65","9F6A","9F61","9F62","9F69","9F66"
"1429","57712","58708","FD19","FD1C","FD1E","FD23","FD10","FD11","FD11","FD08","FD13","FD1B","FD08","FD16","FD17","FD0D"
"1430","57728","58724","43A3","4391","4392","43A3","439A","4392","439B","4392","4398","439B","4392","4393","4397","4397"
"1431","57744","58740","8CDC","8CD3","8CD4","8CDC","8CD3","8CD4","8CCA","8CCB","8CCC","8CCA","8CCB","8CCC","8CD0","8CD0"
"1432","57760","58756","EBC1","EBC3","EBC4","EC39","EC30","EC30","EBC4","EBB0","EBBC","EC30","EC1B","EC29","EBC0","EC2C"
"1433","57776","58772","186C","1864","1866","18A4","1891","1891","185D","185C","1855","1890","1889","1892","1864","1897"
"1434","57792","58788","620C","6201","620E","6242","6235","6242","620D","6203","6205","6242","622D","623D","6206","623F"
"1435","57808","58804","A5C7","A5CE","A5C1","A5E5","A5DE","A5EC","A5C2","A5C1","A5BB","A5E1","A5DF","A5E4","A5C3","A5DB"
"1436","57824","58820","F363","F35A","F362","F384","F37C","F37C","F365","F35C","F353","F373","F369","F375","F360","F377"
"1437","57848","58844","3CB0","3CA5","3C9E","3CC3","3CC2","3CBB","3CA8","3C9D","3C9E","3CC3","3CB9","3CBE","3C9A","3CBF"
"1438","57864","58860","864B","8642","8643","8663","8663","865B","8643","863A","863B","865C","865A","865E","863F","8661"
"1439","57880","58876","2405","2409","240A","2410","23FC","2408","23FD","23FF","23F5","2407","23FE","2400","2406","2403"
"1440","57896","58892","5408","53FC","53F4","5423","541B","541B","53FD","53F4","53F5","541B","5415","540A","53F0","5417"
"1441","57912","58908","9C04","9C05","9C09","9C0E","9C05","9C06","9BFC","9BFD","9BF4","9C07","9BFD","9BFE","9C02","9C02"
"1442","57928","58924","E4E7","E4E0","E4D6","E4DE","E4DE","E4D6","E4D6","E4D6","E4D9","E4DF","E4D6","E4D9","E4DD","E4DB"
"1443","57944","58940","2358","234F","235A","237E","236C","2376","235A","234F","2348","2376","236D","2365","234C","2372"
"1444","57960","58956","9155","9157","9156","9160","9155","914E","914D","914F","9146","9158","914D","9150","9149","9152"
"1445","57976","58972","D230","D226","D21D","D225","D226","D21D","D21D","D214","D21F","D228","D214","D21F","D226","D223"
"1446","57992","58988","D230","D226","D21D","D225","D226","D21D","D21D","D214","D21F","D228","D214","D21F","D226","D223"
"1447","58008","59004","1E4F","1E4C","1E47","1E6F","1E66","1E5E","1E47","1E3E","1E3F","1E67","1E55","1E56","1E43","1E63"
"1448","58032","59028","66BB","66B2","66AA","66BB","66A9","66B4","66AA","66AA","66AC","66B3","66AB","66A2","66A6","66A6"
"1449","58048","59044","ADB3","ADB2","ADB4","ADB3","ADAA","ADB4","ADBC","ADAA","ADA3","ADB3","ADAA","ADA3","ADB0","ADAF"
"1450","58064","59060","F2D0","F2C9","F2BF","F2EE","F2E8","F2E6","F2BF","F2C0","F2C3","F2DD","F2DF","F2DE","F2BB","F2D8"
"1451","58080","59076","4284","427B","4271","4284","4270","427C","427C","4273","4269","427C","4268","4274","426D","4278"
"1452","58096","59092","8E6D","8E61","8E62","8E6D","8E63","8E5A","8E5A","8E5C","8E5A","8E5A","8E5C","8E5A","8E5E","8E5E"
"1453","58112","59108","D4E9","D4E7","D4E8","D4E9","D4E7","D4E8","D4E1","D4DF","D4D9","D4E1","D4DF","D4D9","D4E4","D4E4"
"1454","58128","59124","0202","01F8","01FC","021A","020F","0210","01F9","01E6","01F1","0208","01FF","0208","01F6","020E"
"1455","58144","59140","51BC","51B3","51B3","51D4","51C1","51CB","51AA","51AA","51A2","51C2","51C2","51BA","51AF","51C7"
"1456","58160","59156","9533","952A","9532","9533","9516","9532","9534","9522","952A","9534","9522","9523","952E","952E"
"1457","58176","59172","DE8B","DE80","DE78","DEA2","DE97","DE91","DE83","DE78","DE70","DE98","DE8F","DE89","DE7D","DE94"
"1458","58200","59196","90DC","90CB","90CC","90FA","90E9","90F2","90CC","90C3","90C4","90EA","90E1","90EA","90C8","90E6"
"1459","58216","59212","D9D9","D9D9","D9DD","DA03","D9F7","D9F8","D9D9","D9C8","D9D5","D9ED","D9F2","D9F0","D9D5","D9E9"
"1460","58232","59228","235B","2352","234B","237A","2374","2368","2357","2342","234B","2372","235F","236A","234F","236E"
"1461","58248","59244","6CA8","6C9F","6CA8","6CCF","6CBE","6CBF","6CA8","6C9F","6CA0","6CCA","6CBE","6CB7","6C9C","6CBB"
"1462","58264","59260","AA77","AA6F","AA66","AAAB","AAA3","AAA9","AA6C","AA62","AA5F","AAA3","AA93","AA9D","AA6D","AAA2"
"1463","58280","59276","04BD","04B4","04BD","04C5","04B4","04BD","04B5","04AC","04AD","04B5","04B4","04B9","04B1","04BA"
"1464","58296","59292","3591","3585","357C","35AE","35A2","359B","357C","3573","3574","35A6","3592","3593","3585","3597"
"1465","58312","59308","3591","3585","357C","35AE","35A2","359B","357C","3573","3574","35A6","3592","3593","3585","3597"
"1466","58328","59324","84F2","84EB","84F8","84FF","84EB","84F0","84F2","84EB","84F0","84ED","84EB","84F2","84EA","84EF"
"1467","58352","59348","CF53","CF42","CF43","CF72","CF5B","CF68","CF4D","CF42","CF44","CF6A","CF57","CF5A","CF47","CF5A"
"1468","58368","59364","178D","177B","1784","178C","177B","1784","1786","176D","1780","1787","177C","1773","1782","1778"
"1469","58384","59380","60B1","60AA","60AD","60AB","60A4","60AD","60AD","609B","6098","60A4","609B","6098","609F","609F"
"1470","58400","59396","ABA8","AB93","AB97","ABDE","ABC9","ABC7","ABA0","AB8D","AB98","ABD2","ABC0","ABCB","AB90","ABC7"
"1471","58416","59412","0D2D","0D24","0D25","0D6E","0D65","0D66","0D25","0D1C","0D1D","0D66","0D5D","0D53","0D21","0D62"
"1472","58432","59428","399C","399C","399D","39DC","39C9","39D2","399D","3994","3995","39D2","39C9","39CC","3990","39D0"
"1473","58448","59444","82D6","82C7","82C8","830E","82FD","8307","82D1","82C5","82C0","8307","82F5","82F6","82CD","82FA"
"1474","58464","59460","CC6E","CC6E","CC6F","CCA4","CC9B","CC9C","CC66","CC69","CC67","CCA5","CC9D","CC9B","CC62","CC98"
"1475","58480","59476","150F","150F","1507","152C","152E","152F","1507","1507","14FF","1524","1526","1527","150C","152B"
"1476","58496","59492","5DE6","5DD4","5DDF","5DF4","5DEB","5DEC","5DDE","5DCC","5DD7","5DF4","5DE3","5DE4","5DD1","5DE8"
"1477","58512","59508","FCB1","FCA8","FCB3","FCD9","FCCD","FCD1","FCA9","FCA9","FCAB","FCC5","FCC5","FCBD","FCB0","FCC1"
"1478","58536","59532","4531","4530","4529","4531","4528","4531","4534","4528","4521","4529","4520","4529","4525","4525"
"1479","58552","59548","8345","8334","833F","835B","8352","8353","833F","8336","832D","835B","834A","8355","8331","834F"
"1480","58568","59564","C4BA","C4B1","C4B5","C4BA","C4B4","C4A9","C4B2","C4A9","C4AA","C4B2","C4A9","C4A1","C4A5","C4AE"
"1481","58584","59580","01B6","01A3","01AE","01AC","01A3","01A4","01A4","01A5","019C","01A4","01A5","019C","01A0","01AA"
"1482","58600","59596","4AF6","4AF8","4AF9","4AF6","4AED","4AF9","4AEE","4AE5","4AF1","4AF9","4AE5","4AF1","4AF5","4AEA"
"1483","58616","59612","CC8B","CC8E","CC90","CCCC","CCC4","CCC4","CC8F","CC7A","CC87","CCB7","CCBB","CCAF","CC8B","CCC0"
"1484","58632","59628","CC8B","CC8E","CC90","CCCC","CCC4","CCC4","CC8F","CC7A","CC87","CCB7","CCBB","CCAF","CC8B","CCC0"
"1485","58648","59644","F7CC","F7BC","F7BE","F7FD","F7F5","F7F5","F7BC","F7BE","F7B4","F7F5","F7F5","F7ED","F7C4","F7FE"
"1486","58664","59660","40DC","40D4","40CD","410F","410B","4100","40CD","40C7","40C5","4103","4105","40FB","40D1","4107"
"1487","58680","59676","9025","9025","901C","9062","9053","905A","901D","9013","901F","9054","9051","9052","9019","9050"
"1488","58704","59700","D313","D30E","D30F","D331","D321","D32B","D30C","D304","D2FB","D32E","D321","D326","D300","D326"
"1489","58720","59716","1BE7","1BEA","1BE6","1C0C","1BFF","1C00","1BDE","1BD7","1BDE","1BFE","1BF7","1BF6","1BE4","1BFB"
"1490","58736","59732","7508","74FF","750A","7525","7508","7526","7500","74F7","74F8","751D","751D","751E","74FC","7519"
"1491","58752","59748","AF06","AEFE","AEFE","AF1D","AF15","AF15","AF06","AEF6","AEF5","AF1D","AF08","AF15","AEF9","AF19"
"1492","58768","59764","F80B","F7FB","F806","F82B","F824","F81A","F802","F7FA","F7FA","F81A","F81C","F81B","F7FF","F815"
"1493","58784","59780","46ED","46E8","46DC","4703","46FA","4704","46E5","46DC","46D4","4704","46FC","46FC","46E1","4700"
"1494","58800","59796","897C","897C","897C","8985","895D","8973","8972","8973","896A","8972","8974","8974","8970","8970"
"1495","58816","59812","CE1F","CE23","CE20","CE28","CE16","CE20","CE17","CE17","CE0F","CE17","CE17","CE0F","CE1C","CE1C"
"1496","58832","59828","9511","9513","9509","9547","953E","953F","9509","9500","9501","953F","9536","9537","9510","953B"
"1497","58848","59844","BAE1","BAD0","BAD1","BB0F","BB0D","BB0E","BAD1","BAC8","BAC9","BB07","BB05","BB06","BACD","BB0A"
"1498","58864","59860","03DC","03DC","03D4","0412","0413","0414","03D4","03D4","03CC","040A","040B","0402","03D9","0410"
"1499","58888","59884","4D61","4D4F","4D50","4D97","4D85","4D8F","4D59","4D50","4D48","4D86","4D7D","4D87","4D55","4D8E"
"1500","58904","59900","89D8","89D3","89D8","89F2","89EB","89EE","89CD","89C2","89C8","89F2","89EA","89E9","89D0","89E2"
"1501","58920","59916","D2AF","D2B3","D2B1","D2C9","D2C5","D2CB","D2B5","D2A1","D2AA","D2C1","D2BF","D2C3","D2AD","D2C4"
"1502","58936","59932","1BEF","1BE8","1BE9","1C1D","1C04","1C13","1BF5","1BEB","1BE9","1C09","1C05","1BFF","1BF3","1C02"
"1503","58952","59948","1BEF","1BE8","1BE9","1C1D","1C04","1C13","1BF5","1BEB","1BE9","1C09","1C05","1BFF","1BF3","1C02"
"1504","58968","59964","65B2","65AB","65A0","65BF","65B6","65B7","65A9","6597","65A2","65B9","65B6","65AD","659A","65BC"
"1505","58984","59980","AE82","AE81","AE7B","AE9F","AE97","AE9E","AE83","AE7B","AE70","AE9F","AE8F","AE9B","AE7D","AE92"
"1506","59000","59996","F2CA","F2C1","F2C2","F2CA","F2C1","F2C2","F2CB","F2C2","F2BA","F2C2","F2B9","F2BA","F2BE","F2C7"
"1507","59016","60012","2F3D","2F3D","2F35","2F5A","2F5B","2F5C","2F35","2F36","2F36","2F5C","2F53","2F55","2F31","2F59"
"1508","59032","60028","78D7","78CE","78DA","78E0","78D9","78CF","78CF","78CF","78D2","78D8","78C6","78C7","78CB","78CB"
"1509","59056","60052","C588","C574","C580","C588","C574","C575","C575","C56C","C579","C575","C56C","C579","C571","C57D"
"1510","59072","60068","0493","048A","0482","048A","0481","0482","048F","0482","047A","048B","0479","0483","048B","047E"
"1511","59088","60084","529A","529B","529C","529A","5291","529C","5292","5293","528A","529C","5293","528A","5298","5298"
"1512","59104","60100","A022","A019","A01A","A022","A019","A022","A026","A01D","A01A","A026","A01D","A01A","A016","A016"
"1513","59120","60116","EA01","E9F8","E9FA","EA19","EA10","EA11","E9F9","E9F0","E9E7","EA11","EA08","EA00","E9EB","EA04"
"1515","59136","60132","3095","3095","308D","309E","3095","3096","3096","308D","308E","3096","308D","308E","3089","3089"
"1516","59152","60148","D060","D061","D058","D088","D07F","D077","D058","D059","D050","D077","D077","D078","D054","D07C"
"1517","59168","60164","191D","191D","1920","191D","191D","1915","1915","190C","1916","1920","190C","1916","191C","191A"
"1518","59184","60180","40AE","40AE","40AF","40B8","40A5","40A6","40B0","409D","409E","40A6","409D","40A7","40A2","40A2"
"1519","59200","60196","6DF0","6DF0","6DF4","6DFA","6DE7","6DF4","6DE8","6DE8","6DE0","6DE8","6DE8","6DE9","6DE4","6DE4"
"1520","59224","60220","AD6D","AD62","AD64","AD7B","AD7B","AD7B","AD66","AD53","AD5A","AD7D","AD69","AD74","AD5F","AD79"
"1521","59240","60236","F628","F61E","F61E","F641","F635","F635","F614","F60C","F60C","F62E","F622","F626","F619","F625"
"1522","59256","60252","9A47","9A3E","9A3F","9A64","9A5B","9A5C","9A47","9A3E","9A40","9A64","9A5B","9A5E","9A3B","9A58"
"1523","59272","60268","9A47","9A3E","9A3F","9A64","9A5B","9A5C","9A47","9A3E","9A40","9A64","9A5B","9A5E","9A3B","9A58"
"1524","59288","60284","D56E","D572","D56D","D57A","D570","D568","D567","D56B","D560","D567","D56A","D560","D560","D56E"
"1525","59304","60300","1E96","1E92","1E87","1E96","1E92","1E87","1E8A","1E87","1E81","1E8A","1E86","1E81","1E84","1E84"
"1526","59320","60316","5F10","5F07","5F08","5F2F","5F26","5F27","5F00","5EFF","5F00","5F1D","5F1E","5F1F","5F04","5F23"
"1527","59336","60332","B10D","B109","B104","B114","B102","B108","B110","B104","B104","B110","B102","B104","B107","B109"
"1528","59352","60348","FA54","FA4B","FA58","FA54","FA55","FA58","FA56","FA4B","FA4A","FA54","FA4B","FA4A","FA54","FA54"
"1529","59368","60364","4391","4387","4388","4389","4386","4388","4389","4382","4380","4389","4380","4380","4383","4384"
"1530","59384","60380","8D68","8D5E","8D5C","8D7F","8D7F","8D78","8D69","8D5F","8D5D","8D76","8D78","8D7B","8D5A","8D70"
"1531","59408","60404","D69E","D69C","D697","D6C5","D6BB","D6BC","D69E","D693","D68F","D6BD","D6B2","D6B4","D696","D6AD"
"1532","59424","60420","17D0","17C4","17BD","17CD","17BC","17BD","17BD","17BC","17BD","17C5","17BC","17BF","17C1","17B9"
"1533","59440","60436","566F","566E","5671","5677","566E","566F","5667","5666","5667","5667","5666","5667","566D","5663"
"1534","59456","60452","9EBE","9EC2","9EB6","9EBE","9EC2","9EB6","9EC3","9EB7","9EB8","9EC3","9EB7","9EB8","9EBC","9EBC"
"1535","59472","60468","6B93","6B8A","6B8B","6BCA","6BC1","6BC2","6B8B","6B81","6B83","6BC2","6BB8","6BBA","6B87","6BBE"
"1536","59488","60484","9F74","9F6B","9F63","9FA8","9F9F","9F98","9F6A","9F5A","9F5B","9FA0","9F99","9F9B","9F66","9F94"
"1537","59504","60500","EA5E","EA4C","EA4D","EAC0","EAC1","EAC2","EA4D","EA44","EA4E","EAB8","EAB9","EAB0","EA52","EABE"
"1538","59520","60516","312F","311C","3128","314D","313B","3143","311D","3114","3120","3143","313A","3134","3119","3138"
"1539","59536","60532","6E0F","6DFD","6E07","6E1D","6E1E","6E1F","6DFE","6DFE","6DFF","6E1F","6E16","6E0D","6DFA","6E1B"
"1540","59552","60548","B2BD","B2B9","B2B5","B2DE","B2D7","B2D4","B2BA","B2A1","B2A6","B2CE","B2BF","B2CE","B2B3","B2D1"
"1541","59576","60572","00FB","00EF","00F0","0107","0109","0108","00F3","00DE","00E8","0108","00FF","00FF","00ED","0103"
"1542","59592","60588","00FB","00EF","00F0","0107","0109","0108","00F3","00DE","00E8","0108","00FF","00FF","00ED","0103"
"1543","59608","60604","49DC","49D3","49CA","49F4","49EB","49E6","49CA","49CA","49C2","49EC","49DD","49E4","49D0","49E2"
"1544","59624","60620","9251","923F","9249","924A","9244","9242","924B","9236","923A","9242","9241","923A","923E","923E"
"1545","59640","60636","C1A0","C18A","C18B","C1BB","C1B2","C1AA","C18B","C18F","C183","C1AA","C1AA","C1A2","C187","C1A6"
"1546","59656","60652","09FB","09F0","09F1","09F8","09EF","09F3","09F0","09E8","09DF","09F0","09DE","09E8","09EC","09ED"
"1547","59672","60668","52BB","52B2","52B3","52BD","52AA","52B5","52B3","52AA","52AB","52AB","52AC","52A3","52AF","52B1"
"1548","59688","60684","9D11","9D08","9D09","9D30","9D1C","9D27","9D09","9CF6","9D01","9D27","9D1F","9D1F","9D05","9D19"
"1549","59704","60700","0977","0978","096F","0977","0977","0979","0978","0970","0971","096F","096F","0971","096B","096B"
"1550","59720","60716","4E89","4E7D","4E81","4E89","4E74","4E81","4E81","4E76","4E76","4E7E","4E6C","4E76","4E71","4E71"
"1551","59744","60740","97C1","97B8","97C1","97C1","97B8","97C1","97B9","97B6","97B1","97B9","97B6","97B1","97BD","97BD"
"1552","59760","60756","E188","E17F","E180","E1A1","E198","E190","E180","E16D","E16E","E190","E187","E188","E172","E195"
"1553","59776","60772","2A86","2A7C","2A7D","2A85","2A74","2A75","2A75","2A6C","2A75","2A75","2A6C","2A75","2A71","2A79"
"1554","59792","60788","C907","C8F5","C8FF","C8FE","C8FE","C8FF","C901","C8F8","C8EE","C900","C8F8","C8F7","C8F2","C8F2"
"1555","59808","60804","0DCC","0DB9","0DBA","0DCC","0DB9","0DBA","0DC3","0DB1","0DB2","0DBA","0DB1","0DB2","0DBF","0DB6"
"1556","59824","60820","5B7A","5B7B","5B7C","5B7A","5B7B","5B72","5B72","5B74","5B6A","5B72","5B74","5B6A","5B6E","5B6E"
"1557","59840","60836","8B4B","8B4C","8B4B","8B6B","8B63","8B5A","8B43","8B42","8B45","8B5A","8B5A","8B5C","8B47","8B5F"
"1558","59856","60852","AAF1","AADF","AAEA","AB09","AAF7","AAF8","AAE9","AAE0","AAD8","AB01","AAF8","AAF0","AADC","AAF4"
"1559","59872","60868","D3AB","D39B","D39C","D3AB","D3A1","D39C","D3A4","D39B","D39E","D3A4","D393","D39E","D397","D397"
"1560","59888","60884","1D4A","1D3D","1D3B","1D60","1D56","1D4D","1D36","1D30","1D2D","1D4F","1D4A","1D49","1D3C","1D54"
"1561","59904","60900","1D4A","1D3D","1D3B","1D60","1D56","1D4D","1D36","1D30","1D2D","1D4F","1D4A","1D49","1D3C","1D54"
"1562","59928","60924","D07B","D072","D073","D0B2","D0AB","D0A4","D078","D071","D06B","D0AA","D09B","D09C","D06F","D0A6"
"1563","59944","60940","0210","0212","0211","024F","0240","023F","020B","0206","020A","0247","023F","023F","0210","023F"
"1564","59960","60956","4B30","4B1E","4B1F","4B5B","4B5E","4B5C","4B28","4B16","4B20","4B5C","4B56","4B54","4B1A","4B59"
"1565","59976","60972","94DE","94D5","94DE","9515","950C","9516","94D6","94DA","94CE","9516","9504","950E","94D2","9509"
"1566","59992","60988","DD63","DD52","DD55","DD81","DD71","DD7C","DD5E","DD49","DD56","DD73","DD71","DD71","DD51","DD77"
"1567","60008","61004","2649","263F","2641","2660","2658","264F","2640","2638","263B","2658","2646","2648","263B","2655"
"1568","60024","61020","7B9A","7B9C","7B9D","7BDA","7BD0","7BCA","7B9D","7B89","7B95","7BD5","7BC1","7BCA","7B99","7BCD"
"1569","60040","61036","B8DC","B8DA","B8D4","B8FA","B8F2","B8F2","B8D4","B8D2","B8D8","B8F2","B8F2","B8F2","B8CF","B8EE"
"1570","60056","61052","015A","0151","0152","015A","0143","0152","014A","0144","0142","0151","0144","0149","014F","0142"
"1571","60072","61068","470E","46FE","4700","472E","471B","471A","46FF","46F8","4700","4726","4713","4715","46FC","4717"
"1572","60096","61092","93DF","93D1","93D2","93DA","93D1","93D2","93DA","93C4","93C9","93D1","93C4","93C9","93CF","93D8"
"1573","60112","61108","328A","328B","328C","3293","328B","328C","328B","3279","3284","328B","3279","3284","3288","3287"
"1574","60128","61124","966C","9657","9662","9695","968C","9698","9658","9659","9650","969A","9684","9685","965E","9694"
"1575","60144","61140","C632","C61D","C61E","C664","C65B","C65C","C627","C615","C61F","C654","C653","C654","C626","C650"
"1576","60160","61156","0F3C","0F33","0F3E","0F73","0F72","0F6B","0F34","0F2B","0F2C","0F6B","0F6A","0F6B","0F30","0F6F"
"1577","60176","61172","4CA8","4CA1","4C95","4CD1","4CD4","4CD4","4C9E","4C8D","4C96","4CCB","4CC9","4CCF","4C9F","4CD0"
"1578","60192","61188","9547","9546","954A","9565","955A","955D","9549","9535","9536","9566","9552","9554","953A","9562"
"1579","60208","61204","DE16","DE03","DE0E","DE25","DE1C","DE27","DE08","DE05","DE00","DE25","DE1E","DE1E","DE01","DE20"
"1580","60224","61220","DE16","DE03","DE0E","DE25","DE1C","DE27","DE08","DE05","DE00","DE25","DE1E","DE1E","DE01","DE20"
"1581","60240","61236","315D","315C","315D","319C","3193","3188","315D","314C","3155","3194","318B","3180","3159","3190"
"1582","60264","61260","713B","712B","712A","7168","7168","7160","7132","712B","7124","7160","715E","7162","7132","7165"
"1583","60280","61276","BC91","BC8F","BC89","BD05","BCFC","BCF3","BC89","BC87","BC81","BCF3","BCEA","BCEB","BC8E","BCF9"
"1584","60296","61292","FBED","FBE5","FBE5","FC0C","FC03","FC03","FBDC","FBD3","FBD4","FBFA","FBFA","FBFB","FBE2","FBF6"
"1585","60312","61308","39B6","39AD","39B6","39D6","39D1","39C6","39B6","39AE","39AE","39C6","39C5","39CA","39B2","39C2"
"1586","60328","61324","7E1D","7E0B","7E15","7E3C","7E32","7E33","7E15","7E0C","7E05","7E33","7E2A","7E2B","7E11","7E2F"
"1587","60344","61340","CC45","CC3C","CC3E","CC5D","CC54","CC58","CC34","CC37","CC35","CC4C","CC43","CC4D","CC39","CC51"
"1588","60360","61356","4C84","4C7B","4C83","4CBD","4CBA","4CBB","4C7C","4C80","4C7B","4CBB","4CB2","4CB6","4C78","4CB1"
"1589","60376","61372","8220","8217","8210","8256","8250","8250","8210","8207","8208","824E","8245","8246","820C","824A"
"1590","60392","61388","CB4B","CB42","CB43","CB82","CB79","CB7A","CB3B","CB32","CB3C","CB71","CB68","CB72","CB3F","CB76"
"1591","60408","61404","14FE","14F5","14EC","152B","152C","152D","14EC","14ED","14EE","152E","151A","1527","14F2","151F"
"1592","60432","61428","B2A6","B29D","B29E","B2BF","B2BE","B2B7","B29E","B29E","B296","B2B7","B2B6","B2B7","B29A","B2BD"
"1593","60448","61444","078E","0785","078D","07C4","07C1","07BC","0786","077D","077E","07BC","07BB","07B4","0782","07C0"
"1594","60464","61460","45E6","45EA","45E8","4624","4613","461C","45E8","45DF","45D6","4614","4613","460C","45E4","461B"
"1595","60480","61476","8F07","8F0B","8EFF","8F46","8F33","8F3E","8EFF","8F00","8F04","8F41","8F2B","8F36","8F05","8F30"
"1596","60496","61492","AABD","AABD","AABE","AAFD","AAEA","AAF4","AABE","AAB5","AAAD","AAF4","AAEB","AAED","AAB1","AAF0"
"1597","60512","61508","F475","F474","F477","F4B3","F4A1","F4A2","F46D","F46C","F46D","F4AF","F499","F4A3","F469","F49E"
"1598","60528","61524","3BCC","3BC3","3BCE","3BF1","3BE8","3BE2","3BCD","3BBB","3BC6","3BEE","3BE5","3BE1","3BC9","3BDE"
"1599","60544","61540","3BCC","3BC3","3BCE","3BF1","3BE8","3BE2","3BCD","3BBB","3BC6","3BEE","3BE5","3BE1","3BC9","3BDE"
"1600","60560","61556","BA4A","BA41","BA42","BA80","BA78","BA78","BA43","BA3A","BA2F","BA78","BA63","BA70","BA33","BA75"
"1601","60576","61572","DC8C","DC83","DC8F","DCCE","DCB8","DCBC","DC8D","DC7C","DC88","DCC5","DCAF","DCB6","DC80","DCC1"
"1602","60592","61588","2A53","2A49","2A4D","2A7F","2A82","2A77","2A4B","2A3A","2A42","2A80","2A77","2A6E","2A47","2A7E"
"1603","60616","61612","73F2","73E8","73E1","7420","741F","741D","73E1","73D8","73D9","7417","7418","7419","73DE","741B"
"1604","60632","61628","BC85","BC71","BC72","BCA2","BC8F","BC91","BC7C","BC69","BC74","BC92","BC89","BC8A","BC79","BC96"
"1605","60648","61644","0554","0547","054C","0568","0561","0560","0556","0542","054E","0563","0563","055B","0545","055E"
"1606","60664","61660","4EA4","4E9B","4E93","4EC1","4EAE","4EBA","4E9C","4E92","4E8C","4EB8","4EB1","4EB0","4E98","4EAB"
"1607","60680","61676","9856","9842","9843","986D","9863","9866","9843","9845","9844","985C","9852","9854","983F","9858"
"1608","60696","61692","E129","E11B","E128","E149","E136","E141","E127","E11B","E114","E137","E137","E139","E118","E133"
"1609","60712","61708","2217","2218","2219","2217","2218","220F","220F","2210","2211","2219","2206","2211","2215","2215"
"1610","60728","61724","415A","4151","415C","415A","4151","4152","4152","4149","414A","4152","4149","414A","4158","4158"
"1611","60744","61740","DE87","DE76","DE7F","DE9D","DE9D","DE95","DE77","DE76","DE6F","DE9E","DE8C","DE8D","DE7B","DE9A"
"1612","60760","61756","2CCD","2CC7","2CC5","2D01","2CFF","2D00","2CBD","2CBC","2CB5","2D02","2CF0","2CF1","2CC1","2CF5"
"1613","60784","61780","7128","7116","7117","713D","7133","7135","7117","710E","710F","7135","712C","7134","7113","7131"
"1614","60800","61796","BA97","BA8F","BA92","BAB4","BAAB","BAAC","BA8F","BA87","BA87","BAAE","BA9B","BA9C","BA8C","BAA0"
"1615","60816","61812","F4F5","F4F7","F4F6","F52A","F52C","F52C","F4F8","F4E4","F4EE","F52D","F523","F51A","F4F4","F528"
"1616","60832","61828","410A","410C","410D","410A","4101","4102","4102","40F9","4106","4102","4103","40FA","40FE","4108"
"1617","60848","61844","8AE0","8AD7","8AE1","8AFE","8AFE","8AFF","8AE1","8AD8","8AD9","8AFF","8AF6","8AF7","8ADF","8AFD"
"1618","60864","61860","8AE0","8AD7","8AE1","8AFE","8AFE","8AFF","8AE1","8AD8","8AD9","8AFF","8AF6","8AF7","8ADF","8AFD"
"1619","60880","61876","D377","D36F","D365","D377","D36E","D370","D370","D366","D35D","D36F","D35C","D35D","D36B","D36B"
"1620","60896","61892","2219","2205","2211","2237","222F","222F","2206","21FD","21FE","222F","2226","2227","220D","222B"
"1621","60912","61908","669B","669A","6693","66C1","66BA","66BB","6693","6694","668B","66BB","66A8","66B1","668F","66B5"
"1622","60928","61924","8E2D","8E24","8E25","8E4B","8E4A","8E4D","8E25","8E25","8E1D","8E4B","8E42","8E43","8E2A","8E47"
"1623","60952","61948","BC81","BC82","BC82","BCC0","BCB7","BCAF","BC82","BC79","BC71","BCB8","BCAF","BCB0","BC7E","BCB4"
"1624","60968","61964","05E9","05E0","05EA","061F","0616","0617","05E1","05D8","05E2","0617","0619","0618","05DD","061D"
"1625","60984","61980","4D21","4D17","4D18","4D20","4D17","4D18","4D0F","4D0F","4D07","4D0F","4D06","4D10","4D0B","4D14"
"1626","61000","61996","FAF3","FAE9","FADE","FB29","FB20","FB14","FAEA","FAE2","FAE2","FB20","FB18","FB0C","FADA","FB1C"
"1627","61016","62012","2DD3","2DCA","2DCB","2DF2","2DDE","2DDF","2DC2","2DC2","2DBA","2DE8","2DE1","2DE0","2DC7","2DDB"
"1628","61032","62028","7A1A","7A11","7A07","7A55","7A43","7A44","7A10","7A07","7A0B","7A4D","7A3B","7A45","7A0E","7A41"
"1629","61048","62044","C2B7","C2A5","C2AF","C2D5","C2C3","C2C4","C2AF","C2A7","C2A7","C2CD","C2BB","C2BC","C2A2","C2C9"
"1630","61064","62060","59C2","59B9","59BA","59DF","59E0","59E2","59C3","59B1","59BB","59D7","59D8","59D9","59BF","59DD"
"1631","61080","62076","A93C","A934","A92C","A94C","A94B","A944","A934","A92B","A92C","A94C","A945","A93C","A930","A940"
"1632","61096","62092","F299","F290","F287","F2AE","F2A5","F2B0","F287","F289","F289","F2A6","F2A6","F29E","F283","F2AB"
"1633","61112","62108","3B1E","3B15","3B16","3B27","3B15","3B16","3B1F","3B16","3B0E","3B1F","3B0D","3B1A","3B1E","3B12"
"1634","61136","62132","72C3","72C5","72C5","72E1","72D8","72E3","72BB","72B2","72BD","72D9","72D9","72D1","72C2","72D5"
"1635","61152","62148","AFF8","AFEF","AFF0","AFEF","AFEF","AFF1","AFF1","AFDE","AFDF","AFE7","AFDE","AFE8","AFEC","AFEC"
"1636","61168","62164","F8B6","F8B1","F8AE","F8B6","F8AD","F8A6","F8AE","F89D","F89E","F8B0","F89D","F89E","F8AA","F8AA"
"1637","61184","62180","F8B6","F8B1","F8AE","F8B6","F8AD","F8A6","F8AE","F89D","F89E","F8B0","F89D","F89E","F8AA","F8AA"
"1638","61200","62196","4318","430F","4310","4336","432D","432E","4310","4310","4311","432E","432F","432F","430C","4334"
"1639","61216","62212","CEEC","CEEB","CEE4","CF0D","CEE6","CF05","CEEC","CEE3","CEDC","CF05","CEF2","CEF3","CEE8","CEF7"
"1640","61232","62228","0E16","0E06","0E07","0E0F","0E0D","0E07","0E0E","0DFE","0DFF","0E07","0DFE","0E06","0E03","0E03"
"1641","61248","62244","572B","572A","572B","572B","572A","572D","5723","5722","571B","5723","5722","5723","571F","5727"
"1642","61264","62260","A07C","A073","A06E","A07C","A073","A06E","A077","A065","A06F","A077","A065","A06C","A070","A070"
"1643","61280","62276","EA0E","E9FB","EA05","EA0E","E9FB","EA05","EA05","E9F3","E9F4","EA05","E9F3","E9F4","E9F8","E9F8"
"1644","61296","62292","3391","3388","3389","33B0","33A7","33A8","3389","3378","3381","33A8","3394","33A0","337D","3399"
"1645","61312","62308","7CD9","7CCD","7CCF","7CE5","7CE6","7CE6","7CCE","7CC5","7CC6","7CDD","7CDE","7CD5","7CCA","7CD9"
"1646","61328","62324","BE77","BE6E","BE7E","BE85","BE7B","BE7C","BE78","BE6F","BE74","BE71","BE72","BE74","BE78","BE6C"
"1647","61352","62348","0EC6","0EBD","0EBE","0EC6","0EC8","0EC6","0EBE","0EB5","0EB6","0EBE","0EB5","0EB6","0EC2","0EBA"
"1648","61368","62364","3CC5","3CC6","3CBD","3CC5","3CC6","3CBD","3CBD","3CB4","3CBF","3CBD","3CC1","3CBF","3CC3","3CB9"
"1649","61384","62380","BB62","BB51","BB5E","BB62","BB51","BB5E","BB5A","BB49","BB52","BB5A","BB49","BB52","BB4E","BB4E"
"1650","61400","62396","0422","0419","0411","0422","0419","0411","041A","0408","0412","041A","0408","0412","0416","0416"
"1651","61416","62412","97D9","97C5","97D1","980E","97FC","9806","97D1","97C8","97BE","9808","97FD","97F5","97CF","9805"
"1652","61432","62428","D0DA","D0DB","D0DC","D119","D110","D114","D0DB","D0D3","D0D3","D108","D108","D10C","D0D7","D110"
"1653","61448","62444","0DA9","0DAA","0DAC","0DDD","0DE1","0DD5","0DA1","0D98","0D99","0DE2","0DD8","0DDA","0D9D","0DDD"
"1654","61464","62460","5768","5762","5757","5797","5798","578F","5761","5758","574F","578F","5790","5787","5753","5794"
"1655","61480","62476","9FEB","9FD9","9FDA","9FFE","9FFC","9FF6","9FE1","9FDA","9FD2","9FF6","9FF9","9FF5","9FDD","9FF2"
"1656","61496","62492","9FEB","9FD9","9FDA","9FFE","9FFC","9FF6","9FE1","9FDA","9FD2","9FF6","9FF9","9FF5","9FDD","9FF2"
"1657","61512","62508","E8CF","E8C6","E8C7","E8E5","E8DC","E8D2","E8BA","E8B1","E8B2","E8D2","E8D4","E8D5","E8B6","E8D9"
"1658","61536","62532","3DB4","3DA1","3DA2","3E20","3E18","3E0D","3DA2","3DA3","3D9A","3E0D","3E04","3E05","3D9E","3E14"
"1659","61552","62548","7BFC","7BF3","7BF4","7C33","7C2A","7C2B","7BF4","7BE1","7BEC","7C2B","7C22","7C23","7BF0","7C27"
"1660","61568","62564","C5B0","C5A4","C5A3","C5E4","C5DB","C5DC","C5A5","C59A","C59B","C5DC","C5CA","C5D4","C59F","C5D8"
"1661","61584","62580","EC50","EC47","EC3F","EC65","EC5C","EC69","EC49","EC3F","EC37","EC5D","EC5D","EC5E","EC3B","EC62"
"1662","61600","62596","FE96","FE8D","FE90","FEA6","FE9D","FEA7","FE86","FE85","FE88","FE9E","FE9E","FE9F","FE82","FE9A"
"1663","61616","62612","47D1","47BD","47C6","47E4","47DC","47DD","47BF","47C0","47B7","47E5","47D4","47D5","47BB","47D9"
"1664","61632","62628","9092","9092","9093","90AA","90A1","90AC","908A","9081","908E","90A2","90A2","90A4","908F","909E"
"1665","61648","62644","43B1","43B3","43B4","43F3","43DF","43E0","43A9","43A0","43AD","43EB","43E2","43D8","43AF","43E9"
"1666","61664","62660","755A","7556","754B","7594","7581","758F","7556","7545","754B","7581","7581","7577","7544","757F"
"1667","61680","62676","BE7B","BE66","BE6F","BEA5","BEA8","BEA7","BE74","BE60","BE61","BEA6","BE9F","BE99","BE63","BEA6"
"1668","61704","62700","5CA3","5CA1","5CA2","5CCA","5CC1","5CB9","5C9B","5C99","5C93","5CC4","5CB9","5CBA","5C97","5CC0"
"1669","61720","62716","A5CD","A5C6","A5C8","A5DD","A5DF","A5DE","A5C5","A5B4","A5C0","A5DD","A5D4","A5D6","A5C1","A5DC"
"1670","61736","62732","FFCF","FFBE","FFBF","FFFD","0000","FFF5","FFC7","FFBE","FFBF","FFF5","FFEC","FFFA","FFBB","FFFA"
"1671","61752","62748","390B","390C","3903","3940","3937","3938","390D","3904","38FB","3938","3939","3930","3909","3940"
"1672","61768","62764","780D","77FB","7803","786E","7868","7871","77FC","77FC","77F3","7871","785F","785E","77F9","7864"
"1673","61784","62780","BEF2","BEE0","BEEC","BF13","BF07","BF0B","BEDF","BED7","BED8","BF00","BEF7","BEF8","BEDD","BEFB"
"1674","61800","62796","07DB","07C5","07D2","07F1","07E0","07E2","07C2","07BF","07BE","07E1","07E2","07E2","07C3","07E5"
"1675","61816","62812","07DB","07C5","07D2","07F1","07E0","07E2","07C2","07BF","07BE","07E1","07E2","07E2","07C3","07E5"
"1676","61832","62828","4C55","4C4C","4C4D","4C6B","4C62","4C63","4C44","4C44","4C3C","4C6B","4C62","4C5B","4C40","4C69"
"1677","61856","62852","9AC4","9ABA","9ABC","9AE3","9ADB","9AD7","9AC6","9ABB","9AB3","9ADB","9AD3","9ACC","9AC0","9ADA"
"1678","61872","62868","0D03","0CFA","0D04","0D42","0D30","0D3A","0CFB","0CF2","0CF3","0D3A","0D28","0D29","0CFF","0D36"
"1679","61888","62884","31F1","31E7","31E9","321F","321F","3217","31E1","31D9","31DF","3216","321B","320E","31E4","3211"
"1680","61904","62900","7AF4","7AEB","7AEC","7B33","7B1F","7B2C","7AE6","7AEB","7ADE","7B20","7B23","7B18","7AF1","7B29"
"1681","61920","62916","C495","C48D","C498","C4D5","C4C4","C4CD","C497","C485","C48F","C4CD","C4C6","C4BE","C48A","C4CC"
"1682","61936","62932","0D3D","0D2B","0D2B","0D50","0D54","0D48","0D33","0D2E","0D24","0D4A","0D44","0D42","0D29","0D51"
"1683","61952","62948","5606","55FC","55F3","561F","5618","5616","55F5","55E9","55ED","560B","560D","5603","55FA","5611"
"1684","61968","62964","A94C","A942","A943","A981","A97A","A970","A938","A931","A93B","A970","A970","A967","A936","A975"
"1685","61984","62980","E934","E935","E92C","E974","E95F","E96C","E936","E92B","E930","E960","E958","E960","E92A","E95C"
"1686","62000","62996","3274","326B","3274","32B1","32A9","32A9","3274","3267","325E","32A8","3299","32A0","3273","32A5"
"1687","62016","63012","BE88","BE87","BE88","BEBD","BEB4","BEBF","BE80","BE7F","BE80","BEB5","BEAC","BEB7","BE84","BEB1"
"1688","62040","63036","0649","0649","0641","0667","065E","065F","064A","0638","0644","0669","0656","065F","0646","065B"
"1689","62056","63052","7A7D","7A6A","7A75","7AB3","7AAA","7AAB","7A75","7A6C","7A6D","7AAB","7AA2","7AA3","7A71","7AA9"
"1690","62072","63068","B00E","AFFB","B008","B03A","B03C","B032","AFFC","AFF3","AFFE","B03C","B033","B034","AFF8","B039"
"1691","62088","63084","F199","F187","F188","F1CF","F1BE","F1C7","F191","F189","F18A","F1C7","F1B6","F1B7","F18E","F1BB"
"1692","62104","63100","3B3F","3B40","3B41","3B7F","3B76","3B77","3B42","3B2E","3B3A","3B77","3B6E","3B6F","3B3D","3B69"
"1693","62120","63116","83D2","83C9","83CA","83F2","83DE","83EA","83CA","83C1","83C2","83E8","83D6","83E0","83BC","83E6"
"1694","62136","63132","83D2","83C9","83CA","83F2","83DE","83EA","83CA","83C1","83C2","83E8","83D6","83E0","83BC","83E6"
"1695","62152","63148","CC9E","CC9F","CCA0","CCC0","CCB7","CCB9","CC96","CC8D","CC98","CCB8","CCB0","CCB0","CC9D","CCAB"
"1696","62168","63164","15F3","15EA","15EB","1607","1609","160A","15EB","15D8","15D9","160C","15F6","1602","15DD","15FB"
"1697","62184","63180","6941","692E","6939","6977","696E","6966","692F","6926","6931","6966","6966","6968","692B","6962"
"1698","62208","63204","A90C","A903","A902","A940","A938","A930","A904","A8F9","A8F2","A92E","A927","A930","A8FF","A935"
"1699","62224","63220","D01E","D015","D00D","D056","D04B","D04C","D016","D00D","D00E","D043","D03A","D03B","D009","D048"
"1700","62240","63236","1A13","1A00","1A01","1A47","1A3E","1A3F","1A0B","1A02","19F9","1A36","1A3A","1A2E","19FD","1A32"
"1701","62256","63252","620D","620F","6213","6235","622E","6224","6210","6207","6208","622F","621B","6225","6201","622B"
"1702","62272","63268","AAF0","AAE7","AAE8","AAFF","AAFE","AAF7","AADF","AAD6","AAD7","AAF7","AAEE","AAF7","AADB","AAFB"
"1703","62288","63284","33FF","33EB","33F7","346B","3462","3457","33F7","33EE","33E4","3463","345A","345B","33F3","345F"
"1704","62304","63300","55EF","55F3","55E9","5632","561D","561E","55F0","55E1","55EB","561F","5621","561F","55EF","561C"
"1705","62320","63316","9F5D","9F53","9F5C","9F92","9F90","9F87","9F5F","9F48","9F4B","9F8A","9F81","9F87","9F50","9F8B"
"1706","62336","63332","3D13","3D0A","3D01","3D2B","3D22","3D19","3D0B","3D02","3CF9","3D23","3D1A","3D11","3D07","3D1F"
"1707","62352","63348","8650","864F","8648","866E","866D","8666","8648","8647","8648","8666","865D","865E","8644","8662"
"1708","62376","63372","CFB4","CFAB","CFB8","CFD6","CFCE","CFCE","CFAC","CFAE","CFAF","CFCE","CFC6","CFBE","CFB3","CFCA"
"1709","62392","63388","18C5","18BC","18BD","18E3","18DA","18E3","18BD","18BC","18BD","18E3","18D2","18D3","18B9","18D7"
"1710","62408","63404","551F","5510","5518","551F","5510","5512","5519","550F","5511","551B","550F","5511","5517","5517"
"1711","62424","63420","97EA","97E1","97ED","9807","97FE","980B","97E2","97D9","97E5","97FF","9800","97F7","97E9","97FB"
"1712","62440","63436","D514","D50B","D50C","D514","D50F","D504","D504","D4FB","D505","D504","D503","D504","D508","D500"
"1713","62456","63452","D514","D50B","D50C","D514","D50F","D504","D504","D4FB","D505","D504","D503","D504","D508","D500"
"1714","62472","63468","1DE3","1DD1","1DDB","1DDA","1DDA","1DD2","1DDB","1DD2","1DCA","1DD2","1DD6","1DD7","1DCE","1DD7"
"1715","62488","63484","6829","682B","6821","6848","6848","6840","6821","6822","6819","6849","6837","6841","6828","6845"
"1716","62504","63500","B3D3","B3CC","B3CB","B3CB","B3CA","B3CD","B3CB","B3BA","B3C6","B3C3","B3C2","B3C5","B3BF","B3BF"
"1717","62520","63516","F9C2","F9B8","F9B9","F9C1","F9B8","F9B9","F9B0","F9A7","F9B4","F9B0","F9A7","F9B1","F9B5","F9B5"
"1718","62544","63540","4608","45F3","45F4","4620","460D","460E","45FF","45EB","45F8","4617","4605","4610","45FC","4614"
"1719","62560","63556","8E68","8E68","8E68","8E71","8E5F","8E69","8E6A","8E57","8E62","8E68","8E57","8E62","8E65","8E5C"
"1720","62576","63572","D580","D56F","D57A","D580","D577","D57A","D578","D571","D572","D578","D571","D568","D578","D56C"
"1721","62592","63588","1AB2","1AB4","1AB3","1ADB","1AD2","1AD2","1AB3","1AA1","1AA2","1AD2","1ABF","1AC0","1AB1","1ACF"
"1722","62608","63604","6A27","6A20","6A1F","6A1C","6A1E","6A14","6A14","6A0B","6A0C","6A1F","6A0B","6A17","6A1B","6A1B"
"1723","62624","63620","B368","B369","B360","B368","B369","B36A","B360","B357","B362","B360","B357","B362","B366","B366"
"1724","62640","63636","FCA7","FC93","FC94","FCA7","FC93","FC9F","FC9F","FC96","FC8C","FC9F","FC96","FC8C","FC9D","FC90"
"1725","62656","63652","5F56","5F4C","5F4E","5F56","5F4C","5F4D","5F4D","5F4F","5F45","5F4E","5F44","5F45","5F54","5F49"
"1726","62672","63668","A7E3","A7DA","A7DA","A7E3","A7D9","A7DA","A7DB","A7C7","A7C8","A7DA","A7C7","A7D2","A7CC","A7D6"
"1727","62688","63684","F139","F139","F131","F151","F151","F149","F13A","F134","F132","F152","F14C","F141","F12D","F145"
"1728","62704","63700","93AF","939C","93A7","93A5","93A6","93A7","93A7","9394","939F","939D","939E","939F","9399","93A3"
"1729","62728","63724","C54A","C542","C54C","C557","C542","C54C","C544","C53C","C53D","C544","C542","C53D","C544","C544"
"1730","62744","63740","0EEE","0EED","0EF3","0F0D","0F0C","0F11","0EF1","0EE9","0EE3","0F0F","0F06","0F00","0EEB","0F0A"
"1731","62760","63756","57B1","579F","57A0","57A7","579F","57A0","57A8","5797","57A1","57A8","5797","5794","579C","57A2"
"1732","62776","63772","57B1","579F","57A0","57A7","579F","57A0","57A8","5797","57A1","57A8","5797","5794","579C","57A2"
"1733","62792","63788","A125","A115","A11F","A125","A115","A11F","A11F","A115","A10C","A11F","A115","A117","A113","A113"
"1734","62808","63804","EAB2","EAA7","EAA8","EACE","EABD","EAC0","EAA9","EA9E","EAA8","EABF","EAB7","EAC1","EAA9","EAC5"
"1735","62824","63820","336E","335E","3367","336E","3364","3367","3365","335F","335F","335D","335E","335F","335A","3361"
"1736","62840","63836","735D","7347","7348","7350","7350","7348","7351","733F","7340","7348","7348","7340","7344","734D"
"1737","62856","63852","C5E2","C5D8","C5E0","C5E7","C5DF","C5D5","C5E1","C5D1","C5D4","C5E1","C5D1","C5D4","C5D5","C5D5"
"1738","62872","63868","0796","078D","0790","0796","078D","0790","0786","0785","0786","0786","0785","0786","078A","078A"
"1739","62888","63884","45DF","45D8","45D9","45DF","45D8","45D9","45CE","45CE","45D1","45CE","45CE","45D1","45CA","45D3"
"1740","62912","63908","8EAC","8EA3","8EA4","8EAC","8EA3","8EA4","8EA4","8E93","8E94","8EA4","8E93","8E94","8EA0","8EA0"
"1741","62928","63924","D86E","D86E","D866","D887","D886","D87F","D86F","D85D","D868","D887","D876","D880","D86B","D883"
"1742","62944","63940","59A9","5997","5998","59D5","59D6","59CD","5998","598F","5990","59D7","59C4","59C5","59A1","59C9"
"1743","62960","63956","883F","8836","8839","886C","8863","886E","8837","882E","8827","886E","8865","8867","882B","886A"
"1744","62976","63972","2729","2727","2721","275F","2756","2760","2721","271F","2719","2757","274E","274F","2724","2753"
"1745","62992","63988","6F99","6F90","6F91","6FBA","6FAF","6FB0","6F91","6F80","6F89","6FB0","6FA8","6F9F","6F8D","6FAC"
"1746","63008","64004","B8BA","B8BB","B8B1","B8D9","B8C9","B8CA","B8BC","B8A9","B8AA","B8D1","B8C1","B8C9","B8B5","B8C6"
"1747","63024","64020","0321","0318","0310","0357","034E","034F","0319","0307","0311","0346","033D","0347","030C","034B"
"1748","63040","64036","3EED","3EED","3EE5","3F0A","3F01","3F02","3EE5","3EDC","3EDD","3F02","3F03","3EFA","3EEC","3F08"
"1749","63064","64060","877C","877C","877F","8787","877C","877D","877D","876B","876C","877D","8776","8775","8770","8770"
"1750","63080","64076","B165","B152","B153","B183","B16F","B170","B15E","B154","B14B","B17B","B172","B173","B14F","B16C"
"1751","63096","64092","B165","B152","B153","B183","B16F","B170","B15E","B154","B14B","B17B","B172","B173","B14F","B16C"
"1752","63112","64108","FE54","FE41","FE4D","FE4A","FE41","FE4C","FE42","FE39","FE3A","FE4C","FE39","FE44","FE48","FE49"
"1753","63128","64124","4705","4706","46FD","4705","4706","46FD","46FD","46FE","46F5","46FD","46FE","46F5","46F9","46F9"
"1754","63144","64140","9050","904E","9048","904F","9047","9047","9048","903F","9040","9052","9046","9040","904B","904D"
"1755","63160","64156","FE9B","FE89","FE8A","FE9C","FE92","FE93","FE8A","FE8A","FE82","FE94","FE81","FE8B","FE90","FE86"
"1756","63176","64172","43A5","439C","4393","439B","439C","4393","4393","4394","4397","4393","4394","4395","4399","4399"
"1757","63192","64188","8CBF","8CB6","8CC0","8CBF","8CB6","8CC0","8CB7","8CB7","8CBC","8CB7","8CB7","8CAF","8CC0","8CC0"
"1758","63208","64204","D6AD","D69C","D6A5","D6C4","D6B4","D6BC","D6A5","D694","D695","D6BC","D6AC","D6B9","D6A3","D6B1"
"1759","63224","64220","1F56","1F4A","1F4E","1F48","1F3F","1F40","1F40","1F45","1F44","1F4B","1F45","1F43","1F3C","1F4A"
"1760","63248","64244","689E","689E","689F","68A7","6895","689F","68A0","6896","688E","68A0","6896","688E","689B","689B"
"1761","63264","64260","B268","B25F","B260","B27E","B275","B27E","B260","B25A","B251","B27F","B275","B276","B255","B272"
"1762","63280","64276","FB1B","FB07","FB13","FB1B","FB12","FB08","FB08","FAFF","FB0B","FB08","FB0A","FB00","FB0F","FB0F"
"1763","63296","64292","7FCA","7FBB","7FC5","7FE3","7FDD","7FD4","7FC3","7FBC","7FBF","7FD5","7FD3","7FD6","7FC1","7FD0"
"1764","63312","64308","8945","893C","8934","8945","8933","893D","893E","8934","8935","893D","8934","8935","8930","8930"
"1765","63328","64324","CD34","CD2B","CD36","CD34","CD2B","CD36","CD36","CD23","CD24","CD2C","CD23","CD24","CD28","CD28"
"1766","63344","64340","1B4D","1B3B","1B45","1B62","1B59","1B5A","1B3C","1B3C","1B3D","1B5A","1B5B","1B5A","1B38","1B56"
"1767","63360","64356","C070","C072","C069","C0AE","C09E","C0A9","C068","C05F","C061","C0A9","C096","C097","C06B","C0A5"
"1768","63376","64372","F179","F179","F171","F1B1","F1A7","F1A9","F172","F16D","F171","F1A9","F1A9","F1A9","F16A","F1A4"
"1769","63392","64388","3A89","3A84","3A88","3AC6","3ABE","3ABE","3A81","3A80","3A83","3AB5","3AA9","3AB4","3A82","3ABB"
"1770","63408","64404","3A89","3A84","3A88","3AC6","3ABE","3ABE","3A81","3A80","3A83","3AB5","3AA9","3AB4","3A82","3ABB"
"1771","63432","64428","8460","845A","8458","848D","848C","848D","8458","844E","8445","848D","8480","8479","8451","847B"
"1772","63448","64444","CCCE","CCBB","CCBB","CCE2","CCE1","CCDA","CCBC","CCBC","CCBC","CCDA","CCCF","CCDA","CCB8","CCD6"
"1773","63464","64460","15A2","1598","15A3","15BB","15B2","15BC","15A4","1590","159E","15B3","15B6","15B4","1595","15AE"
"1774","63480","64476","69CE","69C6","69C7","69EE","69E3","69E6","69BE","69B5","69BE","69DA","69DD","69DC","69C2","69E0"
"1775","63496","64492","A8C7","A8B7","A8B7","A8DD","A8CF","A8D0","A8B5","A8B8","A8AD","A8CF","A8C8","A8C7","A8BF","A8C7"
"1776","63512","64508","F171","F169","F169","F186","F183","F186","F169","F15C","F15F","F187","F17E","F174","F163","F181"
"1777","63528","64524","3A0E","39FF","39FA","3A02","3A00","3A01","39FA","39F0","39FA","3A05","39F0","39FA","39F3","39F3"
"1778","63544","64540","84A6","8497","849E","84BC","84B6","84B4","84A2","8499","8492","84BD","84B6","84AF","8495","84BB"
"1779","63568","64564","CC75","CC6E","CC65","CC7A","CC62","CC65","CC6B","CC66","CC5C","CC6B","CC5B","CC5C","CC6A","CC60"
"1780","63584","64580","3AA1","3A94","3A98","3AD2","3ACD","3ACA","3A95","3A8C","3A90","3ACA","3AC5","3AC6","3A91","3AC6"
"1781","63600","64596","6086","607E","6075","60BE","60AC","60AD","607D","6076","6076","60AE","60A4","60AF","607B","60A9"
"1782","63616","64612","03E2","03D9","03DA","0411","0408","0414","03DB","03CA","03D2","0410","0400","0408","03D6","0405"
"1783","63632","64628","4C4F","4C46","4C3E","4C6D","4C64","4C5B","4C3E","4C35","4C3F","4C5B","4C52","4C60","4C43","4C61"
"1784","63648","64644","956F","956F","9570","9591","9588","957E","9567","9567","9568","957E","9580","9584","956C","957A"
"1785","63664","64660","DEBD","DEAB","DEAC","DEDB","DEC9","DECA","DEB5","DEB0","DEAD","DECA","DECB","DEC2","DEA8","DED0"
"1786","63680","64676","25C2","25B9","25B2","25F9","25E7","25F1","25B2","25B1","25AA","25E8","25E8","25E9","25B6","25E4"
"1787","63696","64692","659A","6590","6591","65C5","65BC","65C7","6588","6588","658A","65C7","65BE","65B5","658D","65C6"
"1788","63712","64708","A762","A74A","A755","A792","A78B","A78E","A74F","A746","A74F","A78C","A77C","A77B","A749","A789"
"1789","63736","64732","A762","A74A","A755","A792","A78B","A78E","A74F","A746","A74F","A78C","A77C","A77B","A749","A789"
"1790","63752","64748","E5FE","E5EB","E5EC","E635","E629","E62A","E5F6","E5EE","E5E4","E622","E619","E625","E5F3","E626"
"1791","63768","64764","2E26","2E1D","2E14","2E43","2E3C","2E3D","2E1E","2E0B","2E0C","2E33","2E2A","2E33","2E10","2E37"
"1792","63784","64780","76F1","76E8","76E0","7709","7700","7703","76E9","76E1","76D8","7701","76EF","76F0","76DC","76FD"
"1793","63800","64796","EA4B","EA4B","EA4C","EAC0","EAAE","EAAF","EA4C","EA3A","EA3B","EAB8","EAA6","EAB0","EA48","EAAB"
"1794","63816","64812","1917","190D","1905","194D","1940","1945","190E","1905","1907","1941","1939","1939","1909","1937"
"1795","63832","64828","6296","6298","6294","62D6","62C3","62C6","6298","6281","6290","62CE","62C4","62C0","6294","62C1"
"1796","63848","64844","A67E","A675","A676","A6A7","A694","A695","A681","A66D","A66E","A695","A68C","A68D","A672","A691"
"1797","63864","64860","F417","F400","F40B","F42A","F421","F41A","F3FF","F3F8","F3F7","F41A","F418","F412","F3FE","F416"
"1798","63880","64876","3D30","3D28","3D33","3D50","3D47","3D52","3D32","3D29","3D1E","3D4F","3D3F","3D49","3D25","3D4E"
"1799","63904","64900","86E9","86E3","86EF","870C","8707","86FE","86EA","86DA","86E2","86FC","86FD","86F4","86E2","86FA"
"1800","63920","64916","E47D","E46C","E478","E4B8","E4A2","E4AE","E475","E46F","E46D","E4A3","E49A","E49B","E471","E49F"
"1801","63936","64932","6F1E","6F15","6F16","6F5D","6F4A","6F4B","6F16","6F0D","6F0E","6F55","6F42","6F43","6F12","6F51"
"1802","63952","64948","B8BB","B8B2","B8B3","B8F9","B8E8","B8EF","B8B3","B8AA","B8AB","B8E9","B8E0","B8E7","B8AF","B8E5"
"1803","63968","64964","0117","0115","0116","0134","012B","012C","010F","0110","0107","012C","0123","0124","010B","0133"
"1804","63984","64980","4A30","4A2F","4A32","4A51","4A48","4A4C","4A30","4A27","4A28","4A40","4A37","4A38","4A2C","4A3C"
"1805","64000","64996","AB9A","AB9C","AB92","ABDB","ABC6","ABC7","AB9D","AB94","AB95","ABC7","ABBE","ABBF","AB99","ABCF"
"1806","64016","65012","D1AE","D1A7","D1AE","D1EA","D1E4","D1E2","D1A2","D1A1","D19A","D1E5","D1D1","D1D3","D1A5","D1D5"
"1807","64032","65028","1CC7","1CC6","1CCA","1D32","1D30","1D2A","1CC7","1CBE","1CC2","1D31","1D28","1D29","1CC6","1D2D"
"1808","64048","65044","1CC7","1CC6","1CCA","1D32","1D30","1D2A","1CC7","1CBE","1CC2","1D31","1D28","1D29","1CC6","1D2D"
"1809","64072","65068","63B2","63A9","63A1","63C7","63C5","63CC","63AB","639F","63A3","63BE","63BE","63C4","63A7","63BB"
"1810","64088","65084","AC86","AC7B","AC74","AC9C","AC80","AC8D","AC7C","AC75","AC75","AC95","AC81","AC85","AC79","AC8F"
"1811","64104","65100","F127","F11E","F11F","F146","F13D","F147","F129","F120","F121","F13E","F135","F13F","F11B","F13A"
"1812","64120","65116","3F8E","3F85","3F7E","3F9C","3F9B","3F9E","3F87","3F7E","3F75","3F9D","3F8B","3F98","3F79","3F9A"
"1813","64136","65132","88C0","88B0","88B0","88E0","88CE","88D0","88BA","88B2","88A9","88CF","88CE","88D0","88AC","88D1"
"1814","64152","65148","D1B2","D1A1","D19E","D1C7","D1C3","D1B6","D1A2","D197","D19E","D1B9","D1BA","D1BC","D19A","D1B5"
"1815","64168","65164","1335","132A","132A","1351","1346","1347","132A","1321","1318","1347","133E","133F","1326","133A"
"1816","64184","65180","5050","5052","5048","5050","5047","5053","5053","504C","5040","5048","503F","5040","5044","504F"
"1817","64200","65196","9940","9936","9930","9938","992D","9937","9937","992F","9930","9937","992E","992F","992C","9934"
"1818","64216","65212","E30C","E2F9","E2FA","E321","E324","E319","E2FA","E2FB","E2FC","E322","E310","E311","E2F6","E315"
"1819","64232","65228","3165","3159","315D","3172","3169","3173","315D","3151","314A","316A","3161","3162","314E","3166"
"1820","64256","65252","CB09","CB08","CB01","CB21","CB1F","CB20","CB0B","CB00","CB01","CB19","CB17","CB18","CB05","CB1C"
"1821","64272","65268","1475","1474","146D","1496","148D","148E","146D","146C","146D","1484","1485","1486","1471","1480"
"1822","64288","65284","3D54","3D53","3D4C","3D6C","3D6C","3D64","3D4C","3D4B","3D44","3D64","3D5B","3D5C","3D48","3D69"
"1823","64304","65300","8606","85F4","85FE","8625","861C","8614","85FE","85F5","85EF","861D","860B","8617","85FA","8610"
"1824","64320","65316","C83E","C835","C840","C85F","C856","C84E","C840","C82D","C838","C857","C845","C846","C832","C853"
"1825","64336","65332","0886","0875","0882","089E","0895","088E","087E","086D","0876","088E","0891","0890","087A","0892"
"1826","64352","65348","5619","5610","5611","5632","5629","562A","561B","5608","5613","5633","5621","562B","560D","5626"
"1827","64368","65364","5619","5610","5611","5632","5629","562A","561B","5608","5613","5633","5621","562B","560D","5626"
"1828","64384","65380","7D2B","7D22","7D23","7D43","7D3A","7D3B","7D23","7D1A","7D1B","7D3B","7D3B","7D33","7D1F","7D37"
"1829","64408","65404","A8ED","A8E4","A8DC","A8ED","A8E4","A8DC","A8E6","A8DC","A8D4","A8DC","A8D3","A8E0","A8E1","A8E4"
"1830","64424","65420","F28D","F284","F285","F2A5","F29C","F29D","F285","F27C","F27D","F29D","F294","F295","F28A","F299"
"1831","64440","65436","3AB9","3AB0","3AB9","3AB9","3AB9","3AB1","3ABA","3AA8","3AB2","3AB1","3AA8","3AA9","3AB5","3AB5"
"1832","64456","65452","E3F0","E3E7","E3F1","E410","E3FF","E400","E3F0","E3DF","E3E0","E408","E400","E400","E3E4","E3FC"
"1833","64472","65468","1A4F","1A3C","1A46","1A67","1A55","1A56","1A46","1A34","1A3E","1A56","1A4D","1A57","1A39","1A52"
"1834","64488","65484","63F0","63F2","63EF","6432","6426","6427","63E8","63DF","63E0","641D","6414","641F","63E4","6423"
"1835","64504","65500","AD0E","AD0E","AD0F","AD30","AD1D","AD1E","AD0F","AD06","AD07","AD1E","AD15","AD1F","AD0B","AD23"
"1836","64520","65516","F530","F527","F528","F530","F527","F51E","F528","F51F","F520","F51E","F51F","F516","F524","F524"
"1837","64536","65532","3F20","3F17","3F18","3F42","3F30","3F3A","3F18","3F19","3F1A","3F3A","3F31","3F29","3F14","3F2D"
"1838","64552","65548","8929","8922","8921","8939","8937","8931","8918","891A","8919","893B","892F","8929","891D","892D"
"1839","64568","65564","255E","255F","2560","255E","255F","2556","2560","254D","2558","2560","2557","2558","255C","255C"
"1840","64584","65580","60E4","60DA","60D1","60D9","60DA","60DE","60DC","60D2","60C9","60D1","60D2","60D3","60D7","60D7"
"1841","64608","65604","A503","A4FA","A4EF","A4F7","A4FA","A4F9","A4FB","A4F0","A4E7","A4FB","A4F0","A4E7","A4F5","A4F5"
"1842","64624","65620","EDC4","EDBB","EDBE","EDC4","EDBB","EDB4","EDBC","EDAB","EDAC","EDBC","EDAB","EDB4","EDBA","EDBA"
"1843","64640","65636","2C45","2C3D","2C40","2C45","2C3D","2C3D","2C34","2C2B","2C2C","2C34","2C2B","2C2C","2C39","2C39"
"1844","64656","65652","BB23","BB19","BB22","BB3F","BB36","BB41","BB22","BB19","BB13","BB41","BB38","BB2F","BB17","BB33"
"1845","64672","65668","FA40","FA41","FA38","FA4E","FA41","FA45","FA42","FA39","FA39","FA3C","FA39","FA34","FA3B","FA40"
"1846","64688","65684","FA40","FA41","FA38","FA4E","FA41","FA45","FA42","FA39","FA39","FA3C","FA39","FA34","FA3B","FA40"
"1847","64704","65700","4368","4353","4358","4366","4353","4358","4360","434E","4359","4360","4353","4358","4351","4351"
"1848","64720","65716","8D46","8D32","8D3C","8D5B","8D4A","8D4C","8D3D","8D32","8D2C","8D4C","8D42","8D44","8D38","8D4E"
"1849","64736","65732","D5E6","D5D3","D5E1","D5E0","D5D3","D5E1","D5E0","D5D9","D5D9","D5E0","D5D9","D5D8","D5D1","D5D1"
"1850","64760","65756","1F32","1F1E","1F21","1F32","1F1E","1F21","1F29","1F1E","1F23","1F29","1F1E","1F1A","1F27","1F27"
"1851","64776","65772","6863","685B","6853","6863","6850","685B","685C","6851","6854","685C","6851","6854","684F","684F"
"1852","64792","65788","B238","B231","B233","B255","B24E","B247","B231","B229","B21F","B24E","B248","B23F","B22D","B24A"
"1853","64808","65804","FB3E","FB35","FB43","FB4B","FB3D","FB36","FB42","FB36","FB3E","FB36","FB36","FB2E","FB33","FB3A"
"1854","64824","65820","28BE","28BC","28BD","28D5","28D6","28D7","28BD","28AD","28B5","28D7","28C4","28CF","28B9","28C9"
"1855","64840","65836","573E","5738","5736","5735","572C","5736","5736","572D","5725","5736","572D","572E","5732","5729"
"1856","64856","65852","98F8","98EF","98E6","98F8","98EF","98F0","98F0","98E7","98E8","98E6","98EA","98DE","98E2","98EC"
"1857","64872","65868","E9F4","E9F3","E9F6","EA0C","EA0C","EA0D","E9F4","E9ED","E9EC","EA0D","EA04","EA05","E9F0","EA09"
"1858","64888","65884","C566","C55D","C55E","C5A6","C59D","C59C","C568","C555","C55F","C59E","C58C","C58D","C55A","C598"
"1859","64904","65900","0EAB","0EA2","0EA3","0EDF","0EDB","0ED0","0E9A","0E9D","0E92","0ED0","0ECE","0ED4","0E96","0ED3"
"1860","64920","65916","5A4C","5A37","5A38","5A7D","5A68","5A69","5A44","5A2F","5A3C","5A69","5A6C","5A6D","5A34","5A65"
"1861","64936","65932","A08C","A08B","A08C","A0B3","A0AA","A0AB","A08C","A083","A07C","A0AB","A0A2","A0A3","A088","A0A7"
"1862","64960","65956","DCB1","DCA8","DCB2","DCD4","DCC1","DCC2","DCB2","DCA0","DCAC","DCC2","DCC1","DCBA","DCA5","DCBE"
"1863","64976","65972","3281","3278","3279","32B8","32AF","32B0","3279","3270","3271","32B0","32B1","32B0","3275","32B4"
"1864","64992","65988","7066","705D","7066","70BC","70A8","70B3","705E","7060","7056","70B3","70AA","70A1","705A","70B1"
"1865","65008","66004","7066","705D","7066","70BC","70A8","70B3","705E","7060","7056","70B3","70AA","70A1","705A","70B1"
"1866","65024","66020","B90D","B906","B905","B945","B943","B93D","B90E","B8FE","B8FF","B93D","B934","B933","B903","B939"
"1867","65040","66036","E737","E72E","E72F","E76D","E763","E764","E72D","E71C","E71D","E764","E75B","E75C","E729","E760"
"1868","65056","66052","F5F1","F5E8","F5F3","F630","F61F","F62A","F5F4","F5E1","F5EB","F61E","F617","F616","F5E5","F61B"
"1869","65072","66068","3DB1","3DAA","3DB4","3DCF","3DC8","3DC9","3DB2","3DA2","3DA3","3DCF","3DC0","3DCA","3DA7","3DCD"
"1870","65096","66092","EFCE","EFC5","EFC6","F00F","EFFB","F007","EFD1","EFC8","EFBE","EFFC","EFF3","EFFF","EFC2","EFF8"
"1871","65112","66108","1A57","1A5A","1A4F","1AAD","1AA4","1AA2","1A58","1A46","1A47","1A9B","1A92","1A9F","1A4B","1AA3"
"1872","65128","66124","67A3","6790","679A","67D7","67C7","67D3","6798","6790","678B","67D0","67C0","67C1","6797","67C5"
"1873","65144","66140","B15E","B15D","B15D","B193","B189","B189","B15F","B157","B157","B193","B182","B183","B15B","B18F"
"1874","65160","66156","FC8E","FC7A","FC7C","FCA2","FC97","FC9F","FC85","FC7B","FC7D","FC9A","FC98","FC92","FC78","FCA1"
"1875","65176","66172","42BB","42AA","42B4","42D4","42C2","42CB","42A7","42A0","42AC","42CC","42C3","42BE","42B0","42C9"
"1876","65192","66188","8C01","8BF8","8BF7","8C22","8C1A","8C15","8BF1","8BF0","8BF3","8C17","8C0A","8C0C","8BF7","8C0F"
"1877","65208","66204","2CCC","2CCD","2CCE","2D20","2D17","2D10","2CC4","2CC5","2CC6","2D1D","2D07","2D10","2CCA","2D0C"
"1878","65224","66220","7564","7559","755A","7599","7590","7586","755C","7553","7547","758F","7588","757E","7556","758D"
"1879","65240","66236","C12C","C11A","C11B","C155","C14C","C157","C124","C112","C114","C157","C14E","C14F","C117","C149"
"1880","65256","66252","0750","0747","0753","076F","0766","0770","0748","074A","074E","0770","075E","075F","0752","0763"
"1881","65280","66276","4373","436A","4374","4394","4389","437D","4375","436C","436C","4382","4383","4378","4367","4388"
"1882","65296","66292","B760","B75C","B75D","B7CC","B7C3","B7C9","B758","B74F","B755","B7C9","B7C0","B7C1","B759","B7C8"
"1883","65312","66308","D88F","D87A","D87D","D8DA","D8D1","D8C8","D87C","D87E","D882","D8D1","D8CC","D8C1","D878","D8CE"
"1884","65328","66324","D88F","D87A","D87D","D8DA","D8D1","D8C8","D87C","D87E","D882","D8D1","D8CC","D8C1","D878","D8CE"
"1885","65344","66340","2162","2158","215A","2197","2186","218F","215A","2148","214D","2187","2187","2187","2155","218C"
"1886","65360","66356","653A","6531","6528","654F","6550","6550","6528","651F","652A","6547","6547","653F","652E","6543"
"1887","65376","66372","B56E","B55B","B566","B588","B575","B57A","B55C","B55C","B555","B57E","B56B","B56B","B55A","B572"
"1888","65392","66388","FC0E","FC03","FC13","FC28","FC2B","FC2F","FC06","FBFC","FBFD","FC29","FC20","FC20","FC0F","FC1E"
"1889","65408","66404","45C0","45C1","45C7","45E4","45D3","45DD","45BA","45BC","45BC","45DE","45D4","45D4","45B6","45DE"
"1890","65424","66420","9B46","9B35","9B36","9B74","9B6B","9B74","9B3E","9B35","9B2E","9B74","9B6B","9B70","9B32","9B68"
"1891","65440","66436","D8FE","D8ED","D8F8","D94B","D940","D943","D8F6","D8ED","D8EF","D93B","D938","D938","D8F2","D937"
"1892","65464","66460","1A3F","1A39","1A37","1A6C","1A63","1A64","1A37","1A26","1A2F","1A6D","1A5B","1A5C","1A35","1A60"
"1893","65480","66476","5B79","5B70","5B66","5BA5","5BA4","5B9D","5B70","5B5D","5B6B","5B9D","5B9C","5B9D","5B6C","5BA1"
"1894","65496","66492","A0DD","A0DE","A0DF","A106","A0F2","A0FB","A0D5","A0CC","A0D7","A0FE","A0EA","A0F3","A0DB","A0EF"
"1895","65512","66508","E9E2","E9D1","E9DE","E9F2","E9F5","E9F3","E9D2","E9D1","E9D4","E9F3","E9EB","E9EE","E9D6","E9F0"
"1896","65528","66524","A55A","A551","A552","A590","A591","A592","A55B","A549","A54A","A588","A589","A58A","A54E","A58E"
"1897","65544","66540","F12C","F126","F124","F1AE","F199","F19A","F124","F11B","F111","F19A","F191","F192","F121","F196"
"1898","65560","66556","3963","3951","395C","397F","3979","396E","395B","3949","3954","396E","3965","3966","3957","3976"
"1899","65576","66572","806C","8061","8062","8081","807B","8079","8063","8059","8050","8079","8068","8074","8054","8077"
"1900","65592","66588","B7ED","B7E1","B7E1","B7FE","B7FD","B800","B7DB","B7D8","B7D3","B7FF","B7EF","B7F5","B7D6","B7FB"
"1901","65608","66604","065C","0649","064A","0669","0660","066C","064A","0641","064C","0661","0658","0664","0646","0668"
"1902","65632","66628","5BBF","5BB6","5BB7","5BED","5BED","5BF1","5BB9","5BB0","5BA6","5BEF","5BDC","5BDD","5BAA","5BEA"
"1903","65648","66644","5BBF","5BB6","5BB7","5BED","5BED","5BF1","5BB9","5BB0","5BA6","5BEF","5BDC","5BDD","5BAA","5BEA"
"1904","65664","66660","99AF","99A6","999D","99F1","99E8","99F4","999D","999D","9995","99E9","99EB","99EB","9999","99EF"
"1905","65680","66676","C3C7","C3B4","C3BF","C3F4","C3EB","C3EC","C3BF","C3B6","C3B7","C3F4","C3E3","C3EE","C3B1","C3F2"
"1906","65696","66692","104F","103B","103C","1079","1070","107C","103C","1033","103E","107C","1073","1069","1038","1078"
"1907","65712","66708","55A9","5595","55A0","55BD","55B4","55BE","55A0","558D","5598","55BE","55AC","55AD","5592","55B1"
"1908","65728","66724","9EA1","9E97","9E99","9EBA","9EA7","9EB0","9E90","9E8F","9E88","9EB0","9E9F","9EA8","9E94","9EAC"
"1909","65744","66740","3160","3157","3163","31A2","3199","319A","3158","315A","3150","318F","3186","3187","315F","3196"
"1910","65760","66756","4E09","4E07","4E01","4E48","4E36","4E40","4E08","4DFF","4E00","4E37","4E39","4E2F","4DFD","4E40"
"1911","65776","66772","96E9","96E9","96EA","971C","9720","971E","96EB","96D8","96D9","9714","9718","970C","96DD","971C"
"1912","65792","66788","DFAC","DFA6","DFA4","DFC5","DFB2","DFB3","DF9D","DF9B","DF9C","DFBD","DFB4","DFB5","DFA0","DFAF"
"1913","65816","66812","294D","294F","2950","2975","296C","2965","2945","293C","293D","2965","2966","2967","294C","2969"
"1914","65832","66828","710E","7103","7105","710D","70F9","70FB","70FB","70FB","70F3","70FB","70F1","70FE","70F7","70FF"
"1915","65848","66844","0BFC","0BFA","0BFE","0C32","0C32","0C2A","0BF4","0BF2","0BEC","0C2A","0C2A","0C22","0BF7","0C2F"
"1916","65864","66860","5902","58FC","58F0","5917","5919","590F","58FA","58F4","58F2","590F","5906","5912","58F6","5914"
"1917","65880","66876","9A77","9A6E","9A68","9A8F","9A7D","9A7E","9A6F","9A5F","9A67","9A87","9A75","9A76","9A64","9A83"
"1918","65896","66892","D819","D810","D807","D837","D82E","D830","D811","D808","D7FF","D830","D827","D827","D80D","D82B"
"1919","65912","66908","144C","144C","144D","1455","1443","1444","1444","143B","1445","1444","1445","143C","1440","1449"
"1920","65928","66924","3EB0","3EB0","3EB2","3EB0","3EB1","3EB2","3EB1","3E9F","3EA9","3EA8","3EA9","3EA9","3EAD","3EA4"
"1921","65944","66940","D40F","D3FF","D407","D448","D432","D440","D401","D3FE","D3F8","D441","D42C","D42B","D403","D43C"
"1922","65960","66956","D40F","D3FF","D407","D448","D432","D440","D401","D3FE","D3F8","D441","D42C","D42B","D403","D43C"
"1923","65984","66980","0B47","0B3E","0B3F","0B7E","0B75","0B76","0B3F","0B2D","0B37","0B76","0B63","0B6E","0B32","0B72"
"1924","66000","66996","53A6","539D","539E","53D0","53BC","53C4","539E","539F","5396","53BD","53BB","53BC","53A4","53C0"
"1925","66016","67012","9D04","9D02","9CFC","9D1A","9D11","9D1D","9D03","9CFC","9CFB","9D20","9D09","9D15","9CFF","9D0E"
"1926","66032","67028","E62F","E626","E627","E659","E645","E652","E627","E61E","E61F","E646","E646","E63E","E623","E642"
"1927","66048","67044","2E64","2E5B","2E53","2E64","2E5B","2E60","2E53","2E53","2E54","2E5C","2E53","2E58","2E4F","2E4F"
"1928","66064","67060","9734","972B","9735","97A9","97A0","97A1","972C","972C","972D","9799","9790","9791","9733","9795"
"1929","66080","67076","BFBA","BFB1","BFB5","BFDA","BFD1","BFD2","BFB5","BFA9","BFAD","BFC9","BFC0","BFC1","BFAE","BFC5"
"1930","66096","67092","08F5","08E0","08E9","0900","08F7","0902","08E9","08E0","08E1","0902","08F9","08FA","08DD","08F4"
"1931","66112","67108","4D7F","4D76","4D78","4D95","4D89","4D8D","4D79","4D6F","4D72","4D96","4D81","4D8E","4D6B","4D93"
"1932","66136","67132","9A31","9A30","9A29","9A39","9A28","9A29","9A31","9A20","9A29","9A31","9A20","9A21","9A2D","9A25"
"1933","66152","67148","E377","E36E","E36F","E377","E36E","E36F","E36F","E36F","E367","E36F","E36F","E367","E374","E36B"
"1934","66168","67164","945A","9446","9455","948F","9487","948A","9447","9449","944A","947E","947E","9480","944E","9483"
"1935","66184","67180","CEA1","CE9A","CE9B","CED9","CED0","CED1","CEA2","CE99","CE93","CED1","CED1","CED0","CEA1","CED6"
"1936","66200","67196","1720","1717","1721","173E","173E","1742","1721","1719","1710","173F","1736","172E","171E","1732"
"1937","66216","67212","669F","6696","6697","66D9","66C6","66D1","6697","669A","668F","66D1","66C8","66BF","669F","66C3"
"1938","66232","67228","A431","A429","A42B","A466","A45D","A45E","A42A","A420","A423","A45E","A44C","A456","A425","A45A"
"1939","66248","67244","E728","E715","E722","E729","E71F","E720","E716","E70D","E718","E722","E70D","E70E","E71C","E71D"
"1940","66264","67260","4552","4555","454A","459C","459C","459D","4556","4548","4542","4594","458B","458C","454E","4590"
"1941","66280","67276","4552","4555","454A","459C","459C","459D","4556","4548","4542","4594","458B","458C","454E","4590"
"1942","66296","67292","8020","8015","8016","806A","8061","805A","8016","8005","800E","805A","8059","805A","8012","805E"
"1943","66320","67316","CA35","CA24","CA25","CA80","CA6E","CA79","CA2D","CA1C","CA1D","CA6F","CA66","CA67","CA29","CA6B"
"1944","66336","67332","0CAA","0CAC","0CA2","0CC7","0CBE","0CBF","0CAD","0CA2","0C9A","0CC8","0CB6","0CB7","0CA7","0CBB"
"1945","66352","67348","3FEB","3FE2","3FED","400B","4001","4002","3FE3","3FE3","3FE4","4002","3FF0","3FF1","3FDF","3FF5"
"1946","66368","67364","7EBB","7EB2","7EB3","7EBB","7EB2","7EAA","7EB3","7EA1","7EA2","7EB6","7EAA","7EA2","7EB2","7EA6"
"1947","66384","67380","EC8F","EC8F","EC8D","ECA5","ECA4","ECA5","EC8D","EC84","EC85","ECA5","EC94","EC9D","EC8F","EC99"
"1948","66400","67396","47A5","47A7","479D","47F9","47F0","47F5","47A7","479C","479D","47F1","47E0","47E9","47A1","47ED"
"1949","66416","67412","7049","7035","7032","707E","7071","706B","7041","702C","7033","7074","7060","706D","703C","7068"
"1950","66432","67428","BDCA","BDC3","BDC7","BDFD","BDF1","BDFC","BDC2","BDBF","BDBA","BDF5","BDE9","BDF4","BDC3","BDFD"
"1951","66448","67444","0178","016A","0167","0184","017E","0188","016F","0163","015F","0184","017F","017F","0168","017B"
"1952","66464","67460","5059","505B","505B","508D","5084","5085","5051","5048","5052","508D","507C","5088","504F","508B"
"1953","66480","67476","0AD2","0AC9","0AD7","0B1C","0B21","0B22","0ACA","0AC1","0AC2","0B14","0B0B","0B1A","0AC6","0B1D"
"1954","66504","67500","3BB3","3BB7","3BAB","3C0A","3C09","3C02","3BAB","3BA2","3BA3","3C0A","3C03","3C02","3BA7","3C06"
"1955","66520","67516","7F9B","7F92","7F9C","7FC3","7FB0","7FB9","7F9D","7F93","7F8B","7FB1","7FB0","7FB1","7F8F","7FB5"
"1956","66536","67532","C22C","C219","C221","C259","C247","C248","C21B","C211","C219","C251","C23F","C240","C21D","C244"
"1957","66552","67548","F440","F435","F436","F472","F45F","F46D","F436","F424","F42E","F46A","F461","F465","F434","F466"
"1958","66568","67564","3A88","3A7F","3A80","3A7F","3A76","3A80","3A77","3A77","3A78","3A77","3A6E","3A7B","3A73","3A73"
"1959","66584","67580","B2F6","B2E1","B2E2","B349","B334","B335","B2E2","B2E3","B2DA","B335","B333","B334","B2DE","B331"
"1960","66600","67596","B2F6","B2E1","B2E2","B349","B334","B335","B2E2","B2E3","B2DA","B335","B333","B334","B2DE","B331"
"1961","66616","67612","E33B","E345","E33B","E384","E373","E37C","E344","E33D","E340","E372","E36A","E374","E33A","E379"
"1962","66632","67628","3177","3166","3167","31AC","319A","31A4","316F","3169","3169","319B","3192","319C","3163","31A0"
"1963","66648","67644","79B6","79A4","79AE","79CF","79C5","79C6","79A5","799C","799D","79C7","79BE","79B6","79A1","79C2"
"1964","66672","67668","C2DF","C2D8","C2CF","C2F5","C2EC","C2F6","C2CF","C2CD","C2C7","C2F6","C2ED","C2EC","C2D5","C2E9"
"1965","66688","67684","0B1F","0B0E","0B0F","0B17","0B0E","0B0F","0B17","0B06","0B0F","0B17","0B06","0B07","0B13","0B0B"
"1966","66704","67700","357C","356B","356C","357C","3573","356C","3574","3563","3564","356C","3563","3564","3568","3570"
"1967","66720","67716","ACFC","ACF3","ACF4","AD3E","AD32","AD33","AD00","ACEB","ACF6","AD36","AD20","AD21","ACFA","AD2F"
"1968","66736","67732","E8AF","E8A6","E8AF","E8EE","E8E6","E8DC","E8AF","E8A9","E8A7","E8E6","E8DD","E8DE","E8A3","E8E3"
"1969","66752","67748","312E","3121","311B","3141","3138","3139","3126","311D","311D","3142","3139","3131","3117","3140"
"1970","66768","67764","7A65","7A5C","7A5D","7A85","7A74","7A75","7A67","7A5C","7A55","7A7F","7A74","7A6D","7A59","7A7B"
"1971","66784","67780","C497","C48E","C492","C4CF","C4C3","C4C4","C489","C489","C487","C4C7","C4BE","C4B5","C485","C4C3"
"1972","66800","67796","6F47","6F3E","6F35","6FAA","6FAA","6FAB","6F35","6F36","6F3A","6FA2","6FA2","6FA6","6F3B","6FA7"
"1973","66816","67812","A038","A03A","A030","A062","A04D","A04E","A03A","A032","A028","A04E","A050","A046","A039","A055"
"1974","66832","67828","E96A","E961","E96D","E98D","E986","E97C","E962","E964","E95A","E97C","E97C","E974","E96A","E981"
"1975","66856","67852","2DE2","2DE7","2DDA","2E0C","2DF7","2E03","2DDD","2DDC","2DD5","2E01","2DFB","2DEF","2DDF","2DF4"
"1976","66872","67868","6DEE","6DE8","6DE7","6DEE","6DE6","6DDD","6DE6","6DD4","6DDE","6DDD","6DDE","6DD5","6DD9","6DE5"
"1977","66888","67884","B73C","B72C","B72D","B735","B72C","B72D","B72D","B724","B725","B72C","B72B","B72C","B733","B733"
"1978","66904","67900","0133","0134","0136","0152","0140","014C","0135","012C","012D","014A","0141","0142","0132","0148"
"1979","66920","67916","0133","0134","0136","0152","0140","014C","0135","012C","012D","014A","0141","0142","0132","0148"
"1980","66936","67932","7734","7736","7736","7775","776C","776E","772C","772D","772F","7762","7764","7765","7728","775E"
"1981","66952","67948","9D07","9CF5","9CFF","9D3D","9D34","9D38","9CF6","9CF6","9CF7","9D35","9D2C","9D2D","9CF3","9D33"
"1982","66968","67964","E5CF","E5D2","E5C7","E60D","E5FC","E607","E5CA","E5BF","E5C8","E5FD","E5F4","E5FD","E5CF","E5FC"
"1983","66984","67980","2F0E","2F02","2EFE","2F3F","2F32","2F37","2F00","2F00","2EFE","2F39","2F2A","2F31","2F01","2F33"
"1984","67000","67996","76FB","76F3","76EB","7712","7711","7712","76F3","76EB","76DD","7712","7700","770A","76EF","770E"
"1985","67024","68020","C8B1","C8A8","C8B3","C8D1","C8C9","C8CA","C8A9","C8AA","C8AB","C8C9","C8C1","C8B8","C8AF","C8BC"
"1986","67040","68036","2969","296B","296C","29C0","29B8","29AD","2961","2963","2959","29B8","29B0","29B2","2968","29A9"
"1987","67056","68052","5419","540F","5411","544E","543D","5447","5407","53FF","53FF","543E","543E","5436","540B","543D"
"1988","67072","68068","A335","A324","A32D","A383","A379","A372","A32D","A31C","A31D","A37A","A369","A36A","A321","A377"
"1989","67088","68084","EEA8","EE95","EEA3","EEDB","EEC9","EED3","EEA1","EE97","EE9B","EED3","EECB","EECB","EE92","EED0"
"1990","67104","68100","2DE7","2DDB","2DDE","2DE6","2DDC","2DD1","2DDD","2DCA","2DC6","2DCE","2DCA","2DD5","2DCE","2DDA"
"1991","67120","68116","B2A6","B295","B296","B2BA","B2AA","B2B6","B296","B294","B28E","B2B2","B2A9","B2A3","B292","B2A7"
"1992","67136","68132","27D8","27CF","27D0","282E","281B","2826","27DA","27C7","27C8","281C","2813","2814","27D6","2818"
"1993","67152","68148","66E1","66D1","66D9","672C","6723","6732","66D9","66D2","66CA","6724","671B","6726","66D5","6720"
"1994","67168","68164","A392","A389","A380","A3AE","A39E","A3AB","A380","A381","A378","A3A6","A396","A397","A37C","A3A2"
"1995","67184","68180","DA6E","DA65","DA5D","DA9B","DA8A","DA8B","DA66","DA54","DA5E","DA93","DA8C","DA83","DA62","DA91"
"1996","67208","68204","1E14","1E03","1E04","1E33","1E2A","1E2B","1E0F","1E03","1DFC","1E22","1E19","1E1A","1E00","1E27"
"1997","67224","68220","6B55","6B4C","6B59","6B6B","6B6B","6B63","6B55","6B4C","6B45","6B63","6B66","6B5B","6B51","6B5F"
"1998","67240","68236","6B55","6B4C","6B59","6B6B","6B6B","6B63","6B55","6B4C","6B45","6B63","6B66","6B5B","6B51","6B5F"
"1999","67256","68252","E607","E5FE","E606","E65C","E649","E64A","E5FF","E5F6","E5FE","E654","E641","E642","E602","E646"
"2000","67272","68268","142E","1433","1430","1470","1467","145D","1426","1427","1428","145D","1454","145F","142C","1463"
"2001","67288","68284","5DA1","5D98","5D99","5DD5","5DD5","5DD6","5DA3","5D9D","5D9B","5DCD","5DC4","5DC5","5DA2","5DD4"
"2002","67304","68300","A5E6","A5DB","A5D4","A5FD","A5EC","A5F5","A5D4","A5CB","A5D4","A5F8","A5E4","A5ED","A5D8","A5E9"
"2003","67320","68316","F093","F08A","F08C","F0BE","F0BF","F0C3","F08B","F07A","F07B","F0B6","F0AD","F0B8","F07F","F0BC"
"2004","67336","68332","3842","3839","383A","3859","3850","3851","383A","383B","383B","3851","3848","3849","383F","384D"
"2005","67360","68356","9EAD","9EAE","9EA5","9EEB","9EDA","9EE3","9EAF","9EA6","9E9D","9EE6","9EDA","9ED3","9EA1","9ED7"
"2006","67376","68372","C5A8","C59F","C5A0","C5F5","C5EC","C5F3","C5A9","C597","C598","C5ED","C5ED","C5EB","C5A5","C5E9"
"2007","67392","68388","1221","1218","1219","1240","1241","1238","1226","1210","1219","1241","122F","1239","121D","123D"
"2008","67408","68404","60AA","609F","6099","60CF","60C6","60C7","60A0","6097","6098","60D0","60C9","60C8","6095","60CC"
"2009","67424","68420","A9E0","A9D7","A9CD","AA0A","AA0B","AA02","A9CD","A9CF","A9C5","AA0F","AA03","AA04","A9C9","AA08"
"2010","67440","68436","307F","3077","3077","3090","308D","308E","3075","3071","306E","308A","3082","3086","3075","308B"
"2011","67456","68452","A56D","A564","A55D","A5B1","A5AF","A5B0","A55D","A554","A55D","A5B0","A5A0","A5A8","A559","A5A5"
"2012","67472","68468","DD13","DD0A","DD0B","DD65","DD5C","DD5D","DD0B","DD09","DD0A","DD5D","DD54","DD50","DD0E","DD59"
"2013","67488","68484","213A","2138","2132","2158","2157","2150","2139","2129","212A","215C","2147","2148","2135","2154"
"2014","67504","68500","68BA","68B1","68BC","68F1","68EA","68E0","68BC","68A9","68B4","68E0","68E2","68E5","68B8","68E5"
"2015","67520","68516","A67D","A674","A675","A69C","A69D","A6A0","A675","A675","A676","A694","A694","A696","A67C","A69A"
"2016","67544","68540","F3E5","F3DA","F3D3","F3F9","F3E7","F3E8","F3DB","F3D2","F3CB","F3F1","F3DF","F3ED","F3CF","F3ED"
"2017","67560","68556","F3E5","F3DA","F3D3","F3F9","F3E7","F3E8","F3DB","F3D2","F3CB","F3F1","F3DF","F3ED","F3CF","F3ED"
"2018","67576","68572","4DE7","4DE8","4DEA","4E88","4E7F","4E85","4DE9","4DD6","4DE1","4E80","4E7C","4E7D","4DE6","4E81"
"2019","67592","68588","876E","8765","8771","87AC","87A3","879B","8766","875D","8769","87A6","8792","8793","8762","87A0"
"2020","67608","68604","CB2B","CB2C","CB23","CB4C","CB42","CB3B","CB2A","CB21","CB1B","CB38","CB3A","CB3C","CB1F","CB3F"
"2021","67624","68620","1087","1072","1073","10B0","10B0","10B3","107E","1076","1076","10A8","10A8","10AB","107A","10AD"
"2022","67640","68636","64D7","64CE","64CF","64ED","64E4","64DC","64D3","64C7","64C7","64DC","64DC","64DD","64C1","64E5"
"2023","67656","68652","A625","A61C","A61D","A625","A623","A61D","A61D","A614","A61C","A628","A614","A620","A619","A619"
"2024","67672","68668","DA43","DA3A","DA3E","DA5A","DA47","DA53","DA3B","DA34","DA33","DA52","DA3F","DA4A","DA37","DA44"
"2025","67688","68684","4EFD","4EF4","4EF4","4F5F","4F55","4F57","4EEA","4EE1","4EE2","4F56","4F44","4F45","4EF0","4F52"
"2026","67704","68700","7768","775A","775B","77A3","779B","7798","775A","7753","7754","779A","7788","7789","7756","7792"
"2027","67728","68724","C0B5","C0AC","C0AC","C0E9","C0DE","C0E7","C0B6","C0A1","C0A4","C0DE","C0DC","C0D6","C0AF","C0DC"
"2028","67744","68740","0DDF","0DDF","0DE6","0E0A","0DFD","0DF4","0DDB","0DE1","0DD3","0DF4","0DF5","0DF6","0DD9","0DF9"
"2029","67760","68756","A83F","A82D","A82E","A840","A836","A837","A82E","A82E","A826","A838","A82E","A82F","A82A","A833"
"2030","67776","68772","1684","167B","1674","16D2","16BF","16CA","167F","1677","166C","16CC","16C3","16B8","1670","16BC"
"2031","67792","68788","4067","4052","405E","40A9","40AA","40AB","4053","4055","404B","40A8","40A2","40A0","405A","40A7"
"2032","67808","68804","8A6A","8A61","8A62","8AB6","8AA3","8AA4","8A62","8A59","8A4D","8AB0","8AA5","8AA4","8A5E","8AA0"
"2033","67824","68820","C69A","C692","C695","C6BA","C6A9","C6B2","C68B","C683","C68B","C6B2","C6A1","C6A2","C68F","C6A7"
"2034","67840","68836","0C11","0C14","0C0D","0C11","0C06","0C0D","0C09","0C00","0C00","0C12","0C00","0C07","0C0B","0C0B"
"2035","67856","68852","5088","507F","5076","5088","507F","5076","5083","506D","506E","5080","506D","506E","5072","5072"
"2036","67880","68876","5088","507F","5076","5088","507F","5076","5083","506D","506E","5080","506D","506E","5072","5072"
"2037","67896","68892","9E8A","9E74","9E81","9E8A","9E74","9E81","9E80","9E70","9E70","9E80","9E70","9E70","9E7E","9E7E"
"2038","67912","68908","0758","0744","0750","07A5","079C","079D","0750","0747","0748","079D","0789","0795","0741","078E"
"2039","67928","68924","340C","340B","340C","344C","3439","3441","340C","33F9","3404","3440","343B","3431","33FF","3440"
"2040","67944","68940","7C6D","7C64","7C70","7C93","7C89","7C8B","7C65","7C64","7C66","7C8A","7C80","7C77","7C69","7C7E"
"2041","67960","68956","C936","C92C","C926","C964","C94F","C95C","C926","C924","C91C","C95C","C947","C954","C929","C94C"
"2042","67976","68972","0F66","0F65","0F5C","0F84","0F7E","0F82","0F59","0F59","0F55","0F84","0F77","0F70","0F55","0F7B"
"2043","67992","68988","580F","57FE","57FF","5829","581D","5816","57FE","57F8","57F6","581E","580E","5817","57FB","581B"
"2044","68008","69004","B2DE","B2D5","B2D7","B322","B321","B31A","B2D7","B2C5","B2CE","B324","B31B","B31A","B2CA","B316"
"2045","68024","69020","EA7A","EA7B","EA7D","EAC7","EAC9","EABF","EA7A","EA73","EA72","EAC8","EABF","EAB6","EA78","EAC3"
"2046","68048","69044","3203","31F4","31FF","3221","320F","321D","31FC","31F5","31F4","3212","3205","320B","31FA","3218"
"2047","68064","69060","7667","765E","765F","7676","7676","7677","7656","7656","764E","766E","766E","7666","765B","766A"
"2048","68080","69076","0634","062A","062B","062B","062A","0623","0623","0625","0623","0623","061A","061B","0627","061F"
"2049","68096","69092","75B9","75BB","75B1","75F7","75EE","75EF","75B9","75B0","75B1","75EF","75DD","75DE","75B5","75EB"
"2050","68112","69108","A473","A46A","A46B","A4BF","A4BE","A4BF","A46B","A46C","A463","A4C0","A4B7","A4B7","A467","A4BE"
"2051","68128","69124","F12F","F11C","F127","F144","F144","F145","F127","F11E","F11F","F145","F133","F134","F119","F141"
"2052","68144","69140","2D87","2D7E","2D83","2DA0","2D99","2D8E","2D76","2D76","2D6E","2D98","2D85","2D86","2D7B","2D8A"
"2053","68160","69156","7959","7950","7963","7977","7976","797F","7947","7948","793F","796F","7978","7979","7943","797D"
"2054","68176","69172","BEF7","BEE7","BEE8","BEF7","BEE7","BEE8","BEF1","BEE6","BEE9","BEF1","BEE8","BEE7","BEED","BEE4"
"2055","68192","69188","BEF7","BEE7","BEE8","BEF7","BEE7","BEE8","BEF1","BEE6","BEE9","BEF1","BEE8","BEE7","BEED","BEE4"
"2056","68208","69204","0819","0810","0811","0819","0810","0819","0811","0808","0811","0811","0810","0809","080D","0815"
"2057","68232","69228","7737","772E","772F","776E","7765","775B","772F","7726","772A","7766","775D","7760","772B","7762"
"2058","68248","69244","A0B2","A09E","A0AA","A0F4","A0F3","A0EA","A0A0","A098","A09F","A0F3","A0DF","A0E9","A0A6","A0EA"
"2059","68264","69260","E100","E0F7","E0F8","E128","E11E","E115","E0F8","E0F8","E0F0","E11F","E10C","E10D","E0FD","E11B"
"2060","68280","69276","21D8","21D7","21DC","21FA","21F0","21F4","21D0","21CF","21C8","21E8","21E8","21E0","21D5","21E4"
"2061","68296","69292","67F9","67F9","67FA","681F","6816","680E","67F1","67F1","67E9","6817","680E","6806","67F6","6813"
"2062","68312","69308","B029","B020","B021","B029","B02B","B029","B021","B020","B019","B02B","B020","B024","B027","B027"
"2063","68328","69324","32B9","32BD","32B1","32EF","32F3","32F1","32B1","32B1","32A9","32E7","32E8","32DF","32AD","32E3"
"2064","68344","69340","5A6E","5A64","5A6D","5A80","5A82","5A84","5A66","5A64","5A5E","5A82","5A7B","5A7A","5A69","5A76"
"2065","68360","69356","A1F7","A1E5","A1F1","A1ED","A1F0","A1F2","A1ED","A1E5","A1E8","A1ED","A1E5","A1DE","A1F0","A1E3"
"2066","68376","69372","E6AF","E6B0","E6A7","E6B9","E6B3","E6B1","E6A7","E6A8","E69F","E6B4","E6A8","E6A9","E6A3","E6B0"
"2067","68400","69396","8935","8921","892D","892A","892B","892D","892D","8919","891A","892C","8919","8924","8929","8929"
"2068","68416","69412","D26E","D26F","D270","D26E","D26F","D270","D266","D25D","D25E","D266","D25D","D268","D26C","D26C"
"2069","68432","69428","1DC4","1DB1","1DBC","1DC4","1DBB","1DBC","1DBC","1DB3","1DB4","1DB2","1DB3","1DB4","1DB8","1DAE"
"2070","68448","69444","657E","657F","6576","6596","6597","658E","6576","6577","6578","658E","658F","6590","6572","658A"
"2071","68464","69460","9B32","9B27","9B20","9B28","9B1F","9B28","9B20","9B1F","9B24","9B28","9B23","9B20","9B26","9B1C"
"2072","68480","69476","DC12","DC09","DC01","DC09","DC09","DC0C","DC01","DC03","DC04","DC0A","DC01","DC04","DC0A","DC06"
"2073","68496","69492","224E","2248","223C","2244","2248","223C","2246","223D","223E","2246","223D","223F","2242","2242"
"2074","68512","69508","224E","2248","223C","2244","2248","223C","2246","223D","223E","2246","223D","223F","2242","2242"
"2075","68528","69524","6B72","6B60","6B61","6B72","6B60","6B61","6B6D","6B58","6B59","6B6D","6B58","6B59","6B66","6B66"
"2076","68544","69540","B761","B758","B752","B761","B758","B752","B752","B749","B754","B752","B749","B754","B755","B755"
"2077","68568","69564","FDF5","FDED","FDE5","FDF5","FDED","FDE5","FDE5","FDE4","FDDD","FDE5","FDE4","FDDD","FDEA","FDEA"
"2078","68584","69580","47FA","47FA","47F2","4810","4810","4808","47F2","47F2","47EA","4808","4808","4800","47F7","480D"
"2079","68600","69596","9317","930E","931A","931F","9316","9317","9317","9306","9307","9317","9306","9307","9313","9316"
"2080","68616","69612","0717","0705","070F","0717","070E","0711","0706","0708","070A","070F","06FD","070A","070B","070B"
"2081","68632","69628","31B1","31B1","31B2","31B1","31B1","31B2","31B5","31A9","31AA","31A9","31A9","31AA","31AE","31A5"
"2082","68648","69644","7F34","7F2C","7F25","7F34","7F2C","7F25","7F2A","7F1B","7F1C","7F2A","7F1B","7F1C","7F27","7F27"
"2083","68664","69660","CB25","CB11","CB1F","CB1B","CB11","CB1F","CB1C","CB16","CB14","CB1C","CB16","CB14","CB0E","CB0E"
"2084","68680","69676","1242","1242","1243","1256","1257","1256","1238","1239","123A","124E","1245","124F","1235","124B"
"2085","68696","69692","5B04","5AF9","5AF3","5B02","5AF1","5AFA","5AFA","5AEA","5AEA","5AF2","5AEA","5AF2","5AEF","5AEF"
"2086","68712","69708","F8E4","F8E7","F8DC","F8E4","F8E7","F8E4","F8DC","F8DF","F8D4","F8DC","F8DF","F8E0","F8E4","F8E4"
"2087","68736","69732","4237","422E","422F","4237","422E","422F","4227","421E","4227","4227","421E","4227","4223","4223"
"2088","68752","69748","8600","85F7","85F8","8600","85F7","85F8","8601","85F8","85F9","8601","85F8","85F9","85FE","85FE"
"2089","68768","69764","C1A0","C197","C1A1","C1A0","C197","C198","C198","C18F","C199","C198","C18F","C199","C194","C194"
"2090","68784","69780","001F","0016","0017","0034","002B","002C","0017","000E","000F","002C","0023","0026","0009","001F"
"2091","68800","69796","4B57","4B4E","4B4F","4B4D","4B4E","4B4F","4B45","4B46","4B47","4B45","4B46","4B3D","4B4B","4B4B"
"2092","68816","69812","9225","9213","921D","9225","9213","9220","9214","9214","920C","921D","9214","920C","9210","9219"
"2093","68832","69828","9225","9213","921D","9225","9213","9220","9214","9214","920C","921D","9214","920C","9210","9219"
"2094","68848","69844","DB33","DB2A","DB23","DB2B","DB2A","DB2D","DB23","DB22","DB1B","DB23","DB22","DB1B","DB1F","DB1F"
"2095","68864","69860","2725","271C","271D","272E","271C","271D","2726","271D","271E","2726","2714","271E","2726","2722"
"2096","68880","69876","6954","6955","6954","6954","6955","6954","694C","694B","694E","694C","694B","694E","6950","6950"
"2097","68896","69892","B77F","B776","B77E","B794","B78B","B795","B77E","B76E","B76F","B78C","B783","B784","B77D","B792"
"2098","68912","69908","2F31","2F28","2F33","2F31","2F33","2F36","2F29","2F20","2F21","2F33","2F2B","2F2C","2F25","2F25"
"2099","68936","69932","6060","6056","6058","6060","6059","6059","6058","6048","6053","6058","604E","6051","6057","6057"
"2100","68952","69948","A6B3","A6AB","A6AB","A6B3","A6AB","A6AB","A6A7","A69A","A69B","A6A3","A69A","A69B","A6A7","A6A7"
"2101","68968","69964","EFFF","EFFF","EFF7","F00A","EFFF","EFF7","EFF6","EFEE","EFF9","EFF6","EFEE","EFF9","EFFB","EFFB"
"2102","68984","69980","3BD2","3BC1","3BCA","3BD2","3BC1","3BCA","3BC4","3BB9","3BBC","3BC4","3BB9","3BBC","3BC9","3BC9"
"2103","69000","69996","8270","8268","8268","8270","8268","8268","8272","825F","825E","8272","825F","825E","826D","826D"
"2104","69016","70012","CC45","CC3B","CC44","CC5D","CC52","CC5E","CC3B","CC35","CC3E","CC55","CC4D","CC55","CC3A","CC51"
"2105","69032","70028","69AB","6996","699F","699F","699E","6997","6997","698E","6997","6997","6998","6997","6993","699B"
"2106","69048","70044","AB7A","AB71","AB72","AB84","AB71","AB72","AB7C","AB69","AB6A","AB7C","AB69","AB74","AB6E","AB78"
"2107","69064","70060","EB5F","EB56","EB4E","EB5F","EB56","EB4E","EB58","EB4E","EB4F","EB58","EB4E","EB4F","EB53","EB53"
"2108","69080","70076","31EA","31E1","31E2","31F2","31E1","31EA","31EA","31E1","31DA","31EA","31E1","31DA","31DE","31DE"
"2109","69104","70100","70D3","70CC","70CB","70EA","70E1","70E0","70CB","70B7","70C5","70E0","70CE","70DA","70C7","70DE"
"2110","69120","70116","B508","B4FF","B500","B508","B4FF","B500","B509","B4F7","B501","B509","B4F7","B4F8","B4FC","B4FC"
"2111","69136","70132","056D","0561","0562","056D","0556","0562","0557","0559","055A","0562","0559","055A","0553","0553"
"2112","69152","70148","056D","0561","0562","056D","0556","0562","0557","0559","055A","0562","0559","055A","0553","0553"
"2113","69168","70164","4BF4","4BE8","4BE9","4BF4","4BE8","4BDF","4BEC","4BD6","4BD7","4BE9","4BD6","4BE1","4BE5","4BE5"
"2114","69184","70180","953D","953D","9535","953D","953D","9535","9535","952C","9536","9535","952C","9536","9531","9531"
"2115","69200","70196","1D94","1D94","1D93","1DCC","1DCA","1DCA","1D95","1D91","1D8D","1DCB","1DC7","1DC3","1D88","1DC0"
"2116","69216","70212","3F14","3F0B","3F0C","3F49","3F48","3F49","3F13","3F03","3F0B","3F49","3F38","3F39","3F08","3F45"
"2117","69232","70228","897C","897D","8974","89D2","89BF","89CA","897E","8975","8976","89C0","89B7","89B8","897A","89C6"
"2118","69248","70244","D176","D177","D16E","D182","D16D","D16E","D16E","D16F","D166","D178","D170","D170","D176","D16A"
"2119","69272","70268","1B84","1B7B","1B84","1BBA","1BB1","1BBB","1B85","1B73","1B7F","1BBB","1BA9","1BB6","1B80","1BBA"
"2120","69288","70284","6283","627A","6284","6283","6282","627B","627B","627A","6273","6284","6272","6273","6278","6280"
"2121","69304","70300","C027","C01E","C01F","C066","C05D","C057","C028","C01E","C01F","C060","C057","C056","C023","C05A"
"2122","69320","70316","F7A1","F79F","F799","F7E1","F7D7","F7D8","F7A0","F797","F791","F7DB","F7CF","F7D0","F795","F7D4"
"2123","69336","70332","411C","4109","410A","4151","413E","4149","4114","410C","4102","413F","4136","4141","4110","413B"
"2124","69352","70348","CA63","CA5B","CA62","CA68","CA62","CA5A","CA5B","CA58","CA52","CA62","CA58","CA59","CA56","CA62"
"2125","69368","70364","0EB6","0EAA","0EAB","0EB3","0EAD","0EAB","0EAB","0EA2","0E99","0EAE","0EA2","0E99","0EA7","0EA7"
"2126","69384","70380","3D94","3D81","3D8E","3D94","3D81","3D8E","3D8C","3D83","3D7A","3D8C","3D83","3D7A","3D7E","3D7E"
"2127","69400","70396","D1F6","D1ED","D1EE","D239","D223","D224","D1EE","D1E5","D1E6","D224","D229","D21C","D1F5","D22D"
"2128","69416","70412","0054","004B","004C","0095","0080","008A","0058","004C","004D","0081","0078","0079","0051","007D"
"2129","69440","70436","2612","2609","2613","263A","2631","2632","2613","260D","2602","2632","2629","2621","2606","262E"
"2130","69456","70452","6F99","6F87","6F88","6FA8","6FA8","6FA9","6F91","6F88","6F8A","6FA0","6F97","6FA1","6F84","6F9C"
"2131","69472","70468","6F99","6F87","6F88","6FA8","6FA8","6FA9","6F91","6F88","6F8A","6FA0","6F97","6FA1","6F84","6F9C"
"2132","69488","70484","B863","B862","B85B","B889","B882","B877","B863","B852","B85B","B877","B86E","B86F","B857","B87D"
"2133","69504","70500","0091","007F","0089","0092","007F","0080","008A","0077","0081","0089","0080","0081","0085","007C"
"2134","69520","70516","886F","886F","8870","88A4","88A6","88A7","8867","8867","885F","889C","889E","8894","8863","8898"
"2135","69536","70532","B44B","B438","B439","B476","B477","B478","B441","B43A","B43B","B478","B465","B471","B43D","B475"
"2136","69552","70548","FCAA","FCA1","FC98","FCBF","FCBE","FCBF","FC98","FC99","FC9A","FCB7","FCAE","FCAF","FC9E","FCBB"
"2137","69568","70564","45FB","45E9","45F3","4614","460A","4600","45F4","45EA","45E2","460B","45F7","4603","45F0","4607"
"2138","69584","70580","8F66","8F5D","8F5E","8F78","8F7C","8F70","8F5E","8F4B","8F56","8F7D","8F72","8F73","8F50","8F77"
"2139","69600","70596","D750","D73F","D740","D748","D73F","D74A","D748","D737","D743","D74B","D737","D743","D747","D73C"
"2140","69616","70612","3368","336D","3360","33A6","33A1","3397","336B","3357","3365","339E","338E","3398","3367","339E"
"2141","69632","70628","6472","6474","646A","64B0","649F","649D","646B","6469","646A","64A1","64A1","6499","6473","649B"
"2142","69648","70644","B189","B180","B181","B1A8","B195","B196","B182","B170","B179","B19F","B196","B18E","B17D","B19C"
"2143","69664","70660","5011","4FFF","5000","5031","501D","5027","5009","4FF7","5001","5027","5015","5016","4FFC","501A"
"2144","69680","70676","9885","987C","9874","9885","987C","9874","9874","986B","9875","987D","986B","9875","9879","9870"
"2145","69704","70700","C2F0","C2E7","C2E8","C2F0","C2E7","C2E8","C2E1","C2D8","C2E0","C2E1","C2D8","C2E0","C2DC","C2DD"
"2146","69720","70716","35FE","35ED","35EE","362A","3621","3622","35F3","35E5","35EE","362A","3619","3625","35EA","361E"
"2147","69736","70732","68B6","68A3","68AF","68EC","68DA","68E4","68AF","68A5","68A6","68DB","68DB","68D3","68A0","68D7"
"2148","69752","70748","B146","B13D","B133","B15A","B151","B15C","B13E","B135","B136","B15E","B154","B14A","B12F","B14E"
"2149","69768","70764","FA7A","FA71","FA6A","FA89","FA80","FA8A","FA72","FA69","FA62","FA81","FA78","FA82","FA6E","FA7D"
"2150","69784","70780","FA7A","FA71","FA6A","FA89","FA80","FA8A","FA72","FA69","FA62","FA81","FA78","FA82","FA6E","FA7D"
"2151","69800","70796","43DD","43D4","43D6","43F2","43F0","43F4","43D5","43CC","43C4","43EA","43E1","43E9","43C8","43E6"
"2152","69816","70812","8BDC","8BD3","8BD4","8BE7","8BD3","8BD4","8BDF","8BD6","8BD7","8BDF","8BCB","8BCC","8BDB","8BDB"
"2153","69832","70828","E964","E95B","E95B","E9D1","E9C8","E9CD","E95C","E959","E95A","E9C9","E9C0","E9C5","E958","E9C9"
"2154","69848","70844","1484","1474","147C","14A4","1491","1492","1475","146C","146D","1492","1493","1494","1471","148E"
"2155","69864","70860","5DCF","5DBD","5DBE","5DDE","5DD5","5DD6","5DBE","5DB5","5DB6","5DD6","5DCD","5DD7","5DC3","5DDE"
"2156","69880","70876","A241","A242","A239","A26C","A256","A257","A239","A23B","A231","A261","A258","A24F","A241","A253"
"2157","69896","70892","DF1B","DF12","DF0A","DF33","DF2A","DF20","DF0A","DF0A","DF0B","DF29","DF20","DF21","DF0F","DF1C"
"2158","69920","70916","251C","2513","250B","2529","2520","252A","2518","2502","250D","2521","2523","2519","2507","251D"
"2159","69936","70932","6886","6887","6888","6890","6887","687E","6888","687F","6880","6888","687F","6876","6884","6884"
"2160","69952","70948","F6BE","F6B5","F6B6","F715","F70A","F70B","F6BF","F6B6","F6B7","F70D","F702","F703","F6BB","F6FE"
"2161","69968","70964","2633","2633","2634","267F","267F","2680","2634","262C","2623","2677","2677","2678","2630","2673"
"2162","69984","70980","ACC7","ACBE","ACB6","ACED","ACEB","ACE8","ACBD","ACB2","ACAE","ACEB","ACDF","ACDE","ACBB","ACE3"
"2163","70000","70996","F59D","F594","F59F","F5DC","F5CD","F5D4","F596","F58A","F599","F5D3","F5CC","F5C2","F591","F5D4"
"2164","70016","71012","3E00","3DF3","3DFA","3E1B","3E0A","3E15","3DF5","3DF2","3DF6","3E13","3E0B","3E0E","3DF8","3E07"
"2165","70032","71028","AE8F","AE90","AE87","AEC6","AEC7","AEC8","AE94","AE88","AE8B","AEC8","AEBF","AEB6","AE83","AEBA"
"2166","70048","71044","E1E9","E1E0","E1E1","E235","E235","E22D","E1E1","E1D8","E1D9","E238","E224","E224","E1DD","E229"
"2167","70072","71068","2759","2750","2748","27A7","2792","279D","2751","2749","274C","2793","278A","2795","2744","278F"
"2168","70088","71084","7393","7392","7393","73C7","73C8","73C7","738B","738A","738B","73BF","73B6","73B7","738F","73C3"
"2169","70104","71100","7393","7392","7393","73C7","73C8","73C7","738B","738A","738B","73BF","73B6","73B7","738F","73C3"
"2170","70120","71116","BBCB","BBBA","BBC5","BBD9","BBD9","BBD1","BBC3","BBB2","BBB3","BBDA","BBD1","BBD2","BBBF","BBD6"
"2171","70136","71132","FAC7","FABA","FABB","FAC3","FABA","FABB","FAB3","FAB2","FAB3","FABB","FAB2","FAB3","FAB7","FAB7"
"2172","70152","71148","2AD9","2AD0","2AD1","2AE5","2AE4","2AE5","2AD1","2ABE","2ABF","2AE7","2AD4","2AD5","2ACD","2AE1"
"2173","70168","71164","9F7C","9F69","9F6A","9FB4","9FA0","9FA1","9F74","9F6B","9F6C","9FAC","9F98","9F99","9F66","9F9D"
"2174","70184","71180","DC74","DC6D","DC6C","DCB8","DCAF","DCB0","DC64","DC5B","DC5C","DCBA","DCA7","DCA8","DC60","DCAC"
"2175","70208","71204","23E7","23DE","23DF","2411","2408","2407","23DF","23E1","23E2","2407","23F5","23FF","23DB","2403"
"2176","70224","71220","6E34","6E22","6E23","6E57","6E4E","6E5A","6E23","6E23","6E1B","6E4F","6E46","6E54","6E1F","6E4B"
"2177","70240","71236","B67F","B676","B677","B6A7","B6A0","B69F","B681","B677","B678","B694","B698","B695","B673","B690"
"2178","70256","71252","FFC7","FFB2","FFBB","FFDA","FFD1","FFD5","FFB3","FFAA","FFB3","FFC9","FFC9","FFCA","FFAF","FFCE"
"2179","70272","71268","5A7F","5A6B","5A77","5AAA","5AAD","5AA2","5A77","5A63","5A64","5AA2","5AA4","5AA5","5A68","5AA9"
"2180","70288","71284","8880","8871","887E","88B2","88AC","88B4","8880","886D","886F","88B4","88AE","88AD","886F","88AF"
"2181","70304","71300","26F8","26ED","26E4","2705","2704","2705","26EE","26DB","26E6","26FD","26FC","26FD","26EA","2701"
"2182","70320","71316","70AA","70A1","70AD","70C7","70C8","70C9","70A2","7099","709A","70BF","70B6","70C1","709E","70BB"
"2183","70344","71340","B8B1","B8A9","B89F","B8B2","B89E","B8AC","B8A9","B8A0","B897","B89F","B896","B897","B89B","B89B"
"2184","70360","71356","24F6","24ED","24F6","252B","252B","252C","24EE","24ED","24E6","252C","2523","2525","24F2","2528"
"2185","70376","71372","4051","4041","4043","40A0","408F","4098","4042","4037","4043","4099","408F","4088","4047","4096"
"2186","70392","71388","8C83","8C75","8C75","8C9A","8CA1","8C92","8C7E","8C6B","8C76","8C9A","8C91","8C94","8C78","8C99"
"2187","70408","71404","D5D9","D5C1","D5C5","D5E2","D5E8","D5E8","D5CD","D5B9","D5BA","D5DB","D5D5","D5D3","D5C4","D5D9"
"2188","70424","71420","D5D9","D5C1","D5C5","D5E2","D5E8","D5E8","D5CD","D5B9","D5BA","D5DB","D5D5","D5D3","D5C4","D5D9"
"2189","70440","71436","1F11","1EFB","1F0C","1F24","1F23","1F1C","1F0D","1EF7","1F02","1F1C","1F25","1F1D","1EFA","1F1F"
"2190","70456","71452","672A","6725","6722","672A","671B","6722","671C","671C","671C","6724","671C","6714","6721","6719"
"2191","70472","71468","B064","B05A","B05B","B05A","B05A","B05B","B05B","B051","B053","B052","B051","B053","B058","B058"
"2192","70488","71484","144C","1445","143A","1478","147A","1470","143A","1431","1432","1470","1467","1468","1436","146C"
"2193","70504","71500","4442","442B","443A","4468","4461","4460","4427","4428","442F","4463","4463","4461","4433","4469"
"2194","70528","71524","8C9A","8C91","8C92","8CB9","8CAC","8CBB","8C91","8C92","8C96","8CBA","8CA5","8CB1","8C8E","8CA9"
"2195","70544","71540","D6B8","D6B6","D6BC","D6EB","D6E4","D6E7","D6B0","D6AF","D6AF","D6DC","D6D2","D6DE","D6AB","D6E1"
"2196","70560","71556","1F25","1F20","1F2A","1F46","1F47","1F3E","1F26","1F16","1F1E","1F46","1F3C","1F34","1F19","1F3A"
"2197","70576","71572","675B","6751","674D","675A","6751","6747","6751","674B","6740","6749","6749","6740","6743","674C"
"2198","70592","71588","C3D4","C3D5","C3D6","C43F","C43E","C437","C3D6","C3CD","C3C4","C437","C436","C437","C3D2","C43B"
"2199","70608","71604","FC42","FC35","FC36","FC5D","FC4C","FC55","FC34","FC26","FC2C","FC55","FC4F","FC4D","FC2A","FC49"
"2200","70624","71620","8FFE","8FEB","8FF6","9027","901E","902A","8FF6","8FE3","8FEE","902A","9016","9022","8FE8","9026"
"2201","70640","71636","D162","D150","D151","D178","D167","D170","D15A","D148","D149","D170","D15F","D160","D157","D16C"
"2202","70656","71652","1E76","1E6E","1E75","1E96","1E80","1E8C","1E6C","1E6D","1E67","1E90","1E85","1E7B","1E72","1E88"
"2203","70680","71676","6780","6770","677C","6791","678F","6790","677A","676A","6769","6784","6785","6780","676E","678B"
"2204","70696","71692","D6A3","D69A","D69B","D6F6","D6E7","D6E8","D69B","D698","D693","D6EE","D6EA","D6E0","D69E","D6E4"
"2205","70712","71708","0ACE","0AC5","0ABD","0B1A","0B11","0B12","0ABD","0ABD","0AB5","0B09","0B09","0B0A","0AC2","0B0E"
"2206","70728","71724","4DFC","4DF3","4DF4","4E10","4E07","4E08","4DEB","4DEB","4DE3","4E11","4E08","4E00","4DE7","4E04"
"2207","70744","71740","4DFC","4DF3","4DF4","4E10","4E07","4E08","4DEB","4DEB","4DE3","4E11","4E08","4E00","4DE7","4E04"
"2208","70760","71756","9C62","9C5A","9C5A","9C8F","9C86","9C7E","9C5B","9C51","9C47","9C7E","9C7E","9C76","9C56","9C83"
"2209","70776","71772","E5C1","E5B1","E5B9","E5EF","E5E6","E5EE","E5B2","E5B3","E5AA","E5E7","E5E5","E5DF","E5AE","E5E3"
"2210","70792","71788","2DDB","2DDB","2DDC","2DFA","2DF4","2DF1","2DDC","2DCA","2DCB","2DF1","2DE0","2DE9","2DCF","2DF1"
"2211","70808","71804","8FEE","8FDC","8FDD","901B","901C","901C","8FE5","8FDD","8FDD","9013","9017","900B","8FE1","900F"
"2212","70824","71820","BFDC","BFDC","BFD4","C029","C020","C021","BFD4","BFD4","BFD5","C02A","C018","C022","BFDD","C01D"
"2213","70840","71836","09F0","09E7","09E8","0A46","0A40","0A3E","09F2","09EC","09E0","0A3E","0A2C","0A36","09E4","0A3A"
"2214","70864","71860","4CE1","4CE0","4CE1","4D16","4D14","4D0E","4CE1","4CD0","4CD9","4D15","4D05","4D0D","4CDD","4D11"
"2215","70880","71876","9480","9477","9478","9480","946E","9478","9478","9466","9467","9478","9466","9474","9474","9478"
"2216","70896","71892","BF3F","BF36","BF37","BF5F","BF55","BF4E","BF37","BF37","BF2F","BF4E","BF45","BF46","BF3C","BF52"
"2217","70912","71908","124A","1241","1242","1257","1257","1258","1242","122F","123D","124F","124F","1247","1234","124B"
"2218","70928","71924","993B","9932","9933","9981","9978","9979","9936","9924","9925","997E","9970","997B","9929","9975"
"2219","70944","71940","154C","1543","153C","1575","156C","1575","153C","1533","1534","156D","156D","1565","1538","1569"
"2220","70960","71956","5A05","59F8","59F2","5A1B","5A12","5A13","59FB","59F2","59F5","5A0A","5A01","5A02","59EE","5A0F"
"2221","70976","71972","A401","A3F8","A3FB","A435","A424","A42D","A3F1","A3F0","A3F1","A431","A426","A425","A3F5","A42D"
"2222","70992","71988","EBAA","EBAA","EBAB","EBAA","EBA1","EBA2","EBA2","EB99","EBA3","EBA2","EB99","EB9A","EBA7","EBA7"
"2223","71016","72012","3A2D","3A2B","3A2C","3A7B","3A79","3A7A","3A25","3A1C","3A1D","3A73","3A71","3A6B","3A2A","3A78"
"2224","71032","72028","7412","7409","7413","7447","744A","7448","7413","740B","740E","743F","7441","7440","740F","7444"
"2225","71048","72044","BD87","BD75","BD83","BDBB","BDAA","BDB3","BD76","BD6D","BD6E","BDB3","BDAA","BDA3","BD72","BDB1"
"2226","71064","72060","BD87","BD75","BD83","BDBB","BDAA","BDB3","BD76","BD6D","BD6E","BDB3","BDAA","BDA3","BD72","BDB1"
"2227","71080","72076","05E1","05D8","05CE","05F7","05EE","05EF","05CE","05C5","05D0","05E7","05DE","05E8","05CA","05E3"
"2228","71096","72092","508F","508E","508F","50CE","50C3","50C4","5087","5086","5087","50BB","50BB","50B3","508C","50B7"
"2229","71112","72108","9740","972C","9738","9735","9736","9737","9737","972E","9730","9738","9724","9725","9729","9733"
"2230","71128","72124","ED70","ED67","ED6F","EDA5","ED9C","EDA5","ED70","ED5F","ED67","ED9D","ED94","ED95","ED64","ED99"
"2231","71144","72140","19A7","19A8","19A8","19E6","19DD","19D5","199F","1996","1997","19DE","19D5","19CD","19A5","19D1"
"2232","71160","72156","66D3","66C3","66C4","66EA","66ED","66EA","66CB","66BB","66C3","66E2","66D9","66E2","66C0","66DE"
"2233","71176","72172","B020","B00E","B01B","B02E","B025","B031","B018","B006","B010","B026","B027","B029","B00B","B02F"
"2234","71192","72188","FB9D","FB90","FB9B","FBBE","FBBC","FBB5","FBA2","FB8B","FB96","FBB1","FBB8","FBAC","FB8E","FBBA"
"2235","71216","72212","4189","4180","4181","4189","4189","4181","4181","4183","4182","4181","4180","4181","417D","4185"
"2236","71232","72228","8B8C","8B83","8B7B","8BA2","8B99","8B91","8B84","8B7B","8B73","8B9A","8B91","8B92","8B80","8B96"
"2237","71248","72244","0092","0089","008B","00C3","00BF","00C1","008A","0082","0082","00BB","00B2","00B3","0080","00BE"
"2238","71264","72260","7BAB","7BAD","7BAE","7BCB","7BC2","7BCC","7BA3","7BA5","7BA6","7BC3","7BBA","7BC6","7BAA","7BCA"
"2239","71280","72276","C4F9","C4E9","C4F6","C50A","C501","C50B","C4EA","C4E1","C4E9","C50B","C503","C503","C4E6","C4FE"
"2240","71296","72292","0E30","0E30","0E28","0E55","0E43","0E4D","0E28","0E28","0E2B","0E4D","0E3B","0E45","0E2D","0E40"
"2241","71312","72308","5696","5696","568E","569F","568D","5699","568E","5690","5686","568E","5685","5686","568A","5693"
"2242","71328","72324","AB99","AB90","AB9E","AC04","AC08","AC09","AB9E","AB94","AB95","AC09","AC00","AC01","AB9A","AC05"
"2243","71344","72340","DA01","D9F8","D9FB","DA3D","DA38","DA2F","DA02","D9FA","D9FC","DA2D","DA2C","DA2E","D9F2","DA34"
"2244","71360","72356","2268","2260","225B","2281","2270","2279","2262","225B","225C","227E","226A","2271","2258","2273"
"2245","71376","72372","2268","2260","225B","2281","2270","2279","2262","225B","225C","227E","226A","2271","2258","2273"
"2246","71400","72396","66C7","66C7","66C8","66EE","66DC","66DD","66BF","66BF","66B7","66E7","66DD","66D5","66C4","66D9"
"2247","71416","72412","B3BB","B3A9","B3B4","B3B3","B3A9","B3A8","B3A6","B39F","B3A1","B3A6","B3AC","B3AD","B3A7","B3A7"
"2248","71432","72428","FD0A","FD01","FCF7","FD0A","FD01","FCF7","FD01","FCF9","FCF3","FD01","FCF8","FCF7","FCFF","FCFF"
"2249","71448","72444","275F","275F","2762","275F","2756","2762","2760","274E","2758","2760","274E","2758","2753","2753"
"2250","71464","72460","A0A5","A09C","A0A2","A0DC","A0D3","A0D7","A095","A099","A09A","A0D4","A0CE","A0C4","A091","A0C8"
"2251","71480","72476","DD22","DD0E","DD1A","DD66","DD65","DD67","DD19","DD0E","DD08","DD68","DD5B","DD56","DD0D","DD64"
"2252","71496","72492","1D25","1D1C","1D26","1D42","1D42","1D3A","1D26","1D20","1D15","1D3A","1D3A","1D32","1D22","1D36"
"2253","71512","72508","5B74","5B6B","5B6C","5B82","5B79","5B83","5B62","5B63","5B5A","5B7A","5B7C","5B7B","5B5E","5B81"
"2254","71528","72524","A45A","A448","A449","A46F","A46E","A470","A451","A440","A44A","A467","A467","A46B","A451","A46B"
"2255","71544","72540","EC64","EC51","EC5C","EC65","EC51","EC52","EC5A","EC49","EC52","EC5D","EC49","EC4A","EC59","EC4E"
"2256","71568","72564","61DE","61D0","61D6","6214","6206","620C","61D1","61D6","61CE","620C","620B","6204","61D2","6203"
"2257","71584","72580","E7BA","E7B1","E7B2","E7FE","E7FB","E7F5","E7A9","E7A0","E7AA","E7F6","E7F4","E7F4","E7AE","E7F8"
"2258","71600","72596","2F59","2F59","2F51","2F8E","2F8E","2F8F","2F5C","2F51","2F52","2F8F","2F7D","2F7E","2F56","2F8B"
"2259","71616","72612","7621","7617","760F","7617","7617","7619","7619","760F","7607","7618","7610","7611","7615","7614"
"2260","71632","72628","BA42","BA45","BA3A","BA42","BA45","BA3A","BA3D","BA3D","BA3C","BA3D","BA33","BA3C","BA37","BA43"
"2261","71648","72644","FBC8","FBBF","FBB7","FBC8","FBBF","FBB7","FBB7","FBBA","FBB8","FBC0","FBBA","FBB8","FBBC","FBBC"
"2262","71664","72660","6E93","6E94","6E8B","6ECA","6ECA","6EC2","6E95","6E8C","6E8D","6ECB","6EC2","6EC3","6E91","6EC7"
"2263","71680","72676","9428","9421","9419","9456","9459","944E","9419","9417","9411","9456","9446","9451","941B","9453"
"2264","71696","72692","9428","9421","9419","9456","9459","944E","9419","9417","9411","9456","9446","9451","941B","9453"
"2265","71712","72708","DC83","DC83","DC84","DC9E","DC98","DC96","DC83","DC79","DC7B","DC97","DC98","DC9B","DC80","DC9B"
"2266","71728","72724","25C9","25CA","25C1","25E8","25DD","25DA","25CB","25C2","25C4","25DA","25D0","25D2","25C6","25DA"
"2267","71752","72748","6F04","6F05","6EFC","6F24","6F19","6F1C","6EFB","6EFC","6EF4","6F26","6F12","6F13","6F03","6F18"
"2268","71768","72764","B727","B718","B71F","B720","B71E","B71F","B720","B71A","B70E","B719","B710","B71B","B716","B716"
"2269","71784","72780","1D62","1D59","1D5A","1D62","1D59","1D4E","1D4E","1D51","1D46","1D4E","1D45","1D46","1D56","1D56"
"2270","71800","72796","49A7","49AD","499F","49E7","49DC","49E1","49A0","499A","49A0","49D5","49CC","49CB","49A8","49DB"
"2271","71816","72812","902C","9023","9019","9021","9022","9019","9023","901A","901B","9024","9010","9011","9020","901F"
"2272","71832","72828","D88F","D886","D886","D88E","D886","D886","D892","D887","D87E","D887","D87E","D87E","D88E","D88C"
"2273","71848","72844","21D2","21BF","21CA","21D2","21BF","21CA","21C0","21B7","21B8","21CA","21B7","21B8","21C6","21C6"
"2274","71864","72860","6B0D","6B04","6B0D","6B0D","6B04","6B0D","6B05","6AFC","6B05","6B0D","6AFC","6B05","6B01","6B09"
"2275","71880","72876","B45B","B44F","B450","B45B","B44F","B450","B453","B43D","B448","B450","B43D","B448","B442","B442"
"2276","71896","72892","5194","518B","5195","5194","518B","5195","5195","5183","5184","5195","5183","5184","5191","5191"
"2277","71920","72916","9351","9352","9354","9351","9352","9354","9352","9341","9343","9352","9341","9343","9346","9346"
"2278","71936","72932","D10F","D0FD","D109","D10F","D0FD","D109","D107","D0F5","D0F6","D107","D0F5","D0F6","D0FA","D0FA"
"2279","71952","72948","19DD","19CC","19CD","19DD","19CC","19CD","19CD","19C4","19CF","19CD","19C4","19CF","19D1","19D1"
"2280","71968","72964","58DD","58D3","58CA","58DD","58D3","58CA","58D4","58C9","58CA","58D4","58C9","58CA","58CE","58CE"
"2281","71984","72980","A222","A222","A224","A222","A222","A224","A223","A211","A212","A223","A211","A212","A21F","A21F"
"2282","72000","72996","EB5B","EB53","EB4A","EB5B","EB53","EB4A","EB4A","EB4A","EB4D","EB4A","EB4A","EB4D","EB4F","EB4F"
"2283","72016","73012","EB5B","EB53","EB4A","EB5B","EB53","EB4A","EB4A","EB4A","EB4D","EB4A","EB4A","EB4D","EB4F","EB4F"
"2284","72032","73028","349D","349E","3495","349D","349E","3495","349E","3496","3496","349E","3496","3496","3491","3491"
"2285","72048","73044","7DE2","7DCF","7DD0","7DE2","7DCF","7DD0","7DDA","7DD2","7DC8","7DDA","7DD2","7DC8","7DD6","7DD6"
"2286","72064","73060","F473","F46A","F46B","F473","F46A","F46B","F473","F462","F463","F473","F462","F463","F467","F467"
"2287","72080","73076","2399","2386","2387","2399","2386","2387","2387","237E","237F","2387","237E","237F","2383","2383"
"2288","72104","73100","6C8D","6C84","6C85","6C8D","6C84","6C85","6C85","6C72","6C7D","6C85","6C72","6C7D","6C77","6C77"
"2289","72120","73116","B5D7","B5CD","B5CE","B5D7","B5CD","B5CE","B5C4","B5BB","B5BC","B5C4","B5BB","B5BC","B5C0","B5C0"
"2290","72136","73132","FF08","FEFF","FF0A","FF08","FEFF","FF0A","FF0A","FF01","FF02","FF0A","FF01","FF02","FF06","FF06"
"2291","72152","73148","43E9","43EA","43E9","43E9","43EA","43E9","43E1","43D8","43E1","43E1","43D8","43E1","43E5","43E5"
"2292","72168","73164","918A","918A","9182","918A","918A","9182","9182","9179","9183","9182","9179","9183","9187","9187"
"2293","72184","73180","DACD","DABC","DABD","DACD","DABC","DABD","DAC5","DAB4","DAB5","DAC5","DAB4","DAB5","DAC1","DAC1"
"2294","72200","73196","2418","2404","2405","2418","2404","2405","2410","23FC","23FD","2410","23FC","23FD","2401","2401"
"2295","72216","73212","AE4E","AE45","AE3E","AE4E","AE45","AE3E","AE46","AE3D","AE36","AE46","AE3D","AE36","AE42","AE42"
"2296","72232","73228","F71D","F716","F717","F71D","F716","F717","F715","F704","F705","F715","F704","F705","F709","F709"
"2297","72248","73244","404A","4041","4042","404A","4041","4042","404A","4041","4044","404A","4041","4044","403E","403E"
"2298","72272","73268","899F","8996","8998","899F","8996","8998","8997","898E","898F","8997","898E","898F","8996","8996"
"2299","72288","73284","C892","C892","C893","C892","C892","C893","C893","C88A","C88B","C893","C88A","C88B","C886","C886"
"2300","72304","73300","11E5","11D4","11D5","11E5","11D4","11D5","11DD","11CC","11D5","11DD","11CC","11D5","11D1","11D1"
"2301","72320","73316","5B25","5B14","5B15","5B25","5B14","5B15","5B1D","5B0C","5B0D","5B1D","5B0C","5B0D","5B1A","5B1A"
"2302","72336","73332","5B25","5B14","5B15","5B25","5B14","5B15","5B1D","5B0C","5B0D","5B1D","5B0C","5B0D","5B1A","5B1A"
"2303","72352","73348","D3DD","D3D4","D3E1","D3DD","D3D4","D3E1","D3D5","D3CC","D3D9","D3D5","D3CC","D3D9","D3DD","D3DD"
"2304","72368","73364","031D","031D","0316","031D","031D","0316","0317","0310","0316","0317","0310","0316","031B","031B"
"2305","72384","73380","4C38","4C27","4C31","4C38","4C27","4C31","4C32","4C28","4C27","4C32","4C28","4C27","4C2D","4C2D"
"2306","72400","73396","90EE","90E5","90E6","90EE","90E5","90E6","90DD","90DD","90D5","90DD","90DD","90D5","90E2","90E2"
"2307","72416","73412","DEC4","DEB9","DEB4","DEC4","DEB9","DEB4","DEB2","DEAC","DEB4","DEB2","DEAC","DEB4","DEB0","DEB0"
"2308","72440","73436","27DF","27D5","27E1","27DF","27D5","27E1","27D7","27CF","27D9","27D7","27CF","27D9","27D3","27D3"
"2309","72456","73452","7119","711B","7113","7119","711B","7113","710D","7104","710A","710D","7104","710A","710F","710F"
"2310","72472","73468","BA6A","BA70","BA71","BA6A","BA70","BA71","BA72","BA68","BA67","BA72","BA68","BA67","BA6D","BA6D"
"2311","72488","73484","03B5","03AC","03AC","03B5","03AC","03AC","03A7","0398","039A","03A7","0398","039A","039E","039E"
"2312","72504","73500","4570","4567","4568","4570","4567","4568","4568","455F","4560","4568","455F","4560","4564","4564"
"2313","72520","73516","838A","8389","8382","838A","8389","8382","838A","8382","8383","838A","8382","8383","837E","837E"
"2314","72536","73532","1FEA","1FD9","1FE4","1FEA","1FD9","1FE4","1FE2","1FD1","1FDC","1FE2","1FD1","1FDC","1FD6","1FD6"
"2315","72552","73548","6924","6912","6913","6924","6912","6913","6913","690A","690B","6913","690A","690B","690F","690F"
"2316","72568","73564","B265","B267","B25D","B265","B267","B25D","B25D","B25C","B255","B25D","B25C","B255","B261","B261"
"2317","72584","73580","FBFC","FBEA","FBF4","FBFC","FBEA","FBF4","FBEB","FBEB","FBE3","FBEB","FBEB","FBE3","FBF0","FBF0"
"2318","72608","73604","3B26","3B1D","3B22","3B26","3B1D","3B22","3B15","3B15","3B16","3B15","3B15","3B16","3B1A","3B1A"
"2319","72624","73620","C8D6","C8CD","C8D9","C90C","C903","C90F","C8CE","C8CC","C8C6","C904","C903","C8FC","C8CA","C900"
"2320","72640","73636","D675","D673","D66D","D6B3","D6AA","D6A3","D677","D664","D66C","D6A3","D69A","D6A3","D669","D6A7"
"2321","72656","73652","D675","D673","D66D","D6B3","D6AA","D6A3","D677","D664","D66C","D6A3","D69A","D6A3","D669","D6A7"
"2322","72672","73668","2495","248C","248E","24C2","24B9","24C3","2484","247B","2485","24C4","24B1","24B2","2480","24BF"
"2323","72688","73684","6CAB","6CA2","6CAE","6CD3","6CC0","6CC1","6CA3","6CA3","6C9B","6CCC","6CC2","6CC1","6C9F","6CBD"
"2324","72704","73700","B777","B76E","B76F","B7AD","B79B","B7A5","B770","B75D","B75E","B79C","B793","B794","B76B","B798"
"2325","72720","73716","FE7E","FE6A","FE75","FE7B","FE72","FE73","FE73","FE62","FE6B","FE75","FE6A","FE6D","FE6F","FE67"
"2326","72736","73732","4870","4866","4867","488D","4884","4885","4867","4860","485F","4885","487F","4873","4863","4877"
"2327","72760","73756","910A","9109","910A","910A","9101","9102","9102","90F9","90FA","9102","9101","90FA","9106","9106"
"2328","72776","73772","DAE6","DAE6","DAE7","DB0C","DB03","DB04","DAE8","DAD5","DADF","DB07","DAF3","DAFC","DAE4","DB00"
"2329","72792","73788","1C00","1BF7","1C01","1C00","1BF7","1C01","1BF8","1BF8","1BF9","1BF8","1BEF","1BFA","1BFD","1BF4"
"2330","72808","73804","5B57","5B56","5B58","5B75","5B75","5B77","5B57","5B4E","5B47","5B6D","5B6D","5B65","5B53","5B72"
"2331","72824","73820","A31A","A307","A312","A31A","A311","A308","A312","A2FF","A30A","A312","A309","A300","A30E","A30E"
"2332","72840","73836","EC4A","EC41","EC39","EC4A","EC41","EC39","EC42","EC30","EC31","EC42","EC30","EC31","EC3E","EC3E"
"2333","72856","73852","8AE7","8AE8","8ADF","8AE7","8ADE","8ADF","8ADF","8AE0","8AE0","8ADF","8AD6","8AE0","8ADB","8ADB"
"2334","72872","73868","D755","D757","D74D","D755","D74C","D74D","D758","D744","D745","D758","D74F","D745","D752","D749"
"2335","72888","73884","1894","188B","188C","189D","188B","188C","1895","188C","1884","1895","188C","1884","1891","1891"
"2336","72904","73900","69E9","69E1","69D8","69E9","69D7","69D8","69E1","69D8","69DA","69E1","69D8","69DA","69DE","69D4"
"2337","72920","73916","A435","A42C","A42B","A435","A42A","A42B","A423","A424","A423","A423","A424","A423","A427","A41F"
"2338","72944","73940","F235","F223","F22D","F24B","F242","F24B","F22D","F224","F225","F24B","F242","F244","F220","F23F"
"2339","72960","73956","3B80","3B6E","3B6F","3B98","3B85","3B86","3B78","3B6F","3B70","3B86","3B7D","3B8A","3B6B","3B82"
"2340","72976","73972","3B80","3B6E","3B6F","3B98","3B85","3B86","3B78","3B6F","3B70","3B86","3B7D","3B8A","3B6B","3B82"
"2341","72992","73988","8455","844B","8442","8454","8441","844D","844D","8443","8444","844C","8443","843A","8449","8448"
"2342","73008","74004","AEAC","AEA6","AEA4","AEA4","AEA6","AEA4","AE9C","AE9E","AE94","AEA4","AE9E","AE94","AE98","AE98"
"2343","73024","74020","DD97","DD9A","DD98","DD97","DD9A","DD98","DD8C","DD88","DD88","DD8C","DD92","DD88","DD97","DD97"
"2344","73040","74036","2692","268C","2682","2692","268C","2682","2682","2677","2679","2682","2677","2679","268A","268A"
"2345","73056","74052","6F77","6F6E","6F6E","6F6D","6F6E","6F6E","6F67","6F5E","6F5F","6F67","6F5E","6F5F","6F6E","6F6E"
"2346","73072","74068","1712","1702","1703","1712","1702","1703","1703","1704","16FB","1703","1704","16FB","1706","1706"
"2347","73088","74084","4FAA","4FBC","4FBC","4FDD","4FD2","4FCA","4FAC","4FB5","4FB3","4FC4","4FCC","4FCD","4F9E","4FC4"
"2348","73112","74108","9AE9","9AE4","9AE3","9B0E","9B06","9B04","9AE1","9ADC","9AD7","9AFC","9AF9","9AFC","9AE1","9AF4"
"2349","73128","74124","E337","E325","E327","E331","E325","E327","E333","E31E","E320","E325","E31E","E320","E32E","E32D"
"2350","73144","74140","2C7D","2C7C","2C7C","2C7D","2C7C","2C7C","2C76","2C76","2C6E","2C76","2C76","2C73","2C7A","2C72"
"2351","73160","74156","6A5F","6A56","6A57","6A5F","6A56","6A4D","6A4D","6A4E","6A4F","6A4D","6A4E","6A4F","6A53","6A53"
"2352","73176","74172","1398","139A","1390","13B0","13B5","13A8","1390","1391","1388","13A8","13AB","13A0","1396","13B0"
"2353","73192","74188","5C43","5C38","5C32","5C3A","5C31","5C3B","5C3B","5C30","5C31","5C32","5C29","5C2A","5C35","5C35"
"2354","73208","74204","9DFB","9DEB","9DF3","9DFB","9DEB","9DF3","9DEB","9DEB","9DEC","9DEB","9DEB","9DE3","9DEE","9DEE"
"2355","73224","74220","DB82","DB82","DB84","DB8D","DB82","DB7A","DB83","DB70","DB72","DB83","DB70","DB7B","DB75","DB7F"
"2356","73240","74236","1A5B","1A47","1A48","1A50","1A47","1A51","1A53","1A48","1A49","1A52","1A48","1A49","1A44","1A44"
"2357","73264","74260","6390","6387","6391","6390","6387","6391","6388","637F","638A","6388","637F","638A","6384","6384"
"2358","73280","74276","E83D","E834","E82C","E873","E86A","E861","E835","E82C","E824","E86B","E858","E859","E828","E85D"
"2359","73296","74292","E83D","E834","E82C","E873","E86A","E861","E835","E82C","E824","E86B","E858","E859","E828","E85D"
"2360","73312","74308","0FE5","0FD6","0FDD","101E","100A","1016","0FD7","0FD4","0FD5","1016","100D","100E","0FD3","1012"
"2361","73328","74324","5982","596E","597A","59B0","59B1","59A8","597A","5971","5972","59B3","59A9","59AA","596B","59A4"
"2362","73344","74340","A1DC","A1C8","A1C9","A1D1","A1D4","A1C9","A1C9","A1CB","A1CC","A1D4","A1CD","A1CC","A1D0","A1D1"
"2363","73360","74356","ED33","ED2A","ED34","ED9F","ED96","EDA1","ED34","ED2A","ED23","ED97","ED8E","ED8F","ED2F","ED99"
"2364","73376","74372","3272","3271","326A","327D","3271","3274","326B","326C","3263","326B","3263","326A","3272","3266"
"2365","73400","74396","7AD6","7AC1","7AC2","7AD6","7AC1","7AC2","7AC2","7ABB","7AC6","7ACA","7ABB","7AC6","7AC5","7ABD"
"2366","73416","74412","BFD2","BFD1","BFD6","BFD2","BFCC","BFD6","BFD8","BFCA","BFCE","BFD8","BFCA","BFCE","BFCE","BFCE"
"2367","73432","74428","0D60","0D54","0D57","0D60","0D54","0D57","0D58","0D4B","0D45","0D58","0D4B","0D45","0D49","0D49"
"2368","73448","74444","3ACE","3ABA","3AC8","3ACE","3ABA","3AC8","3AC4","3AB2","3AB3","3AC4","3AB2","3AB3","3AC0","3AB7"
"2369","73464","74460","8430","8427","8434","8430","8427","8434","8431","841F","8429","8431","841F","8429","842D","842D"
"2370","73480","74476","CD05","CCF5","CCFD","CD05","CCF5","CCFD","CCFD","CCF4","CCF5","CCFD","CCF4","CCF5","CCF0","CCF0"
"2371","73496","74492","7C1F","7C16","7C1C","7C56","7C4D","7C51","7C1B","7C0D","7C1D","7C4F","7C45","7C52","7C14","7C48"
"2372","73512","74508","B654","B64B","B658","B694","B68A","B68B","B64C","B64C","B64C","B681","B678","B679","B648","B687"
"2373","73528","74524","FF19","FF0E","FF08","FF46","FF3D","FF3E","FF11","FF06","FF07","FF47","FF3E","FF40","FF04","FF43"
"2374","73544","74540","47A1","47A4","47A4","47C0","47C0","47C1","4799","4790","479C","47C1","47BB","47B0","47A0","47B4"
"2375","73568","74564","868E","8683","8684","86BA","86BA","86B2","867C","867B","867C","86B2","86B2","86AA","8678","86B7"
"2376","73584","74580","CD9C","CD88","CD89","CD9C","CD88","CD93","CD93","CD80","CD8B","CD93","CD80","CD8B","CD85","CD85"
"2377","73600","74596","17C8","17C9","17CA","17EF","17E6","17E7","17C8","17B7","17B8","17E7","17D4","17D5","17BC","17D9"
"2378","73616","74612","17C8","17C9","17CA","17EF","17E6","17E7","17C8","17B7","17B8","17E7","17D4","17D5","17BC","17D9"
"2379","73632","74628","60C3","60C3","60C4","60E0","60E1","60E2","60BB","60B2","60BC","60D8","60D9","60DA","60C2","60D4"
"2380","73648","74644","A969","A960","A961","A973","A960","A961","A96B","A965","A964","A96E","A962","A959","A968","A95D"
"2381","73664","74660","D072","D061","D062","D091","D07F","D089","D06A","D059","D064","D080","D077","D081","D05E","D07C"
"2382","73680","74676","02AD","02A4","02A5","02AD","02A4","029C","02A5","0293","0294","02A5","0293","029D","02A1","0298"
"2383","73696","74692","4BB2","4BA9","4BAC","4BB2","4BA9","4BA2","4BAC","4B99","4BA2","4BAC","4B99","4B9A","4B9E","4BA6"
"2384","73712","74708","9478","9470","9471","9483","9470","9471","9471","9468","9473","947B","9468","9469","946D","946D"
"2385","73736","74732","473A","4731","473C","4779","4770","4770","473C","4733","4734","4768","4767","4760","473A","476C"
"2386","73752","74748","7847","7832","783D","7871","7882","7882","783C","782A","7834","7873","787A","7871","7838","787F"
"2387","73768","74764","C1DE","C1D3","C1E3","C213","C20D","C20D","C1E1","C1CD","C1CF","C20E","C202","C20E","C1DD","C211"
"2388","73784","74780","0A43","0A39","0A3A","0A38","0A2F","0A3B","0A3B","0A27","0A32","0A3A","0A27","0A32","0A2C","0A36"
"2389","73800","74796","53B5","53B5","53B6","53EB","53EA","53EB","53B6","53AD","53A5","53EC","53DA","53DB","53B2","53E7"
"2390","73816","74812","07D5","07CC","07D5","0812","0802","080E","07CD","07C4","07C5","080E","07FA","07FB","07C9","07FF"
"2391","73832","74828","3C1A","3C08","3C12","3C47","3C45","3C3F","3C09","3C00","3C09","3C48","3C36","3C37","3C05","3C3B"
"2392","73848","74844","8675","866B","8662","86BE","86BF","86C0","866C","8663","8664","86B6","86AD","86B9","865E","86BD"
"2393","73864","74860","CD72","CD73","CD74","CD7C","CD73","CD74","CD74","CD61","CD62","CD6A","CD6B","CD6C","CD66","CD70"
"2394","73880","74876","0B45","0B3A","0B3C","0B78","0B67","0B72","0B3C","0B32","0B33","0B68","0B67","0B68","0B37","0B6C"
"2395","73896","74892","501B","501B","501C","5051","5052","5051","5013","5013","500B","5051","504A","5049","5019","5051"
"2396","73912","74908","9CC7","9CC7","9CBF","9CEE","9CDC","9CE6","9CC8","9CBF","9CC0","9CDD","9CD4","9CD5","9CBB","9CD9"
"2397","73936","74932","9CC7","9CC7","9CBF","9CEE","9CDC","9CE6","9CC8","9CBF","9CC0","9CDD","9CD4","9CD5","9CBB","9CD9"
"2398","73952","74948","08B2","08B1","08AA","08E7","08E7","08DF","08AA","089F","08A2","08EA","08D6","08E2","08AE","08E4"
"2399","73968","74964","2FBB","2FB2","2FBD","2FFD","2FE9","2FF2","2FB3","2FAA","2FAB","2FF2","2FE1","2FE2","2FBA","2FE6"
"2400","73984","74980","7CF7","7CE0","7CE1","7D20","7D1F","7D23","7CE1","7CE2","7CD9","7D20","7D10","7D18","7CE9","7D13"
"2401","74000","74996","C898","C890","C886","C88E","C885","C886","C885","C87D","C887","C885","C886","C887","C88D","C88D"
"2402","74016","75012","0ED4","0EC1","0ECC","0F08","0EF8","0F03","0EBF","0EB7","0EC6","0EFA","0EEF","0EFE","0ECB","0EFF"
"2403","74032","75028","5886","5874","5880","58B4","58AA","58B5","587F","5875","5877","58B5","58AC","58A4","5871","58AE"
"2404","74048","75044","A2F1","A2E1","A2E9","A2F1","A2EA","A2E2","A2DE","A2D9","A2D6","A2EB","A2E2","A2D6","A2DF","A2DF"
"2405","74064","75060","E7C1","E7B8","E7B9","E7B9","E7B8","E7B9","E7B9","E7B0","E7A9","E7B9","E7A7","E7A9","E7B5","E7B5"
"2406","74088","75084","30DD","30D4","30D5","30E6","30DD","30D5","30DE","30CC","30CD","30DE","30CC","30CD","30DA","30DA"
"2407","74104","75100","75D8","75C2","75CC","75D4","75C2","75CC","75D0","75BA","75C4","75CC","75BA","75C8","75C8","75BF"
"2408","74120","75116","B0CD","B0C3","B0B9","B0CC","B0C3","B0B9","B0C3","B0BA","B0B1","B0C3","B0BA","B0B1","B0B5","B0B5"
"2409","74136","75132","8149","814C","8141","817F","8183","8177","8141","8144","8139","8177","817B","816F","8149","8180"
"2410","74152","75148","B228","B228","B229","B25C","B253","B25F","B220","B220","B218","B254","B24B","B257","B21C","B25B"
"2411","74168","75164","031D","0315","0315","0349","034A","0341","0316","0304","0305","0349","0342","0339","0312","0345"
"2412","74184","75180","4BA0","4B8B","4B8C","4BB1","4BB0","4BB1","4B95","4B83","4B8D","4BA9","4BA8","4BAC","4B88","4BA5"
"2413","74200","75196","8CCF","8CCE","8CD2","8CCF","8CCE","8CCF","8CCF","8CC6","8CCA","8CC7","8CBE","8CC7","8CCB","8CC3"
"2414","74216","75212","D341","D342","D343","D378","D36F","D370","D343","D330","D331","D370","D367","D368","D335","D374"
"2415","74232","75228","1CC8","1CBE","1CBF","1CF4","1CF4","1CF5","1CBF","1CB7","1CAD","1CF6","1CEF","1CE4","1CB1","1CF1"
"2416","74256","75252","1CC8","1CBE","1CBF","1CF4","1CF4","1CF5","1CBF","1CB7","1CAD","1CF6","1CEF","1CE4","1CB1","1CF1"
"2417","74272","75268","687D","687D","687E","68A5","689E","6892","6875","686C","6876","689D","6896","688A","687A","6897"
"2418","74288","75284","ACA2","AC99","AC8F","AC97","AC98","AC9A","AC8F","AC90","AC91","AC99","AC90","AC92","AC95","AC95"
"2419","74304","75300","D4AF","D49D","D4A7","D4AF","D49D","D4A7","D4A7","D49E","D49F","D4A7","D49E","D49F","D4A5","D4A5"
"2420","74320","75316","219A","2191","2192","219A","2191","2192","2192","2189","218A","2192","2189","2181","2185","2185"
"2421","74336","75332","66FF","66F6","6700","66FF","66F6","6700","66F7","66EE","66EF","66F7","66EE","66EF","66F3","66F3"
"2422","74352","75348","B070","B064","B068","B070","B064","B068","B065","B053","B05D","B065","B053","B05D","B058","B058"
"2423","74368","75364","358F","3587","3587","35FB","35F4","35F3","3587","357E","3576","35F3","35EA","35E1","3584","35F1"
"2424","74384","75380","586C","5864","585C","589A","5891","588F","5862","585C","585C","5892","5887","5889","5856","5897"
"2425","74400","75396","A059","A050","A051","A06D","A06E","A06F","A051","A048","A049","A06F","A066","A067","A04D","A06B"
"2426","74416","75412","E678","E678","E679","E6AF","E6A6","E6A7","E679","E670","E671","E6AF","E6A6","E6A8","E675","E6AC"
"2427","74432","75428","3234","322B","322D","3235","322B","322D","322C","3223","321A","322D","3219","3225","3228","3228"
"2428","74448","75444","D0EE","D0E5","D0E6","D0EE","D0E5","D0EE","D0F1","D0DD","D0DE","D0EE","D0E5","D0E6","D0E2","D0E2"
"2429","74472","75468","1AF9","1AE7","1AE8","1B18","1B04","1B10","1AE8","1AE8","1AE0","1B05","1AFC","1AFD","1AE4","1B0C"
"2430","74488","75484","6378","6378","6370","6381","636F","6379","6379","6367","6371","6370","6370","6374","636C","6375"
"2431","74504","75500","8A30","8A27","8A32","8A58","8A4F","8A53","8A28","8A29","8A2A","8A46","8A47","8A4B","8A2E","8A42"
"2432","74520","75516","BB88","BB7F","BB80","BB92","BB89","BB87","BB8A","BB81","BB7F","BB80","BB81","BB78","BB7C","BB83"
"2433","74536","75532","03D9","03C6","03D2","03CF","03C6","03D1","03C7","03C9","03C9","03D1","03C8","03C9","03C3","03CD"
"2434","74552","75548","4E2F","4E26","4E2E","4E4D","4E44","4E4D","4E27","4E1E","4E26","4E45","4E3C","4E3D","4E23","4E41"
"2435","74568","75564","4E2F","4E26","4E2E","4E4D","4E44","4E4D","4E27","4E1E","4E26","4E45","4E3C","4E3D","4E23","4E41"
"2436","74584","75580","B82F","B830","B827","B851","B846","B83F","B831","B826","B827","B847","B836","B837","B82B","B83B"
"2437","74600","75596","DE5B","DE52","DE53","DE53","DE52","DE55","DE4B","DE4A","DE4D","DE53","DE42","DE4B","DE47","DE4F"
"2438","74616","75612","2821","2819","2819","2821","2819","2810","2810","2810","2808","2810","2807","2808","2815","2816"
"2439","74638","75632","7081","7078","7083","7081","7078","7083","7085","7070","7057","7085","707A","7071","707F","707F"