"Seeds for the English Leaf Green version farmed by po and 10Ben. #","Intro Time ms (GBA)","Intro Time ms (NDS)","MONO/LR","MONO/L=A","MONO/HELP","STEREO/LR","STEREO/L=A","STEREO/HELP","Instead of pressing the A button on the title screen, press Start instead MONO/LR, Start","MONO/L=A, Start","MONO/HELP, Start","STEREO/LR, Start","STEREO/L=A, Start","STEREO/HELP, Start","Instead of pressing the A button on the title screen, press L instead MONO/L=A, L","STEREO/L=A, L","",""
"1","33752","34748","A088","A075","A080","A0B3","A0B7","A0AB","A07E","A077","A06D","A0B7","A0AD","A0AC","A07E","A0B3","",""
"2","33768","34764","ECCF","ECC4","ECC6","ECC5","ECBC","ECBD","ECBD","ECB4","ECB5","ECC6","ECBF","ECB5","ECBC","ECC2","",""
"3","33784","34780","36B5","36A7","36A8","36CE","36CF","36D0","36AD","36A4","36A0","36C6","36C7","36BE","36A9","36C2","",""
"4","33808","34804","7F43","7F42","7F44","7F43","7F42","7F44","7F44","7F3A","7F3C","7F44","7F3A","7F33","7F37","7F40","",""
"5","33824","34820","C938","C92C","C92F","C95B","C944","C951","C930","C924","C920","C94F","C93C","C93D","C929","C94B","",""
"6","33840","34836","11B7","11B5","11AF","11B7","11AC","11AF","11BA","11A4","11B2","11AE","11AD","11A6","11A9","11B7","",""
"7","33856","34852","3FCC","3FC2","3FC4","3FEA","3FE1","3FE2","3FB8","3FAF","3FBB","3FD7","3FD9","3FD9","3FBF","3FDD","",""
"8","33872","34868","96DE","96D5","96DE","9704","96FE","96FC","96DE","96D7","96D9","96F4","96F3","96F7","96DC","96F8","",""
"9","33888","34884","D4C9","D4C0","D4CA","D4C9","D4C0","D4C1","D4C1","D4C0","D4B9","D4C9","D4B8","D4B9","D4BD","D4BD","",""
"10","33904","34900","1E96","1E8D","1E98","1EB5","1EAC","1EB6","1E8E","1E85","1E90","1EB6","1EA4","1EAE","1E94","1EA9","",""
"11","33920","34916","9243","9232","923D","9243","923A","923B","9233","9232","922B","923B","922A","922B","922F","922F","",""
"12","33936","34932","CF14","CF04","CF05","CF30","CF1B","CF1C","CF0E","CEFC","CF07","CF27","CF1B","CF1C","CF01","CF18","",""
"13","33952","34948","171D","1714","170C","171E","170B","1715","1715","170C","1704","1715","170C","170D","1711","1708","",""
"14","33976","34972","5FC8","5FC8","5FC0","5FC8","5FBF","5FCA","5FCA","5FB7","5FC1","5FCA","5FC1","5FC1","5FBC","5FBC","",""
"15","33992","34988","A911","A908","A90B","A911","A908","A90B","A909","A8F7","A901","A909","A8F7","A901","A905","A905","",""
"16","34008","35004","EE61","EE58","EE62","EE7F","EE76","EE7F","EE59","EE50","EE5A","EE77","EE76","EE77","EE61","EE7D","",""
"17","34024","35020","3B9B","3B88","3B96","3B91","3B88","3B93","3B93","3B80","3B81","3B89","3B80","3B8B","3B8F","3B85","",""
"18","34040","35036","84D4","84CB","84CC","84D4","84CB","84CC","84CC","84C4","84B9","84CC","84B8","84B9","84BD","84BD","",""
"19","34056","35052","CE0C","CE0C","CE0D","CE0C","CE0C","CE04","CE0D","CE04","CDFC","CE0D","CE04","CE05","CE00","CE09","",""
"20","34072","35068","FC35","FC2E","FC21","FC35","FC2E","FC2B","FC21","FC18","FC23","FC21","FC18","FC19","FC1D","FC27","",""
"21","34088","35084","08EB","08D7","08E0","08EB","08D7","08E0","08DF","08D8","08D7","08DF","08D8","08D7","08DE","08DE","",""
"22","34104","35100","5278","526F","526A","528F","528E","5291","5271","526B","525F","5287","5285","5286","526E","528C","",""
"23","34120","35116","998F","997E","997F","9987","9986","9987","997F","9980","9976","997F","9975","9977","997B","997B","",""
"24","34136","35132","4A8E","4A78","4A84","4AC5","4AB9","4ABA","4A84","4A70","4A7C","4ABA","4AA7","4AB2","4A80","4AB6","",""
"25","34160","35156","7D3F","7D2A","7D2B","7D67","7D6B","7D61","7D28","7D2F","7D1F","7D6B","7D5D","7D61","7D27","7D62","",""
"26","34176","35172","C642","C63A","C63B","C680","C66F","C66F","C642","C63A","C630","C671","C667","C671","C636","C671","",""
"27","34192","35188","0F27","0F1E","0F1D","0F30","0F25","0F1D","0F1D","0F16","0F1E","0F1D","0F1F","0F1E","0F1B","0F23","",""
"28","34208","35204","5A74","5A75","5A75","5AE2","5AE1","5ADE","5A69","5A6C","5A6C","5ADA","5AD7","5ADA","5A76","5ADB","",""
"29","34224","35220","9FBF","9FB7","9FB7","9FC2","9FB7","9FBA","9FB7","9FAE","9FB0","9FBA","9FAF","9FA6","9FB4","9FAA","",""
"30","34240","35236","0416","040F","040E","044B","0445","0443","0409","0400","0401","0440","0437","0438","040A","0442","",""
"31","34256","35252","3009","3000","3001","304B","303F","3040","300B","3004","3005","3037","302E","302F","2FFD","3033","",""
"32","34272","35268","7DCA","7DBA","7DC5","7E00","7DF6","7DEF","7DBA","7DBA","7DB0","7DFB","7DF1","7DE3","7DBE","7DF2","",""
"33","34288","35284","C77B","C773","C77C","C7BA","C7B0","C7A9","C773","C773","C769","C7B0","C7AB","C7A9","C770","C7A4","",""
"34","34304","35300","0FFB","0FF0","0FF3","1005","0FF9","0FFB","0FFC","0FEB","0FF4","0FF3","0FF1","0FEB","0FEE","0FEE","",""
"35","34328","35324","596C","5963","5959","59A0","598F","598D","5957","594D","5953","598F","5984","5988","5956","5997","",""
"36","34344","35340","A2A0","A296","A297","A2DF","A2D7","A2D6","A2A0","A296","A28F","A2CD","A2CF","A2C5","A292","A2C5","",""
"37","34360","35356","08F3","08EA","08EB","0933","0929","092A","08F4","08ED","08E3","0921","0918","0923","08F0","0926","",""
"38","34376","35372","3906","38FC","3908","3943","393C","3935","38FD","38FC","38F5","393E","3929","3936","38FB","3930","",""
"39","34392","35388","822D","8223","821D","8259","8251","8259","8226","821A","821E","8252","8252","8252","8222","825B","",""
"40","34408","35404","CB02","CAF0","CAFA","CAF7","CAF8","CAFA","CAF1","CAF1","CAF3","CAFB","CAF3","CAE9","CAF8","CAEC","",""
"41","34424","35420","1489","1476","1477","14BD","14AC","14B4","1483","1478","1470","14B8","14AE","14A6","1473","14A8","",""
"42","34440","35436","5E33","5E27","5E20","5E5D","5E5F","5E60","5E1F","5E1D","5E20","5E5F","5E4D","5E57","5E1C","5E51","",""
"43","34456","35452","A4E5","A4E5","A4E6","A4E5","A4E8","A4E6","A4DC","A4DD","A4DE","A4DC","A4D3","A4D4","A4D8","A4D8","",""
"44","34472","35468","ED55","ED47","ED4C","ED53","ED47","ED4D","ED4C","ED39","ED44","ED4E","ED3F","ED44","ED43","ED43","",""
"45","34488","35484","3680","367B","367C","3680","3683","367C","3683","3673","367F","3683","367F","367F","367F","3676","",""
"46","34512","35508","73EA","73E1","73E2","73EA","73E1","73E2","73EB","73E2","73DA","73EB","73E4","73DA","73DE","73DE","",""
"47","34528","35524","B679","B679","B671","B682","B679","B671","B67A","B671","B672","B67A","B671","B672","B676","B676","",""
"48","34544","35540","FF44","FF44","FF45","FF44","FF44","FF45","FF3C","FF33","FF34","FF3C","FF33","FF34","FF41","FF41","",""
"49","34560","35556","4889","4880","4881","4889","4880","4881","488A","4878","4879","488A","4878","4879","487D","487D","",""
"50","34576","35572","C8CF","C8C6","C8C7","C903","C8FA","C8FB","C8C7","C8C5","C8BF","C8FB","C8FB","C8F3","C8C3","C8F7","",""
"51","34592","35588","F487","F474","F475","F4B2","F4A9","F4B3","F475","F476","F474","F4B4","F4AB","F4A2","F46F","F4B0","",""
"52","34608","35604","3D9F","3D93","3D95","3DD0","3DC7","3DCA","3D8B","3D8B","3D8D","3DC8","3DBF","3DC0","3D90","3DBD","",""
"53","34624","35620","8663","8651","865C","8664","8651","865C","8652","8649","8654","865C","8652","864A","8657","8657","",""
"54","34640","35636","CFF4","CFEB","CFEC","D02A","D021","D022","CFEC","CFEB","CFE4","D02A","D021","D01A","CFE8","D01E","",""
"55","34656","35652","198C","197B","1986","19C3","19B2","19B3","1984","1973","1974","19BB","19B6","19B3","1978","19AF","",""
"56","34680","35676","777E","776D","776E","7776","776D","7776","7776","7765","7766","776E","7765","776E","7772","776A","",""
"57","34696","35692","AAA9","AAAB","AAA1","AAB4","AAAB","AAA1","AAA1","AAA3","AAA4","AAA1","AAA3","AAA4","AAA8","AAA8","",""
"58","34712","35708","F3CC","F3C1","F3B8","F3CC","F3C1","F3B8","F3B8","F3AF","F3B0","F3C2","F3AF","F3BA","F3BE","F3BE","",""
"59","34728","35724","1D34","1D34","1D2C","1D3D","1D2B","1D2C","1D2C","1D23","1D24","1D2C","1D23","1D24","1D31","1D31","",""
"60","34744","35740","66B9","66B2","66B3","66B9","66B2","66B3","66B1","669F","66A0","66B1","669F","66A0","66AD","66AD","",""
"61","34760","35756","AB3B","AB2A","AB33","AB3B","AB2A","AB33","AB33","AB2C","AB2B","AB33","AB2C","AB2B","AB32","AB32","",""
"62","34776","35772","F8AC","F8A4","F89C","F8AC","F89B","F89C","F8A4","F893","F89C","F8A4","F893","F89C","F8A1","F8A1","",""
"63","34792","35788","806F","805C","8067","80A8","8091","809C","806A","805E","805F","80A0","8093","8094","8059","808E","",""
"64","34808","35804","A372","A371","A372","A3A8","A39F","A3B0","A372","A369","A36D","A3A9","A3A0","A3B1","A366","A3B7","",""
"65","34824","35820","EC98","EC86","EC89","ECCF","ECC6","ECBF","EC92","EC80","EC81","ECBF","ECB6","ECBF","EC8C","ECC3","",""
"66","34848","35844","3623","361A","362C","3669","366A","3668","3625","361C","362E","3663","365B","3662","3636","3665","",""
"67","34864","35860","7ED1","7EC8","7ED2","7EF8","7EE5","7EF0","7ED2","7EC9","7EC1","7EF0","7EE8","7EDE","7EC5","7EE2","",""
"68","34880","35876","C797","C78E","C786","C7AE","C7A5","C7A6","C78F","C77D","C77E","C79D","C794","C795","C782","C799","",""
"69","34896","35892","10DA","10C5","10CE","10EC","10E3","10E4","10CF","10C5","10C6","10ED","10E3","10E5","10C2","10E0","",""
"70","34912","35908","5AA8","5A9B","5A9C","5ABE","5AB3","5AB6","5A9C","5A8B","5A98","5AB4","5AA2","5AA3","5A98","5AB0","",""
"71","34928","35924","A35D","A354","A34D","A37C","A373","A36B","A355","A344","A34F","A36B","A36B","A36C","A351","A370","",""
"72","34944","35940","E480","E47E","E478","E480","E476","E47F","E478","E479","E47A","E478","E46F","E477","E474","E473","",""
"73","34960","35956","2405","23FC","23F4","2422","2419","2412","23FD","23EB","23EC","241A","2409","240A","23F9","2416","",""
"74","34976","35972","6B82","6B82","6B7A","6B8D","6B79","6B83","6B7A","6B71","6B7B","6B7A","6B7A","6B72","6B76","6B76","",""
"75","34992","35988","B5D5","B5CC","B5D6","B5F2","B5F2","B5F3","B5D6","B5C4","B5D1","B5EA","B5E1","B5EE","B5D2","B5E6","",""
"76","35008","36004","F97F","F976","F97A","F97F","F96C","F977","F977","F96E","F96F","F96D","F96E","F96F","F973","F973","",""
"77","35032","36028","4743","473A","473B","4739","473A","473B","473B","4728","4733","473B","4732","4729","473A","473A","",""
"78","35048","36044","9064","905B","905C","9064","9051","905C","905F","9053","9054","905F","9053","9054","9058","9058","",""
"79","35064","36060","DA54","DA4D","DA44","DA6C","DA65","DA5C","DA44","DA43","DA44","DA5C","DA5C","DA54","DA48","DA60","",""
"80","35080","36076","22F3","22E1","22EB","22F6","22E1","22EB","22E2","22E2","22E3","22EB","22E2","22DA","22DE","22DE","",""
"81","35096","36092","6C43","6C31","6C32","6C43","6C3D","6C3B","6C32","6C33","6C34","6C32","6C33","6C2A","6C38","6C2E","",""
"82","35112","36108","B5F9","B5E7","B5F1","B616","B604","B60E","B5F1","B5E8","B5E9","B60E","B5FC","B606","B5E4","B601","",""
"83","35128","36124","FEA7","FE96","FEA2","FE9F","FE96","FE9F","FE97","FE8E","FE8F","FE97","FE96","FE97","FE9B","FE93","",""
"84","35144","36140","2A53","2A4A","2A4B","2A5D","2A4A","2A4B","2A55","2A4C","2A4E","2A55","2A42","2A4E","2A47","2A53","",""
"85","35160","36156","5785","577C","5785","5785","577C","5785","577D","576B","5786","577D","576B","5786","5779","5779","",""
"86","35176","36172","A096","A094","A08E","A09D","A08D","A08E","A097","A084","A086","A097","A085","A086","A091","A091","",""
"87","35192","36188","E95D","E954","E955","E95D","E94B","E955","E94C","E94C","E944","E94C","E94C","E94D","E951","E951","",""
"88","35216","36212","9A3C","9A40","9A41","9A53","9A56","9A57","9A41","9A38","9A2C","9A57","9A4E","9A43","9A30","9A47","",""
"89","35232","36228","CB34","CB35","CB3A","CB34","CB2C","CB2B","CB2E","CB24","CB24","CB34","CB24","CB2B","CB2A","CB35","",""
"90","35248","36244","17E3","17DA","17DB","17E3","17DA","17DB","17DB","17D1","17D3","17DC","17C4","17D3","17D8","17CD","",""
"91","35264","36260","5452","5449","544A","5471","545E","545F","544C","5441","5442","545F","5460","5461","5446","5465","",""
"92","35280","36276","AD9A","AD85","AD93","AD8E","AD85","AD92","AD92","AD89","AD8A","AD86","AD89","AD7E","AD8C","AD8C","",""
"93","35296","36292","F38A","F378","F382","F37D","F380","F383","F37A","F378","F372","F37A","F370","F378","F37F","F37E","",""
"94","35312","36308","3CE3","3CDA","3CE2","3CEA","3CDA","3CE2","3CDB","3CDC","3CD3","3CDB","3CDC","3CD3","3CE5","3CE1","",""
"95","35328","36324","8A6B","8A6B","8A63","8A81","8A78","8A79","8A63","8A5A","8A5B","8A79","8A70","8A71","8A5F","8A75","",""
"96","35344","36340","D038","D02C","D02D","D04C","D041","D044","D02E","D026","D026","D041","D03A","D039","D01F","D048","",""
"97","35360","36356","110A","1101","10F9","1101","1101","10F9","1102","10FD","10FA","1102","10F9","10FA","10F5","10FE","",""
"98","35376","36372","5297","528E","5296","529E","5295","5299","5299","5286","5291","5299","5286","528E","528B","5292","",""
"99","35400","36396","9804","97F0","97F1","9804","97F0","97FA","97FB","97F1","97E9","97FB","97F1","97E9","97ED","97ED","",""
"100","35416","36412","E172","E169","E173","E172","E169","E173","E173","E161","E16B","E173","E161","E16B","E16F","E16F","",""
"101","35432","36428","55AE","55A5","55A6","55AE","55A5","55A6","559A","5591","559E","559A","5591","559E","55A2","55A2","",""
"102","35448","36444","91F2","91F5","91EA","920A","920C","9202","91EA","91E1","91EB","9202","91F9","9202","91E6","91FE","",""
"103","35464","36460","DB44","DB33","DB34","DB62","DB59","DB5C","DB3C","DB33","DB34","DB5A","DB55","DB4A","DB38","DB4E","",""
"104","35480","36476","26E4","26E2","26DC","26E4","26DB","26E3","26DC","26D3","26DE","26E3","26DD","26DB","26E4","26E4","",""
"105","35496","36492","6CFE","6CF5","6CEC","6CF4","6CF5","6CEC","6CF6","6CED","6CEE","6CEC","6CED","6CE4","6CE8","6CF2","",""
"106","35512","36508","A8B0","A89C","A89C","A8B0","A8A6","A89C","A89B","A894","A8A0","A8A5","A894","A893","A897","A897","",""
"107","35528","36524","FF7D","FF7C","FF75","FF7D","FF74","FF7C","FF7C","FF6C","FF75","FF7C","FF6C","FF75","FF6F","FF6F","",""
"108","35552","36548","4D02","4CFC","4CFA","4D1A","4D14","4D12","4CFA","4CF4","4CE9","4D12","4D0A","4D00","4CF7","4D0F","",""
"109","35568","36564","9297","928E","928F","92C0","92B7","92AF","929A","9291","9292","92B8","92AF","92A7","9296","92B7","",""
"110","35584","36580","BF37","BF30","BF25","BF39","BF2D","BF2F","BF2F","BF1C","BF26","BF25","BF1C","BF26","BF2A","BF2A","",""
"111","35600","36596","0BFC","0BF3","0BF4","0BFC","0BEA","0BF4","0BEB","0BE2","0BEC","0BEB","0BE2","0BEC","0BE7","0BE7","",""
"112","35616","36612","5196","5183","518F","5197","518E","518F","518F","5186","5186","518F","5186","5186","518A","518A","",""
"113","35632","36628","9AFE","9AF5","9AF6","9AFE","9AF5","9AF6","9AF6","9AED","9AF8","9AF6","9AF7","9AF8","9AFB","9AFB","",""
"114","35648","36644","1A73","1A75","1A6B","1AA9","1AAC","1AA1","1A74","1A6D","1A6E","1AAB","1AA4","1AA5","1A70","1AA7","",""
"115","35664","36660","457B","4569","456A","45B0","459D","45A8","456A","4569","4562","459E","459F","4596","456E","459A","",""
"116","35680","36676","8EAC","8E99","8EA4","8EE2","8ED9","8ED0","8E9A","8E91","8E9D","8EDA","8EC7","8EC8","8E96","8ED6","",""
"117","35704","36700","D846","D83B","D834","D872","D869","D86A","D834","D82B","D834","D86A","D869","D862","D838","D86E","",""
"118","35720","36716","21C8","21C9","21CA","2208","21F6","2200","21CA","21C1","21C2","2200","21EE","21EF","21C6","21FC","",""
"119","35736","36732","69B7","69AE","69AF","69CB","69CE","69CF","69A6","69AA","699E","69CE","69BA","69BB","69AF","69BF","",""
"120","35752","36748","958B","9582","9583","95A3","95A3","959B","958B","957A","957B","95A6","9592","9593","957F","9597","",""
"121","35768","36764","D9BE","D9AB","D9AC","D9DA","D9C8","D9C9","D9B4","D9AD","D9A4","D9D3","D9C0","D9C1","D9A6","D9C5","",""
"122","35784","36780","272D","2722","271B","2723","2722","2723","2725","271A","2713","271B","2712","2713","2717","2721","",""
"123","35800","36796","5711","56FF","5700","572F","571C","571D","5709","5701","5701","5727","571E","571F","56FC","5719","",""
"124","35816","36812","81CE","81CD","81C5","81CE","81CD","81C5","81CE","81CA","81C9","81CE","81CA","81C9","81CC","81CC","",""
"125","35832","36828","CADE","CACF","CAD5","CAD1","CACF","CAD7","CACC","CAC4","CAC5","CAD1","CACA","CACF","CAC8","CACC","",""
"126","35848","36844","14C8","14B6","14B5","14DD","14DD","14D1","14C0","14B6","14AE","14DD","14D3","14D1","14BC","14D8","",""
"127","35864","36860","BB12","BB09","BB0A","BB13","BB09","BB00","BB00","BB02","BAF8","BB0A","BAF7","BAF8","BAFC","BAFC","",""
"128","35888","36884","F618","F607","F616","F618","F607","F616","F60A","F608","F609","F60A","F608","F602","F611","F604","",""
"129","35904","36900","3F3B","3F28","3F24","3F3B","3F28","3F24","3F27","3F1E","3F1E","3F27","3F29","3F2A","3F2E","3F2E","",""
"130","35920","36916","890F","890E","8911","8928","8926","8928","8910","8907","8907","8928","891E","891B","890D","8924","",""
"131","35936","36932","D1A5","D19D","D1A3","D1A5","D1A8","D1A4","D1A8","D197","D19E","D19F","D19E","D19E","D19B","D1A6","",""
"132","35952","36948","1AF5","1AEE","1AEE","1AE9","1AEE","1AE0","1AEA","1ADC","1ADC","1AEA","1AE6","1AE2","1ADE","1AEA","",""
"133","35968","36964","752A","7519","751A","7540","7537","7538","7522","7519","7512","7542","7539","7530","751E","753E","",""
"134","35984","36980","AD94","AD82","AD88","AD93","AD82","AD83","AD81","AD82","AD84","AD8D","AD76","AD79","AD87","AD80","",""
"135","36000","36996","F6B2","F6B0","F6B0","F6B2","F6A9","F6B0","F6B2","F6A9","F6AB","F6A7","F6A9","F6AB","F6AF","F6AF","",""
"136","36016","37012","3BDA","3BD3","3BD4","3BF2","3BEB","3BEC","3BD4","3BCC","3BCD","3BEC","3BE4","3BE2","3BCE","3BE6","",""
"137","36032","37028","8941","8942","8944","8941","8942","8944","8942","8937","8939","893B","8937","8939","8940","8940","",""
"138","36056","37052","D268","D26F","D26E","D275","D260","D26E","D272","D266","D25C","D26A","D266","D261","D25E","D26A","",""
"139","36072","37068","1C32","1C2A","1C2A","1C49","1C40","1C41","1C32","1C2C","1C2A","1C4A","1C45","1C41","1C25","1C3D","",""
"140","36088","37084","7AA1","7A90","7A99","7AA2","7A90","7A99","7A99","7A90","7A89","7A99","7A88","7A91","7A96","7A96","",""
"141","36104","37100","B1B9","B1A7","B1B1","B1B1","B1A7","B1B1","B1A9","B1AB","B1A1","B1B1","B1AB","B1A1","B1AF","B1A5","",""
"142","36120","37116","FB65","FB5A","FB51","FB81","FB6E","FB71","FB5D","FB49","FB48","FB71","FB6D","FB69","FB4E","FB6C","",""
"143","36136","37132","4425","440F","4410","4425","440F","4410","4411","4407","4409","4419","4407","4414","440D","440D","",""
"144","36152","37148","8D56","8D4F","8D46","8D56","8D4F","8D46","8D47","8D3D","8D3F","8D4E","8D47","8D46","8D4B","8D42","",""
"145","36168","37164","D692","D680","D68A","D694","D680","D68A","D681","D679","D681","D681","D682","D681","D67D","D67D","",""
"146","36184","37180","2071","2060","2069","208A","2075","2082","2069","2057","2061","2083","206C","207B","205D","2074","",""
"147","36200","37196","69A0","6997","69A1","69CB","69BE","69B6","6997","6998","6999","69B6","69B5","69B6","6994","69B8","",""
"148","36216","37212","B296","B281","B28E","B28B","B28B","B283","B285","B27B","B27D","B285","B287","B27D","B27E","B289","",""
"149","36240","37236","F400","F3F7","F400","F400","F3F7","F400","F400","F3F9","F3F0","F3F8","F3EF","F3F0","F3F4","F3F3","",""
"150","36256","37252","3242","3239","3242","3242","3239","3242","323A","3231","323A","323A","3231","3232","323E","323E","",""
"151","36272","37268","71DA","71D1","71D2","71DA","71D1","71D2","71DC","71D3","71D4","71DC","71D3","71D4","71CE","71CE","",""
"152","36288","37284","C4D7","C4D6","C4D7","C4EF","C4EE","C4EF","C4DB","C4D0","C4D3","C4F3","C4E8","C4EB","C4D3","C4EB","",""
"153","36304","37300","3EC4","3EBB","3EB1","3ED6","3ECD","3ECE","3EBC","3EA8","3EA9","3ECE","3EC5","3EC6","3EAD","3ECA","",""
"154","36320","37316","7273","7273","7277","727C","726A","7274","7274","7262","7263","726B","7262","7263","7273","7267","",""
"155","36336","37332","BB9D","BB8A","BB8B","BB9D","BB94","BB8B","BB95","BB82","BB8D","BB8B","BB82","BB83","BB91","BB91","",""
"156","36352","37348","04BE","04B5","04B6","04BE","04AC","04B6","04B6","04A4","04AF","04B6","04A4","04AF","04B3","04B3","",""
"157","36368","37364","4E09","4DF5","4E01","4E09","4DF5","4E01","4E01","4DED","4DF9","4E01","4DED","4DF9","4DFD","4DF2","",""
"158","36384","37380","975F","9756","974D","975F","9756","974D","974D","9744","9752","974D","9744","9752","9753","9753","",""
"159","36408","37404","ED22","ED10","ED1A","ED3B","ED28","ED33","ED11","ED08","ED12","ED33","ED2A","ED2B","ED16","ED2F","",""
"160","36424","37420","2BBC","2BAA","2BB4","2BD1","2BD2","2BC9","2BAB","2BA2","2BAC","2BD6","2BCA","2BCB","2BA7","2BCF","",""
"161","36440","37436","7449","7440","7438","7449","7440","7441","7441","742F","7430","7441","7438","7439","7434","7440","",""
"162","36456","37452","9CF9","9CF9","9CF1","9CF9","9CF9","9CF1","9CFA","9CF1","9CF2","9CFA","9CE8","9CF2","9CF9","9CF6","",""
"163","36472","37468","E6C0","E6B8","E6C0","E6C0","E6B8","E6C0","E6C2","E6B0","E6B1","E6C2","E6B0","E6B8","E6BC","E6BC","",""
"164","36488","37484","2F42","2F31","2F32","2F42","2F31","2F32","2F3A","2F29","2F2A","2F3A","2F33","2F2A","2F2E","2F2E","",""
"165","36504","37500","AC1D","AC14","AC0C","AC54","AC40","AC41","AC15","AC03","AC04","AC4C","AC38","AC44","AC11","AC48","",""
"166","36520","37516","C91E","C915","C91F","C95C","C953","C954","C91F","C916","C90E","C954","C943","C950","C91B","C948","",""
"167","36536","37532","16C6","16BA","16B4","16FA","16E8","16F2","16B4","16B2","16AC","16F5","16E0","16E1","16B0","16F0","",""
"168","36552","37548","607A","6068","6069","60AE","609E","60A6","6075","6060","6061","609F","6096","60A1","6071","60A5","",""
"169","36576","37572","A8D7","A8CE","A8D9","A8FF","A8ED","A8EE","A8D9","A8C6","A8C7","A8F7","A8EF","A8E6","A8CB","A8F3","",""
"170","36592","37588","F1D0","F1D2","F1C8","F1E9","F1E0","F1E1","F1C8","F1BF","F1C0","F1E9","F1D8","F1E0","F1CE","F1DD","",""
"171","36608","37604","3B10","3B07","3B12","3B2E","3B25","3B26","3B08","3B09","3B09","3B26","3B1D","3B1E","3B04","3B2C","",""
"172","36624","37620","84D3","84D2","84CB","84F3","84EA","84EB","84CB","84CB","84CC","84EB","84D9","84DA","84CF","84E7","",""
"173","36640","37636","CD90","CD87","CD91","CDAE","CDAD","CDAE","CD91","CD88","CD80","CDAE","CDA5","CD9E","CD8F","CDAC","",""
"174","36656","37652","0E9E","0E95","0E96","0E9E","0E95","0E98","0E96","0E83","0E84","0E96","0E8F","0E8E","0E92","0E88","",""
"175","36672","37668","4E00","4E01","4E02","4E1F","4E1E","4E21","4E03","4DFC","4DFA","4E21","4E0E","4E17","4DFE","4E1B","",""
"176","36688","37684","96C6","96BD","96BE","96E3","96E4","96DB","96C7","96BE","96B6","96E5","96DC","96D3","96C3","96E1","",""
"177","36704","37700","DEEA","DEEC","DEEB","DEF5","DEEA","DEEB","DEEB","DEE4","DEDC","DEEB","DEE2","DEDC","DEE0","DEE7","",""
"178","36720","37716","29A9","2995","29A0","29C7","29B3","29BD","29A1","2997","298E","29BF","29B4","29AC","299E","29BC","",""
"179","36744","37740","7163","7159","7151","7163","7150","715A","715A","7151","7149","7151","7148","7152","714D","714D","",""
"180","36760","37756","BAA1","BAA2","BA99","BAAA","BA98","BA99","BAA2","BA9A","BA9A","BAA2","BA9C","BA91","BA95","BA95","",""
"181","36776","37772","000B","0006","FFFA","001B","001E","0013","FFFA","FFFA","FFF2","0013","0012","000B","0003","001B","",""
"182","36792","37788","4D2C","4D23","4D24","4D2C","4D2F","4D24","4D2D","4D1B","4D1C","4D24","4D24","4D1C","4D20","4D28","",""
"183","36808","37804","966B","9663","965A","966B","9659","965A","9663","965B","965B","965A","9651","965B","9660","965F","",""
"184","36824","37820","E01D","E013","E015","E03A","E031","E032","E015","E013","E014","E032","E032","E033","E010","E02E","",""
"185","36840","37836","28EA","28E1","28E2","28EA","28E1","28E2","28D9","28DA","28DA","28D9","28D9","28D1","28D5","28DF","",""
"186","36856","37852","7231","7228","7233","723C","7228","7229","7229","722A","7221","7229","7220","722B","7230","7230","",""
"187","36872","37868","9F96","9F8D","9F85","9F96","9F8D","9F8E","9F91","9F86","9F86","9F91","9F86","9F86","9F8A","9F81","",""
"188","36888","37884","CE74","CE63","CE64","CE6C","CE63","CE64","CE64","CE5B","CE5C","CE64","CE5B","CE5C","CE60","CE6C","",""
"189","36904","37900","176B","1760","1761","176B","1760","1759","1759","1758","175B","1759","1758","1751","175D","175D","",""
"190","36928","37924","6048","6032","603D","603B","6032","603D","6040","6034","6035","6040","6034","602B","6039","6039","",""
"191","36944","37940","12B6","12A9","12AC","12CF","12C1","12C3","12AE","129F","12A6","12C7","12B8","12BF","12A8","12BF","",""
"192","36960","37956","4329","4320","4321","432A","4317","4318","4318","4318","4310","4321","430F","4310","431E","431D","",""
"193","36976","37972","90C7","90B6","90BF","90E5","90DD","90DD","90BE","90AD","90AC","90DD","90D5","90D5","90B3","90D8","",""
"194","36992","37988","DC7E","DC69","DC74","DC7C","DC69","DC74","DC6A","DC61","DC6C","DC76","DC6B","DC6C","DC73","DC73","",""
"195","37008","38004","206A","205B","205D","206A","205B","205D","2065","2054","2055","2065","2054","205F","2061","2061","",""
"196","37024","38020","5E1B","5E12","5E13","5E1B","5E08","5E09","5E09","5E00","5E0B","5E09","5E00","5E0E","5E0F","5E0F","",""
"197","37040","38036","B571","B575","B572","B588","B587","B589","B571","B561","B561","B58A","B577","B576","B565","B57B","",""
"198","37056","38052","0266","025C","025D","0275","026C","026D","0254","0254","0255","027B","0264","0273","0259","0269","",""
"199","37072","38068","4794","478D","4785","478E","4783","478E","478F","4788","4786","4786","477D","477D","4780","478A","",""
"200","37088","38084","8926","8920","891E","891C","891D","891E","8914","8915","8916","891E","8915","8916","891A","8910","",""
"201","37104","38100","CA9D","CA94","CA97","CA9D","CA94","CA95","CA95","CA84","CA8D","CA8D","CA84","CA85","CA91","CA91","",""
"202","37128","38124","1016","1004","1005","1018","1004","1005","100E","0FFC","1006","100E","0FFC","1006","1001","1001","",""
"203","37144","38140","5982","5979","5982","5982","5979","5982","5982","597B","5972","597A","597B","5972","5976","5976","",""
"204","37160","38156","CA59","CA50","CA4A","CA59","CA50","CA4A","CA4A","CA48","CA49","CA4A","CA48","CA49","CA4E","CA4E","",""
"205","37176","38172","0621","0610","061C","0655","0647","0651","0619","0608","0611","064D","063F","0649","060D","0644","",""
"206","37192","38188","4A60","4A61","4A58","4A60","4A58","4A58","4A66","4A5B","4A51","4A63","4A5A","4A51","4A61","4A5E","",""
"207","37208","38204","A280","A277","A278","A2B8","A2AF","A2AC","A278","A26F","A270","A2AC","A2A3","A2A4","A274","A2A8","",""
"208","37224","38220","DFE5","DFCF","DFD0","E044","E03B","E047","DFDD","DFD4","DFD5","E047","E03E","E034","DFD9","E038","",""
"209","37240","38236","258C","257B","2584","2582","257B","257A","257C","257E","2574","257C","257E","2574","2578","2583","",""
"210","37264","38260","7D06","7CFD","7CFE","7D39","7D30","7D31","7CFE","7CF5","7CF6","7D31","7D28","7D29","7CFA","7D3A","",""
"211","37280","38276","B097","B097","B098","B0D5","B0C3","B0CD","B08F","B086","B090","B0C4","B0C4","B0C5","B08B","B0C9","",""
"212","37296","38292","0374","036B","036C","03AA","03A1","03AA","036C","036C","036D","03A2","0399","03A2","0368","039E","",""
"213","37312","38308","3038","302F","3030","3038","3031","3030","3032","3027","302A","3028","301F","3020","302C","302C","",""
"214","37328","38324","87D8","87CF","87C5","880F","8806","8807","87C5","87C7","87BD","8807","87F5","87FF","87C1","8803","",""
"215","37344","38340","C3ED","C3E5","C3E4","C422","C41A","C41A","C3DB","C3D2","C3D3","C41B","C414","C413","C3D7","C417","",""
"216","37360","38356","0E29","0E16","0E17","0E54","0E4B","0E55","0E17","0E0E","0E0F","0E4C","0E43","0E4D","0E13","0E48","",""
"217","37376","38372","68A1","68A4","6899","68D7","68CE","68CF","68A4","689B","689C","68CF","68D1","68C7","6895","68D7","",""
"218","37392","38388","9B6D","9B64","9B6E","9BAA","9BA1","9BA2","9B65","9B5C","9B66","9BA2","9B92","9B9C","9B61","9BA3","",""
"219","37408","38404","E4B1","E4B1","E4A9","E4E7","E4DE","E4EA","E4B2","E4A9","E4A1","E4DE","E4D5","E4E0","E4A5","E4DA","",""
"220","37424","38420","2E5A","2E5A","2E5B","2E90","2E87","2E90","2E52","2E52","2E53","2E90","2E87","2E89","2E4E","2E84","",""
"221","37448","38444","76FB","76F2","76F3","7719","7707","7711","76F3","76EA","76E1","7711","7708","7700","76EF","770D","",""
"222","37464","38460","BFCF","BFC6","BFD3","BFE7","BFE8","BFE8","BFC7","BFCA","BFBF","BFDF","BFDF","BFE0","BFCF","BFDB","",""
"223","37480","38476","0A6B","0A6F","0A6E","0AA3","0A9A","0AA7","0A70","0A5A","0A5B","0A9B","0A92","0A93","0A5F","0A97","",""
"224","37496","38492","524D","5244","524F","526B","5262","5263","5245","5245","523D","526D","525A","5263","5241","525F","",""
"225","37512","38508","9ADC","9AD3","9AD4","9ADC","9AD3","9AD4","9ACA","9ACB","9ACC","9ACA","9AC1","9ACC","9AC6","9AD0","",""
"226","37528","38524","C4FE","C4F6","C4F6","C51C","C50B","C50C","C4EE","C4E5","C4EE","C50C","C50B","C50C","C4EA","C508","",""
"227","37544","38540","BC86","BC86","BC7E","BC86","BC87","BC7E","BC7E","BC7E","BC7F","BC87","BC81","BC82","BC83","BC7A","",""
"228","37560","38556","0600","05F7","05EF","05F7","05F8","05F8","05F8","05E6","05F0","05EF","05F2","05E7","05F7","05F5","",""
"229","37576","38572","4F07","4EF5","4EF6","4F25","4F13","4F14","4EFF","4EF6","4EEE","4F14","4F14","4F15","4EF2","4F10","",""
"230","37592","38588","39F8","39ED","39EE","39ED","39ED","39E5","39F2","39DC","39DD","39EE","39E5","39DD","39EA","39E1","",""
"231","37616","38612","6B8E","6B7B","6B7C","6B8D","6B7B","6B7C","6B7C","6B7C","6B74","6B7C","6B7D","6B74","6B81","6B81","",""
"232","37632","38628","B490","B487","B488","B490","B487","B481","B488","B478","B479","B488","B47F","B479","B47D","B487","",""
"233","37648","38644","FE79","FE6F","FE79","FE91","FE86","FE91","FE71","FE68","FE69","FE89","FE80","FE81","FE6D","FE8E","",""
"234","37664","38660","51C0","51AF","51B8","51F9","51F0","51EE","51B8","51AF","51B0","51EE","51E8","51E6","51B7","51E1","",""
"235","37680","38676","91AF","91A4","91A8","91DA","91DE","91DC","919D","919D","91A2","91D1","91D1","91D3","9198","91D7","",""
"236","37696","38692","F5B0","F5A7","F5A8","F5DE","F5D5","F5DD","F5A0","F59F","F5A2","F5DD","F5CD","F5D5","F5A4","F5D2","",""
"237","37712","38708","24DF","24DF","24D6","251B","250E","2514","24DF","24D8","24D6","250C","2503","250F","24DA","2508","",""
"238","37728","38724","6E25","6E2C","6E20","6E6A","6E5E","6E5B","6E21","6E21","6E21","6E57","6E51","6E56","6E1B","6E5C","",""
"239","37744","38740","B614","B613","B60C","B632","B629","B62A","B614","B60B","B60C","B634","B621","B62B","B610","B626","",""
"240","37760","38756","FF93","FF8A","FFA7","FFB5","FFBD","FFB4","FF8B","FF8D","FF8E","FFAE","FFB7","FFAE","FF87","FFBB","",""
"241","37784","38780","43F3","43EA","43E3","4412","4400","440A","43EB","43E2","43E3","440A","43F8","4402","43E7","4407","",""
"242","37800","38796","90F9","90E6","90F0","90F8","90EF","90E7","90F0","90DE","90DF","90F1","90DE","90DF","90E3","90EC","",""
"243","37816","38812","F495","F483","F484","F4B2","F4A0","F4A1","F484","F488","F47C","F4A1","F4A5","F499","F480","F49D","",""
"244","37832","38828","215F","2161","2161","215F","2160","2161","2157","214E","214F","2157","214E","214F","2153","2153","",""
"245","37848","38844","6A65","6A5C","6A5D","6A65","6A5C","6A5D","6A5D","6A5D","6A55","6A5D","6A5D","6A5F","6A59","6A63","",""
"246","37864","38860","B4DE","B4D2","B4CA","B4F0","B4F0","B4E8","B4D4","B4CA","B4CB","B4F2","B4E8","B4E0","B4CF","B4E4","",""
"247","37880","38876","FCDF","FCD5","FCD7","FCDE","FCD7","FCD6","FCD6","FCCE","FCCE","FCCE","FCCF","FCCE","FCCA","FCD2","",""
"248","37896","38892","4610","4607","4608","4610","4610","4608","4608","4608","4609","4608","4608","4600","460D","4604","",""
"249","37912","38908","8F5E","8F5C","8F5D","8F5E","8F55","8F60","8F5D","8F4D","8F58","8F56","8F4D","8F58","8F52","8F52","",""
"250","37928","38924","D93A","D929","D932","D953","D940","D94B","D92A","D929","D922","D94B","D942","D944","D926","D93D","",""
"251","37944","38940","2C9E","2C97","2C96","2CD0","2CC7","2CD1","2C90","2C87","2C88","2CD2","2CBF","2CC9","2C92","2CC4","",""
"252","37968","38964","4933","492C","492B","4960","4960","4958","4922","4924","4923","4961","4959","4959","4927","4954","",""
"253","37984","38980","899E","8995","89A1","8A14","8A0B","8A03","899F","898D","8997","8A0C","8A03","89FB","899B","8A08","",""
"254","38000","38996","CFB6","CFA5","CFA6","CFCB","CFC2","CFCC","CFAE","CF9B","CFA7","CFC3","CFC3","CFC4","CFA2","CFBF","",""
"255","38016","39012","622B","6226","6223","6248","623A","6246","6227","621E","621B","623B","6232","623E","621F","6242","",""
"256","38032","39028","8D18","8D0F","8D13","8D36","8D2D","8D31","8D10","8D07","8D08","8D2E","8D25","8D1C","8D03","8D2D","",""
"257","38048","39044","DB24","DB27","DB1C","DB49","DB40","DB3C","DB25","DB13","DB20","DB35","DB2C","DB2D","DB18","DB31","",""
"258","38064","39060","23DD","23DD","23D5","23FB","23F2","23FF","23DE","23D8","23CD","23FF","23EA","23F3","23D1","23F7","",""
"259","38080","39076","6CAC","6C9A","6CA4","6CA3","6C9A","6C9B","6CA4","6C9B","6C9C","6CA4","6C9B","6C9C","6C97","6CA0","",""
"260","38096","39092","B6CB","B6B8","B6C3","B6E0","B6D7","B6D8","B6C3","B6B0","B6BE","B6E1","B6D9","B6DB","B6B5","B6D4","",""
"261","38112","39108","FFFB","FFEF","FFF3","000F","000E","0010","FFF0","FFE7","FFE0","0007","0006","0008","FFE5","000B","",""
"262","38128","39124","637C","6373","6374","637C","6373","6374","6374","636B","6376","6374","6375","6378","637A","637A","",""
"263","38152","39148","92D9","92D0","92C7","92F6","92ED","92E6","92D1","92C8","92C9","92EE","92DD","92E6","92C3","92E2","",""
"264","38168","39164","DABF","DABF","DAB7","DAC9","DAB6","DAC2","DAC1","DAAE","DAB8","DAB7","DAAE","DABA","DAB3","DAB3","",""
"265","38184","39180","240D","240E","240F","240D","2404","240F","2405","23FC","2407","2405","23FC","2407","240B","240B","",""
"266","38200","39196","6D2B","6D22","6D23","6D2B","6D2B","6D2C","6D2C","6D1A","6D1B","6D2C","6D1A","6D24","6D28","6D28","",""
"267","38216","39212","B6F7","B6F9","B6FA","B711","B708","B712","B6FA","B6F1","B6F2","B712","B709","B70A","B6F6","B70E","",""
"268","38232","39228","3125","3113","3114","318F","3186","3187","311C","310B","310C","317F","317E","3177","310F","317B","",""
"269","38248","39244","4E9F","4E97","4E9F","4ED5","4ED4","4ECF","4E97","4E8D","4E99","4EDC","4EC6","4ECF","4E9E","4ED2","",""
"270","38264","39260","9811","9810","9817","9848","9849","9846","9807","97FE","9800","9848","9837","9844","980E","9842","",""
"271","38280","39276","DBF7","DBEE","DBF9","DC20","DC16","DC17","DBF9","DBF0","DBE7","DC18","DC05","DC12","DBF5","DC13","",""
"272","38296","39292","2986","297D","2988","29A7","2996","2995","297E","297F","297B","29A1","298B","2998","2986","298E","",""
"273","38320","39316","72B1","72AF","72B2","72CF","72CD","72D0","72B2","72A7","72AA","72D0","72C7","72C9","72A4","72C2","",""
"274","38336","39332","BC67","BC69","BC6B","BC8B","BC74","BC82","BC60","BC60","BC5F","BC81","BC75","BC78","BC5D","BC7E","",""
"275","38352","39348","0551","0547","0549","056D","0567","055C","0547","053F","053F","0567","055F","0555","0545","0562","",""
"276","38368","39364","4DD1","4DC8","4DC9","4DD2","4DC8","4DBB","4DC0","4DC0","4DBC","4DC0","4DB7","4DB6","4DBA","4DBA","",""
"277","38384","39380","90AE","909B","909C","90C3","90BA","90C3","90A6","9093","90A1","90C3","90B2","90B3","90A2","90C2","",""
"278","38400","39396","CED0","CED1","CEC8","CEEF","CEE6","CEE7","CED2","CEC9","CECA","CEEF","CEE6","CEDF","CECE","CEEB","",""
"279","38416","39412","1699","1686","1691","168F","1690","1691","1691","167E","167F","1691","1688","167F","1683","168D","",""
"280","38432","39428","60D5","60D6","60D6","60FC","60F3","60F4","60CD","60CD","60CF","60EA","60EB","60E2","60D2","60F0","",""
"281","38448","39444","A91C","A913","A90B","A913","A913","A90B","A914","A902","A90C","A90B","A902","A903","A907","A910","",""
"282","38464","39460","F25C","F247","F252","F250","F247","F252","F252","F249","F24A","F248","F249","F24A","F244","F244","",""
"283","38480","39476","3C65","3C5C","3C5D","3C7C","3C73","3C74","3C53","3C4A","3C4B","3C6C","3C63","3C64","3C59","3C72","",""
"284","38504","39500","84C4","84C4","84C4","84CD","84C3","84C4","84BC","84BB","84B4","84C4","84BB","84BD","84B8","84B8","",""
"285","38520","39516","CE06","CDFC","CDFD","CE05","CDFC","CDFD","CDFE","CDEA","CDF5","CDFD","CDEA","CDF5","CDEF","CDEF","",""
"286","38536","39532","136B","1366","1363","138A","1384","1382","135B","1352","1353","1378","136F","1370","135F","137E","",""
"287","38552","39548","6083","6072","6073","607B","6072","6073","607B","606A","606B","6073","606A","606B","606F","6077","",""
"288","38568","39564","A9BF","A9BE","A9B7","A9C8","A9BE","A9BF","A9B7","A9B6","A9AF","A9B7","A9B6","A9B7","A9B3","A9B3","",""
"289","38584","39580","F311","F308","F309","F311","F308","F309","F312","F309","F30C","F312","F309","F30C","F30E","F30E","",""
"290","38600","39596","1BD4","1BC1","1BCB","1BD4","1BC1","1BCB","1BC2","1BB9","1BC3","1BCB","1BB9","1BC3","1BC8","1BC8","",""
"291","38616","39612","4ACF","4ABD","4ABB","4ACF","4AC4","4ABB","4ABB","4ABD","4ABF","4ABB","4ABD","4ABF","4AC3","4AC3","",""
"292","38632","39628","93BF","93C1","93B8","93C9","93BE","93BC","93BF","93AC","93AF","93BF","93AC","93B8","93B3","93BB","",""
"293","38648","39644","DD30","DD1A","DD26","DD48","DD32","DD3B","DD1E","DD1C","DD16","DD32","DD36","DD2D","DD25","DD3D","",""
"294","38664","39660","89A8","8993","8994","899C","899F","89A0","8994","898B","898C","89A0","8997","8998","8990","8990","",""
"295","38688","39684","BF36","BF30","BF26","BF2A","BF2C","BF26","BF2A","BF1C","BF26","BF2A","BF1C","BF26","BF27","BF27","",""
"296","38704","39700","0AB3","0AAB","0AB4","0AD2","0AC5","0ACA","0AA5","0AA5","0AAC","0ACB","0AC0","0ACA","0AA9","0AC4","",""
"297","38720","39716","5345","5333","5332","533A","533A","533C","533A","5332","532C","533B","5328","5332","533A","5336","",""
"298","38736","39732","9CE0","9CD3","9CE0","9CE8","9CDD","9CE0","9CD8","9CCE","9CD9","9CD8","9CCE","9CD9","9CDB","9CDB","",""
"299","38752","39748","E67A","E67A","E680","E69E","E691","E68A","E67C","E673","E66A","E694","E687","E684","E678","E68E","",""
"300","38768","39764","2FD4","2FCC","2FCE","2FF1","2FE9","2FDF","2FC6","2FB9","2FC5","2FE9","2FE0","2FE0","2FC5","2FE5","",""
"301","38784","39780","6D0E","6CF8","6D02","6D0A","6CF8","6D02","6D02","6CF0","6CFA","6CF9","6CF0","6CFA","6CF5","6CFE","",""
"302","38800","39796","C1A7","C1A6","C1AA","C1B2","C1A6","C1AA","C1A8","C195","C195","C19D","C19C","C1A0","C1A4","C19A","",""
"303","38816","39812","0365","035C","0361","035F","035C","0357","0357","034E","034F","0357","034E","034F","0353","0353","",""
"304","38832","39828","416A","416B","4162","416A","416B","4162","4162","4159","4164","416C","4159","4164","4168","4168","",""
"305","38856","39852","8A62","8A50","8A5A","8A64","8A50","8A5A","8A51","8A48","8A52","8A51","8A48","8A52","8A56","8A56","",""
"306","38864","39860","D437","D425","D42F","D44F","D43C","D447","D42F","D41D","D41E","D43D","D434","D435","D42D","D446","",""
"307","38880","39876","502B","5025","5018","5057","5059","505B","5023","501A","501B","505A","5052","5054","5020","504B","",""
"308","38896","39892","787C","786E","7868","78AF","78A6","789D","7865","785E","785D","789D","7892","7895","786C","78A3","",""
"309","38920","39916","C188","C17F","C18A","C1C9","C1B5","C1BF","C18A","C180","C182","C1B4","C1B6","C1B5","C17B","C1B0","",""
"310","38936","39932","0A61","0A54","0A4C","0A53","0A57","0A4C","0A4E","0A4E","0A4C","0A4E","0A4D","0A46","0A4A","0A52","",""
"311","38952","39948","53D6","53D8","53CE","5416","540F","540E","53D8","53C5","53C6","540E","53FA","53FD","53D5","5405","",""
"312","38968","39964","9D63","9D5A","9D61","9D9A","9D99","9D92","9D64","9D5B","9D5C","9D9A","9D8E","9D89","9D58","9D8D","",""
"313","38984","39980","E435","E42D","E433","E446","E42D","E43B","E42F","E42F","E42A","E42F","E42F","E42A","E43A","E42B","",""
"314","39000","39996","2CB1","2C9E","2CAB","2CA5","2CA8","2CAB","2C9E","2CA1","2CA1","2C9E","2C96","2CA1","2C9C","2C9C","",""
"315","39016","40012","75D9","75D0","75D9","75E0","75D0","75D9","75D9","75D0","75D2","75D9","75D0","75D2","75CE","75D6","",""
"316","39032","40028","A0AE","A09B","A09C","A0AE","A09B","A09C","A09C","A093","A09D","A09C","A093","A09D","A098","A098","",""
"317","39048","40044","EE89","EE80","EE89","EE89","EE80","EE89","EE89","EE80","EE83","EE89","EE80","EE83","EE7D","EE7D","",""
"318","39064","40060","3756","3743","374D","3755","3743","374D","374E","373B","3746","374E","373B","3746","3749","3749","",""
"319","39080","40076","807B","807C","807D","8085","807C","807D","807E","8074","806B","807E","8074","806B","8079","8079","",""
"320","39096","40092","01AD","01A4","01A5","01E2","01D9","01DA","01A5","019E","019E","01DA","01D4","01D4","0197","01CC","",""
"321","39112","40108","3818","380F","380F","3843","3844","383B","3805","37FC","37FD","3845","3832","383D","380B","3841","",""
"322","39128","40124","8137","8130","8131","816E","8167","815C","8127","8126","812A","815C","8153","815E","8123","8162","",""
"323","39144","40140","CADE","CAD5","CADF","CB1E","CB14","CB16","CAD6","CACD","CAD7","CB15","CB0C","CB05","CADB","CB11","",""
"324","39160","40156","1380","1377","1376","139B","1392","1393","1376","136D","1365","1393","1383","138E","1369","1387","",""
"325","39176","40172","5C47","5C3E","5C3F","5C60","5C57","5C61","5C3F","5C36","5C41","5C58","5C59","5C59","5C45","5C54","",""
"326","39192","40188","A5FD","A5EA","A5EB","A610","A607","A613","A5F5","A5EC","A5ED","A608","A5FF","A60B","A5E7","A60F","",""
"327","39208","40204","CFE6","CFDD","CFDF","CFFF","CFEC","CFF5","CFE1","CFD6","CFD7","CFED","CFEE","CFE5","CFDA","CFE9","",""
"328","39224","40220","1A65","1A66","1A68","1A9B","1A9B","1A9C","1A68","1A54","1A60","1A9C","1A93","1A94","1A59","1A98","",""
"329","39240","40236","45AA","45A1","45A5","45A1","45A1","4599","4599","4599","459A","4599","4590","4591","459E","4595","",""
"330","39264","40260","7447","743C","7441","745C","745D","745F","7441","7438","743D","7456","744E","7456","743B","745B","",""
"331","39280","40276","B8CB","B8CB","B8C3","B8EA","B8E1","B8E9","B8C3","B8BA","B8C4","B8E2","B8D9","B8E1","B8BF","B8E7","",""
"332","39296","40292","06B5","06A3","06AB","06D6","06CE","06CB","06A3","069D","069D","06C4","06B9","06C3","06A9","06BC","",""
"333","39312","40308","BEBE","BEB5","BEAA","BEF5","BEEA","BEED","BEAA","BEA1","BEAE","BEE2","BED9","BEE5","BEA6","BEDE","",""
"334","39328","40324","E89D","E895","E895","E8D6","E8CC","E8CE","E898","E884","E886","E8C5","E8C3","E8C6","E88A","E8C5","",""
"335","39344","40340","31AD","319F","319C","31E6","31D4","31DF","319E","319F","3198","31D5","31D5","31D5","31A8","31D9","",""
"336","39360","40356","7A83","7A7A","7A7B","7A8E","7A7A","7A87","7A7B","7A71","7A7D","7A7B","7A7C","7A73","7A80","7A80","",""
"337","39376","40372","C3F8","C3EB","C3F4","C42F","C42B","C420","C3F3","C3EB","C3F1","C42C","C418","C426","C3ED","C41F","",""
"338","39392","40388","0D91","0D88","0D90","0DCF","0DBF","0DC8","0D8A","0D81","0D82","0DC7","0DB7","0DB5","0D85","0DC1","",""
"339","39408","40404","75FF","7601","7602","7640","7637","7638","75F7","75F9","75EF","7638","762F","7630","75FE","7634","",""
"340","39424","40420","A01A","A007","A008","A051","A043","A048","A011","A000","A001","A04C","A037","A040","A00D","A042","",""
"341","39440","40436","E92B","E92B","E921","E96E","E959","E963","E92C","E926","E91A","E95B","E951","E95D","E91F","E957","",""
"342","39456","40452","3206","31FD","31F6","3206","31F4","31FF","31F6","31EE","31F9","31F6","31F8","31ED","31FC","31FC","",""
"343","39480","40476","7D56","7D41","7D45","7DC2","7DB0","7DAF","7D4E","7D42","7D3A","7DBB","7DA7","7DB3","7D4B","7DB4","",""
"344","39496","40492","C2A4","C29D","C294","C2A4","C293","C29E","C29F","C294","C299","C295","C294","C296","C290","C29A","",""
"345","39512","40508","2E94","2E8B","2E8C","2ECC","2EC3","2ECB","2E8C","2E8B","2E84","2ECB","2EC2","2EBC","2E8E","2EC5","",""
"346","39528","40524","5075","506C","506D","50AE","5098","50A3","506E","5064","5065","50A3","5090","509B","506C","5095","",""
"347","39544","40540","9E5A","9E52","9E4F","9E83","9E87","9E79","9E45","9E3F","9E40","9E85","9E7F","9E75","9E4E","9E78","",""
"348","39560","40556","E9DB","E9DB","E9CE","EA11","EA11","EA14","E9D0","E9D3","E9C8","EA11","EA08","EA0D","E9CD","EA05","",""
"349","39584","40580","33E8","33D5","33E1","33DE","33D5","33E1","33D7","33CD","33D9","33D7","33CD","33CF","33DC","33D0","",""
"350","39600","40596","7BB6","7BB4","7BB8","7BE8","7BED","7BE5","7BAC","7BA1","7BAB","7BE1","7BE3","7BE6","7BB2","7BEA","",""
"351","39616","40612","C500","C4F3","C4FC","C532","C52A","C52A","C4FA","C4F4","C4F4","C534","C522","C521","C4F6","C530","",""
"352","39632","40628","1073","106B","1075","10B3","10AB","10AB","1072","1060","1064","109D","1099","109D","106E","10AA","",""
"353","39648","40644","5570","556F","5567","557B","556F","5567","5568","555F","5567","5568","5566","5567","556B","5564","",""
"354","39664","40660","9636","9637","962E","9636","9637","9639","962E","962F","9626","962E","962F","9631","962A","9636","",""
"355","39680","40676","B7FF","B7F6","B7FB","B7FF","B7EE","B7FB","B7F7","B7EE","B7F3","B7EF","B7E6","B7E7","B7EB","B7EB","",""
"356","39704","40700","FF36","FF2D","FF36","FF36","FF2D","FF36","FF38","FF2F","FF26","FF38","FF2F","FF26","FF36","FF36","",""
"357","39720","40716","4819","4810","481D","4819","4810","4811","481A","4811","4809","4811","4811","4809","480D","480D","",""
"358","39736","40732","ED0C","ED00","ECFB","ED77","ED6C","ED66","ED04","ECFD","ECF3","ED6F","ED69","ED5E","ECFD","ED69","",""
"359","39752","40748","1B23","1B11","1B12","1B58","1B48","1B49","1B12","1B09","1B13","1B49","1B47","1B40","1B0E","1B45","",""
"360","39768","40764","64A2","6499","6492","64D9","64D0","64D1","6492","6489","6493","64D1","64BF","64C9","648E","64CD","",""
"361","39784","40780","A666","A65B","A652","A677","A679","A678","A652","A653","A654","A66F","A673","A670","A656","A674","",""
"362","39808","40804","F7F2","F7F2","F7F3","F7FB","F7F2","F7EA","F7EA","F7E1","F7EB","F7EA","F7EA","F7EB","F7E6","F7F2","",""
"363","39824","40820","3FD0","3FD4","3FD1","4007","3FFE","3FFF","3FC8","3FC8","3FC0","3FFF","3FFE","3FF7","3FD1","4006","",""
"364","39840","40836","8905","8905","88FD","8943","893A","8931","8906","88F4","88FE","8931","8933","8929","8902","892D","",""
"365","39856","40852","D43F","D436","D437","D475","D46C","D478","D437","D438","D439","D46D","D470","D46D","D43D","D469","",""
"366","39872","40868","1AAD","1A9D","1AA9","1ACC","1AC3","1AC6","1A9E","1A9F","1A9D","1ABB","1AB2","1ABC","1A9A","1AB7","",""
"367","39888","40884","4274","4275","426C","4274","4275","4276","4276","426D","426E","426C","4263","4264","4268","4272","",""
"368","39904","40900","6D7D","6D74","6D6B","6D7D","6D74","6D75","6D6B","6D6C","6D6D","6D75","6D6C","6D6D","6D71","6D67","",""
"369","39920","40916","B4CD","B4C6","B4BC","B4CD","B4C4","B4C5","B4BC","B4B3","B4B4","B4C5","B4B3","B4BD","B4C1","B4C1","",""
"370","39936","40932","FDA8","FD9F","FDA0","FDB1","FD9F","FDA9","FDA9","FDA3","FD98","FDA0","FDA3","FD98","FDA5","FD9C","",""
"371","39960","40956","9737","9723","972F","976E","975A","975B","9730","971B","9727","9766","9752","975E","9720","9757","",""
"372","39976","40972","BEA5","BE9D","BE9D","BED9","BEC8","BED6","BE9D","BE94","BE98","BED4","BEC0","BEC1","BE9A","BEC5","",""
"373","39992","40988","09DD","09D4","09CC","0A49","0A3F","0A37","09D5","09C2","09CD","0A41","0A2E","0A2F","09C8","0A35","",""
"374","40008","41004","509E","5095","5096","50BB","50BC","50B3","5096","DE2E","5097","50B3","50B4","50B5","5092","50AF","",""
"375","40024","41020","998B","9982","998C","99AA","99A1","99A2","9983","2C76","9984","99A2","9999","9993","9989","9997","",""
"376","40040","41036","DE3F","DE36","DE2E","DE54","DE4B","DE58","DE2E","7532","DE2F","DE56","DE43","DE4C","DE33","DE52","",""
"377","40056","41052","2C7E","2C75","2C76","2CA0","2C94","2C8E","2C7E","BDD6","2C76","2C95","2C8F","2C90","2C7A","2C8A","",""
"378","40080","41076","7539","7530","7531","7561","7558","7550","7531","C9F2","7529","7559","7547","7551","7537","7555","",""
"379","40096","41092","BDDF","BDD6","BDDF","BDE7","BDE1","BDDF","BDDF","088D","BDD9","BDD7","BDD8","BDCF","BDD3","BDDD","",""
"380","40112","41108","CA03","C9F2","C9F1","CA21","CA18","CA0F","C9FB","4F49","C9F5","CA0F","CA06","CA12","C9F7","CA0B","",""
"381","40128","41124","08A6","089F","08A0","08C6","08B3","08B4","089E","99AA","088E","08B4","08B5","08B5","089C","08B0","",""
"382","40144","41140","4F5D","4F51","4F49","4F51","4F51","4F52","4F52","0651","4F4A","4F55","4F49","4F4A","4F4E","4F45","",""
"383","40160","41156","99BB","99BB","99BF","99D9","99D8","99DD","99BD","4B12","99B5","99D1","99D0","99D3","99B8","99D5","",""
"384","40176","41172","0662","0663","0666","066C","0663","065A","0664","943C","065C","065A","065B","0652","0660","0660","",""
"385","40192","41188","4B23","4B24","4B1B","4B23","4B24","4B25","4B1B","DE29","4B13","4B25","4B1C","4B13","4B21","4B21","",""
"386","40208","41204","944D","9444","944F","944D","9444","9445","9445","2719","9449","9445","943C","9449","944D","944D","",""
"387","40232","41228","DE32","DE31","DE32","DE52","DE4A","DE4A","DE2A","709E","DE2A","DE41","DE38","DE43","DE2E","DE46","",""
"388","40248","41244","272A","2717","2722","272D","2717","2722","2718","B948","271A","2722","2719","271D","2714","271E","",""
"389","40264","41260","70B0","709D","709E","70CE","70C7","70C6","709E","FE31","7096","70C8","70B2","70BE","709A","70B7","",""
"390","40280","41276","B959","B950","B95A","B959","B959","B951","B951","4BC8","B952","B95A","B951","B955","B956","B956","",""
"391","40296","41292","FE4C","FE39","FE44","FE4C","FE39","FE44","FE44","5A32","FE32","FE44","FE3B","FE32","FE43","FE43","",""
"392","40312","41308","4BE2","4BD9","4BDA","4BE2","4BD9","4BDA","4BD1","8539","4BC9","4BD1","4BC8","4BD2","4BCD","4BCD","",""
"393","40328","41324","5A3B","5A3A","5A33","5A3B","5A3A","5A33","5A33","CDC4","5A2B","5A33","5A32","5A33","5A2F","5A2F","",""
"394","40344","41340","8541","8541","8542","8541","8541","8542","8539","172D","853B","8542","8539","853B","8535","8535","",""
"395","40360","41356","CDE1","CDCC","CDCD","CDDE","CDCC","CDCD","CDD6","B9F9","CDC5","CDCD","CDC4","CDCE","CDC9","CDD5","",""
"396","40376","41372","1735","1736","172D","174D","174E","1745","1737","F2EA","1731","174E","1745","1749","1732","174A","",""
"397","40392","41388","BA01","BA01","B9F9","BA0A","B9F8","BA02","B9F9","3EB9","B9FA","B9F9","B9F0","B9F1","B9F5","B9FE","",""
"398","40416","41412","F2FB","F2F2","F2F3","F2FB","F2F2","F2F3","F2FD","876F","F2F5","F2FD","F2F4","F2F5","F2F9","F2F9","",""
"399","40432","41428","3EC0","3EC1","3EC2","3EDE","3EDF","3ED6","3EC2","CE82","3EBA","3EE0","3ED7","3ED8","3EBE","3EDC","",""
"400","40448","41444","8776","876D","8778","8780","876D","8778","8778","19EA","8766","876E","8765","8766","8774","8774","",""
"401","40464","41460","CE93","CE8A","CE80","CE93","CE82","CE83","CE83","6493","CE7B","CE83","CE7A","CE7B","CE87","CE7F","",""
"402","40480","41476","1A04","19FB","19FC","1A04","19FB","19FC","19F3","AC66","19EB","19F3","19EA","19EB","19F8","19F8","",""
"403","40496","41492","64AE","64A5","64A6","64E4","64DB","64DC","64A7","F5B3","649F","64DD","64C9","64D5","6498","64CE","",""
"404","40512","41508","AC6E","AC6E","AC72","AC78","AC6E","AC70","AC66","3097","AC67","AC72","AC5D","AC6A","AC6B","AC6B","",""
"405","40528","41524","F5C4","F5BB","F5BC","F5BB","F5B2","F5B3","F5B3","759D","F5B4","F5B3","F5AA","F5AB","F5BA","F5BA","",""
"406","40544","41540","30B2","30A9","30A0","30B2","30A9","30A0","30A0","BE71","3098","30AA","3097","3098","30A6","30A6","",""
"407","40560","41556","75AD","75A5","75A5","75AD","759B","75A5","75A5","082C","7594","75A5","759D","759D","75A2","75A2","",""
"408","40584","41580","BE77","BE79","BE7A","BE77","BE79","BE7A","BE78","9A6C","BE67","BE78","BE71","BE67","BE6B","BE6B","",""
"409","40600","41596","083D","0834","0835","0854","084B","084C","0835","D537","082D","084C","0850","0844","0831","0848","",""
"410","40616","41612","9A71","9A68","9A75","9AB5","9AAC","9AAD","9A75","1E78","9A61","9AA0","9A97","9AA6","9A72","9A9C","",""
"411","40632","41628","D540","D537","D538","D564","D557","D558","D540","680E","D530","D550","D547","D550","D534","D554","",""
"412","40648","41644","1E80","1E80","1E78","1EA4","1E98","1E99","1E83","B02E","1E7D","1E99","1E91","1E91","1E7F","1E95","",""
"413","40664","41660","681F","6820","6817","6837","682E","6838","6821","FA2B","680F","682F","682F","6830","681D","682B","",""
"414","40680","41676","B03F","B041","B042","B03F","B041","B041","B037","42BC","B039","B041","B02E","B03A","B033","B03E","",""
"415","40696","41692","FA3D","FA3C","FA3D","FA5E","FA55","FA55","FA35","8DAF","FA35","FA4D","FA44","FA4D","FA31","FA51","",""
"416","40712","41708","42D0","42C4","42C5","42C3","42C4","42BB","42C5","D5DA","42B3","42C5","42BC","42B3","42C1","42B7","",""
"417","40728","41724","8DC9","8DC0","8DC1","8DFF","8DF6","8DED","8DC2","2901","8DB9","8DF8","8DEE","8DE5","8DBD","8DF3","",""
"418","40744","41740","D5F3","D5E2","D5EB","D5EB","D5E2","D5E3","D5EB","50D8","D5E3","D5E3","D5E2","D5E3","D5E8","D5E8","",""
"419","40768","41764","291B","2912","2914","291B","2909","2914","2913","926E","290B","2915","2901","290B","2911","2911","",""
"420","40784","41780","50DC","50DC","50DD","50E5","50D3","50E1","50E1","E2FE","50D5","50D4","50D4","50D9","50D0","50D9","",""
"421","40800","41796","927F","926C","9278","9275","9279","9278","926D","828C","9265","926D","926E","9265","9269","9274","",""
"422","40816","41812","E318","E30E","E307","E318","E306","E307","E30F","B578","E307","E30F","E307","E308","E303","E30B","",""
"423","40832","41828","829D","8294","828A","82D3","82CA","82C1","8295","FEA9","828D","82CB","82C2","82C3","8294","82CA","",""
"424","40848","41844","B589","B576","B581","B5B4","B5AB","B5B7","B582","485E","B56F","B5B7","B5A3","B5A4","B573","B5B3","",""
"425","40864","41860","FEBA","FEB1","FEAA","FEF4","FEE7","FEE8","FEAA","90D8","FEA2","FEDF","FED6","FED7","FEA6","FEDB","",""
"426","40880","41876","4872","4869","4860","48A6","4895","4896","486A","D9BA","4858","4896","4895","488E","485C","4892","",""
"427","40896","41892","90E9","90E8","90E9","9110","9107","90FF","90E1","22FB","90E1","9108","90FF","9100","90DD","90FB","",""
"428","40912","41908","D9CB","D9CA","D9CB","D9E3","D9E3","D9E4","D9C3","6CAA","D9BB","D9DB","D9DB","D9DC","D9C7","D9D7","",""
"429","40936","41932","2315","2303","2304","232B","2329","2323","2304","B58A","22FC","2323","2321","2322","2300","231F","",""
"430","40952","41948","6CC8","6CB2","6CBE","6CD5","6CCC","6CD5","6CB3","E2E0","6CB6","6CCD","6CCC","6CCE","6CAF","6CD1","",""
"431","40968","41964","B59B","B586","B592","B5AE","B5AE","B5AF","B587","0F0E","B58C","B5A6","B59D","B59E","B583","B5AB","",""
"432","40984","41980","E2F1","E2E8","E2E9","E2F1","E2E8","E2F2","E2E9","56B9","E2E1","E2F2","E2E0","E2E1","E2E5","E2EE","",""
"433","41000","41996","0F2A","0F16","0F21","0F47","0F34","0F3F","0F22","DF6D","0F0F","0F3F","0F2C","0F37","0F1E","0F31","",""
"434","41016","42012","56C0","56C1","56B8","56CD","56C4","56C2","56C2","13CF","56BA","56C5","56B9","56BA","56BE","56BE","",""
"435","41032","42028","DF7E","DF75","DF76","DF9D","DF94","DF95","DF7F","6194","DF6E","DF9C","DF8C","DF8D","DF7B","DF91","",""
"436","41048","42044","13E0","13D9","13D8","13E0","13D0","13D1","13D8","AAD3","13D2","13D8","13D1","13C9","13D4","13CD","",""
"437","41064","42060","61A5","6193","619D","619D","6193","619D","619E","F4A2","6199","619E","618D","619A","6191","619C","",""
"438","41080","42076","AAE4","AADB","AADC","AADB","AADB","AADC","AAD3","51A5","AACB","AAD3","AAD3","AACB","AAD9","AACF","",""
"439","41096","42092","F4B4","F4B3","F4B3","F4CA","F4CD","F4D0","F4A7","86E2","F49F","F4C4","F4BA","F4BC","F4AD","F4CA","",""
"440","41120","42116","51B6","51AD","51AE","51F2","51E1","51ED","51B6","E069","51A1","51EA","51E1","51E2","51A5","51DE","",""
"441","41136","42132","86F1","86EB","86F4","8731","8725","8729","86F3","19FE","86EB","8727","8722","871F","86F2","871B","",""
"442","41152","42148","E082","E079","E07A","E0BA","E0AC","E0AD","E072","6259","E072","E0AD","E0A4","E0A5","E076","E0AD","",""
"443","41168","42164","1A0E","1A0D","1A06","1A4C","1A3F","1A39","1A07","AB4B","19FF","1A3D","1A33","1A3A","1A09","1A37","",""
"444","41184","42180","6266","6258","625E","6287","627F","627F","6259","F460","6251","6274","6277","626C","6252","627B","",""
"445","41200","42196","AB5E","AB57","AB4D","AB6E","AB64","AB66","AB4E","3E2E","AB52","AB6E","AB5A","AB66","AB4A","AB6B","",""
"446","41216","42212","F46F","F45F","F45E","F487","F47F","F47F","F46A","9C0B","F45F","F47F","F480","F478","F45C","F484","",""
"447","41232","42228","3E3F","3E37","3E2C","3E4F","3E45","3E47","3E36","D515","3E22","3E50","3E47","3E3F","3E35","3E4C","",""
"448","41248","42244","9C13","9C0A","9C0B","9C31","9C28","9C35","9C0B","1D0A","9C0C","9C29","9C20","9C21","9C07","9C2A","",""
"449","41264","42260","D521","D518","D51E","D547","D53E","D53F","D520","61C2","D511","D541","D536","D52C","D515","D53B","",""
"450","41288","42284","1D23","1D1A","1D15","1D1B","1D14","1D1B","1D15","B0AD","1D0B","1D1B","1D0C","1D0D","1D0E","1D1A","",""
"451","41304","42300","61D3","61C9","61C8","61CA","61C9","61C8","61CD","F8D0","61C4","61CD","61C2","61C4","61C7","61C7","",""
"452","41320","42316","B0B4","B0B5","B0AC","B0D3","B0CA","B0CB","B0B6","421D","B0A4","B0D3","B0C2","B0CE","B0A8","B0CF","",""
"453","41336","42332","F8D5","F8D6","F8CD","F8D5","F8CC","F8D7","F8CD","8B6A","F8CF","F8CD","F8C4","F8D1","F8C9","F8C9","",""
"454","41352","42348","422E","421D","4226","4226","4225","4226","4226","D51D","4216","4226","421E","421E","4222","4222","",""
"455","41368","42364","8B72","8B74","8B6A","8B72","8B74","8B6A","8B6A","438E","8B62","8B6A","8B6A","8B62","8B66","8B66","",""
"456","41384","42380","D52E","D525","D530","D545","D546","D547","D526","78F8","D528","D53D","D534","D53F","D52C","D544","",""
"457","41400","42396","439F","4396","439B","43D8","43CF","43C5","439F","C22C","438F","43C5","43BC","43C7","439B","43CB","",""
"458","41416","42412","7912","7900","790B","7949","7937","7941","790A","0BF1","7903","7938","7938","7939","78FD","793D","",""
"459","41440","42436","C23D","C234","C235","C27C","C272","C26B","C23E","4BC9","C236","C26B","C262","C263","C23A","C26F","",""
"460","41456","42452","0C02","0BF1","0BF2","0C30","0C2F","0C33","0BFA","84C4","0BF2","0C28","0C28","0C2B","0BEE","0C24","",""
"461","41472","42468","4BE6","4BD9","4BDA","4BF8","4BEF","4BF7","4BDA","CF4E","4BCA","4BF7","4BE7","4BEF","4BD6","4BEC","",""
"462","41488","42484","84DD","84CC","84D9","84EC","84EC","84E4","84D5","171C","84CD","84E4","84DB","84DC","84C9","84E9","",""
"463","41504","42500","CF5F","CF54","CF5E","CF9A","CF8F","CF94","CF5F","5FA8","CF56","CF8B","CF89","CF8F","CF53","CF8D","",""
"464","41520","42516","1737","172C","172D","1754","174A","174B","172D","A569","1725","174C","1742","1743","1721","173F","",""
"465","41536","42532","5FB9","5FB0","5FA8","5FB0","5FB0","5FB2","5FA8","F22A","5FA0","5FB2","5FA8","5FA9","5FA4","5FAD","",""
"466","41552","42548","A585","A57B","A57C","A5A5","A58F","A59A","A57C","3B67","A56A","A59A","A587","A592","A578","A596","",""
"467","41568","42564","F244","F23C","F23D","F23B","F232","F23C","F23C","85BF","F234","F233","F235","F22B","F238","F238","",""
"468","41584","42580","3B78","3B79","3B7A","3B82","3B6F","3B7A","3B7A","C669","3B73","3B70","3B67","3B73","3B76","3B77","",""
"469","41600","42596","85D0","85C7","85C8","85ED","85F6","85FE","85D0","04B5","85C9","85EF","85DC","85F9","85C4","85FC","",""
"470","41624","42620","C66F","C670","C671","C66F","C670","C667","C671","4D77","C65F","C671","C65E","C669","C66D","C663","",""
"471","41640","42636","04C7","04C5","04C6","04CE","04C5","04C6","04BF","9746","04BE","04BF","04C0","04BE","04C2","04BB","",""
"472","41656","42652","4D91","4D88","4D89","4D95","4D88","4D89","4D89","1A55","4D81","4D89","4D77","4D81","4D85","4D85","",""
"473","41672","42668","9757","974E","9746","976F","9766","975E","9752","3EC2","973E","9767","975E","9756","9742","9764","",""
"474","41688","42684","1A71","1A5D","1A69","1A9D","1A9E","1A95","1A5E","87C9","1A56","1A95","1A96","1A98","1A5A","1A9B","",""
"475","41704","42700","3ECB","3EC2","3EC2","3F08","3F00","3EFF","3EC2","D181","3EC2","3EF8","3EF5","3EF1","3EC6","3EF0","",""
"476","41720","42716","87E6","87CE","87D8","881B","8808","8812","87DC","1AEB","87D4","880F","880A","8801","87DB","8813","",""
"477","41736","42732","D19A","D18B","D192","D1D0","D1C0","D1C9","D18B","62D6","D183","D1C7","D1C2","D1B8","D190","D1C9","",""
"478","41752","42748","1AF9","1AF0","1AF3","1B3D","1B2F","1B30","1AF3","AC86","1AF4","1B2F","1B21","1B29","1AED","1B2C","",""
"479","41768","42764","62F0","62DE","62EC","6312","6304","6306","62E8","F0C6","62E0","6309","62FE","62FF","62E4","6301","",""
"480","41792","42788","AC9D","AC93","AC94","ACB5","ACAC","ACB4","AC9D","3DDD","AC8B","ACA7","ACAC","ACA4","AC97","ACB0","",""
"481","41808","42804","F0CD","F0C4","F0C5","F0F8","F0EC","F0E4","F0CF","80B0","F0BD","F0E4","F0E4","F0DC","F0CB","F0E0","",""
"482","41824","42820","3DE5","3DE5","3DDD","3DE5","3DDC","3DDD","3DDD","BDE4","3DD5","3DE6","3DD4","3DD5","3DD9","3DD9","",""
"483","41840","42836","80C1","80C1","80C2","80E9","80E1","80E2","80C5","06A8","80B1","80E3","80D9","80D9","80B5","80D4","",""
"484","41856","42852","BDEB","BDEC","BDEE","BDEB","BDEC","BDE3","BDE3","5112","BDDB","BDE3","BDE1","BDE6","BDDF","BDDF","",""
"485","41872","42868","06B6","06B0","06B1","06B9","06B0","06BB","06BB","993D","06A9","06B1","06A8","06B0","06AD","06B7","",""
"486","41888","42884","511A","5111","5112","5138","512F","5139","5112","E25D","5113","5130","5130","5131","5117","5135","",""
"487","41904","42900","994E","993B","993C","994F","993B","9946","9946","2B98","9934","9946","993D","9934","9942","9942","",""
"488","41920","42916","E277","E265","E26F","E278","E265","E26F","E270","7577","E25E","E26F","E266","E25E","E26B","E26E","",""
"489","41936","42932","2BA9","2BA0","2BAD","2BA9","2BA9","2BA9","2BA1","BE2C","5167","2BA1","2B98","2BA1","2BA5","2BA5","",""
"490","41952","42948","7588","7576","7580","75A0","758C","7598","7577","075D","99D7","758D","758F","7590","7573","7589","",""
"491","41976","42972","BE47","BE34","BE3F","BE3D","BE34","BE35","BE35","5166","E33F","BE3F","BE2C","BE2D","BE3A","BE3B","",""
"492","41992","42988","076E","076E","0766","076E","0765","0766","0766","99DF","0CAA","0766","0766","0767","076D","076D","",""
"493","42008","43004","5180","5177","516F","5195","5195","518D","516F","E334","3F7A","518D","5184","5185","5174","5192","",""
"494","42024","43020","99E7","99E7","99DF","99F0","99DE","99E8","99DF","0CAC","887C","99E9","99D6","99E0","99DB","99E5","",""
"495","42040","43036","E34F","E33C","E347","E345","E33C","E33D","E33D","3F75","D1E5","E347","E33E","E335","E339","E339","",""
"496","42056","43052","0CB2","0CB1","0CAA","0CC9","0CC9","0CC1","0CAA","8879","7E58","0CC1","0CC1","0CC2","0CA6","0CBD","",""
"497","42072","43068","3F92","3F81","3F88","3F92","3F81","3F7A","3F82","D1E1","B3EC","3F84","3F75","3F7A","3F85","3F85","",""
"498","42088","43084","8881","8885","8883","8881","8885","8883","8881","7E57","FF70","8879","8879","887C","887D","887D","",""
"499","42104","43100","D1F4","D1ED","D1EE","D205","D207","D206","D1ED","B3E9","49BD","D1FF","D201","D1FA","D1E4","D205","",""
"500","42120","43116","7E74","7E5F","7E6C","7E74","7E5F","7E6C","7E6C","FF71","8F68","7E6C","7E63","7E64","7E68","7E5C","",""
"501","42136","43132","B3F9","B3F1","B3EB","B3F3","B3E8","B3EB","B3F4","49B3","DAB8","B3F4","B3DF","B3EC","B3ED","B3E5","",""
"502","42160","43156","FF78","FF79","FF78","FF95","FF97","FF95","FF78","8F6F","2629","FF98","FF8F","FF8D","FF6C","FF91","",""
"503","42176","43172","49CD","49C4","49C8","49CD","49C4","49C6","49BC","DAAB","6DB1","49C5","49BC","49BD","49C1","49C1","",""
"504","42192","43188","8F78","8F6E","8F7C","8F7E","8F6E","8F7C","8F70","261C","B69D","8F70","8F65","8F68","8F6B","8F76","",""
"505","42208","43204","DAC8","DABF","DAC0","DAC8","DABF","DAC0","DAB4","6DB8","F9E9","DAB4","DAB7","DAAC","DABC","DABC","",""
"506","42224","43220","262F","262F","2630","2648","2647","2648","2625","B6A5","3643","263F","2636","2638","262C","2644","",""
"507","42240","43236","6DCA","6DC0","6DB9","6DDD","6DD4","6DD5","6DC1","F9E8","73C6","6DD5","6DCC","6DCD","6DBD","6DD1","",""
"508","42256","43252","B6B8","B6AD","B6AE","B6B8","B6AD","B6B0","B6AE","3645","C8EE","B6A5","B69C","B6A8","B6AA","B6AA","",""
"509","42272","43268","F9F9","F9E7","F9F0","F9EE","F9E7","F9EF","F9EF","73CF","370D","F9EF","F9E8","F9E0","F9E5","F9E5","",""
"510","42288","43284","3653","364A","3641","3649","364A","3641","364B","C8F0","7432","364B","3638","3643","3647","3647","",""
"511","42304","43300","73D6","73CD","73D8","73D6","73CD","73D8","73CE","3717","BD43","73CE","73CF","73C6","73CA","73CA","",""
"512","42320","43316","C8F3","C8F8","C8EB","C90B","C910","C903","C8F6","7431","0834","C90E","C908","C906","C8F5","C90D","",""
"513","42344","43340","371D","371F","3720","3744","373E","3732","3720","BD42","4FC5","373C","3729","3734","371C","373B","",""
"514","42360","43356","7442","7439","743A","744F","7446","7445","743A","0826","991E","743A","743C","7432","7436","7441","",""
"515","42376","43372","BD60","BD4A","BD54","BD60","BD53","BD4B","BD53","4FBF","E4A1","BD53","BD4A","BD4C","BD50","BD50","",""
"516","42392","43388","0841","082E","0839","0837","082E","0839","082F","991D","2C20","0839","0826","0827","082B","082B","",""
"517","42408","43404","4FC8","4FCC","4FC0","4FC8","4FCC","4FC0","4FC8","E4A0","74C3","4FC8","4FBF","4FB8","4FC5","4FC5","",""
"518","42424","43420","9939","9925","9931","9939","9925","9931","9931","2C1F","A58A","9931","9928","9929","9922","9922","",""
"519","42440","43436","E4A7","E4A8","E4A9","E4BF","E4C0","E4C1","E49F","74CA","EDC6","E4B7","E4B8","E4B9","E49B","E4B3","",""
"520","42456","43452","2C30","2C30","2C28","2C4D","2C4C","2C45","2C28","A589","363E","2C45","2C3C","2C3D","2C24","2C41","",""
"521","42472","43468","74D3","74CA","74D3","74D3","74D2","74D3","74CB","EDCE","B45B","74D4","74CA","74C3","74D4","74CF","",""
"522","42488","43484","A5A3","A591","A592","A5A3","A59B","A592","A59B","3639","DEDC","A59B","A589","A58A","A597","A597","",""
"523","42512","43508","EDD6","EDD6","EDD7","EDD6","EDD6","EDCE","EDD7","B45A","2B83","EDD7","EDCE","EDC6","EDCA","EDCA","",""
"524","42528","43524","364C","3643","3639","364C","3638","3639","3646","DEDB","74B2","3646","3639","363E","363E","363E","",""
"525","42544","43540","B46B","B464","B463","B482","B47A","B47A","B464","2B7A","BCD6","B47B","B471","B472","B460","B477","",""
"526","42560","43556","DEEC","DEEA","DEE4","DF22","DF21","DF22","DEEB","74AE","06C7","DF26","DF11","DF12","DEE9","DF16","",""
"527","42576","43572","2B93","2B8A","2B7F","2BA2","2BA2","2B9A","2B83","BCD5","4F4A","2BA2","2B9A","2B92","2B7F","2B96","",""
"528","42592","43588","74B6","74AD","74AE","74D5","74CC","74C6","74AE","06D3","99B7","74CD","74C4","74BE","74AA","74C2","",""
"529","42608","43604","BCDF","BCDD","BCD7","BCDF","BCDE","BCDE","BCDE","4F49","E1C5","BCDE","BCCE","BCD9","BCD3","BCD3","",""
"530","42624","43620","06D7","06D7","06CF","06F0","06F2","06F0","06DA","99BF","0F3C","06F0","06DF","06E0","06D8","06EF","",""
"531","42640","43636","4F5A","4F51","4F52","4F5A","4F5C","4F52","4F52","E1CD","3E10","4F5B","4F49","4F52","4F56","4F4E","",""
"532","42664","43660","99C7","99C8","99BF","99DF","99DF","99D7","99C8","0F34","8727","99E0","99CE","99CF","99BB","99D3","",""
"533","42680","43676","E1D5","E1CC","E1CD","E1DE","E1D5","E1CD","E1D9","3E18","CFE4","E1D6","E1C4","E1CE","E1D2","E1C9","",""
"534","42696","43692","0F4C","0F43","0F3D","0F45","0F3C","0F3D","0F3D","8726","5BC0","0F44","0F34","0F3C","0F39","0F40","",""
"535","42712","43708","3E2B","3E17","3E21","3E29","3E20","3E23","3E18","CFE3","9103","3E18","3E18","3E10","3E1F","3E1F","",""
"536","42728","43724","8737","8737","8738","8740","8737","872F","872F","5BBF","DA1B","8738","872F","8727","8737","8734","",""
"537","42744","43740","CFFC","CFF5","CFEC","CFFC","CFF5","CFEC","CFEC","90F8","1F9F","CFEC","CFE3","CFE4","CFF0","CFF2","",""
"538","42760","43756","5BC9","5BC7","5BC8","5C05","5C03","5C04","5BC1","DA10","6C65","5BFD","5BF4","5BFC","5BBD","5C01","",""
"539","42776","43772","9112","9107","910D","9124","9128","9128","90FF","1FA6","C058","9126","911F","911E","9103","911A","",""
"540","42792","43788","DA22","DA18","DA1A","DA3D","DA37","DA3F","DA1A","6C6D","FE2E","DA37","DA2E","DA35","DA15","DA34","",""
"541","42816","43812","1FB7","1FAE","1FA7","1FED","1FF6","1FF4","1FA7","C057","5C1D","1FE7","1FD3","1FE5","1FAB","1FD8","",""
"542","42832","43828","6C75","6C77","6C77","6C7E","6C77","6C77","6C6C","FE32","90D9","6C6C","6C64","6C65","6C73","6C6A","",""
"543","42848","43844","C060","C064","C060","C07F","C076","C077","C058","5C1C","D9F7","C077","C076","C07A","C05F","C073","",""
"544","42864","43860","FE3E","FE40","FE38","FE5F","FE61","FE66","FE3A","90E4","2304","FE58","FE59","FE5A","FE35","FE57","",""
"545","42880","43876","5C24","5C1B","5C25","5C41","5C38","5C39","5C25","D9FF","6C67","5C42","5C39","5C3A","5C21","5C35","",""
"546","42896","43892","90F2","90E0","90EA","9111","9107","90FF","90DE","2309","B5D2","9101","90F8","90F9","90DE","9105","",""
"547","42912","43908","DA13","D9FE","DA0C","DA23","DA27","DA2A","D9FF","6C59","169D","DA26","DA21","DA1E","D9FB","DA24","",""
"548","42928","43924","231A","2313","2318","2313","2313","2308","230D","B5C5","4968","230D","2302","2304","2307","2310","",""
"549","42944","43940","6C77","6C6F","6C62","6C95","6C89","6C85","6C6C","16A6","9375","6C80","6C7B","6C7C","6C6D","6C7E","",""
"550","42960","43956","B5E1","B5DA","B5DB","B602","B5EF","B5FA","B5D2","4968","DC2D","B5ED","B5E5","B5F2","B5CB","B5EC","",""
"551","42984","43980","16B7","16A4","16AF","16E3","16E4","16DB","16A5","936B","2451","16E5","16DC","16DD","16AB","16D7","",""
"552","43000","43996","4977","497A","497A","49A4","4998","499A","4970","DC2D","674A","499A","498E","4992","496D","4995","",""
"553","43016","44012","9387","937D","937E","93BF","93AE","93AD","937D","2455","B762","93B0","93B1","93A8","9371","93AB","",""
"554","43032","44028","DC32","DC37","DC37","DC52","DC45","DC4A","DC35","6740","00D3","DC56","DC47","DC44","DC29","DC43","",""
"555","43048","44044","2460","2455","2459","2460","245F","2459","2460","B76B","4956","245B","2450","2452","2454","245C","",""
"556","43064","44060","675A","6751","6752","6779","676F","6770","6752","00D1","A75D","6771","6767","675F","674E","6763","",""
"557","43080","44076","B773","B773","B774","B78B","B78D","B783","B773","4953","E5E9","B780","B778","B785","B767","B784","",""
"558","43096","44092","00E7","00DA","00DB","010A","00F7","00F6","00E3","A764","2E09","0101","00F9","00F9","00DE","00F4","",""
"559","43112","44108","4963","4952","4954","495C","4952","495A","495D","E5E8","7853","4953","494C","494B","494F","4955","",""
"560","43128","44124","A775","A76E","A76D","A793","A78C","A783","A76D","2DFE","C4F7","A78F","A782","A77B","A761","A789","",""
"561","43152","44148","E5F9","E5F0","E5F1","E622","E619","E61A","E5FC","7849","08E4","E61A","E611","E608","E5ED","E60C","",""
"562","43168","44164","2E0F","2E10","2E11","2E0F","2E10","2E11","2E11","C4F6","50EC","2E11","2DFE","2DFF","2E0E","2E0D","",""
"563","43184","44180","785A","7851","785B","7877","7878","7879","7852","08E1","9A14","786F","7866","7867","7859","7875","",""
"564","43200","44196","C4FF","C4FE","C4FF","C51F","C516","C50F","C4F7","50E0","E325","C519","C506","C50F","C4FB","C513","",""
"565","43216","44212","08E8","08E7","08EC","0927","091E","0921","08E8","9A1B","2B7E","091F","090B","0917","08E4","0910","",""
"566","43232","44228","50F1","50F3","50E9","5116","510D","510C","50E9","E324","88DE","5103","50FA","50FB","50F0","50FF","",""
"567","43248","44244","9A24","9A25","9A24","9A44","9A3B","9A3E","9A24","2B71","BA46","9A3C","9A2B","9A2C","9A22","9A38","",""
"568","43264","44260","E32C","E323","E32D","E34C","E33A","E344","E324","88DD","07E0","E344","E33B","E33C","E329","E341","",""
"569","43280","44276","2B8E","2B85","2B86","2B82","2B85","2B86","2B86","BA41","3124","2B86","2B7D","2B7E","2B82","2B82","",""
"570","43296","44292","88EE","88E5","88F1","8932","891F","8927","88F1","07DF","79E8","8927","8917","891F","88E2","891C","",""
"571","43320","44316","BA56","BA4D","BA45","BA8C","BA83","BA7E","BA41","311B","C23A","BA7B","BA73","BA80","BA44","BA77","",""
"572","43336","44332","07FC","07F0","07E8","082E","0825","081E","07F2","79F3","0B93","081E","0815","081E","07E4","081A","",""
"573","43352","44348","312C","312D","3124","3162","3159","3164","312C","C243","8E8D","315A","3151","3152","3128","315F","",""
"574","43368","44364","79F8","79FB","79F0","7A1F","7A16","7A0E","79F0","0B8A","B281","7A17","7A11","7A0F","79EC","7A0A","",""
"575","43384","44380","C254","C241","C24C","C26C","C259","C265","C24C","8E8C","FB8F","C265","C25B","C25C","C248","C260","",""
"576","43400","44396","0B9B","0B9A","0B93","0BC2","0BB8","0BB1","0B9D","B288","4555","0BB9","0BB0","0BA9","0B8F","0BB5","",""
"577","43416","44412","8E9D","8E97","8E8C","8ED4","8ECB","8EC1","8E8C","FB8E","8DBA","8ECC","8EC3","8EC4","8E88","8EBD","",""
"578","43432","44428","B291","B288","B289","B2C7","B2BE","B2BF","B291","454A","D68B","B2C8","B2BF","B2C0","B291","B2BB","",""
"579","43448","44444","FBA7","FB96","FBA2","FBE0","FBD6","FBCE","FBA2","8DB9","2147","FBD8","FBCE","FBD0","FB9E","FBD3","",""
"580","43464","44460","4565","4552","455D","459B","4592","4593","4553","D692","6928","4593","4581","4582","454F","458F","",""
"581","43480","44476","8DC1","8DC1","8DB9","8DDF","8DD6","8DD7","8DC2","2145","B19C","8DD7","8DD6","8DCF","8DBE","8DDD","",""
"582","43496","44492","D69B","D69A","D693","D6BB","D6B2","D6B3","D693","6931","EFFE","D6B3","D6AA","D6AD","D697","D6A6","",""
"583","43520","44516","214C","214E","2144","2183","2182","2183","214E","B19B","31AE","2185","2172","217B","214A","2181","",""
"584","43536","44532","6938","6939","693A","695E","694C","6958","6930","EFFD","7A7A","6958","6944","6945","692C","6949","",""
"585","43552","44548","B1AC","B1A3","B1AD","B1B6","B1AC","B1AD","B1AD","31AD","C4BF","B1AD","B19B","B19C","B1A0","B1A0","",""
"586","43568","44564","F006","F005","F007","F02D","F01A","F025","EFFE","7A82","1532","F025","F01C","F013","F002","F021","",""
"587","43584","44580","31BE","31AC","31AD","31B5","31AC","31B6","31BA","C4C7","53DE","31B6","31AD","31A5","31B2","31A9","",""
"588","43600","44596","7A94","7A8A","7A82","7A8A","7A81","7A82","7A82","1528","9C86","7A8B","7A79","7A7A","7A87","7A7E","",""
"589","43616","44612","C4CF","C4CF","C4C7","C4F7","C4EE","C4E6","C4C7","53DD","E655","C4EF","C4E6","C4E7","C4C3","C4EE","",""
"590","43632","44628","1542","1530","153A","1544","153A","1531","1531","9C8E","2F06","1531","1528","1534","1536","1536","",""
"591","43648","44644","53EE","53E5","53E6","53EE","53DC","53E6","53DD","E657","7844","53DD","53DD","53DE","53D9","53E2","",""
"592","43664","44660","9C96","9C96","9C98","9C96","9C96","9C98","9C8E","2F0E","E9E6","9C8E","9C8E","9C86","9C94","9C8A","",""
"593","43688","44684","E665","E65C","E65D","E67E","E674","E66B","E654","7843","2870","E66B","E66F","E663","E650","E667","",""
"594","43704","44700","2F20","2F16","2F0E","2F1F","2F0D","2F18","2F18","E9DC","71F6","2F0E","2F05","2F0F","2F13","2F0A","",""
"595","43720","44716","784B","7842","7843","784B","784B","7843","784C","2873","9F7A","784F","7843","783B","784B","7848","",""
"596","43736","44732","E9F6","E9ED","E9EE","EA0A","EA09","EA0A","E9E5","71F4","CE76","EA0A","EA01","E9FA","E9EA","EA06","",""
"597","43752","44748","287A","2873","2872","287A","2873","2872","2874","9F78","120B","2874","2873","2868","2875","2870","",""
"598","43768","44764","7201","71F8","71F9","7201","71F8","71F9","71F7","CE69","60B9","71F7","71F4","71F6","71FD","71FD","",""
"599","43784","44780","9F81","9F81","9F81","9F99","9F9A","9F9A","9F79","1214","F659","9F91","9F91","9F93","9F75","9F8D","",""
"600","43800","44796","CE7A","CE7A","CE7C","CE92","CE93","CE94","CE7B","60BA","2528","CE93","CE81","CE8D","CE77","CE8F","",""
"601","43816","44812","1225","1212","121D","1225","1212","121D","121D","F658","6ED1","121D","1214","120B","120F","1219","",""
"602","43832","44828","60C9","60BF","60B7","60E1","60D7","60CF","60B7","252F","B765","60CF","60CF","60D1","60B3","60CB","",""
"603","43848","44844","F66C","F65E","F664","F667","F660","F65F","F664","6ED0","00C0","F661","F656","F657","F65B","F65B","",""
"604","43872","44868","2541","2530","2531","2540","2530","2531","2538","B764","49F2","2538","2528","2528","2534","2534","",""
"605","43888","44884","6EE1","6ECF","6EDC","6EFF","6EEC","6EFA","6ED0","00BF","93B6","6EED","6EEE","6EEF","6ED5","6EF3","",""
"606","43904","44900","B76C","B76C","B76D","B76C","B76D","B764","B764","49F1","DD0C","B76E","B764","B765","B76A","B760","",""
"607","43920","44916","00D0","00C7","00C8","00D0","00C7","00C8","00C8","93B5","25A8","00C8","00BF","00C0","00BB","00BB","",""
"608","43936","44932","4A0B","49F9","4A03","4A0E","49F9","4A03","4A06","DD0B","6789","4A06","49F1","49FB","49F6","49F6","",""
"609","43952","44948","93BD","93B4","93BE","93D4","93CB","93D5","93BE","25A7","A5F6","93D5","93CC","93CF","93BA","93D1","",""
"610","43968","44964","DD1C","DD0B","DD18","DD32","DD29","DD33","DD14","6788","EE83","DD2A","DD21","DD2C","DD08","DD32","",""
"611","43984","44980","25BF","25AF","25B0","25B8","25AF","25B0","25B0","A5F5","5B4F","25AF","25A7","25B0","25AC","25B3","",""
"612","44000","44996","6790","6790","6791","6790","6790","6788","6788","EE82","93C1","6791","677F","678B","678D","678D","",""
"613","44016","45012","A606","A5FF","A5F6","A606","A5FF","A5F6","A602","5B4E","E376","A5F6","A5ED","A5F6","A5F2","A5F2","",""
"614","44040","45036","EE9B","EE8A","EE8B","EE9B","EE8A","EE8B","EE94","93C7","2CC0","EE94","EE82","EE83","EE90","EE90","",""
"615","44056","45052","5B68","5B5F","5B60","5B7E","5B75","5B76","5B57","E37E","75F0","5B6E","5B65","5B66","5B5C","5B72","",""
"616","44072","45068","93D8","93C8","93C9","93EE","93E5","93F1","93D2","2CB5","BF33","93F0","93E7","93E9","93C5","93EC","",""
"617","44088","45084","E38F","E386","E388","E387","E386","E37F","E37E","75ED","0884","E37E","E37F","E376","E382","E382","",""
"618","44104","45100","2CC6","2CC5","2CBE","2CC6","2CC5","2CBE","2CBD","BF29","5246","2CBD","2CB5","2CC0","2CB9","2CB9","",""
"619","44120","45116","75FD","75EB","75F5","75FD","75F6","75F6","75F5","0882","9B70","75ED","75E4","75F0","75E9","75E9","",""
"620","44136","45132","BF3A","BF32","BF3A","BF3A","BF32","BF3A","BF3B","524E","CA14","BF3B","BF29","BF2A","BF2E","BF2E","",""
"621","44152","45148","0889","087F","088C","0889","087F","088C","088C","9B79","1399","088C","0878","0884","087E","087E","",""
"622","44168","45164","525F","5255","524E","5275","526D","5263","5258","CA1D","5C65","526F","5265","525E","5248","5261","",""
"623","44184","45180","9B8C","9B77","9B84","9BA8","9B9E","9B9F","9B78","13A1","A58C","9B9F","9B95","9B8E","9B7D","9B9C","",""
"624","44208","45204","CA24","CA23","CA1C","CA24","CA27","CA1C","CA1C","5C5B","F40C","CA26","CA1B","CA14","CA24","CA22","",""
"625","44224","45220","13B3","13A0","13AA","13A9","13A7","13AA","13AB","A597","3677","13AB","139F","1399","139C","139C","",""
"626","44240","45236","5C75","5C6C","5C70","5C75","5C6C","5C70","5C64","F402","814B","5C6D","5C5B","5C5C","5C69","5C69","",""
"627","44256","45252","A59C","A593","A59D","A59C","A593","A594","A59D","3673","C3CE","A59D","A597","A58C","A590","A599","",""
"628","44272","45268","F41C","F413","F40B","F434","F42B","F423","F414","814A","13D6","F42C","F41A","F424","F407","F41F","",""
"629","44288","45284","3685","367B","367D","36A5","3690","369A","367C","C3C0","5AF5","369A","3688","3692","367B","3696","",""
"630","44304","45300","815B","8152","8149","815B","8152","8149","8153","13D5","A640","8153","8140","814B","814F","8145","",""
"631","44320","45316","C3DB","C3C8","C3D4","C3D1","C3C8","C3D4","C3D3","5AEB","EF9A","C3D3","C3CB","C3CB","C3CF","C3CF","",""
"632","44336","45332","13E6","13DD","13D4","13DE","13DD","13D6","13DE","A634","38D5","13DE","13CD","13D6","13DA","13DA","",""
"633","44352","45348","5AFC","5AF3","5AFE","5AFC","5AFC","5AFE","5AFD","EF90","6637","5AFD","5AF4","5AF5","5AF9","5AF9","",""
"634","44376","45372","A650","A647","A648","A650","A647","A648","A63D","38D7","9528","A63D","A634","A640","A644","A639","",""
"635","44392","45388","EFA1","EF98","EFA2","EFA1","EF98","EFA2","EFA2","6636","DEB7","EFA2","EF99","EF9A","EFA1","EFA1","",""
"636","44408","45404","38DC","38D3","38D4","38DC","38D3","38DD","38D4","9529","2794","38DD","38D7","38D5","38D0","38D9","",""
"637","44424","45420","663D","663E","663F","6647","663E","663F","663F","DEB7","DB51","663F","6636","662D","6631","6631","",""
"638","44440","45436","9538","9529","9528","9538","9529","9536","9535","2792","0A88","9535","9529","9528","9530","9530","",""
"639","44456","45452","DEC6","DEB7","DEB8","DEE2","DECF","DED1","DEBF","DB46","583E","DEDA","DECF","DED1","DEBB","DED2","",""
"640","44472","45468","27A4","279E","279E","27B7","27B9","27AF","279F","0A95","A0EF","27B8","27B3","27B6","2796","27AF","",""
"641","44488","45484","DB63","DB4E","DB4F","DB7F","DB6C","DB6D","DB4F","583D","E5C8","DB6D","DB6E","DB65","DB4B","DB74","",""
"642","44504","45500","0AA7","0A93","0A9F","0AC6","0AB2","0ABE","0A9D","A0EE","27DB","0ABB","0AA9","0AB6","0A9A","0AAE","",""
"643","44520","45516","584E","584F","584F","5889","5880","5881","5852","E5BB","7BA4","5881","5878","5879","5842","588A","",""
"644","44544","45540","A106","A0FD","A0F7","A128","A11B","A11C","A0FE","27D2","D604","A113","A10A","A114","A0FA","A10F","",""
"645","44560","45556","E5D6","E5CC","E5CF","E5EE","E5DA","E5E7","E5C3","7B9D","0E79","E5DC","E5D1","E5D4","E5C0","E5E1","",""
"646","44576","45572","27E2","27DA","27DB","2801","27F7","27F9","27DB","D60A","5882","2801","27FA","27F1","27D6","27F5","",""
"647","44592","45588","7BAE","7BAB","7BAC","7BAE","7BAB","7BAC","7BA6","0E6B","A1A7","7BAC","7BA3","7BA4","7BA2","7BA2","",""
"648","44608","45604","D614","D612","D60C","D63A","D631","D632","D613","5889","EA5C","D632","D620","D621","D608","D625","",""
"649","44624","45620","0E7C","0E7A","0E74","0E89","0E7A","0E74","0E74","A1A6","345B","0E7B","0E72","0E73","0E77","0E77","",""
"650","44640","45636","589A","5891","588A","58B9","58B0","58B1","588A","EA55","9736","58A7","58A8","589F","5886","58A3","",""
"651","44656","45652","A1B7","A1AE","A1AF","A1CC","A1C3","A1CB","A1AF","3454","C83A","A1CB","A1C6","A1BC","A1AB","A1C7","",""
"652","44672","45668","EA66","EA66","EA64","EA7C","EA7E","EA80","EA66","9741","1125","EA80","EA74","EA75","EA62","EA79","",""
"653","44688","45684","346A","345B","345D","3481","3478","3479","3462","C839","5B95","3483","3470","3471","3459","3480","",""
"654","44712","45708","974F","9746","9747","976D","9764","975C","974B","112D","A4E8","9768","975C","9760","973A","9758","",""
"655","44728","45724","C841","C838","C839","C85E","C860","C85F","C842","5B9C","ED14","C85F","C856","C857","C83E","C852","",""
"656","44744","45740","1140","112C","1136","115C","1153","114B","112D","A4E0","370E","114B","1142","1143","1129","1150","",""
"657","44760","45756","5BA5","5BA4","5B9D","5BCB","5BBA","5BC3","5B9D","ED13","7478","5BC3","5BBA","5BBB","5B99","5BB7","",""
"658","44776","45772","A4F1","A4EF","A4F4","A527","A52A","A51F","A4E9","3710","C828","A51F","A516","A520","A4EC","A524","",""
"659","44792","45788","ED24","ED25","ED1C","ED4C","ED38","ED44","ED1C","746E","0ADD","ED39","ED3B","ED31","ED18","ED35","",""
"660","44808","45804","3715","3718","370F","371E","3717","370F","370F","C827","4919","3716","3706","3711","3712","3712","",""
"661","44824","45820","747F","7476","7477","749D","749C","74A1","7477","0AD2","9163","7495","748C","7495","747C","749B","",""
"662","44840","45836","C838","C836","C830","C83F","C82F","C837","C837","490E","DB44","C830","C82E","C82F","C82C","C82C","",""
"663","44856","45852","0AEB","0ADF","0AE8","0AFF","0AF6","0B04","0AE4","9158","47B0","0AF9","0AFA","0AFA","0AD7","0AF4","",""
"664","44872","45868","492A","4916","4921","491F","4921","4917","4921","DB38","78D5","4917","490E","491A","4913","491D","",""
"665","44896","45892","9173","9160","916C","918B","9179","9183","9161","47A6","C1C5","917A","917A","917B","915D","9176","",""
"666","44912","45908","DB49","DB40","DB4E","DB68","DB68","DB60","DB41","78DD","16B0","DB60","DB60","DB61","DB47","DB5C","",""
"667","44928","45924","47BF","47AE","47AF","47DF","47D4","47D5","47AF","C1CB","54E8","47D5","47CC","47CD","47B4","47C8","",""
"668","44944","45940","78EB","78DC","78E2","790C","7902","7904","78DE","16A7","9DB0","78FB","78F6","78F9","78E0","7900","",""
"669","44960","45956","C1D3","C1D4","C1D5","C1FF","C1F3","C1EA","C1D3","54DB","F319","C1EA","C1E2","C1E3","C1CD","C1ED","",""
"670","44976","45972","16C0","16B7","16B8","16DE","16D5","16CE","16B0","9DAF","303D","16CE","16CD","16D1","16AC","16CA","",""
"671","44992","45988","54FA","54F2","54F2","5517","550F","5510","54F2","F323","78A8","5511","54FC","5509","54EF","54FF","",""
"672","45008","46004","9DC2","9DAE","9DBB","9DDA","9DD0","9DD3","9DAF","3043","B7DC","9DC9","9DC8","9DC9","9DAC","9DCF","",""
"673","45024","46020","F334","F320","F321","F348","F33F","F340","F32E","78A7","1662","F34B","F342","F338","F31D","F33C","",""
"674","45040","46036","304D","304E","3045","3075","306B","306B","3045","B7DA","552A","3062","305B","3060","303F","305E","",""
"675","45056","46052","78AC","78AB","78B0","78AC","78A4","78A5","78A5","165F","9F0F","78A5","789C","7899","78A2","78A2","",""
"676","45080","46076","B7E1","B7E3","B7E3","B7FF","B800","B801","B7E3","5522","0FF8","B801","B7FB","B7F9","B7D5","B7FD","",""
"677","45096","46092","1670","1667","165E","1670","1667","165E","165E","9F0D","2B1B","1668","1655","1656","165A","165A","",""
"678","45112","46108","5530","552A","5532","5556","554E","5544","5530","0FF7","740B","5543","5541","5545","5527","5545","",""
"679","45128","46124","9F1F","9F17","9F0F","9F3E","9F34","9F35","9F17","2B11","BDD3","9F3A","9F30","9F26","9F14","9F27","",""
"680","45144","46140","1008","1009","1008","103E","1035","103D","1000","740A","0630","103D","102D","102E","1004","1039","",""
"681","45160","46156","2B2B","2B19","2B21","2B58","2B4F","2B58","2B23","BDC8","4F2D","2B58","2B47","2B48","2B16","2B55","",""
"682","45176","46172","741B","7412","741D","745B","7454","7449","741D","0638","9871","7453","7449","744A","7419","744E","",""
"683","45192","46188","BDD9","BDD0","BDDB","BE19","BE0F","BE10","BDDB","4F2C","E219","BE10","BDFF","BE00","BDD7","BE0C","",""
"684","45208","46204","0640","0640","0638","0667","065E","065F","0641","9870","2B2C","065F","064B","064C","0634","0650","",""
"685","45224","46220","4F34","4F35","4F2C","4F4B","4F4D","4F4E","4F36","E221","6D06","4F4C","4F3A","4F44","4F31","4F3F","",""
"686","45248","46244","988B","9883","9883","98A0","98A0","98A2","9883","2B2B","AA40","9898","988F","989A","9875","989D","",""
"687","45264","46260","E232","E22A","E221","E24A","E241","E239","E221","6CF9","EE8D","E242","E230","E231","E227","E23E","",""
"688","45280","46276","2B3C","2B3C","2B34","2B63","2B5A","2B5B","2B34","AA35","1CEC","2B5B","2B52","2B53","2B30","2B57","",""
"689","45296","46292","6D17","6D01","6D0D","6D29","6D29","6D2D","6D0E","EE83","9F57","6D21","6D21","6D19","6CFE","6D26","",""
"690","45312","46308","AA4F","AA3D","AA3E","AA46","AA3D","AA47","AA47","1CF4","DF02","AA3E","AA35","AA36","AA46","AA3A","",""
"691","45328","46324","EE9D","EE94","EE95","EE9D","EE8B","EE8C","EE95","9F4B","2839","EE95","EE8C","EE84","EE91","EE88","",""
"692","45344","46340","1CFC","1CF3","1CF4","1D24","1D1A","1D13","1CF4","DF00","71FE","1D1B","1D12","1D0B","1CF0","1D0F","",""
"693","45360","46356","9F66","9F5E","9F5B","9F5E","9F5E","9F5D","9F5F","2838","BAC3","9F5E","9F54","9F4E","9F5B","9F5B","",""
"694","45376","46372","DF08","DF09","DF0A","DF12","DF09","DF0C","DF09","7205","03F7","DF09","DF01","DEF8","DEFC","DF05","",""
"695","45400","46396","2849","2848","284B","2849","2848","2841","2841","BACB","4DBD","2841","2838","2843","2845","2845","",""
"696","45416","46412","720E","720E","7206","7226","7227","721E","7206","03F4","967B","721E","7215","7216","720B","7224","",""
"697","45432","46428","BAD3","BAD3","BACB","BAD3","BACA","BACB","BACB","4DB9","DFB8","BACB","BACE","BAC3","BAD0","BAC7","",""
"698","45448","46444","03FC","03F3","03FD","0405","03F3","03FD","03FD","967A","05B0","03F4","03F4","03EC","03FB","03F0","",""
"699","45464","46460","4DC0","4DB7","4DB8","4DDF","4DD6","4DD7","4DC2","DFAD","2A4F","4DDE","4DD5","4DDA","4DBF","4DDD","",""
"700","45480","46476","968D","9682","9683","968B","9679","967A","967A","05A7","71FF","9683","967A","967B","967F","9676","",""
"701","45496","46492","DFC8","DFC2","DFC0","DFC8","DFC2","DFC0","DFC0","2A45","E596","DFC0","DFAD","DFAE","DFBC","DFBC","",""
"702","45512","46508","05B8","05AF","05AF","05B8","05AF","05AF","05B0","7206","19FE","05BA","05A7","05B0","05AC","05B7","",""
"703","45528","46524","2A62","2A4D","2A57","2A7A","2A6E","2A6F","2A57","E5A0","6CAB","2A6F","2A5D","2A67","2A4A","2A62","",""
"704","45544","46540","7217","7210","720F","7217","7210","720F","720F","19FD","B5FC","720F","7206","71FF","720D","7203","",""
"705","45560","46556","E5AE","E59D","E5A6","E5BE","E5B5","E5BE","E5A6","6CAA","FEB1","E5B6","E5B9","E5AE","E59A","E5B2","",""
"706","45576","46572","1A04","1A05","1A06","1A0E","1A05","1A06","1A06","B5F2","4805","1A06","19FD","19F4","1A02","19F8","",""
"707","45600","46596","6CBC","6CB5","6CB3","6CBC","6CB5","6CB3","6CB3","FEA5","9130","6CB4","6CA1","6CAB","6CAF","6CAF","",""
"708","45616","46612","B603","B5FA","B604","B620","B622","B621","B5FB","4804","DB27","B618","B60F","B619","B600","B614","",""
"709","45632","46628","FEB6","FEB6","FEAE","FEB6","FEB6","FEB7","FEAE","912F","243D","FEAE","FEB0","FEAF","FEB3","FEB3","",""
"710","45648","46644","480C","480C","4804","480C","4803","4804","480D","DB1C","6CEA","480D","4804","4805","4800","4800","",""
"711","45664","46660","9136","912D","9137","9136","912D","9137","912E","2444","B628","912E","912F","9130","9135","9135","",""
"712","45680","46676","DB35","DB24","DB2D","DB4D","DB3C","DB45","DB2D","6CDF","FF76","DB45","DB34","DB3D","DB29","DB41","",""
"713","45696","46692","2455","2444","2445","2475","246B","246C","244D","B630","48AB","246D","245A","2464","244B","2468","",""
"714","45712","46708","6CF0","6CF2","6CF2","6CFA","6CE7","6CE8","6CE8","FF6B","E4FA","6CF2","6CE9","6CEB","6CEE","6CEE","",""
"715","45728","46724","B641","B638","B630","B641","B62F","B630","B639","48B4","07D8","B630","B630","B628","B62C","B62C","",""
"716","45744","46740","FF86","FF73","FF7D","FF86","FF73","FF7D","FF74","E4F0","514B","FF74","FF6B","FF75","FF70","FF70","",""
"717","45768","46764","48BB","48B2","48BD","48BB","48BC","48BD","48BD","07D7","9540","48BD","48B4","48AB","48B9","48B9","",""
"718","45784","46780","E508","E4FF","E500","E576","E56D","E56E","E4F9","5152","E2D3","E565","E55C","E566","E4FC","E56A","",""
"719","45800","46796","07E8","07E2","07E3","081E","0815","0816","07D8","953F","2C74","080E","0805","080E","07D4","080A","",""
"720","45816","46812","515B","515A","515B","519B","5190","5189","5153","E2D2","75B4","5193","5188","5181","5157","5185","",""
"721","45832","46828","9548","954B","9540","9570","9566","956A","9540","2C6C","BF38","955E","9555","9562","9544","955A","",""
"722","45848","46844","E2E3","E2E3","E2E4","E2E3","E2E3","E2DB","E2E4","75AB","074C","E2E4","E2DB","E2D3","E2E0","E2E0","",""
"723","45864","46860","2C7C","2C7B","2C7D","2CBD","2CB2","2CAA","2C7E","BF37","476C","2CAA","2CAA","2CAD","2C71","2CA6","",""
"724","45880","46876","75BC","75B3","75BC","75FB","75F2","75F3","75BC","0741","6791","75E9","75EA","75EB","75B0","75E5","",""
"725","45896","46892","BF3F","BF3F","BF37","BF7E","BF75","BF79","BF40","476B","B08F","BF6D","BF64","BF6E","BF3C","BF72","",""
"726","45912","46908","075E","0749","074A","0770","0767","0768","0753","6798","F963","0771","075F","0760","0750","0764","",""
"727","45936","46932","4772","4769","4776","477C","4769","4774","476A","B092","7215","476A","476C","476C","4766","4771","",""
"728","45952","46948","67AB","6798","67A1","67AB","67A0","6799","6799","F962","ADF1","67A1","6798","6791","6795","6795","",""
"729","45968","46964","B09F","B08E","B099","B097","B098","B099","B08F","7214","F942","B08F","B092","B091","B093","B093","",""
"730","45984","46980","F973","F962","F96B","F973","F96A","F96D","F96B","ADE6","4019","F963","F95A","F963","F95F","F95F","",""
"731","46000","46996","7225","721C","7216","725D","7254","724B","7216","F940","890F","7255","724C","724D","721C","7251","",""
"732","46016","47012","ADF7","ADEE","ADEF","AE39","AE24","AE30","ADF9","4022","CDCC","AE2F","AE26","AE27","ADEB","AE21","",""
"733","46032","47028","F952","F94B","F949","F9B3","F9B6","F9B6","F940","8917","0013","F9B5","F9AC","F9A3","F945","F9A7","",""
"734","46048","47044","4029","402A","4021","4048","4047","4040","4021","CDCB","4930","4048","4042","4040","4027","4044","",""
"735","46064","47060","891F","8916","8917","8940","8937","8938","8917","0012","9152","892E","8925","8930","891C","8934","",""
"736","46080","47076","CDDC","CDDD","CDDE","CE03","CDFC","CDFD","CDDE","4924","BFB5","CDF3","CDEA","CDF6","CDDA","CDF7","",""
"737","46104","47100","002C","0019","001A","003C","0031","0034","001B","9147","EEA5","0034","002B","0034","0017","0038","",""
"738","46120","47116","493F","492C","4939","4954","494B","4955","492D","BFBE","368D","4955","494C","4944","4929","4951","",""
"739","46136","47132","9158","914F","9158","9158","914F","9150","9158","EE9C","806D","9150","914F","9148","914C","914C","",""
"740","46152","47148","BFD0","BFBC","BFBD","BFEC","BFE3","BFDC","BFC8","368C","4821","BFE4","BFDB","BFD4","BFC3","BFE0","",""
"741","46168","47164","EEAD","EEAC","EEAD","EED4","EECB","EEC2","EEAD","8075","7DF4","EEC2","EEC3","EEBA","EEA9","EEC8","",""
"742","46184","47180","36A6","369D","3695","36A6","369D","369E","369E","481A","C6F8","3695","3695","368D","3691","369A","",""
"743","46200","47196","8086","807D","807E","80A4","809B","8093","807E","7DF3","10DC","809C","8093","808B","8071","8098","",""
"744","46216","47212","482B","482A","4823","4831","4829","4829","4829","C6F7","59B0","482B","481A","4821","4825","481D","",""
"745","46232","47228","7DFC","7DF3","7DF4","7E04","7DF3","7DFC","7DFC","10D9","A356","7DFC","7DF3","7DF4","7DF0","7DF8","",""
"746","46248","47244","C710","C707","C70A","C710","C6FF","C70A","C708","59AF","FBEB","C700","C6F7","C6F8","C6FC","C706","",""
"747","46272","47268","10EE","10E1","10E2","10F9","10FA","10FB","10E2","A355","305B","10FB","10F2","10F3","10E0","10F7","",""
"748","46288","47284","59C0","59B7","59C0","59C8","59BF","59B8","59C0","FBDF","7E2C","59B8","59AF","59BA","59B4","59BC","",""
"749","46304","47300","A35D","A354","A355","A37B","A372","A37B","A361","305A","C74E","A373","A36A","A36B","A351","A36F","",""
"750","46320","47316","FBFB","FBE7","FBE8","FBF0","FBF2","FBE8","FBF5","7E34","10AC","FBE8","FBDF","FBE0","FBEE","FBEF","",""
"751","46336","47332","3063","3062","3063","3063","3062","3063","305B","C744","59CA","3063","305A","3053","3057","305F","",""
"752","46352","47348","7E3C","7E3D","7E34","7E3C","7E33","7E34","7E34","10AB","A396","7E3D","7E2B","7E2C","7E3B","7E30","",""
"753","46368","47364","C75E","C74C","C74D","C75E","C74C","C74D","C74D","59D3","0C83","C74D","C744","C74E","C752","C749","",""
"754","46384","47380","10BC","10AA","10AB","10BC","10AA","10AB","10B4","A395","39D3","10B4","10AB","10A3","10B0","10B0","",""
"755","46400","47396","59E4","59D1","59DC","59E5","59D1","59DC","59D2","0C8C","8554","59D2","59D3","59CA","59D8","59CE","",""
"756","46416","47412","A3AE","A39D","A39E","A3C7","A3B5","A3B6","A3A6","39D3","CFC2","A3BF","A3AD","A3AE","A3A2","A3BB","",""
"757","46432","47428","0C9E","0C8A","0C8B","0C93","0C8A","0C8B","0C95","8563","1544","0C8B","0C82","0C8D","0C87","0C91","",""
"758","46456","47452","39EC","39DC","39DD","39EC","39DC","39DD","39DC","CFB5","6080","39DC","39DF","39D3","39D9","39D9","",""
"759","46472","47468","8570","8569","855B","858E","8584","8580","8563","1537","B356","858A","8580","8574","8567","8582","",""
"760","46488","47484","CFC7","CFBE","CFBF","CFD0","CFC9","CFC8","CFBF","6076","F3F9","CFBF","CFB5","CFC2","CFBB","CFBB","",""
"761","46504","47500","1554","1542","1544","154D","1542","1544","1550","B355","3D2C","1542","1537","1544","1548","1541","",""
"762","46520","47516","6086","6088","6086","6086","6088","607E","607D","F3EE","737C","607D","6076","6080","607B","6086","",""
"763","46536","47532","B370","B36A","B36A","B3A7","B3A1","B39F","B368","3D2B","BEC2","B39F","B38C","B38D","B367","B39E","",""
"764","46552","47548","F3FF","F400","F402","F409","F3F4","F401","F403","7385","05E0","F402","F3F8","F3F9","F3F2","F3F2","",""
"765","46568","47564","3D35","3D32","3D2D","3D35","3D2B","3D2D","3D2A","BEB9","4FAB","3D34","3D24","3D2C","3D31","3D31","",""
"766","46584","47580","7396","7390","738E","738C","738D","7384","7384","05DF","C8C3","7384","7385","7386","738A","738A","",""
"767","46600","47596","BED2","BEC1","BECA","BED2","BEC1","BECA","BECC","4FA0","001F","BECC","BEB9","BEC2","BEC6","BEC6","",""
"768","46624","47620","05F3","05DE","05E8","05F3","05DE","05E8","05DF","C8C2","4938","05DF","05DF","05E0","05DB","05DB","",""
"769","46640","47636","4FBB","4FA8","4FA9","4FD1","4FC1","4FC2","4FA9","001E","941D","4FC2","4FB9","4FC1","4FA5","4FBE","",""
"770","46656","47652","C8DC","C8CA","C8CB","C8F1","C8F1","C8E9","C8CB","493E","DBAD","C8F2","C8E9","C8EA","C8C7","C8E5","",""
"771","46672","47668","0025","001C","001D","002F","0027","0027","001D","9425","24F4","001D","001E","0015","0023","0023","",""
"772","46688","47684","4951","493F","4949","4951","493F","4949","4949","DBAC","76F1","4949","4937","4938","493C","4943","",""
"773","46704","47700","942D","942D","942E","942D","942D","942E","9425","24FB","B937","942E","9425","941D","9421","9421","",""
"774","46720","47716","DBBD","DBAC","DBB5","DBBD","DBAC","DBB5","DBB5","76E8","020C","DBB5","DBAE","DBAD","DBA9","DBA9","",""
"775","46736","47732","2504","2503","2504","2504","2503","2504","24FC","B93A","2C2D","24FC","24FB","24F4","24F8","24F8","",""
"776","46752","47748","76F9","76F0","76F9","7712","7709","7712","76F1","020B","7411","770A","7701","770A","76F5","770E","",""
"777","46768","47764","B93E","B942","B93F","B95D","B95E","B955","B93F","2C2C","B17D","B961","B955","B94D","B93B","B95A","",""
"778","46784","47780","021D","0213","0216","021C","0213","0215","020B","740F","069A","0214","020D","020D","0207","0207","",""
"779","46808","47804","2C45","2C34","2C3D","2C45","2C34","2C35","2C3D","B171","7FCA","2C3D","2C2C","2C2D","2C31","2C31","",""
"780","46824","47820","7420","740F","7418","7420","740F","7419","7418","068F","A199","7418","740F","7411","7414","740C","",""
"781","46840","47836","B18D","B184","B185","B18D","B184","B185","B185","7FBF","EAB2","B185","B171","B17D","B176","B176","",""
"782","46856","47852","06A0","0697","0698","06B8","06AF","06B0","06A1","A198","3441","06B7","06A7","06B1","0694","06AC","",""
"783","46872","47868","7FD0","7FD1","7FC8","8006","7FFD","7FFE","7FD5","EABD","7CE5","800B","7FF5","8001","7FC4","7FFA","",""
"784","46888","47884","A1A9","A1A0","A198","A1DF","A1CD","A1D7","A1A4","3448","C5C5","A1D8","A1C5","A1CF","A19D","A1D6","",""
"785","46904","47900","EACE","EAB9","EABA","EB01","EAF0","EAF9","EAC4","7CDB","0F12","EAF1","EAE8","EAF1","EAC0","EAED","",""
"786","46920","47916","3451","3448","3453","348F","3486","347E","3449","C5C4","589C","347E","3475","3480","344D","347A","",""
"787","46936","47932","7CEC","7CE3","7CED","7D14","7D02","7D0C","7CE4","0F08","A185","7D0C","7D03","7D04","7CE9","7CFF","",""
"788","46952","47948","C5D5","C5CC","C5CD","C5ED","C5E4","C5EE","C5D6","589B","C884","C5E5","C5DC","C5E6","C5D3","C5E1","",""
"789","46976","47972","0F22","0F10","0F1A","0F3F","0F36","0F37","0F1A","A18F","086B","0F39","0F26","0F27","0F16","0F33","",""
"790","46992","47988","58B6","58B0","58AE","58CF","58C6","58C5","58AE","C87B","4F47","58C5","58BE","58BD","58AA","58B8","",""
"791","47008","48004","A19F","A199","A197","A1B4","A1AB","A1AC","A197","086A","A6EB","A1B6","A1AB","A1A4","A193","A1B2","",""
"792","47024","48020","C88C","C88B","C88C","C88C","C883","C88C","C884","4F46","E124","C88E","C87B","C87C","C888","C888","",""
"793","47040","48036","0873","086A","0873","089A","0888","0892","0873","A6EB","2F3E","0891","0880","0880","0867","088D","",""
"794","47056","48052","4F57","4F58","4F4F","4F61","4F4E","4F4F","4F4F","E11A","785C","4F4F","4F46","4F4E","4F52","4F4B","",""
"795","47072","48068","A6F2","A6E9","A6F3","A728","A726","A727","A6EA","2F3D","C082","A72A","A717","A71F","A6EF","A71C","",""
"796","47088","48084","E134","E12B","E12E","E144","E13B","E144","E12C","785B","0A82","E13C","E133","E13C","E128","E144","",""
"797","47104","48100","2F4E","2F45","2F3C","2F67","2F5B","2F55","2F48","C081","5315","2F5C","2F53","2F54","2F42","2F58","",""
"798","47120","48116","786C","7863","786D","7885","787C","7886","7864","0A81","9E0D","7886","7874","787F","7860","7882","",""
"799","47144","48140","C092","C093","C097","C092","C089","C094","C097","530A","E586","C08A","C08B","C08C","C086","C090","",""
"800","47160","48156","0A99","0A89","0A8A","0AB1","0AA8","0AA1","0A8A","9E16","13C2","0AA1","0A98","0AA1","0A8D","0AA5","",""
"801","47176","48172","531B","5312","5313","5328","531C","531D","5313","E585","3E77","531D","5314","530B","530F","530F","",""
"802","47192","48188","9E1D","9E14","9E15","9E60","9E53","9E55","9E22","13C3","8777","9E4C","9E4C","9E4D","9E11","9E48","",""
"803","47208","48204","E596","E58D","E598","E596","E597","E58E","E58E","3E76","D043","E58E","E585","E586","E594","E594","",""
"804","47224","48220","13DE","13D0","13D8","13DE","13D0","13D9","13D6","876E","57CD","13D8","13C3","13CE","13CA","13CA","",""
"805","47240","48236","3E7E","3E75","3E7F","3E7E","3E75","3E7F","3E76","D042","9199","3E7F","3E76","3E77","3E72","3E72","",""
"806","47256","48252","877F","877E","877F","8789","8780","8777","8777","57CC","DA38","8777","8776","877B","8773","877B","",""
"807","47272","48268","D053","D052","D04B","D051","D04A","D04B","D049","91A0","1B97","D04B","D04A","D043","D047","D04F","",""
"808","47288","48284","57E7","57D4","57D5","57E7","57D4","57D5","57D5","DA37","6CB8","57DF","57CC","57CD","57D1","57D1","",""
"809","47304","48300","91B3","91A0","91A9","91B3","91A0","91AD","91AB","1B96","B606","91A1","91A2","9199","91A5","91A5","",""
"810","47320","48316","DA48","DA3F","DA40","DA48","DA3F","DA40","DA40","6CB7","FF44","DA40","DA3F","DA40","DA3C","DA44","",""
"811","47336","48332","1B9E","1B9E","1B96","1BD5","1BD5","1BCD","1B96","B605","4880","1BCD","1BCD","1BC5","1B92","1BC9","",""
"812","47360","48356","6CD3","6CBF","6CCA","6CC8","6CC7","6CC0","6CC8","FF43","9253","6CC8","6CB7","6CC0","6CC7","6CBC","",""
"813","47376","48372","B616","B606","B60E","B60F","B610","B607","B60E","487F","D38C","B60E","B605","B606","B60A","B60A","",""
"814","47392","48388","FF5E","FF4B","FF54","FF54","FF4B","FF54","FF55","925B","11B0","FF55","FF43","FF44","FF48","FF48","",""
"815","47408","48404","4890","4887","488A","4893","4887","488A","4880","D380","5A88","4880","487F","4882","4884","487C","",""
"816","47424","48420","9263","925A","9264","9282","9279","927A","925B","11B9","A3BC","927A","9279","9272","9257","927E","",""
"817","47440","48436","D39A","D388","D392","D391","D393","D389","D393","5A87","5883","D392","D38B","D38A","D385","D38E","",""
"818","47456","48452","11C8","11B7","11C0","11C0","11B7","11C0","11C0","A3AE","8D88","11C0","11B9","11B0","11B4","11B4","",""
"819","47472","48468","5A8E","5A8F","5A93","5A98","5A85","5A93","5A90","5882","D7AC","5A90","5A87","5A88","5A8C","5A82","",""
"820","47488","48484","A3BF","A3C0","A3B7","A3BF","A3C0","A3B7","A3B7","8D92","204E","A3B7","A3AE","A3BC","A3B3","A3B3","",""
"821","47504","48500","589D","588A","588B","58D3","58C1","58C2","5897","D7AB","688C","58CD","58B9","58BA","5887","58BE","",""
"822","47520","48516","8D99","8D9A","8D91","8DC1","8DBA","8DAF","8D90","2058","AB6A","8DAE","8DA4","8DA6","8D98","8DB4","",""
"823","47536","48532","D7C8","D7BE","D7B4","D80A","D801","D802","D7B4","6889","FB97","D7FD","D7EF","D7F0","D7BB","D7FE","",""
"824","47560","48556","2067","2055","205F","2086","207D","207D","205F","AB72","4509","207E","2074","2075","2052","207D","",""
"825","47576","48572","6891","6887","6894","6891","6887","6894","6892","FB97","8D85","6889","6889","6881","6884","6884","",""
"826","47592","48588","AB7A","AB71","AB7B","ABA0","AB8F","AB98","AB7B","4508","BECA","AB98","AB87","AB90","AB7A","AB8C","",""
"827","47608","48604","FB9E","FB96","FB96","FBC0","FBB5","FBB9","FBA0","8D7B","163C","FBB7","FBA4","FBA7","FB9B","FBB4","",""
"828","47624","48620","4510","4513","4507","453B","4527","4532","450A","BEC9","541E","4532","451F","451F","4510","4523","",""
"829","47640","48636","8D95","8D8D","8D84","8D8C","8D83","8D84","8D85","1633","9DF4","8D91","8D7B","8D7D","8D80","8D80","",""
"830","47656","48652","BEDA","BED1","BEDC","BF01","BEED","BEEE","BEDA","5414","1718","BEF9","BEE5","BEE6","BED6","BEEA","",""
"831","47672","48668","164E","1645","163C","166B","1662","1663","1644","9DE8","4C25","1663","165D","1651","1638","1655","",""
"832","47688","48684","5430","5425","5428","542E","541C","5426","541D","1719","975E","5426","5421","541E","5422","5419","",""
"833","47712","48708","9E03","9DFA","9DFB","9E17","9E18","9E19","9DFB","4C1C","E11C","9E1A","9E10","9E12","9DF8","9E16","",""
"834","47728","48724","1728","1715","1720","1736","1735","172E","1720","9766","2821","172E","172D","1731","1712","1734","",""
"835","47744","48740","4C2D","4C2F","4C25","4C4E","4C45","4C3E","4C2D","E111","730A","4C46","4C3E","4C36","4C29","4C3A","",""
"836","47760","48756","9777","976E","976F","9785","9784","9785","9766","2816","9E0F","977D","977C","9775","9762","9779","",""
"837","47776","48772","E122","E122","E11A","E144","E13B","E133","E11A","7312","DF0F","E13C","E133","E134","E120","E138","",""
"838","47792","48788","2831","2828","2829","283F","2836","2842","281F","9E17","2FA2","2837","2838","282F","2825","283D","",""
"839","47808","48804","731A","7311","7312","7339","7339","733A","731B","DF17","5D4C","733A","7328","7332","730E","7336","",""
"840","47824","48820","9E1F","9E16","9E21","9E37","9E2E","9E2F","9E20","2FA2","8821","9E2F","9E32","9E27","9E13","9E35","",""
"841","47840","48836","DF28","DF20","DF17","DF28","DF16","DF20","DF17","5D54","D11D","DF20","DF0E","DF18","DF1C","DF13","",""
"842","47856","48852","2FBC","2FB4","2FB5","2FB3","2FA9","2FAB","2FAB","8817","19F7","2FAB","2FAB","2FA2","2FB0","2FB0","",""
"843","47872","48868","5D65","5D5C","5D5D","5D65","5D53","5D5D","5D54","D11A","C48D","5D54","5D4B","5D4C","5D59","5D50","",""
"844","47888","48884","8830","882C","8828","8828","882C","8828","881F","19F3","FB8A","8829","8817","8817","881C","8825","",""
"845","47912","48908","D138","D12D","D12F","D137","D121","D12F","D12F","C47F","452F","D12F","D123","D126","D120","D120","",""
"846","47928","48924","19FB","19FC","19EF","19FB","19FC","19FE","19F1","FB8B","8E63","19F1","19F3","19F7","19F8","19EE","",""
"847","47944","48940","C49D","C494","C495","C4B5","C4AC","C4A1","C495","4535","D67C","C4AD","C498","C4A5","C491","C49D","",""
"848","47960","48956","FBA4","FB9A","FB9D","FBBB","FBAB","FBA9","FB9C","8E6D","2060","FBB2","FBAB","FBAD","FB98","FBAF","",""
"849","47976","48972","453C","453D","453E","4575","4576","456D","4537","D67B","7AEC","456E","4564","456F","4533","4573","",""
"850","47992","48988","8E78","8E6B","8E70","8E99","8E88","8E91","8E6B","206C","B25E","8E8E","8E8A","8E86","8E76","8E86","",""
"851","48008","49004","D682","D683","D67C","D68D","D681","D684","D685","7AEB","FB6C","D678","D66E","D67C","D680","D677","",""
"852","48024","49020","2073","206C","2074","2096","208B","2084","2068","B268","3DB9","2083","207B","207B","2068","2080","",""
"853","48040","49036","7AFC","7AF3","7AF4","7B31","7B1C","7B29","7AF4","FB70","8E21","7B1D","7B14","7B21","7AF0","7B25","",""
"854","48056","49052","B277","B270","B268","B277","B268","B270","B274","3DB8","D73E","B26F","B269","B25E","B26C","B26C","",""
"855","48080","49076","FB85","FB7F","FB74","FB85","FB7B","FB74","FB73","8E20","207E","FB79","FB70","FB6C","FB78","FB78","",""
"856","48096","49092","3DC9","3DBD","3DC1","3DC9","3DBD","3DC1","3DBE","D73E","815A","3DBE","3DB8","3DB9","3DC7","3DC7","",""
"857","48112","49108","8E25","8E1F","8E29","8E2F","8E1F","8E2C","8E1E","207E","B513","8E1E","8E20","8E21","8E26","8E26","",""
"858","48128","49124","D746","D747","D747","D746","D73D","D73D","D747","8160","FE2C","D747","D731","D73E","D741","D741","",""
"859","48144","49140","208E","2087","2087","2086","2087","2087","207D","B505","4806","207D","207E","207E","2081","2081","",""
"860","48160","49156","8168","815B","8160","8187","817F","817F","8162","FE27","910D","8180","8177","8178","815C","817B","",""
"861","48176","49172","B523","B51A","B510","B535","B534","B52D","B510","480D","D955","B538","B525","B530","B515","B532","",""
"862","48192","49188","FE34","FE33","FE2C","FE59","FE46","FE55","FE34","9104","2330","FE4C","FE45","FE44","FE31","FE44","",""
"863","48216","49212","4816","480E","480E","484B","4840","484D","480E","D94C","6BBD","4845","483B","4846","480B","483E","",""
"864","48232","49228","911F","910C","9119","9130","9133","9128","910D","2331","B5EB","9134","912E","912A","9109","9126","",""
"865","48248","49244","D966","D953","D954","D95C","D953","D95F","D95D","6BB3","F86B","D95D","D94C","D955","D950","D95A","",""
"866","48264","49260","2344","2343","2344","2367","235F","235F","2346","B5F2","357A","2360","234E","2358","2335","235E","",""
"867","48280","49276","6BC4","6BC5","6BC3","6BC4","6BC5","6BBC","6BC5","F866","7930","6BC5","6BBB","6BBD","6BC6","6BC2","",""
"868","48296","49292","B604","B5FC","B5F3","B622","B60E","B61A","B5F3","3582","C8A2","B619","B60F","B608","B5EE","B616","",""
"869","48312","49308","F877","F86E","F867","F8B0","F89B","F8A6","F867","792F","40DA","F89C","F893","F894","F86B","F898","",""
"870","48328","49324","3593","358A","3582","35A1","3598","3599","3582","C8AA","7084","35A3","3590","3591","357E","359E","",""
"871","48344","49340","794B","7942","7938","7940","7942","7938","7943","40D9","B995","7943","792F","7930","793F","793F","",""
"872","48360","49356","C8B2","C8B2","C8AA","C8E7","C8E7","C8DF","C8B3","7083","034A","C8E8","C8DF","C8D7","C8A6","C8DB","",""
"873","48384","49380","40DF","40E1","40E2","4103","40EF","40F0","40D7","B994","4B73","40FB","40F2","40F3","40D3","40EC","",""
"874","48400","49396","708D","708B","7085","70AC","709E","70A4","708C","0340","955B","70AA","709B","7097","7081","709B","",""
"875","48416","49412","B9A5","B9A8","B9A7","B9C7","B9BE","B9BE","B99D","4B72","FC69","B9BF","B9B5","B9B6","B9A3","B9BA","",""
"876","48432","49428","0351","0348","0352","0366","0367","035E","0352","9563","2AD2","035E","035F","0360","034E","0364","",""
"877","48448","49444","4B7C","4B7C","4B74","4B85","4B73","4B74","4B74","FC5E","73EE","4B7B","4B74","4B6C","4B79","4B70","",""
"878","48464","49460","956B","9562","956D","958D","9585","9585","956C","2ADD","9DC8","9586","9571","9572","955F","9581","",""
"879","48480","49476","FC79","FC70","FC67","FCB3","FC9C","FC9D","FC67","73F5","E728","FCA6","FC94","FC9E","FC63","FC99","",""
"880","48496","49492","2AE2","2AE1","2AE2","2B05","2AF0","2AFA","2AE2","9DD1","2EFE","2AFA","2AE8","2AF2","2ADE","2AF9","",""
"881","48512","49508","7406","73FD","73F6","741D","740D","740E","73F6","E727","B48D","7415","740C","7406","73F2","7413","",""
"882","48528","49524","9DD8","9DD7","9DDA","9DF9","9DE6","9DE7","9DDA","2EFD","D255","9DF1","9DEB","9DE9","9DD4","9DED","",""
"883","48552","49548","E741","E72F","E730","E758","E74F","E753","E739","B482","2008","E747","E73E","E73F","E735","E74C","",""
"884","48568","49564","2F03","2F05","2EFA","2F0C","2EFA","2EFB","2EFA","D254","69AE","2EFB","2EFD","2EF3","2F00","2EF6","",""
"885","48584","49580","B49D","B48A","B48B","B4D4","B4C1","B4C9","B498","1FFE","B24D","B4CD","B4C0","B4BA","B491","B4C5","",""
"886","48600","49596","D265","D25C","D254","D29B","D292","D289","D25D","699E","FB02","D289","D280","D281","D25C","D285","",""
"887","48616","49612","2018","2006","2010","2046","2046","2047","2014","B240","443F","2047","203E","2036","2003","2043","",""
"888","48632","49628","69AD","69B8","69AD","69F2","69EB","69E3","69A7","FB04","8E0C","69E9","69DB","69E3","69A1","69E7","",""
"889","48648","49644","B251","B251","B249","B26E","B265","B266","B249","443D","D6C8","B266","B25D","B267","B245","B262","",""
"890","48664","49660","FB12","FB09","FB01","FB2A","FB23","FB24","FB01","8E13","17F9","FB1A","FB1C","FB12","FB06","FB20","",""
"891","48680","49676","444F","444D","4447","4474","4464","446C","4447","D6C7","5723","446C","445C","445D","4443","4468","",""
"892","48704","49700","8E1C","8E1C","8E20","8E3E","8E2A","8E2B","8E14","17ED","A019","8E2B","8E22","8E2C","8E18","8E30","",""
"893","48720","49716","D6D8","D6CF","D6D0","D700","D6F7","D6EF","D6D0","572C","E814","D6FB","D6F0","D6E7","D6D6","D6EB","",""
"894","48736","49732","1808","17FF","17F6","17FE","17F5","1800","17F6","A00C","32E2","1800","17F7","17EE","17F2","17FC","",""
"895","48752","49748","573D","572A","5735","5759","5754","5755","5735","E81C","7AA8","5755","5741","5749","5727","5750","",""
"896","48768","49764","A01D","A01F","A01F","A045","A03C","A03D","A01F","32E1","C3D8","A03D","A034","A035","A01B","A02F","",""
"897","48784","49780","E82D","E824","E825","E82D","E81B","E825","E81C","7AA7","0947","E825","E813","E814","E821","E821","",""
"898","48800","49796","32F2","32E8","32E1","3311","32FD","32FF","32E0","C3D6","565A","32FE","32FF","3301","32E5","3305","",""
"899","48816","49812","7AB8","7AAF","7AB9","7AB8","7AB8","7AB9","7AB9","094E","9FB3","7AB0","7AB0","7AB1","7AAC","7AAC","",""
"900","48832","49828","C3E7","C3DE","C3DF","C3DF","C3D6","C3DF","C3DF","5662","E964","C3DF","C3D6","C3D8","C3DB","C3DB","",""
"901","48848","49844","095F","0958","0959","0977","0970","0971","094F","9FB2","320F","096F","095E","095F","094B","096B","",""
"902","48864","49860","5673","566D","5662","566A","5661","5662","5662","E963","7B7C","566B","5659","565A","565E","565E","",""
"903","48888","49884","9FC3","9FBA","9FBC","9FC4","9FB1","9FBC","9FBB","3217","A6ED","9FBC","9FA9","9FAA","9FB7","9FAE","",""
"904","48904","49900","E974","E962","E963","E993","E981","E982","E963","7B84","D450","E98B","E979","E983","E968","E987","",""
"905","48920","49916","321F","321F","3217","321F","3221","3217","3222","A6F6","1D3D","3217","3219","320F","321C","3213","",""
"906","48936","49932","7B95","7B8C","7B8D","7B8C","7B8C","7B8D","7B84","D43F","662F","7B84","7B7B","7B7C","7B80","7B80","",""
"907","48952","49948","A6FD","A6F4","A6F5","A6FD","A6F4","A6F5","A6F5","1D34","182F","A6F5","A6F6","A6F8","A6F1","A6F1","",""
"908","48968","49964","D45A","D458","D459","D45A","D458","D45F","D454","662E","47FA","D454","D43F","D450","D45D","D45D","",""
"909","48984","49980","1D4D","1D3C","1D3D","1D4D","1D3C","1D3D","1D45","1836","9577","1D45","1D34","1D35","1D41","1D41","",""
"910","49000","49996","663F","662D","6637","663F","6636","662E","6637","47F8","E10D","6637","662E","662F","6633","662A","",""
"911","49016","50012","183F","1836","1842","1858","1856","185A","183F","9570","26E9","1856","184D","1848","1833","184C","",""
"912","49032","50028","480E","47F8","4802","4803","4801","4803","4806","E112","629A","47FA","47F0","47F3","47FC","47F6","",""
"913","49048","50044","9589","9577","9581","95A9","9592","959E","957F","26E9","BA33","95A2","958D","958F","957E","959B","",""
"914","49072","50068","E123","E11A","E115","E123","E114","E115","E115","6299","0732","E11D","E10C","E10D","E117","E10E","",""
"915","49088","50084","26FA","26E7","26E7","26EF","26E7","26F2","26E7","BA3B","4C50","26E7","26DC","26E9","26E3","26E3","",""
"916","49104","50100","62B7","62A1","62AD","62B7","62A1","62AD","62A2","0731","8DC3","62AD","6299","629A","62A9","62A9","",""
"917","49120","50116","BA4B","BA46","BA45","BA66","BA5B","BA62","BA46","4C45","CF27","BA5E","BA54","BA4E","BA3A","BA52","",""
"918","49136","50132","0742","073B","073A","0762","0757","0758","073A","8DC2","14AB","0750","074F","0748","0736","0754","",""
"919","49152","50148","4C57","4C52","4C4B","4C5D","4C4D","4C4F","4C58","CF1E","5E2D","4C56","4C4D","4C47","4C4F","4C48","",""
"920","49168","50164","8DE0","8DCA","8DCB","8DD3","8DCA","8DCB","8DD4","14AC","D331","8DD4","8DC2","8DCC","8DD0","8DD0","",""
"921","49184","50180","CF2F","CF2E","CF27","CF37","CF2E","CF27","CF27","5E34","0EA9","CF27","CF1E","CF1F","CF2B","CF2B","",""
"922","49200","50196","14BB","14B2","14B3","14BB","14B2","14B4","14A9","D32A","5715","14A9","14A0","14AB","14AF","14AF","",""
"923","49216","50212","5E48","5E34","5E3F","5E48","5E34","5E35","5E35","0EA8","A385","5E35","5E34","5E2D","5E31","5E31","",""
"924","49232","50228","D33B","D332","D333","D353","D34A","D34B","D32C","571D","E9D3","D344","D342","D349","D32F","D347","",""
"925","49248","50244","0EC1","0EB8","0EB9","0ED6","0EDA","0ECE","0EB9","A38C","331E","0ECE","0EC5","0ED3","0EB9","0ED4","",""
"926","49272","50268","5726","571D","5726","572E","5725","571E","571E","E9D2","8068","571E","571D","5716","5722","571A","",""
"927","49288","50284","A39D","A38C","A395","A395","A38C","A395","A38D","331D","B8DD","A38D","A38C","A385","A395","A395","",""
"928","49304","50300","E9E3","E9D1","E9D2","E9E4","E9DA","E9D2","E9DB","8065","0EBC","E9DB","E9C9","E9D3","E9D8","E9D8","",""
"929","49320","50316","332E","3325","3326","332E","331C","3326","3326","B8DA","3BD2","3326","331D","331E","3322","3322","",""
"930","49336","50332","8076","806D","8066","808F","807D","807E","8066","0EBB","88B3","807E","807E","8080","806A","8083","",""
"931","49352","50348","B8F5","B8E9","B8E7","B90F","B909","B8FC","B8E9","3BDB","CE3B","B8FE","B8F0","B8FE","B8DE","B904","",""
"932","49368","50364","0ECC","0EC3","0EC4","0ECC","0EBB","0EBC","0EC4","88B2","17AB","0EC4","0EBB","0EBC","0EC0","0EB8","",""
"933","49384","50380","3BEB","3BE2","3BDA","3BE2","3BD9","3BDA","3BDA","CE31","93FA","3BE3","3BDB","3BDB","3BDF","3BD6","",""
"934","49400","50396","88BA","88B1","88BB","88BA","88BA","88BB","88B2","17B2","C0AA","88B2","88B2","88B3","88AE","88AE","",""
"935","49424","50420","CE42","CE39","CE44","CE4C","CE42","CE44","CE3A","93F1","09D9","CE3A","CE3A","CE3B","CE36","CE36","",""
"936","49440","50436","17C3","17B2","17B3","17C3","17B2","17B3","17BB","C09F","5360","17BB","17B2","17B6","17B7","17B7","",""
"937","49456","50452","9402","93F9","93FA","9438","9437","9430","9402","09D8","9C06","9438","9427","9430","93F6","942C","",""
"938","49472","50468","C0B9","C0A7","C0B1","C0E5","C0E6","C0DD","C0B1","5360","E4E9","C0E7","C0DE","C0D5","C0A4","C0D9","",""
"939","49488","50484","09F1","09E0","09E1","0A28","0A1F","0A20","09E9","9BF9","11B5","0A14","0A18","0A19","09DD","0A10","",""
"940","49504","50500","5375","5368","5369","53B0","539D","539E","536D","E4F2","59CA","539E","539E","53A0","5365","53A4","",""
"941","49520","50516","9C0A","9C0C","9C0D","9C33","9C2A","9C2B","9C02","11AD","A1DA","9C2C","9C18","9C23","9C0A","9C27","",""
"942","49536","50532","E4F9","E4FA","E4FB","E51B","E509","E513","E4F1","59C9","CDB3","E514","E501","E50B","E4ED","E506","",""
"943","49552","50548","11BE","11BC","11C0","1200","11F4","11F5","11BD","A1D9","FCEB","11F5","11E2","11ED","11B9","11E7","",""
"944","49568","50564","59E3","59DA","59DB","59F8","59F8","59F8","59DB","CDBB","45FD","59F8","59F0","59F0","59D7","59F4","",""
"945","49592","50588","A1E0","A1D7","A1D8","A1EA","A1E2","A1E2","A1E3","FCE2","8FE2","A1D8","A1DA","A1D0","A1D4","A1D4","",""
"946","49608","50604","CDCE","CDBA","CDC4","CDEE","CDD8","CDD9","CDC4","45F2","40AD","CDD9","CDDA","CDD1","CDB7","CDD5","",""
"947","49624","50620","FCFE","FCF2","FCEC","FCFB","FCEB","FD07","FCEC","8FED","72A0","FCEC","FCE2","FCEB","FCEF","FCEF","",""
"948","49640","50636","460E","4602","4605","4603","4604","45FB","45FB","40B2","BBBB","4603","45FC","45FE","4601","45F7","",""
"949","49656","50652","8FFB","8FE9","8FEA","9018","9006","9007","8FF1","72A6","056D","9010","900A","9000","8FEE","900B","",""
"950","49672","50668","40C5","40B4","40B5","40FE","40EA","40EB","40BB","BBAC","4DDA","40F6","40E9","40EA","40BC","40E7","",""
"951","49688","50684","72B3","72AB","72AD","72E1","72D8","72DB","72A2","0579","96CD","72E3","72D7","72DC","729E","72D5","",""
"952","49704","50700","BBC0","BBBD","BBBE","BBFE","BBED","BBF4","BBC1","4DDA","F034","BBE9","BBE1","BBEE","BBB3","BBF0","",""
"953","49720","50716","057F","0576","0577","05C2","05B9","05AD","057E","96C3","29DB","05BA","05B0","05B2","0574","05B3","",""
"954","49736","50732","4DEC","4DE2","4DEC","4E10","4E07","4E03","4DE3","F033","72CF","4E07","4DF7","4E01","4DDF","4DFE","",""
"955","49760","50756","96CF","96D6","96CD","96EC","96EC","96E2","96CF","29DD","BC39","96E3","96DB","96DA","96C8","96E1","",""
"956","49776","50772","F04F","F03B","F03C","F064","F05B","F064","F03C","72D7","0453","F05C","F05B","F054","F038","F058","",""
"957","49792","50788","29ED","29E5","29E5","2A0D","2A04","29FD","29ED","BC45","48F2","2A05","29F4","29F2","29EB","2A01","",""
"958","49808","50804","72DD","72DF","72D8","72FE","72F2","72FB","72D3","0454","97F1","7300","72ED","72F7","72D1","72FD","",""
"959","49824","50820","BC49","BC4B","BC4F","BC6F","BC60","BC61","BC43","48F9","F5C6","BC61","BC58","BC62","BC3F","BC5E","",""
"960","49840","50836","045B","0452","0458","045B","0452","0458","045C","97F4","2884","045D","044A","0452","045A","0459","",""
"961","49856","50852","490A","48F9","4902","490A","48F9","4902","48FA","F5C3","75F7","48FA","48F1","48FB","48F3","48F6","",""
"962","49872","50868","9801","97F4","9803","9828","9814","9820","9801","2883","BFD8","9820","9816","9817","97FD","981C","",""
"963","49888","50884","F5C9","F5CB","F5C1","F5C9","F5CB","F5CC","F5C1","75FF","E44E","F5C1","F5B8","F5C4","F5C8","F5BD","",""
"964","49912","50908","2894","2882","288C","2894","2882","288C","2883","BFCC","2D7C","2883","2883","2884","287F","287F","",""
"965","49928","50924","7607","7604","75FF","7607","7603","75FF","7608","0423","6F31","7608","75FF","75F7","7602","7602","",""
"966","49944","50940","BFE6","BFD1","BFD5","BFFE","BFEC","BFEC","E44C","51B7","AE53","BFF5","E444","BFEC","BFD0","BFEA","",""
"967","49960","50956","042C","042B","0424","0434","042B","042C","2D7A","9B8C","F629","042C","2D72","041C","0428","0420","",""
"968","49976","50972","51C5","51BB","51BD","51C5","51BB","51BD","6F32","E444","7084","51BC","6F29","51B4","51B3","51B3","",""
"969","49992","50988","9B94","9B90","9B93","9BB6","9BB1","9BA8","AE5B","2D72","9AEF","9BB1","AE6B","9BA0","9B8F","9BA5","",""
"970","50008","51004","E45C","E445","E44A","E452","E451","E452","F631","6F29","ED56","E44C","F628","E44E","E451","E451","",""
"971","50032","51028","2D82","2D78","2D7A","2D89","2D78","2D86","708C","AE52","371E","2D7A","709F","2D79","2D77","2D77","",""
"972","50048","51044","6F3A","6F38","6F39","6F41","6F38","6F32","9AF6","F628","7FD2","6F32","9AE4","6F31","6F2E","6F35","",""
"973","50064","51060","AE63","AE5D","AE5B","AE7A","AE75","AE72","ED55","7087","C908","AE72","ED4C","AE6A","AE4D","AE66","",""
"974","50080","51076","F642","F639","F631","F642","F630","F631","3726","9AEE","123D","F631","3732","F629","F62D","F637","",""
"975","50096","51092","7094","708B","708C","70AC","70A3","70A4","7FE3","ED4C","687C","70A4","7FD1","709C","7088","709F","",""
"976","50112","51108","9AF5","9AEC","9AF8","9AFF","9AF7","9AF8","C91A","3713","A6D8","9AF6","C911","9AE5","9AEA","9AF3","",""
"977","50128","51124","ED6A","ED5D","ED5E","ED66","ED5D","ED5E","124F","7FDA","CEFB","ED62","123C","ED56","ED51","ED51","",""
"978","50144","51140","3724","3725","371C","3743","3744","373B","6884","C907","185C","3745","6894","373D","3718","3737","",""
"979","50160","51156","7FE2","7FD9","7FE3","7FEB","7FD9","7FE3","A6E9","1246","6124","7FE3","A6F5","7FD2","7FD6","7FDF","",""
"980","50176","51172","C918","C90F","C91A","C918","C91C","C91A","CEF8","687B","AA6A","C91A","CEFA","C908","C90C","C916","",""
"981","50200","51196","124D","124E","124F","124D","124E","124F","1864","A6D7","2D6A","124F","1867","123D","124B","124B","",""
"982","50216","51212","6897","688D","688E","68AF","68A5","68A6","612C","CEFA","4C48","689D","6123","6895","6880","6899","",""
"983","50232","51228","A6F0","A6E7","A6E9","A70F","A6FD","A707","AA7E","185B","95BF","A6FE","AA73","A6F6","A6E4","A703","",""
"984","50248","51244","CF00","CEF7","CF03","CF0B","CEF7","CEF8","2D67","6123","D9B0","CEF8","2DCA","CEFB","CEFF","CEF4","",""
"985","50264","51260","186C","1863","1864","186C","186C","1864","4C48","AA73","271E","1864","4C7D","185C","1869","1860","",""
"986","50280","51276","6136","612B","6122","6136","612B","612C","95C7","2D5E","7061","612C","95FB","6124","612A","6128","",""
"987","50296","51292","AA84","AA71","AA72","AA84","AA71","AA72","D9AF","4C47","BA0C","AA7C","D9CD","AA6A","AA78","AA78","",""
"988","50312","51308","2D6F","2D66","2D67","2DDB","2DD2","2DD3","272E","95BE","02FB","2DD3","2735","2DD7","2D6E","2DDB","",""
"989","50328","51324","4C58","4C46","4C50","4C85","4C7C","4C86","7069","D9AF","4B70","4C7D","7076","4C80","4C44","4C82","",""
"990","50344","51340","95CF","95CF","95D0","9605","9603","9604","BA14","271D","8E57","95FD","BA23","95FF","95C3","95F9","",""
"991","50360","51356","D9B7","D9AE","D9B8","D9D5","D9CC","D9D6","0302","7058","CC89","D9CD","030D","D9C5","D9AB","D9D2","",""
"992","50384","51380","272E","272F","272E","2746","273D","2746","4B6F","BA13","144D","273E","4B64","273E","2722","2744","",""
"993","50400","51396","7071","7060","7061","7090","7086","7087","8E5F","02F6","5E97","707F","8E6A","7077","705D","707B","",""
"994","50416","51412","BA1C","BA13","BA1E","BA3C","BA2B","BA34","CC9A","4B6E","A6D0","BA36","CCB0","BA24","BA1C","BA32","",""
"995","50432","51428","030A","02FE","02F8","0326","0315","031E","1455","8E4B","EFFF","0316","144C","031A","02FB","0312","",""
"996","50448","51444","4B7F","4B76","4B78","4B80","4B6C","4B6F","5EA1","CC88","3A0E","4B6F","5EAB","4B67","4B74","4B74","",""
"997","50464","51460","8E5C","8E53","8E54","8E7B","8E7C","8E73","A6CE","144C","8278","8E73","A6CF","8E75","8E50","8E7A","",""
"998","50480","51476","CCA3","CC90","CC91","CCB8","CCAF","CCB0","EFFE","5E8D","CBC1","CCBA","F001","CCA8","CC8D","CCAC","",""
"999","50496","51492","1453","1454","1455","1453","1454","144B","3A0C","A6C5","1117","1455","3A1B","1450","1447","1447","",""
"1000","50512","51508","5E9E","5E95","5E9F","5EBC","5EB3","5EBD","828A","EFFE","5E1F","5EB4","8277","5EAC","5E9C","5EB9","",""
"1001","50528","51524","A6E0","A6CD","A6DA","A6D6","A6CD","A6D7","CBBD","3A0B","A774","A6D7","CBB4","A6CF","A6CA","A6D3","",""
"1002","50544","51540","F00F","EFFD","EFFE","F006","F006","EFFE","111F","8277","F0CD","EFFE","113D","EFFF","EFFA","EFFA","",""
"1003","50568","51564","3A1E","3A13","3A0C","3A36","3A2A","3A24","5E30","CBB4","1E16","3A24","5E1E","3A23","3A12","3A2A","",""
"1004","50584","51580","8291","827F","8280","8288","827F","828A","A77E","1120","4D19","8280","A772","8278","8288","827C","",""
"1005","50600","51596","CBCE","CBBC","CBC6","CBCE","CBC8","CBC6","F0C8","5E27","95FD","CBC6","F0C9","CBC1","CBC2","CBC2","",""
"1006","50616","51612","1131","111E","111F","114E","113B","113C","1E29","A772","DF6E","1146","1E15","1134","111B","1138","",""
"1007","50632","51628","5E2F","5E30","5E31","5E39","5E26","5E27","4D10","F0C9","9074","5E30","4CFF","5E1F","5E23","5E2C","",""
"1008","50648","51644","A783","A771","A772","A783","A771","A77B","9605","1E15","BF88","A772","95FC","A773","A778","A778","",""
"1009","50664","51660","F0DB","F0C7","F0D3","F0DB","F0D1","F0C8","DF77","4CFF","0F08","F0D2","DF7C","F0CB","F0CE","F0CE","",""
"1010","50680","51676","1E2F","1E1D","1E1E","1E2F","1E1D","1E1E","907C","95FC","5AF2","1E29","9073","1E1F","1E24","1E24","",""
"1011","50696","51692","4D18","4D18","4D1F","4D18","4D20","4D1F","BF9A","DF64","9D2E","4D10","BF91","4D19","4D16","4D16","",""
"1012","50712","51708","9605","95FC","95FD","9605","95FC","95FD","0F08","906A","EAE7","95FD","0F1B","95FD","95F9","95F9","",""
"1013","50736","51732","DF75","DF76","DF87","DF8D","DF9F","DF9D","5AFA","BF91","379F","DF8F","5AF1","DF8E","DF73","DF9C","",""
"1014","50752","51748","9085","907B","907C","9084","907C","907C","9D28","0EFF","6F68","907D","9D2D","906B","906F","9078","",""
"1015","50768","51764","BF98","BF8F","BF90","BFA2","BF8F","BF90","EAE3","5AF1","C628","BF9A","EAFE","BF88","BF8C","BF8C","",""
"1016","50784","51780","0F17","0F0E","0F0F","0F38","0F2F","0F30","37B0","9D2D","07B0","0F24","37BD","0F27","0F0C","0F20","",""
"1017","50800","51796","5B02","5AF9","5AFA","5B0C","5AF9","5B04","6F70","EAE6","4929","5AFA","6F67","5AFC","5AF5","5AF6","",""
"1018","50816","51812","9D3E","9D34","9D2D","9D3E","9D2C","9D2D","C630","37A7","8EA6","9D28","C629","9D2E","9D29","9D29","",""
"1019","50832","51828","EAF4","EAE3","EAEC","EB0E","EAFB","EB06","07B8","6F72","D8A5","EAFE","07B2","EAF6","EADF","EAF9","",""
"1020","50848","51844","37B8","37AF","37A7","37D7","37C5","37CF","4937","C621","50D4","37CF","4928","37BE","37AC","37CD","",""
"1021","50864","51860","6F83","6F7A","6F70","6F78","6F6F","6F70","8EB7","07AF","82DD","6F7B","8EAE","6F73","6F77","6F77","",""
"1022","50880","51876","C638","C62F","C630","C638","C627","C630","D8A4","4931","CBE1","C630","D8B2","C628","C62B","C625","",""
"1023","50896","51892","07C3","07BA","07B8","07C0","07AD","07AE","50E4","8EAE","19C0","07B8","510A","07B0","07B4","07AA","",""
"1024","50920","51916","493F","4939","493A","493F","4939","493A","82E5","D89B","5BBA","4937","831B","4929","4936","4936","",""
"1025","50936","51932","8EBF","8EAD","8EB7","8EBF","8EAD","8EB7","CBF2","50DB","A4CC","8EB7","CC18","8EA6","8EB3","8EB3","",""
"1026","50952","51948","D8AC","D8AC","D8AD","D8C3","D8C3","D8C4","19CA","82E5","F2FD","D8BB","19EB","D8BD","D8A0","D8B7","",""
"1027","50968","51964","50EC","50DB","50E6","5124","5119","511D","5BC2","CBE0","3745","511C","5BD4","510B","50D8","5119","",""
"1028","50984","51980","82ED","82E4","82EE","832A","8321","831B","A4CB","19B4","7FAE","831B","A4E2","8313","82ED","8321","",""
"1029","51000","51996","CBFA","CBF1","CBE9","CC29","CC29","CC2B","F30D","5BB9","A715","CC21","F332","CC24","CBEE","CC1D","",""
"1030","51016","52012","19CC","19C9","19C4","19FC","19F3","19FD","3756","A4CB","FBB2","19FD","3761","19EC","19C4","19F0","",""
"1031","51032","52028","5BC4","5BC1","5BBC","5BEF","5BDC","5BDD","7FB6","F2FC","4121","5BDD","7FA4","5BDD","5BBF","5BD9","",""
"1032","51048","52044","A4D3","A4D3","A4D6","A4F2","A4E0","A4EA","A726","374D","8B9C","A4EA","A73B","A4E2","A4D0","A4DD","",""
"1033","51072","52068","F315","F304","F30D","F34B","F342","F33B","FBAE","7FA4","1021","F33B","FBA5","F33F","F301","F337","",""
"1034","51088","52084","375E","374C","3756","3778","3769","3770","4120","A714","3E1C","3770","4117","3768","3752","3766","",""
"1035","51104","52100","7FB6","7FAC","7FB6","7FBE","7FB5","7FAE","8BAB","FBA5","874E","7FAF","8BC2","7FA7","7FB3","7FAA","",""
"1036","51120","52116","A725","A71C","A71D","A742","A739","A73A","1033","4115","D105","A744","1057","A73C","A723","A740","",""
"1037","51136","52132","FBB6","FBAD","FBAE","FBBF","FBAD","FBB7","3E24","8BA5","1984","FBBA","3E46","FBAF","FBAA","FBAA","",""
"1038","51152","52148","4128","4128","4120","4131","411F","4120","8756","1020","6259","4120","877A","4118","4124","4124","",""
"1039","51168","52164","8BAC","8BA3","8BA4","8BD2","8BC1","8BCA","D103","3E12","AB8C","8BCA","D139","8BC2","8BA7","8BC6","",""
"1040","51184","52180","1031","1032","1029","1068","1068","1060","198C","874D","F555","1069","1999","1058","102F","105C","",""
"1041","51200","52196","3E23","3E24","3E1B","3E57","3E58","3E4F","6261","D0FA","3E69","3E4F","626E","3E47","3E20","3E55","",""
"1042","51216","52212","8755","874C","874D","8794","8782","8783","AB9D","197B","6BE0","878F","ABAA","877B","8754","877F","",""
"1043","51240","52236","D10B","D102","D103","D14A","D137","D144","F55C","6260","7BF5","D144","F56B","D130","D0FF","D134","",""
"1044","51256","52252","1994","198B","198C","19B2","19A1","19A2","3E71","AB8B","BFE2","19AA","3E91","199A","198A","19A6","",""
"1045","51272","52268","6271","6260","6261","628A","6276","6277","6BE9","F549","0F81","6281","6BFC","627A","625D","6273","",""
"1046","51288","52284","AB9C","AB93","AB9D","ABBB","ABBA","ABB3","7C08","3E72","B46E","ABBB","7BFB","ABAB","AB90","ABB7","",""
"1047","51304","52300","F55A","F55B","F55C","F573","F573","F574","BFF6","6BDF","EFF8","F574","BFE7","F56C","F558","F570","",""
"1048","51320","52316","3E83","3E7D","3E7B","3EA2","3E8F","3E90","0F89","7BF3","38FF","3E9A","0FA7","3E92","3E6D","3E96","",""
"1049","51336","52332","6BE6","6BDD","6BDE","6C05","6C04","6BFD","B46F","BFE7","82DE","6BFD","B46D","6BF5","6BDA","6C01","",""
"1050","51352","52348","7C0C","7BFB","7C04","7C0C","7C08","7BFD","F000","0F80","E08C","7C07","EFED","7BF5","7BF8","7BF8","",""
"1051","51368","52364","BFEE","BFE5","BFF5","BFFF","BFE5","BFF5","390F","B46D","15DB","BFE8","390A","BFE2","BFF3","BFE3","",""
"1052","51384","52380","0F95","0F88","0F89","0FB8","0FA7","0FA8","82ED","EFED","6EF8","0FA8","8303","0FA0","0F85","0FA4","",""
"1053","51408","52404","B47E","B47A","B46F","B47E","B475","B46F","E094","3909","A8EC","B46F","E0BA","B467","B476","B46B","",""
"1054","51424","52420","F008","EFFF","EFF6","F008","EFFF","EFF6","15E3","82E4","F141","F000","160F","EFEE","EFFD","EFFD","",""
"1055","51440","52436","391B","3911","3910","391B","3911","3910","6F00","E081","3A22","390F","6F2F","3908","390E","3902","",""
"1056","51456","52452","82F4","82E5","82EC","8308","82FF","8303","A8F4","15CD","84CF","830A","A922","82F8","82E2","82FC","",""
"1057","51472","52468","E09C","E093","E08A","E0CB","E0C2","E0C3","F154","6F02","CCA4","E0C3","F168","E0BB","E086","E0BF","",""
"1058","51488","52484","15EB","15E2","15D6","1621","1617","1618","3A2A","A8EB","2404","1618","3A44","1610","15DF","160D","",""
"1059","51504","52500","6F13","6F0A","6F0B","6F48","6F3F","6F43","84D0","F140","59CF","6F40","8509","6F30","6EFC","6F34","",""
"1060","51520","52516","A8FC","A8F3","A8F4","A92A","A921","A92D","CCAE","3A2A","A653","A92B","CCBA","A91A","A8E8","A927","",""
"1061","51536","52532","F15B","F155","F149","F179","F166","F167","2414","84CE","EFBE","F171","240B","F15F","F14F","F163","",""
"1062","51552","52548","3A3D","3A29","3A33","3A55","3A42","3A43","59CE","CCAA","39F9","3A4D","59EC","3A45","3A33","3A3F","",""
"1063","51568","52564","84E2","84D6","84D0","8518","8505","8510","A662","240B","821D","8510","A663","84FE","84CC","850C","",""
"1064","51592","52588","CCAD","CCA4","CCA5","CCD5","CCC2","CCCF","EFB8","59CF","CB55","CCC3","EFB1","CCBB","CCAA","CCC9","",""
"1065","51608","52604","2414","240B","240C","2414","240B","2414","39F8","A661","14B2","2414","3A19","2404","2410","2410","",""
"1066","51624","52620","59D2","59CD","59CE","59FC","59F1","59EB","8225","EFBA","5E66","59EC","8219","59EC","59CC","59E5","",""
"1067","51640","52636","A66E","A65F","A668","A65F","A65F","A666","CB5D","39F1","CCA2","A662","CB65","A653","A665","A659","",""
"1068","51656","52652","EFCD","EFC3","EFC5","EFCD","EFB8","EFC5","14BA","8225","021C","EFC6","14BA","EFB0","EFB5","EFB5","",""
"1069","51672","52668","3A0B","3A03","39F8","3A2B","3A21","3A18","5E79","CB65","4B57","3A22","5E7B","3A1A","39FF","3A20","",""
"1070","51688","52684","8224","822B","821C","8233","8225","821C","CCAD","14B1","94FC","8225","CCD5","8215","822A","8221","",""
"1071","51704","52700","CB64","CB6B","CB5C","CB64","CB6B","CB5C","0227","5E66","DFCB","CB5D","0251","CB5D","CB69","CB69","",""
"1072","51720","52716","14C6","14B9","14C4","14C6","14B9","14C4","4B56","CC9A","17CF","14BA","4B8D","14B2","14B6","14B6","",""
"1073","51744","52740","5E7C","5E6E","5E74","5E98","5E84","5E8E","9501","021E","6172","5E91","952F","5E7E","5E71","5E8B","",""
"1074","51760","52756","CCAB","CCA2","CCAA","CCE6","CCD2","CCDE","DFD3","4B57","A59D","CCD3","E004","CCD6","CC9F","CCCF","",""
"1075","51776","52772","0224","0223","0224","0259","0250","0251","17E1","94F0","F2D3","025A","17F9","0252","0220","0258","",""
"1076","51792","52788","4B67","4B55","4B5F","4BA0","4B8B","4B8C","616E","DFD3","3D17","4B94","6180","4B8C","4B52","4B88","",""
"1077","51808","52804","9501","94F8","94F9","9537","9537","9538","A59C","17CE","8545","952F","A5B0","9527","94F5","9534","",""
"1078","51824","52820","DFE6","DFDB","DFD3","E015","E00D","E00E","F2DB","616F","DE86","E00D","F2D1","E005","DFCF","E009","",""
"1079","51840","52836","17DF","17E0","17D7","1801","1800","17F9","3D26","A5A0","18FD","17F9","3D3A","17FC","17D3","17FD","",""
"1080","51856","52852","6180","616D","6178","6191","6187","6188","8546","F2E0","60FF","6188","8548","6180","616A","6185","",""
"1081","51872","52868","A5AB","A5A3","A59D","A5CA","A5C4","A5C1","DE8E","3D1D","AA63","A5C4","DE8D","A5BB","A5A2","A5BE","",""
"1082","51888","52884","F2E3","F2E6","F2DB","F2EC","F2D9","F2E5","1905","8548","F376","F2DB","1921","F2D3","F2E0","F2D8","",""
"1083","51912","52908","3D33","3D1E","3D26","3D4C","3D42","3D43","6107","DE8D","3D57","3D43","6109","3D2F","3D22","3D3F","",""
"1084","51928","52924","854E","8550","8546","854E","8550","8546","AA70","18F0","AAC8","854D","AA5C","8545","8540","854B","",""
"1085","51944","52940","DE9E","DE8D","DE8E","DE96","DE8D","DE96","F37E","6109","CBB1","DE96","F380","DE86","DE8A","DE92","",""
"1086","51960","52956","1901","18F8","1905","1927","191E","1928","3D5F","AA5C","16BB","1928","3D69","1921","18F5","1924","",""
"1087","51976","52972","6117","6107","6113","611B","6112","610F","AAD0","F380","5DBC","610F","AB09","6107","610E","6103","",""
"1088","51992","52988","AA6A","AA64","AA6B","AA6A","AA6C","AA6B","CBB2","3D56","A680","AA6D","CBD8","AA65","AA60","AA67","",""
"1089","52008","53004","F390","F37D","F388","F390","F37D","F388","16C1","AAD0","EB1B","F37E","171F","F376","F37D","F381","",""
"1090","52024","53020","3D5D","3D54","3D5F","3D73","3D71","3D73","5DBA","CBAA","397E","3D73","5DDE","3D6B","3D5B","3D6E","",""
"1091","52040","53036","AAE1","AACF","AADB","AB18","AB0F","AB10","A680","16BA","8491","AB10","A68E","AB0A","AAD7","AB03","",""
"1092","52056","53052","CBB3","CBAB","CBB4","CBF4","CBE1","CBEA","EB26","5DB3","CACF","CBEC","EB2F","CBE5","CBAE","CBDF","",""
"1093","52080","53076","16C1","16C0","16C5","1737","1730","1729","3984","A676","0D9E","1731","3993","1729","16B7","172C","",""
"1094","52096","53092","5DC0","5DBB","5DC7","5DEB","5DE3","5DE5","848D","EB1A","4E1A","5DE1","84A5","5DD2","5DB6","5DE2","",""
"1095","52112","53108","A68F","A685","A689","A69E","A69C","A696","CAD2","397C","9395","A696","CAD7","A68B","A683","A69B","",""
"1096","52128","53124","EB22","EB22","EB1A","EB40","EB37","EB41","0DA6","8488","DDEB","EB41","0DC4","EB30","EB16","EB34","",""
"1097","52144","53140","3980","3980","3986","399C","3993","3993","4E22","CAD5","5652","399C","4E37","3999","397F","398F","",""
"1098","52160","53156","849F","8490","8491","84BF","84AD","84AE","939D","0DA6","8E32","84AF","9394","84B0","848E","84B5","",""
"1099","52176","53172","CADF","CADE","CADC","CADF","CAE0","CAD8","DDE8","4E19","D75A","CADF","DDFE","CACF","CAD3","CADD","",""
"1100","52192","53188","0DB7","0DAE","0DA6","0DCD","0DCC","0DC5","564D","938A","2362","0DC5","5651","0DC8","0DAB","0DC9","",""
"1101","52208","53204","4E2A","4E21","4E22","4E53","4E3F","4E49","8E3A","DDDF","69F6","4E40","8E27","4E41","4E1E","4E3C","",""
"1102","52224","53220","93A5","939C","939D","939B","9392","939D","D76B","564F","B3AC","9393","D759","938B","938F","9399","",""
"1103","52240","53236","DDFA","DDE7","DDF2","DE18","DE06","DE10","2373","8E31","FE90","DE07","2378","DE08","DDF0","DE0F","",""
"1104","52264","53260","5655","5655","565A","5655","564C","5656","6A06","D759","40F9","564D","69F5","564E","5649","5652","",""
"1105","52280","53276","8E38","8E2F","8E3A","8E38","8E2F","8E3A","B3AA","2361","8EBB","8E30","B3BD","8E32","8E2C","8E2C","",""
"1106","52296","53292","D773","D76D","D76B","D76A","D761","D762","FE98","69FD","9C18","D76B","FE85","D75A","D75E","D75E","",""
"1107","52312","53308","2372","2369","2374","2392","2380","238C","4101","B3A9","E821","2381","40F8","2379","2366","237D","",""
"1108","52328","53324","6A0E","69FD","6A07","6A06","69FD","69FE","8ECE","FE8F","2E21","69FE","8EC7","69F6","69FA","69FA","",""
"1109","52344","53340","B3B2","B3B1","B3AA","B3CE","B3CF","B3C6","9C1F","40F8","77F1","B3C6","9C0D","B3C9","B3AE","B3C2","",""
"1110","52360","53356","FE96","FE97","FE8E","FEA0","FE8D","FE8E","E829","8EC5","E0E4","FE98","E825","FE86","FE94","FE94","",""
"1111","52376","53372","4111","4108","4109","4111","4108","4101","2E27","9C0D","2171","4109","2E16","40F9","40FD","40FD","",""
"1112","52392","53388","8ECB","8ECD","8EC3","8ECB","8EC2","8EC3","77F0","E825","6B49","8ECE","77FE","8EBB","8EBF","8EBF","",""
"1113","52408","53404","9C27","9C15","9C1F","9C27","9C15","9C1F","E0F7","2E16","B636","9C1F","E0F1","9C18","9C1C","9C1C","",""
"1114","52432","53428","E834","E82B","E829","E834","E82B","E829","2179","77E7","FD38","E829","2170","E821","E825","E825","",""
"1115","52448","53444","2E2F","2E26","2E1F","2E2F","2E26","2E27","6B51","E0EE","4678","2E1F","6B70","2E21","2E1B","2E1B","",""
"1116","52464","53460","7801","77F8","77F9","7818","780F","7807","B63C","2170","9355","7810","B635","7808","77EC","7803","",""
"1117","52480","53476","E0F4","E0F6","E0F7","E0FF","E0EB","E0F7","FD49","6B53","D917","E0F7","FD37","E0EF","E0F3","E0F3","",""
"1118","52496","53492","2189","2184","2181","2189","2184","2181","4681","B633","222F","2179","4677","2171","2175","217F","",""
"1119","52512","53508","6B59","6B5B","6B5C","6B78","6B78","6B70","935C","FD37","3F1B","6B70","9388","6B68","6B4D","6B75","",""
"1120","52528","53524","B644","B63B","B63C","B646","B63B","B633","D928","466E","6B47","B63E","D916","B62B","B62F","B62F","",""
"1121","52544","53540","FD50","FD3F","FD40","FD50","FD3F","FD40","2237","9353","B18D","FD40","222E","FD38","FD47","FD3C","",""
"1122","52560","53556","4688","467F","4677","468A","467F","4682","3F23","D921","FAF1","4681","3F1A","466F","4673","4673","",""
"1123","52576","53572","9364","935B","9352","9399","9390","9388","6B59","222E","D564","9391","6B46","9380","9358","938D","",""
"1124","52592","53588","D927","D929","D91F","D930","D927","D928","B195","3F1A","FDC4","D91F","B18C","D917","D91B","D924","",""
"1125","52608","53604","2247","2236","223F","223F","2236","223F","FB02","6B46","46D3","223F","FB11","222F","2233","2233","",""
"1126","52632","53628","3F2B","3F22","3F26","3F20","3F22","3F26","D56C","B18C","905F","3F18","D599","3F1B","3F22","3F22","",""
"1127","52648","53644","6B57","6B58","6B4F","6B57","6B5A","6B4F","FDCC","FAF9","D884","6B58","FE03","6B47","6B4B","6B4B","",""
"1128","52664","53660","B19D","B19D","B195","B19D","B19D","B195","46E2","D558","228F","B195","4706","B196","B19A","B19A","",""
"1129","52680","53676","FB02","FAF9","FAFA","FB1A","FB11","FB12","9067","FDCB","7ED7","FB1B","9074","FB08","FAF6","FB16","",""
"1130","52696","53692","D569","D560","D561","D5A0","D597","D5A2","D88C","46D2","B342","D598","D8AA","D59A","D568","D59E","",""
"1131","52712","53708","FDD4","FDCB","FDD4","FE09","FE00","FE0B","2297","906A","FB67","FE01","22C4","FE06","FDD0","FE07","",""
"1132","52728","53724","46E3","46DA","46DB","4722","470E","470F","7EDA","D883","4496","471A","7ED1","4707","46D7","4716","",""
"1133","52744","53740","9078","9066","9067","9085","9087","907D","B354","2285","8DAE","907D","B364","9080","9063","9079","",""
"1134","52760","53756","D89B","D892","D896","D8B1","D8A8","D8B3","FB6F","7ED8","D26F","D8B3","FB59","D8AD","D88F","D8A5","",""
"1135","52776","53772","22A0","2296","2297","22CB","22C2","22CD","449E","B341","0137","22CD","449E","22BB","228A","22BF","",""
"1136","52800","53796","7EE7","7EDE","7EDF","7EE9","7ED9","7EDA","8DB6","FB65","916F","7EDF","8DA4","7ED2","7EDB","7ED6","",""
"1137","52816","53812","B35C","B353","B354","B374","B36B","B363","D26E","4495","BC6B","B363","D264","B35B","B350","B368","",""
"1138","52832","53828","FB6A","FB61","FB62","FB76","FB61","FB62","013F","8DAD","0581","FB62","0136","FB66","FB6A","FB6A","",""
"1139","52848","53844","44AF","449D","449E","44AF","449D","449E","9177","D270","4F26","449E","91AA","4496","449A","449A","",""
"1140","52864","53860","8DB5","8DB5","8DAD","8DB5","8DAC","8DAD","BC7D","0136","97C1","8DAD","BCA1","8DA5","8DB2","8DB2","",""
"1141","52880","53876","D27E","D276","D276","D27E","D276","D277","0589","9174","C1BD","D278","05AD","D271","D269","D269","",""
"1142","52896","53892","0152","013E","013F","0152","013E","013F","4F38","BC6A","0B31","013F","4F65","0137","0145","0145","",""
"1143","52912","53908","9185","9176","9177","91BB","91AC","91AD","97BF","0577","546C","91AD","97DD","91A5","9173","91A9","",""
"1144","52928","53924","BC86","BC72","BC7E","BCB2","BCB2","BCB3","C1CE","4F25","9D35","BCAA","C1DE","BCAE","BC6F","BCB0","",""
"1145","52944","53940","0591","0588","0589","05BE","05BD","05BE","0B39","97B6","E5D0","05BE","0B4F","05B6","057C","05B2","",""
"1146","52968","53964","4F40","4F2D","4F39","4F6D","4F64","4F6E","5474","C1BC","306D","4F6E","547A","4F66","4F34","4F61","",""
"1147","52984","53980","97D1","97BE","97C9","97EE","97DD","97E6","9D3D","0B3A","784E","97E6","9D52","97DE","97C8","97DA","",""
"1148","53000","53996","C1D7","C1C4","C1CF","C1EE","C1DC","C1E6","E5D8","546C","E380","C1E6","E5D2","C1D5","C1C1","C1D9","",""
"1149","53016","54012","0B4B","0B38","0B43","0B60","0B57","0B62","3075","9D3D","1793","0B58","3081","0B5A","0B42","0B54","",""
"1150","53032","54028","547C","5473","546C","5494","548B","548D","7856","E5C5","6567","5483","784F","547B","5468","547F","",""
"1151","53048","54044","9D45","9D45","9D49","9D6D","9D62","9D63","E37F","306C","AEA1","9D65","E39D","9D53","9D43","9D62","",""
"1152","53064","54060","E5E3","E5D7","E5DB","E5D6","E5CD","E5CE","17A5","784D","F895","E5CE","179F","E5C6","E5CA","E5D4","",""
"1153","53080","54076","307D","306C","306D","309C","3093","308A","6577","E376","4116","3097","6567","3082","3069","3086","",""
"1154","53096","54092","785F","7855","7856","7854","7857","784C","AEA9","179F","8A60","7857","AEA1","784E","7852","7853","",""
"1155","53112","54108","E390","E38A","E388","E3AE","E3A8","E3A6","F89D","6567","E46B","E39D","F8A9","E395","E384","E3A2","",""
"1156","53136","54132","17AD","17A4","17A6","17AD","17A7","17A5","411E","AEA1","1D03","179B","4117","179D","17A1","17A2","",""
"1157","53152","54148","657D","656E","656F","6577","6576","656F","8A6B","F895","664F","6576","8A57","6567","656B","656B","",""
"1158","53168","54164","AEA7","AE9C","AEAB","AEA7","AE9C","AEAB","E473","4121","AF73","AEA8","E487","AEA0","AE9A","AE9A","",""
"1159","53184","54180","F8A4","F89A","F8A2","F8C5","F8B5","F8BD","1D0B","8A61","F89D","F8B5","1D00","F8B3","F8A2","F8BA","",""
"1160","53200","54196","4127","411C","411F","4133","412A","411F","664E","E473","41E6","412A","664F","4116","4125","411A","",""
"1161","53216","54212","8A71","8A5C","8A68","8A70","8A5C","8A5F","AF7C","1CF8","A5E0","8A6B","AF72","8A60","8A5A","8A5A","",""
"1162","53232","54228","E47B","E472","E473","E498","E48F","E499","F8AE","664F","D83B","E490","F8A4","E491","E479","E497","",""
"1163","53248","54244","1D0B","1D00","1D03","1D0B","1D00","1D03","41E6","AF72","2311","1D00","41E5","1D05","1CFF","1CFF","",""
"1164","53264","54260","6656","664C","664E","6656","6658","664E","A5F0","F89A","618D","6657","A5F6","6646","6645","6645","",""
"1165","53280","54276","AF7A","AF78","AF78","AF7A","AF78","AF72","D84A","41E5","B73D","AF7B","D835","AF73","AF77","AF77","",""
"1166","53296","54292","F8AD","F8AD","F8AD","F8AD","F8AD","F8AD","231C","A5E7","FEC3","F8AE","2307","F8A6","F8AB","F8AB","",""
"1167","53320","54316","41EE","41ED","41EE","41EE","41ED","41EE","619C","D835","4828","41EE","61AA","41E6","41EB","41EB","",""
"1168","53336","54332","A5F8","A5E7","A5F0","A611","A5FE","A609","B745","2307","93BD","A609","B73C","A5F7","A5E4","A5FB","",""
"1169","53352","54348","D852","D842","D83E","D84B","D842","D83E","FECB","618C","DB25","D83E","FEBB","D83B","D83A","D83F","",""
"1170","53368","54364","2324","230F","2319","2318","230F","2319","4837","B73C","1C5B","2319","482E","2308","2315","2315","",""
"1171","53384","54380","619D","619B","6195","61BB","61B9","61B3","93CD","FEC2","5C36","61BA","93D4","61AB","6191","61AF","",""
"1172","53400","54396","B757","B74E","B74F","B74D","B74E","B74F","DB3B","482E","A35E","B745","DB44","B747","B741","B74B","",""
"1173","53416","54412","FECC","FEC3","FECB","FECC","FECD","FECB","1C66","93BC","EC92","FECB","1C53","FEC3","FEC7","FEC7","",""
"1174","53432","54428","483F","482F","4830","483F","482F","4830","5C45","DB2F","605C","4837","5C3C","4828","482C","482C","",""
"1175","53448","54444","93D7","93CF","93C5","93EE","93E8","93DD","A366","1C53","9982","93E6","A353","93D5","93C9","93E2","",""
"1176","53464","54460","DB35","DB2C","DB2D","DB55","DB57","DB4D","ECA2","5C3C","E2E4","DB56","EC91","DB45","DB34","DB49","",""
"1177","53488","54484","1C63","1C65","1C5A","1C63","1C5B","1C64","606A","A353","2CDC","1C66","6061","1C5C","1C62","1C62","",""
"1178","53504","54500","5C46","5C47","5C3E","5C50","5C47","5C3E","998A","EC91","7481","5C45","99A2","5C36","5C41","5C43","",""
"1179","53520","54516","A371","A365","A366","A371","A365","A366","E2E1","6061","B25B","A366","E302","A35E","A362","A358","",""
"1180","53536","54532","ECA2","EC99","ECA6","ECA2","EC99","ECA6","2CE5","9989","0701","ECA2","2CD1","EC92","EC96","EC96","",""
"1181","53552","54548","6074","6063","606A","6074","6063","606A","748A","E2D8","52B2","606A","7480","605C","6068","6068","",""
"1182","53568","54564","999A","9989","9992","99B3","99A0","99AB","B263","2CDE","9A0A","99A1","B25A","9999","9990","99A7","",""
"1183","53584","54580","E2F6","E2E0","E2E1","E308","E30A","E309","070D","7480","C23C","E309","0700","E2F8","E2E8","E2FC","",""
"1184","53600","54596","2CE2","2CE4","2CDA","2CE2","2CE3","2CE4","52BA","B25A","0D46","2CE4","52C9","2CDC","2CE0","2CD6","",""
"1185","53616","54612","7488","7488","7480","7488","747F","7480","9A1D","0702","549B","748A","9A27","7478","747C","747C","",""
"1186","53632","54628","B262","B262","B25A","B262","B262","B25A","C24D","52A9","9DBF","B263","C23B","B252","B261","B261","",""
"1187","53648","54644","0711","06FF","0700","0711","06FF","0700","0D4E","9A12","26AB","070D","0D4D","06F8","06FC","06FC","",""
"1188","53664","54660","52C2","52B1","52BA","52DA","52C8","52D2","549A","C244","4417","52D2","5491","52CA","52AE","52C5","",""
"1189","53680","54676","9A25","9A1A","9A1B","9A42","9A39","9A3A","9DC7","0D4F","8D23","9A3A","9DC8","9A32","9A17","9A2C","",""
"1190","53704","54700","C24C","C24C","C244","C255","C243","C244","26B3","5491","D6CF","C24D","26EB","C23C","C240","C240","",""
"1191","53720","54716","0D56","0D57","0D58","0D56","0D4D","0D58","441E","9DC8","2047","0D56","4454","0D50","0D4A","0D4A","",""
"1192","53736","54732","54AB","5499","549A","54A2","5499","549A","8D2B","26B6","6834","549A","8D63","5492","549F","5496","",""
"1193","53752","54748","9DCF","9DCF","9DC7","9DCF","9DD0","9DC7","D6E0","441F","B1E2","9DC7","D70A","9DBF","9DCC","9DCC","",""
"1194","53768","54764","26C7","26BE","26B3","26F2","26F5","26EA","205A","8D2E","F616","26EA","207F","26E2","26BB","26F2","",""
"1195","53784","54780","442C","441F","4427","445D","445A","4456","683D","D6CD","434A","445D","684A","4456","4423","4450","",""
"1196","53800","54796","8D35","8D2E","8D2B","8D75","8D6C","8D6B","B1EB","2048","8611","8D61","B1FE","8D66","8D2B","8D60","",""
"1197","53816","54812","D6E8","D6DD","D6D7","D710","D713","D708","F612","682C","C335","D70C","F62F","D709","D6D0","D713","",""
"1198","53832","54828","2055","204E","2059","209A","2086","2087","4356","B1E6","0BF9","2091","4349","207F","204B","2083","",""
"1199","53848","54844","6845","6832","6836","6865","6852","6859","8611","F609","565F","6852","8625","684C","6837","6857","",""
"1200","53864","54860","B1F6","B1F4","B1EE","B215","B20F","B205","C33D","4340","A1A4","B211","C334","B206","B1F2","B202","",""
"1201","53888","54884","F61A","F611","F61B","F640","F62F","F638","0BF7","8608","E6D1","F630","0BEE","F630","F60E","F638","",""
"1202","53904","54900","435A","4348","4354","4351","434E","4349","5667","C33D","2F86","434A","5686","433C","4346","4346","",""
"1203","53920","54916","8619","8610","8611","8636","862D","8638","A1A3","0BEE","795C","862E","A19A","8626","8617","862A","",""
"1204","53936","54932","C34E","C33C","C346","C345","C345","C346","E6E1","5666","C77E","C346","E6D0","C341","C342","C345","",""
"1205","53952","54948","0C09","0BF6","0BF7","0C09","0BF6","0C01","2F8E","A1A3","0BEB","0C01","2F85","0BF9","0BF3","0BF3","",""
"1206","53968","54964","5677","5670","566F","568D","568E","568C","796D","E6D0","7C2A","5685","7974","5684","566D","568B","",""
"1207","53984","54980","A1B4","A1AB","A1AD","A1B4","A1A2","A1A3","C791","2F85","BDE8","A1AD","C79F","A19B","A19F","A19F","",""
"1208","54000","54996","E6E9","E6E0","E6E1","E6E9","E6E0","E6E1","0BF3","795B","07C7","E6E1","0C03","E6D1","E6DD","E6DD","",""
"1209","54016","55012","2F96","2F84","2F8E","2F96","2F84","2F8E","7C32","C77D","309A","2F85","7C7F","2F86","2F81","2F81","",""
"1210","54032","55028","796C","7963","7964","7985","7984","797D","BDF0","0BF4","613F","7985","BDDE","7975","7960","7979","",""
"1211","54048","55044","C78E","C785","C786","C7B4","C79D","C7A8","07CF","7C29","A903","C79E","07E8","C7A0","C78D","C79A","",""
"1212","54064","55060","0C08","0BFC","0BF3","0C1D","0C0B","0C0C","30AB","BDE7","F1C5","0C0C","30A5","0C04","0BF9","0C08","",""
"1213","54088","55084","7C44","7C3B","7C32","7C87","7C7E","7C7F","6147","07D4","7A81","7C88","614D","7C77","7C2E","7C7B","",""
"1214","54104","55100","BDEF","BDF0","BDE7","BDFB","BDF0","BDE7","A90B","30A2","AEC5","BDF3","A902","BDEB","BDED","BDEC","",""
"1215","54120","55116","07E5","07DC","07CF","07F1","07F4","07E9","F1CD","6136","F862","07E9","F1C4","07ED","07D6","07ED","",""
"1216","54136","55132","30AA","30AA","30A2","30AA","30AA","30AB","7A96","A904","4124","30AB","7A8A","309A","309E","30A7","",""
"1217","54152","55148","6147","614A","613F","6168","6155","6161","AED0","F1C4","8A3E","6160","AEBC","614E","6147","6152","",""
"1218","54168","55164","A913","A90A","A90B","A913","A901","A90B","F86C","7A8B","D39C","A90B","F880","A8FA","A90B","A907","",""
"1219","54184","55180","F1DE","F1CC","F1CD","F1DE","F1CC","F1D6","4123","AEC4","FD1B","F1CD","4123","F1C5","F1D3","F1C9","",""
"1220","54200","55196","7A9B","7A88","7A89","7A91","7A88","7A89","8A46","F858","47AC","7A93","8A45","7A81","7A85","7A92","",""
"1221","54216","55212","AECD","AEC4","AECD","AED5","AEC4","AED0","D3A4","411A","8FB7","AECD","D393","AEBD","AEC9","AECC","",""
"1222","54232","55228","F869","F86B","F86A","F888","F87F","F880","FD26","8A45","D203","F880","FD1A","F880","F869","F884","",""
"1223","54256","55252","412B","412B","412C","412B","412B","412C","47B4","D393","0D0B","4123","47D8","411B","411F","4128","",""
"1224","54272","55268","8A56","8A45","8A4E","8A56","8A4D","8A4E","8FBF","FD1A","5175","8A46","8FB6","8A46","8A4A","8A42","",""
"1225","54288","55284","D3AC","D3A3","D3A4","D3AC","D3A3","D3A4","D20B","47A2","9F06","D3A4","D202","D39C","D398","D3A0","",""
"1226","54304","55300","FD21","FD18","FD23","FD21","FD18","FD23","0D09","8FB6","3678","FD26","0D00","FD1B","FD1F","FD1F","",""
"1227","54320","55316","47BC","47AA","47AB","47F3","47E0","47E1","5187","D1F9","6D4D","47EA","517E","47E2","47A7","47DD","",""
"1228","54336","55332","8FBD","8FBE","8FB5","8FC7","8FBE","8FB5","9F0E","0D00","B68D","8FB5","9F0F","8FB7","8FB1","8FB1","",""
"1229","54352","55348","D213","D201","D202","D20A","D20B","D20B","368B","517E","0038","D20B","36B4","D204","D1FE","D207","",""
"1230","54368","55364","0D11","0D12","0D13","0D1B","0D12","0D13","6D5A","9F0F","48AB","0D09","6D90","0D0B","0D05","0D0F","",""
"1231","54384","55380","5185","5186","5187","5185","5186","5187","B694","3682","9196","5187","B6BB","5175","5179","5183","",""
"1232","54408","55404","9F16","9F0D","9F18","9F16","9F0D","9F18","0038","6D4D","DADB","9F0E","006F","9F06","9F0A","9F14","",""
"1233","54424","55420","3693","367F","368C","36C5","36B7","36BD","48BF","B68D","2481","36BD","48D2","36B0","367C","36B4","",""
"1234","54440","55436","6D6B","6D58","6D59","6D98","6D90","6D97","9198","0038","6D4C","6D90","91AB","6D88","6D55","6D95","",""
"1235","54456","55452","B6A0","B697","B699","B6CE","B6C4","B6C6","DAE3","48B3","9C7D","B6CE","DAF5","B6C6","B689","B6C2","",""
"1236","54472","55468","004B","0037","0043","007F","0077","0077","2494","919A","CABC","0076","24A3","006E","003F","0075","",""
"1237","54488","55484","48C6","48BC","48BD","48DC","48D0","48D3","6D55","DADD","1241","48DC","6D74","48CA","48BB","48D5","",""
"1238","54504","55500","91AB","91A0","919D","91BB","91B3","91BC","9C8E","248D","B1B7","91B3","9C7C","91A9","919D","91B0","",""
"1239","54520","55516","DAE9","DADD","DAE1","DB04","DB05","DB00","CAD0","6D4F","DEF3","DAFE","CAD9","DB01","DADC","DAFC","",""
"1240","54536","55532","2493","2489","2496","24AB","24A3","24A5","1249","9C88","2CF0","24AC","124A","24A5","2486","24AB","",""
"1241","54552","55548","6D61","6D5D","6D60","6D82","6D74","6D7E","B1C9","CABB","78D0","6D75","B1F6","6D74","6D59","6D72","",""
"1242","54568","55564","9C8D","9C8D","9C8F","9C8D","9C8E","9C8E","DEFB","124A","C0E4","9C85","DF13","9C89","9C81","9C8B","",""
"1243","54584","55580","CAD6","CACD","CAC4","CAF4","CAEB","CAED","2CF9","B1B6","08CA","CAEE","2CFE","CADA","CACA","CAE8","",""
"1244","54608","55604","1251","1248","1253","125B","1248","1254","78CC","DEFD","5371","1253","78DC","1241","1245","1252","",""
"1245","54624","55620","B1CD","B1BE","B1CA","B207","B1F4","B1F5","C0EC","2CEF","9E6B","B1FF","C0EB","B1ED","B1BB","B1FB","",""
"1246","54640","55636","DF09","DEFB","DF01","DF19","DF11","DF11","08CB","78CB","E5FC","DF12","08E3","DF0A","DEFF","DF15","",""
"1247","54656","55652","2D00","2CFA","2CEF","2D0F","2D06","2D10","537D","C0EB","141B","2D10","5374","2D08","2CEB","2D0F","",""
"1248","54672","55668","78DC","78D7","78CC","78ED","78E4","78E5","9E69","08C9","2229","78ED","9EA0","78DD","78D3","78EC","",""
"1249","54688","55684","C0F4","C0EB","C0F4","C0F4","C0EB","C0F4","E604","5368","6B5E","C0F4","E5FF","C0EC","C0F0","C0E8","",""
"1250","54704","55700","08DA","08CA","08CB","08F4","08EB","08EC","1419","9E69","B3A9","08E2","141A","08E4","08C7","08E8","",""
"1251","54720","55716","5381","5370","537D","5381","5370","5379","222F","E5F2","5A76","5371","221F","5369","5375","536D","",""
"1252","54744","55740","9E7A","9E68","9E72","9EA7","9E9E","9EA9","6B66","141A","949C","9E9F","6B5E","9E97","9E6E","9E9B","",""
"1253","54760","55756","E603","E603","E5FB","E60C","E603","E604","B3BD","221F","DDB1","E5FB","B3B3","E5F3","E5F7","E5F7","",""
"1254","54776","55772","1421","1422","1423","142B","1422","1423","5A7E","6B5E","2116","1423","5A75","141B","1415","1415","",""
"1255","54792","55788","223A","2223","2231","223A","2223","2232","94A5","B3B3","7044","2228","94A8","2228","2227","2222","",""
"1256","54808","55804","6B78","6B71","6B70","6B79","6B62","6B71","DDC0","5A75","C7FE","6B6F","DDBA","6B69","6B61","6B61","",""
"1257","54824","55820","B3C4","B3B3","B3BB","B3C4","B3BC","B3AF","2127","94A8","01A8","B3BD","214A","B3A9","B3B8","B3BA","",""
"1258","54840","55836","5A86","5A7D","5A72","5A86","5A7D","5A72","7040","DDBA","55B3","5A7E","7038","5A6A","5A6E","5A6E","",""
"1259","54856","55852","94AD","94B0","94B0","94AD","94B0","94B0","C806","2115","952B","94A5","C80C","949C","94AC","94AC","",""
"1260","54872","55868","DDC9","DDC0","DDC0","DDC9","DDC0","DDC0","01AC","7041","DC99","DDC0","01BB","DDB1","DDB0","DDB0","",""
"1261","54888","55884","2130","2126","211E","2165","215C","2153","55BB","C803","26A8","215D","55C0","214B","211A","214F","",""
"1262","54912","55908","7049","7049","7040","7049","704A","7047","9531","019C","6F19","7040","9562","7039","7047","7047","",""
"1263","54928","55924","C80E","C7FF","C800","C828","C814","C815","DCA5","55A8","B96F","C820","DC9C","C818","C7FC","C811","",""
"1264","54944","55940","01AC","01AB","01A4","01C3","01C1","01BC","26AF","952A","19B6","01C4","26BC","01B1","01AA","01B7","",""
"1265","54960","55956","55C6","55BA","55BB","55D1","55D2","55D3","6F1B","DC8E","4CED","55D6","6F1C","55CB","55AD","55CF","",""
"1266","54976","55972","9537","9529","952A","9564","955D","9568","B979","269C","9701","9565","B98F","9557","9525","955A","",""
"1267","54992","55988","DCAC","DC9B","DC98","DCA3","DC9B","DCA8","19BE","6F0F","DFB5","DCA5","19D3","DC99","DC91","DC91","",""
"1268","55008","56004","26AC","26AB","26AB","26CE","26BC","26BD","4CF4","B96F","27CB","26BE","4D14","26BD","26A0","26BA","",""
"1269","55024","56020","6F2C","6F1C","6F19","6F25","6F1C","6F19","9701","19AA","6D2F","6F1B","973D","6F15","6F1A","6F1A","",""
"1270","55040","56036","B97F","B97E","B983","B995","B98C","B99A","DFBD","4CF7","BA67","B991","DFD1","B985","B980","B997","",""
"1271","55056","56052","19C6","19B2","19B3","19D9","19DD","19D1","27E0","9700","044F","19DC","27D7","19D4","19BA","19CD","",""
"1272","55080","56076","4CFB","4CF3","4CFF","4D26","4D19","4D13","6D2E","DFAB","4D74","4D13","6D44","4D0B","4CF9","4D10","",""
"1273","55096","56092","9710","9704","9708","974B","973A","9744","BA6C","27CC","ADF7","9745","BA62","973E","9702","9738","",""
"1274","55112","56108","DFC6","DFBE","DFBE","DFDA","DFDA","DFDB","0466","6D26","F1E1","DFDB","047A","DFD5","DFB0","DFCD","",""
"1275","55128","56124","27E6","27DC","27E0","27E6","27DB","27E0","4D79","BA62","352F","27E0","4D89","27CB","27D3","27D9","",""
"1276","55144","56140","6D36","6D2D","6D37","6D54","6D4B","6D4D","AE09","045F","7F8F","6D4C","AE1D","6D45","6D35","6D49","",""
"1277","55160","56156","BA77","BA6F","BA6D","BA77","BA6F","BA6D","F1F2","4D6A","D15B","BA6C","F217","BA67","BA6D","BA5E","",""
"1278","55176","56172","046D","0466","045A","048D","0479","047B","353F","AE00","0F4E","047B","3546","0474","0458","0478","",""
"1279","55192","56188","4D82","4D7B","4D74","4D9B","4D95","4D88","7F99","F1EC","591D","4D90","7FBC","4D84","4D6D","4D8D","",""
"1280","55208","56204","AE12","AE08","ADFF","AE26","AE27","AE26","D160","3536","A1B4","AE1E","D172","AE1E","ADFB","AE22","",""
"1281","55224","56220","F1FD","F1E8","F1E9","F230","F21F","F220","0F4D","7F8E","EC5B","F228","0F4D","F218","F1E5","F21C","",""
"1282","55248","56244","3547","353E","353F","3563","354E","3556","591B","D157","34C1","3556","592A","3547","353B","354B","",""
"1283","55264","56260","7FA1","7F96","7F8E","7FD7","7FC4","7FCC","A1BC","0F4F","7D68","7FC4","A1A9","7FC4","7F8C","7FC1","",""
"1284","55280","56276","D168","D156","D157","D177","D16E","D16F","EC63","5912","C20A","D17B","EC7B","D170","D153","D174","",""
"1285","55296","56292","0F55","0F55","0F56","0F55","0F55","0F56","34BC","A1A9","0FDA","0F56","34D3","0F45","0F52","0F52","",""
"1286","55312","56308","592B","591A","5923","593B","5932","593B","7D70","EC63","3966","593B","7D67","5934","5917","592F","",""
"1287","55328","56324","A1BA","A1BB","A1BC","A1C4","A1BB","A1BF","C212","34B3","82D3","A1BC","C211","A1B4","A1B8","A1B8","",""
"1288","55344","56340","EC76","EC6B","EC63","EC8C","EC83","EC7B","0FEB","7D67","CBA8","EC7B","0FE2","EC73","EC68","EC80","",""
"1289","55360","56356","34CE","34BB","34C9","34EB","34DB","34DC","3977","C211","14CF","34E3","3965","34DB","34B8","34DF","",""
"1290","55376","56372","7D71","7D68","7D70","7D7B","7D6F","7D69","82DB","0FE2","96B7","7D70","82DD","7D61","7D65","7D65","",""
"1291","55392","56388","C21A","C219","C212","C21A","C219","C212","CBB0","396E","B948","C212","CB9D","C20A","C216","C216","",""
"1292","55408","56404","0FEA","0FEE","0FE2","0FEA","0FEE","0FE2","14D7","82DD","023E","0FE2","14CE","0FDA","0FDE","0FDE","",""
"1293","55424","56420","3976","396D","3977","3976","396D","396E","96B6","CBA7","4BF9","3977","96E3","3966","396A","396A","",""
"1294","55440","56436","82E3","82DA","82E8","82E3","82DA","82E8","B948","14CE","946F","82DB","B97F","82D3","82E2","82E2","",""
"1295","55464","56460","CBAE","CBAF","CBA6","CBAE","CBAF","CBA6","024F","96AD","DD53","CBB0","0274","CBA8","CBAC","CBAC","",""
"1296","55480","56476","14DF","14D6","14E4","14DF","14D6","14E4","4C01","B93F","2801","14D7","4C2D","14CF","14DC","14DC","",""
"1297","55496","56492","96C7","96B5","96BF","96FD","96EB","96F5","9477","023D","6FEA","96EC","9496","96ED","96BB","96F1","",""
"1298","55512","56508","B95A","B947","B950","B98F","B987","B97E","DD65","4C04","B86D","B987","DD74","B976","B944","B984","",""
"1299","55528","56524","0257","0245","0246","0285","0285","0286","2809","946E","F6A8","027D","2837","0275","024B","0279","",""
"1300","55544","56540","4C12","4C00","4C01","4C47","4C3E","4C3F","6FE9","DD5A","386A","4C36","6FFF","4C37","4C06","4C3B","",""
"1301","55560","56556","947F","9476","9481","94A7","9493","949E","B875","2800","8141","949F","B86F","948C","9473","9490","",""
"1302","55576","56572","DD6D","DD5A","DD65","DD85","DD72","DD7B","F6B9","6FE0","CB92","DD7B","F6D1","DD6B","DD61","DD6F","",""
"1303","55592","56588","281B","2812","2809","2850","283F","2840","3879","B864","13C1","2840","3870","2838","2805","283C","",""
"1304","55608","56604","6FFC","6FF1","6FF2","701A","7007","7012","813F","F6B2","5CEE","7010","8140","7009","6FE5","7004","",""
"1305","55632","56628","B875","B874","B875","B875","B86C","B875","CB99","3870","A62D","B86D","CBAE","B865","B869","B873","",""
"1306","55648","56644","F6C1","F6B8","F6BB","F6D4","F6CB","F6DA","13D2","8140","EFFF","F6CC","13C9","F6C4","F6B6","F6C8","",""
"1307","55664","56660","387A","3871","3872","3881","3871","3879","5CF6","CB90","38BB","3872","5CF6","386A","3875","3875","",""
"1308","55680","56676","8147","8148","8149","8151","8148","8149","A638","13CA","81F7","8149","A62C","8141","813B","8145","",""
"1309","55696","56692","CB98","CB99","CB90","CBB5","CBB6","CBB7","F010","5CF8","CBB8","CBB7","F015","CBAF","CB8C","CBB3","",""
"1310","55712","56708","13DA","13C8","13D2","13DB","13D1","13D2","38C1","A62C","1469","13D5","38AE","13C1","13D1","13CF","",""
"1311","55728","56724","5CFE","5CFE","5CF6","5CFE","5CFE","5D01","81F6","EFFE","5E02","5CF6","81F6","5CF7","5CF2","5CFB","",""
"1312","55744","56740","A63D","A62B","A635","A634","A62B","A635","CBB7","38BA","8B9E","A638","CBD5","A62D","A631","A631","",""
"1313","55760","56756","F018","F006","F010","F030","F01D","F028","1472","81ED","BA97","F029","145E","F016","F00C","F024","",""
"1314","55776","56772","38C8","38BF","38B7","38C9","38BF","38C0","5E12","CBB7","FE40","38B7","5E01","38B8","38BC","38B3","",""
"1315","55800","56796","8208","8201","81F6","8208","8201","8200","8BB0","1469","4CDE","81FF","8BB6","81EE","81F2","81FB","",""
"1316","55816","56812","CBBF","CBB6","CBC0","CBDD","CBDD","CBDE","BA9E","5E01","F589","CBD5","BAAD","CBD7","CBB3","CBD1","",""
"1317","55832","56828","1479","1466","1474","146F","1466","1467","FE3E","8BA7","2E33","1467","FE3F","146A","1463","146E","",""
"1318","55848","56844","5E12","5E11","5E12","5E1A","5E11","5E0A","4CE7","BA95","77E0","5E12","4CEB","5E0A","5E10","5E0E","",""
"1319","55864","56860","8BAE","8BA5","8BA6","8BD0","8BBE","8BBF","F596","FE3F","C08F","8BCB","F589","8BB7","8BAE","8BC7","",""
"1320","55880","56876","BAA6","BAA6","BAA7","BABD","BABC","BAC1","2E3B","4CD1","09CF","BAB6","2E32","BAAE","BA99","BAB2","",""
"1321","55896","56892","FE50","FE3D","FE48","FE50","FE3D","FE48","77F1","F588","531A","FE3E","7802","FE40","FE44","FE44","",""
"1322","55912","56908","4CE6","4CE7","4CDD","4CFE","4CFF","4CF7","C08D","2E39","9CE3","4CFE","C08D","4CF8","4CDA","4CF2","",""
"1323","55928","56924","F599","F591","F58A","F59A","F589","F58A","09D7","77DF","E61B","F591","09D7","F582","F58E","F586","",""
"1324","55944","56940","2E4C","2E41","2E38","2E40","2E42","2E38","5322","C083","2ECB","2E44","5322","2E33","2E3F","2E3F","",""
"1325","55968","56964","77F0","77EF","77F1","7817","7808","780F","9CE2","09CE","7088","780F","9CF2","77FF","77EC","7805","",""
"1326","55984","56980","C09C","C095","C095","C094","C095","C096","E62E","5323","AF05","C08D","E63F","C08E","C088","C093","",""
"1327","56000","56996","09E7","09DC","09D6","09E7","09D7","09D6","2EDC","9CE2","F78E","09D7","2ED2","09CF","09DA","09DA","",""
"1328","56016","57012","5333","532A","5321","5333","532A","5321","7097","E623","7543","5322","708E","5322","531B","531B","",""
"1329","56032","57028","9CEA","9CEB","9CE9","9D02","9D01","9D04","AF15","2ED2","99E4","9CFA","AF0C","9CFC","9CDE","9CF7","",""
"1330","56048","57044","E632","E62B","E623","E64F","E643","E647","F7A1","708E","E78D","E64C","F78D","E640","E61F","E644","",""
"1331","56064","57060","2EE4","2ED2","2ED3","2EDB","2EDA","2EDE","754B","AF0C","315C","2EDC","7580","2ED3","2ED9","2ED8","",""
"1332","56080","57076","7098","708F","7097","7098","708F","7090","99EE","F78D","79B1","7097","9A23","708F","708B","708B","",""
"1333","56096","57092","AF1D","AF0C","AF0D","AF1D","AF14","AF0D","E79D","754A","C2B9","AF15","E7CC","AF05","AF11","AF11","",""
"1334","56112","57108","F7A7","F79E","F79F","F7A7","F79E","F79F","315B","99E4","0BF3","F7A1","3187","F797","F792","F792","",""
"1335","56128","57124","7553","754A","754B","7588","757F","7580","79BE","E791","55AE","7580","79D7","7578","7550","7585","",""
"1336","56144","57140","99F4","99F6","99EB","9A2B","9A29","9A2C","C2B8","3151","9E69","9A21","C2C3","9A24","99F0","9A26","",""
"1337","56168","57164","E7A4","E791","E79C","E7D1","E7D4","E7C9","0BFB","79AD","CCDD","E7CA","0C03","E7C2","E78F","E7C1","",""
"1338","56184","57180","3163","3164","315B","3197","319B","3199","55BE","C2AE","1781","3197","55C5","3188","3155","3196","",""
"1339","56200","57196","79C3","79B6","79BF","79E9","79DF","79E1","9E7B","0BF6","603B","79D8","9E92","79D7","79B6","79DC","",""
"1340","56216","57212","C2C9","C2B7","C2C1","C2E2","C2D7","C2D1","CCE5","55B9","A868","C2DB","CCD4","C2C7","C2BF","C2C7","",""
"1341","56232","57228","0BFA","0BFA","0BFC","0C22","0C0E","0C1A","1789","9E74","27BD","0C1A","179D","0C13","0BF7","0C15","",""
"1342","56248","57244","55C8","55B6","55C2","55D7","55D2","55CF","6043","CCD4","5E2E","55CE","6051","55C6","55B3","55C9","",""
"1343","56264","57260","9E84","9E72","9E72","9E98","9E97","9E9A","A866","1789","A96E","9E9A","A85D","9E87","9E77","9E95","",""
"1344","56280","57276","CCED","CCDC","CCDD","CCED","CCE4","CCE5","27C1","603A","ECBA","CCDD","27F2","CCDD","CCE1","CCD9","",""
"1345","56296","57292","179A","1791","1789","17AE","17A5","17A6","5E39","A85D","3B4C","17B3","5E4D","179E","178E","17AD","",""
"1346","56312","57308","604E","6042","6043","606C","6058","6064","A981","27B8","830F","6062","A98A","605A","6042","6056","",""
"1347","56336","57332","A878","A86F","A866","A86E","A865","A870","ECC9","5E2D","CDBB","A866","ECEE","A85E","A86C","A86C","",""
"1348","56352","57348","27BF","27C0","27B7","2803","27FA","27FD","3B54","A96D","17B4","27FD","3B4B","27F3","27B3","27F0","",""
"1349","56368","57364","5E41","5E35","5E36","5E53","5E4A","5E4B","8316","ECB9","605C","5E54","832A","5E4E","5E32","5E50","",""
"1350","56384","57380","A97E","A975","A976","A9A4","A99B","A9A0","CDCA","3B54","8EC4","A993","CDBA","A994","A97C","A98F","",""
"1351","56400","57396","ECD1","ECC8","ECC2","ECFF","ECF6","ECF7","17C6","830D","9D3C","ECF7","17DB","ECEF","ECC5","ECF3","",""
"1352","56416","57412","3B65","3B53","3B60","3B68","3B53","3B5D","6058","CDC1","E56B","3B5D","6059","3B4C","3B50","3B50","",""
"1353","56432","57428","8329","8316","8317","833B","833C","8333","8EC2","17B3","2ECA","8333","8ED7","832B","8313","832F","",""
"1354","56448","57444","CDD2","CDC2","CDC3","CDCB","CDC2","CDC3","9D3A","604F","DAD0","CDC3","9D4D","CDC2","CDBF","CDC6","",""
"1355","56464","57460","17CE","17BB","17C5","17EB","17E2","17E3","E571","8EB9","10CC","17E3","E55E","17DC","17C1","17DF","",""
"1356","56480","57476","606C","6063","6058","6060","6057","6058","2ECA","9D33","5ADD","6062","2EDF","6050","605E","6054","",""
"1357","56496","57492","8ECA","8EC1","8ECC","8EE8","8EDF","8EEA","DADA","E55E","A39A","8EE0","DB03","8EE2","8EC7","8EDC","",""
"1358","56512","57508","9D48","9D44","9D40","9D6C","9D62","9D5A","10D4","2EC2","EBB3","9D62","10EA","9D5A","9D41","9D55","",""
"1359","56536","57532","E579","E56E","E56F","E56F","E56E","E56F","5ADD","DAC4","2EBB","E567","5B17","E568","E563","E56C","",""
"1360","56552","57548","2ED1","2EC9","2EC8","2EF8","2EEF","2EE9","A3AA","10CB","7EBB","2EF1","A3C0","2EE1","2ED0","2EEE","",""
"1361","56568","57564","DADF","DACC","DAD8","DB14","DB03","DB0C","EBB2","5ADC","D847","DB04","EBA8","DB04","DAD3","DB08","",""
"1362","56584","57580","10E5","10DE","10E1","1105","10FC","10FD","2EC4","A399","10E7","10F3","2ECF","10F5","10D0","10F8","",""
"1363","56600","57596","5AE5","5AE4","5AE7","5B2A","5B1F","5B16","7EC3","EBA8","5B16","5B22","7ED2","5B18","5AE3","5B1E","",""
"1364","56616","57612","A3AA","A3A1","A3A2","A3C6","A3BD","A3BE","D84F","2EB0","A46E","A3BE","D864","A3C1","A3A6","A3BA","",""
"1365","56632","57628","EBBA","EBB2","EBB2","EBC5","EBB2","EBBC","10E7","7EB7","EC77","EBB2","10E9","EBB4","EBB6","EBAE","",""
"1366","56648","57644","2ECE","2EB8","2EC3","2EEB","2EDE","2EDF","5B20","D853","36D7","2EE2","5B2B","2ED7","2EBF","2EDB","",""
"1367","56664","57660","7ED6","7EC5","7EC3","7EE2","7EE3","7EE0","A46B","10E8","9444","7EE3","A48B","7EDC","7EBE","7EE1","",""
"1368","56680","57676","D857","D85B","D85B","D882","D879","D878","EC7E","5B0D","C56E","D87A","EC6D","D872","D858","D874","",""
"1369","56696","57692","10F7","10F0","10F0","10F7","10F0","10E5","36DB","A46D","0E80","10E7","36E6","10E7","10E1","10EB","",""
"1370","56720","57716","5B1E","5B15","5B22","5B3C","5B33","5B3B","9454","EC77","583F","5B3D","9466","5B2C","5B10","5B37","",""
"1371","56736","57732","A47E","A475","A46B","A49C","A493","A494","C572","36C9","A147","A48C","C578","A484","A472","A490","",""
"1372","56752","57748","EC88","EC7E","EC80","EC7D","EC74","EC75","0E88","9443","EA17","EC7E","0E94","EC76","EC7C","EC73","",""
"1373","56768","57764","36DA","36D1","36D2","36F7","36EE","36EF","583D","C55F","363B","36FB","5858","36F3","36CC","36F6","",""
"1374","56784","57780","9454","9454","944C","946B","946B","9463","A155","0E7D","776E","9463","A15F","945B","9448","945F","",""
"1375","56800","57796","C571","C569","C574","C590","C58A","C588","EA1E","583C","C548","C581","EA32","C584","C56D","C588","",""
"1376","56816","57812","0E85","0E86","0E83","0EA8","0E93","0E9B","364A","A152","06FF","0E94","3651","0E97","0E84","0E9A","",""
"1377","56840","57836","584E","5846","583D","5867","585B","585E","776E","EA1F","454A","585E","776D","5856","5843","5859","",""
"1378","56856","57852","A161","A14E","A14D","A16E","A171","A168","C54F","3642","8E19","A166","C544","A15E","A14B","A164","",""
"1379","56872","57868","EA22","EA1F","EA1E","EA4F","EA3C","EA43","0707","7765","D73F","EA46","0709","EA34","EA24","EA44","",""
"1380","56888","57884","3653","364A","3643","366C","3664","3664","4552","C551","5122","365C","4540","365B","363F","365D","",""
"1381","56904","57900","7776","7775","776E","777E","776D","776B","8E23","0709","7EBE","7776","8E18","7766","7772","7772","",""
"1382","56920","57916","C560","C55B","C54D","C560","C55B","C54D","D747","4540","C7C7","C55A","D74C","C548","C557","C548","",""
"1383","56936","57932","071A","0706","0712","071A","0706","0712","5121","8E18","11AA","0707","513E","06FF","0703","070E","",""
"1384","56952","57948","4551","4548","4556","4551","4548","4556","7ECF","D73E","5AA0","4552","7EE3","4541","454E","454E","",""
"1385","56968","57964","8E1E","8E15","8E16","8E1E","8E15","8E16","C7CF","511F","A2DE","8E23","C7EF","8E0E","8E1F","8E12","",""
"1386","56984","57980","D74F","D751","D752","D74F","D751","D752","11B2","7EC3","049F","D752","11DD","D73F","D74E","D74E","",""
"1387","57008","58004","5130","5120","5128","514F","513F","5147","5AA3","C7D0","35FF","5140","5AC2","5140","5124","5143","",""
"1388","57024","58020","7ED9","7ECF","7EC6","7EF5","7EE2","7EEF","A2EA","11A9","7E59","7EE8","A2E0","7EE0","7EC2","7EE2","",""
"1389","57040","58036","C7D8","C7D8","C7D0","C7F4","C7EC","C7F5","049E","5AA4","C4AA","C7EF","04B4","C7EC","C7D5","C7F3","",""
"1390","57056","58052","11C2","11BB","11B2","11F1","11E9","11EE","3607","A2E1","10EC","11E9","361A","11E9","11B8","11EC","",""
"1391","57072","58068","5AA7","5AA9","5AAD","5AC7","5ACA","5AC6","7E6C","0495","5A19","5ACA","7E56","5AC0","5AA0","5AC8","",""
"1392","57088","58084","A2F0","A2E8","A2E8","A2E4","A2E8","A2EA","C4A1","35FE","A4FF","A2DE","C4DE","A2D7","A2E4","A2E4","",""
"1393","57104","58100","04B2","049D","049E","04C5","04C3","04BD","10FD","7E56","176D","04C5","10F7","04B5","049A","04B9","",""
"1394","57120","58116","3611","35FC","3607","362C","3623","3624","5A21","C498","35CB","3627","5A15","361F","35F9","3621","",""
"1395","57136","58132","7E6A","7E62","7E64","7E72","7E6B","7E6C","A4FE","10F0","80EB","7E61","A52B","7E64","7E67","7E5E","",""
"1396","57160","58156","C4A9","C496","C4A8","C4EF","C4DD","C4DC","1777","5A0F","CAAD","C4E6","17A3","C4DD","C49E","C4E3","",""
"1397","57176","58172","1105","10EF","10FD","10F8","10FB","10FD","35C7","A4FE","1104","10F3","35F1","10F5","10ED","10ED","",""
"1398","57192","58188","5A20","5A15","5A1E","5A20","5A22","5A18","80FD","176E","5C03","5A20","8125","5A19","5A1D","5A1D","",""
"1399","57208","58204","A507","A505","A506","A53D","A53A","A535","CAB6","35BE","A784","A533","CAE3","A536","A501","A538","",""
"1400","57224","58220","1774","1774","1775","17B4","17AC","17AC","1115","80EB","EF0C","17AC","112B","17A4","1768","17A8","",""
"1401","57240","58236","35DB","35D0","35D4","360F","35FD","35FD","5C0E","CAAC","380E","360C","5C17","35F6","35CE","35FA","",""
"1402","57256","58252","80FD","80F3","80F9","8133","812B","8134","A796","1109","79F4","8133","A7A7","812C","80F8","8129","",""
"1403","57272","58268","CABE","CAAB","CAB6","CAF1","CADF","CAE9","EF14","5C00","B6FE","CAE0","EF1F","CAD8","CAB1","CADC","",""
"1404","57288","58284","1113","1109","1116","1132","112B","1128","380B","A78A","F909","1133","382D","1129","1113","1130","",""
"1405","57304","58300","5C09","5C00","5C09","5C27","5C16","5C20","79F3","EF09","4A26","5C18","7A13","5C10","5BFE","5C21","",""
"1406","57328","58324","A792","A793","A793","A7BB","A7AF","A7B6","B706","3806","949B","A7B3","B708","A7A0","A791","A7AC","",""
"1407","57344","58340","EF1D","EF08","EF13","EF32","EF1D","EF20","F911","79EA","DB98","EF21","F908","EF23","EF0F","EF1B","",""
"1408","57360","58356","381E","380E","380E","3834","382B","3836","4A2F","B6FD","24C6","382D","4A42","3825","3815","3829","",""
"1409","57376","58372","79FB","79F2","79F3","7A1A","7A11","7A1C","94A3","F908","6EA0","7A1A","949A","7A09","79FA","7A17","",""
"1410","57392","58388","B719","B70F","B710","B718","B70F","B706","DBAA","4A25","B74D","B706","DBA1","B6FE","B70C","B70C","",""
"1411","57408","58404","F90E","F910","F911","F919","F913","F906","24D7","949A","0096","F914","24CE","F909","F902","F90D","",""
"1412","57424","58420","4A36","4A24","4A2E","4A53","4A42","4A43","6EAF","DBA1","4C9A","4A43","6EB7","4A43","4A21","4A3F","",""
"1413","57440","58436","94B6","94AC","94A3","94AB","94AC","94AD","B755","24CE","930A","94A3","B74C","949B","94A9","94A9","",""
"1414","57456","58452","DBB2","DB9F","DBA0","DBB2","DB9F","DBA0","009E","6E9F","DC58","DBA0","008C","DB98","DBA8","DBA6","",""
"1415","57472","58468","24D6","24D6","24CE","24DF","24D6","24CE","4C99","B741","050D","24D7","4CB7","24C6","24D3","24D3","",""
"1416","57496","58492","6EB7","6EB1","6EA8","6ECF","6EC9","6EC0","931C","008C","34F0","6EC7","9316","6EBF","6EAE","6EC3","",""
"1417","57512","58508","B752","B749","B755","B75D","B749","B74A","DC6A","4C9C","7D0C","B755","DC57","B742","B751","B751","",""
"1418","57528","58524","009D","009D","0095","009D","009D","0095","051E","9313","245D","009E","0515","008D","009A","0091","",""
"1419","57544","58540","4CAA","4C98","4C99","4CC8","4CB4","4CC0","34EE","DC61","5351","4CB5","3509","4CAD","4C9E","4CBC","",""
"1420","57560","58556","9324","9311","931C","9327","931B","9312","7D17","0515","A5B6","931C","7D0D","930A","9318","930E","",""
"1421","57576","58572","DC72","DC5F","DC6A","DC72","DC5F","DC60","2472","34EF","EF8F","DC60","2475","DC62","DC5C","DC5C","",""
"1422","57592","58588","051D","0514","051E","051D","0514","051E","5359","7D0D","360F","051E","5350","050D","0511","0511","",""
"1423","57608","58604","34FC","34ED","34F5","3518","3509","3512","A5C9","245C","818D","3504","A5B3","3508","34F5","350F","",""
"1424","57624","58620","7D1D","7D17","7D0C","7D1D","7D17","7D0C","EF8D","5350","CAB4","7D09","EFA2","7D0C","7D14","7D14","",""
"1425","57640","58636","2477","246C","246F","2492","2485","2486","3620","A5B3","14AC","247E","360D","2482","2461","247A","",""
"1426","57656","58652","536B","5362","5359","536B","5362","5363","8192","EF85","5DCC","5359","8192","5351","535F","5355","",""
"1427","57680","58676","A5D2","A5C0","A5C5","A5D2","A5C0","A5C0","CABE","360D","9F59","A5C0","CAB2","A5B6","A5BD","A5C2","",""
"1428","57696","58692","EFA0","EF8D","EF97","EFBD","EFB1","EFB3","14B8","8190","FD09","EFAA","14C1","EFAB","EF88","EFA7","",""
"1429","57712","58708","3627","361F","3617","3627","3613","3623","5DCA","CAB3","4398","3617","5DEA","3618","3611","361C","",""
"1430","57728","58724","8196","8190","819B","8196","8190","818D","9F6A","14AB","8CCC","8192","9F58","818D","8197","818B","",""
"1431","57744","58740","CABE","CABD","CABD","CABE","CAB2","CABD","FD11","5DCD","EBB1","CAB5","FD12","CAB4","CAB0","CAB0","",""
"1432","57760","58756","14C2","14BA","14BC","14DB","14D3","14CF","4392","9F58","185B","14D1","4389","14C4","14AD","14C8","",""
"1433","57776","58772","5DD3","5DCC","5DCB","5DF8","5DEA","5DEC","8CCA","FD12","6206","5DF2","8CC1","5DEC","5DD0","5DED","",""
"1434","57792","58788","9F69","9F69","9F61","9F72","9F69","9F6D","EBB9","4392","A5C2","9F61","EC28","9F59","9F66","9F66","",""
"1435","57808","58804","FD23","FD10","FD11","FD23","FD10","FD11","185D","8CC1","F353","FD11","1889","FD13","FD0D","FD0D","",""
"1436","57824","58820","43A3","439A","439B","43A3","439A","439B","620F","EBBB","3C9E","4392","622D","4393","438E","438E","",""
"1437","57848","58844","8CDC","8CC9","8CCA","8CDC","8CC9","8CCA","A5C8","1852","863B","8CCA","A5DF","8CCC","8CD0","8CD0","",""
"1438","57864","58860","EBCE","EBC3","EBC4","EC3A","EC2F","EC31","F35B","61F9","CEFC","EC24","F369","EC1C","EBB5","EC20","",""
"1439","57880","58876","186E","185B","185A","18A7","1891","1891","3C9D","A5C1","17AA","189A","3CB9","1892","1856","1897","",""
"1440","57896","58892","6217","6208","6204","624A","6242","623A","8643","F35C","47E2","6245","865A","6232","6206","6240","",""
"1441","57912","58908","A5C7","A5C6","A5CB","A5F2","A5E8","A5E7","CF0C","3C9D","9156","A5E6","CF12","A5E4","A5C4","A5DB","",""
"1442","57928","58924","F363","F364","F35B","F37B","F37C","F373","17B2","863A","D90C","F37D","17A9","F36B","F360","F36E","",""
"1443","57944","58940","3CAF","3C9C","3C9E","3CC3","3CB9","3CC4","47EA","CEF7","2348","3CBC","4807","3CBE","3C9A","3CB6","",""
"1444","57960","58956","864B","864C","864C","866D","8665","8665","915E","17A9","9146","865C","9173","865D","8649","8657","",""
"1445","57976","58972","CF0A","CEFE","CF0A","CF25","CF27","CF1D","D91E","47EE","D215","CF27","D915","CF14","CF05","CF24","",""
"1446","57992","58988","17C2","17BB","17BA","17C7","17BB","17B2","2350","9156","1E48","4809","2364","17B4","17AE","17B8","",""
"1447","58008","59004","47FD","47E9","47F4","4811","4812","4810","9156","D90B","66AB","9173","9145","4801","47E6","4805","",""
"1448","58032","59028","9166","915E","915E","9184","917B","9173","D21D","2351","ADAB","D914","D21E","916B","915A","9178","",""
"1449","58048","59044","D926","D91D","D91E","D91C","D91D","D91E","1E50","9144","F2C3","236D","1E5E","D90C","D910","D91D","",""
"1450","58064","59060","2358","234F","2358","237E","236C","2376","66AA","D21E","4269","9156","66AA","2365","2354","2369","",""
"1451","58080","59076","915E","914C","9158","9156","9157","914E","ADB3","1E3E","8E5D","D21D","ADAA","9146","914A","9152","",""
"1452","58096","59092","D225","D226","D21D","D225","D226","D21D","F2CA","66AA","D4D9","1E67","F2D3","D21F","D219","D223","",""
"1453","58112","59108","1E4F","1E46","1E47","1E6F","1E66","1E5E","4271","ADA2","0160","66B3","4268","1E5F","1E49","1E63","",""
"1454","58128","59124","66BC","66B2","66AA","66B2","66A9","66B3","8E62","F2B7","5062","ADAB","8E5B","66A2","66A6","66A6","",""
"1455","58144","59140","ADB3","ADB2","ADAB","ADBC","ADAA","ADB3","D4E1","4268","9523","F2E6","D4DF","ADAB","ADA7","ADAF","",""
"1456","58160","59156","F2CE","F2C7","F2BF","F2E3","F2DC","F2DB","015F","8E5B","DE71","4271","0156","F2D0","F2C1","F2E2","",""
"1457","58176","59172","4284","427B","427C","4279","427B","4271","505F","D4D8","574A","8E62","5056","4269","4278","4278","",""
"1458","58200","59196","8E6C","8E59","8E5A","8E6C","8E59","8E5A","9536","0156","8518","D4E1","9522","8E4F","8E61","8E56","",""
"1459","58216","59212","D4F4","D4E0","D4E1","D4E9","D4E7","D4E1","DE81","5056","CE1C","015F","DE90","D4E0","D4E4","D4E4","",""
"1460","58232","59228","0170","0167","0168","0170","0167","0168","5757","9522","176A","505F","5767","0160","015B","015B","",""
"1461","58248","59244","5072","506C","506A","5072","5069","506A","8516","DE78","612C","9536","8531","5062","5066","5066","",""
"1462","58264","59260","9533","9531","9532","9533","9531","9532","CE25","574E","AA5F","DE91","CE3A","9523","952E","952E","",""
"1463","58280","59276","DE81","DE78","DE81","DE99","DE98","DE99","177F","850E","04B5","5776","1785","DE89","DE7F","DE96","",""
"1464","58296","59292","575A","5751","575B","5778","5776","5770","612A","CE12","357E","8534","6145","5771","5753","5775","",""
"1465","58312","59308","851E","851E","851D","853E","8531","853C","AA65","1774","84F2","CE39","AA93","852D","8511","852F","",""
"1466","58328","59324","CE24","CE25","CE25","CE41","CE3F","CE35","04C1","612E","CF44","179D","04AC","CE3C","CE22","CE3D","",""
"1467","58352","59348","1785","1773","1771","179A","1790","1793","357C","AA62","177F","614C","3592","1793","177B","1797","",""
"1468","58368","59364","613B","6134","6132","6158","614F","614C","84ED","04B4","6098","AA9C","84E7","6144","6132","614B","",""
"1469","58384","59380","AA6C","AA61","AA6D","AAA2","AAA3","AAA6","CF4D","3573","AB96","04C1","CF57","AA93","AA6D","AA99","",""
"1470","58400","59396","04BD","04C0","04C1","04C5","04BC","04B5","1775","84E7","0D1D","359B","176D","04B6","04B9","04B9","",""
"1471","58416","59412","358F","3588","3586","35AD","359A","35A3","60AD","CF36","3998","84F2","60A6","359B","3583","3597","",""
"1472","58432","59428","8501","84F8","84F0","84F2","84EB","84F8","AB9D","177C","82C6","CF61","ABC0","84F0","84EF","84F7","",""
"1473","58448","59444","CF53","CF49","CF48","CF72","CF6B","CF68","0D25","609B","CC5E","1775","0D52","CF61","CF40","CF5A","",""
"1474","58464","59460","1782","1785","1784","178C","177B","1784","399D","AB8D","1508","60AC","39C1","1773","1778","1778","",""
"1475","58480","59476","60AB","60AB","60AF","60B2","60AB","60A5","82C8","0D27","5DCD","ABD1","82FD","6098","60A9","60A9","",""
"1476","58496","59492","ABA3","AB93","AB9D","ABDD","ABD3","ABC7","CC6F","3994","AACE","0D67","CC9C","ABC9","AB90","ABC7","",""
"1477","58512","59508","0D2D","0D24","0D25","0D63","0D65","0D5B","1507","82C5","F051","39CA","1526","0D53","0D2C","0D62","",""
"1478","58536","59532","39A8","399C","3994","39D2","39C9","39D2","5DD5","CC5D","38DD","82FE","5DEB","39C2","3999","39D0","",""
"1479","58552","59548","82D9","82D0","82C8","830E","8305","82FE","AACA","1507","773A","CC9C","AAF5","82F6","82CA","8302","",""
"1480","58568","59564","CC77","CC65","CC66","CCAB","CCA4","CCA3","F061","5DD8","B8E9","152F","F077","CC94","CC6B","CC9F","",""
"1481","58584","59580","150F","150F","1510","152C","152E","152F","38E3","AACA","019C","5DEC","38DC","151C","150C","152B","",""
"1482","58600","59596","5DE6","5DDD","5DDE","5DF4","5DF3","5DEC","7738","F058","4C0B","AB08","7757","5DE4","5DD1","5DF0","",""
"1483","58616","59612","AADB","AAD3","AACB","AB07","AB09","AB08","B8F3","38D0","CC69","F081","B8E6","AAFE","AACD","AB07","",""
"1484","58632","59628","F06B","F060","F061","F08B","F07F","F081","01A4","772F","F7B4","38E2","019B","F079","F055","F07C","",""
"1485","58648","59644","38E1","38E1","38D9","38EA","38E1","38D9","4C0A","B8E6","40CE","7756","4C28","38D1","38D5","38E1","",""
"1486","58664","59660","7740","7741","7742","775E","775D","775E","CC76","019B","9015","B8EF","CC97","7758","773D","7752","",""
"1487","58680","59676","B8EE","B8E5","B8EF","B8F7","B8F2","B8E6","F7BC","4C01","D304","01A4","F7F6","B8DE","B8ED","B8EB","",""
"1488","58704","59700","01B9","01A3","01AE","01AC","01AD","01AE","40CD","CC68","1BD6","4C31","40F9","019C","01A0","01A0","",""
"1489","58720","59716","4C12","4C12","4C15","4C30","4C30","4C28","901D","F7B6","74F8","CCA0","9054","4C29","4C06","4C2D","",""
"1490","58736","59732","CC72","CC69","CC76","CCAF","CCA6","CCA7","D30C","40C7","AF03","F7FE","D322","CC98","CC72","CC9C","",""
"1491","58752","59748","F7C6","F7C6","F7C4","F7FD","F7FE","F7FF","1BE6","901C","F7FB","4108","1BF7","F7F6","F7BA","F7F2","",""
"1492","58768","59764","40DC","40C6","40D4","4115","4102","4100","7509","D2FB","46D4","905D","751E","4100","40C4","4107","",""
"1493","58784","59780","902D","9024","901D","9065","905A","9054","AF07","1BDB","896B","D322","AF15","9052","9021","9050","",""
"1494","58800","59796","D319","D30C","D304","D333","D321","D321","F7FC","7500","CE18","1BFE","F819","D31A","D30C","D328","",""
"1495","58816","59812","1BEE","1BDC","1BE6","1BFD","1BFF","1BF5","46E5","AEFF","1CF7","7527","46FB","1BEF","1BE3","1BFB","",""
"1496","58832","59828","7511","74FF","7500","7532","7526","7527","8974","F7FB","8F8E","AF1D","896C","751F","7507","7519","",""
"1497","58848","59844","AF0F","AF03","AF07","AF26","AF15","AF1C","CE20","46D3","AE92","F81A","CE17","AF0F","AEF9","AF12","",""
"1498","58864","59860","F80C","F804","F7FB","F82B","F822","F826","1D0A","8974","F78E","46FB","1D1F","F81D","F802","F816","",""
"1499","58888","59884","46EF","46DB","46E5","470C","4703","4705","8F96","CE17","413D","8974","8FB8","46FC","46D8","46F7","",""
"1500","58904","59900","8986","897D","8973","897D","897C","897C","AE9D","1D01","89CA","CE20","AEBF","8976","8970","8970","",""
"1501","58920","59916","CE28","CE1F","CE20","CE2B","CE16","CE17","F79F","8F83","D2AA","1D1F","F7CD","CE18","CE1C","CE1C","",""
"1502","58936","59932","1D11","1D00","1D09","1D30","1D28","1D28","4137","AE88","1BEA","8FCC","416A","1D17","1CFE","1D1A","",""
"1503","58952","59948","8F94","8F95","8F8C","8FC9","8FC0","8FCC","89D3","F78A","65A3","AECF","89EB","8FC7","8F92","8FC9","",""
"1504","58968","59964","AEA0","AE95","AE92","AECF","AECD","AECC","D2B0","412E","AE70","F7C9","D2C1","AEC6","AE94","AECC","",""
"1505","58984","59980","F7A3","F79E","F794","F7DD","F7D3","F7D6","1BEF","89CB","F2C6","4170","1BFD","F7C1","F791","F7D0","",""
"1506","59000","59996","4141","4138","413B","4183","4179","417A","65A1","D2AB","2F2C","89F2","65B6","4173","4140","4177","",""
"1507","59016","60012","89D9","89D3","89D8","89F2","89F2","89EE","AE7A","1BE8","78D2","D2CB","AE98","89E9","89C7","89EE","",""
"1508","59032","60028","D2BB","D2A8","D2B1","D2CA","D2BF","D2C3","F2CB","659D","C692","1C0F","F2C2","D2C3","D2B3","D2C5","",""
"1509","59056","60052","1BFA","1BEF","1BF0","1C19","1C10","1C0E","2F34","AE6F","047A","65BF","2F53","1C09","1BEF","1C02","",""
"1510","59072","60068","65A7","65AB","65A8","65BF","65BE","65B7","78D0","F2C1","528A","AEA2","78C7","65B7","659A","65BB","",""
"1511","59088","60084","AE82","AE7A","AE7B","AEA8","AE9E","AE98","C691","2F34","A01E","F2C2","C6AE","AE8D","AE76","AE9E","",""
"1512","59104","60100","F2D2","F2C1","F2CB","F2D2","F2C1","F2CA","048B","78C7","E9F1","2F5C","0479","F2C2","F2BE","F2BE","",""
"1513","59120","60116","2F49","2F3E","2F3D","2F64","2F5C","2F5C","5292","C693","3085","78D9","5293","2F4B","2F39","2F58","",""
"1514","59136","60132","78D8","78CF","78D0","78E1","78CF","78D8","A01A","0482","7BCC","C6B7","A019","78D0","78CC","78CB","",""
"1515","59152","60148","C699","C69B","C69A","C6B7","C6B9","C6B7","E9EF","5289","C5AB","048B","EA0A","C6A7","C696","C6AB","",""
"1516","59168","60164","0493","048A","048B","0493","048A","048B","3096","A019","0E6A","529C","308D","047A","048B","0487","",""
"1517","59184","60180","52A4","529B","5292","52A4","5291","5292","7BDD","E9F3","35F8","A01A","7BCC","528A","5298","5298","",""
"1518","59200","60196","A02E","A021","A022","A02E","A021","A024","C5B4","308D","63B5","EA08","C5CA","A01A","A016","A016","",""
"1519","59224","60220","EA01","E9EE","E9F9","EA19","EA12","EA11","0E6F","7BCC","ACC9","3096","0E68","EA09","E9EB","EA04","",""
"1520","59240","60236","309E","308C","3096","3095","308C","3099","35F8","C5A1","F57D","7BDD","35EF","308E","3095","3092","",""
"1521","59256","60252","7BE7","7BD4","7BD5","7BDD","7BDE","7BD5","63BD","0E5D","9B0B","C5D3","63A7","7BCC","7BDB","7BDA","",""
"1522","59272","60268","C5BC","C5B2","C5B3","C5DB","C5D1","C5D2","ACD2","35F8","D568","0E66","ACCB","C5CA","C5AF","C5CE","",""
"1523","59288","60284","0E7A","0E65","0E66","0E6E","0E65","0E6F","F585","63B5","1E87","35F8","F585","0E5E","0E6D","0E6D","",""
"1524","59304","60300","3608","3600","3601","3608","3600","3604","9B0B","ACCB","5F00","63BD","9B24","35F0","35FC","35FC","",""
"1525","59320","60316","63C4","63BA","63BC","63C4","63B4","63BC","D567","F585","B105","ACD2","D55B","63BA","63B8","63BA","",""
"1526","59336","60332","ACDB","ACCA","ACD2","ACDB","ACCA","ACD2","1E89","9B0A","FA4C","F585","1E80","ACCC","ACC6","ACC6","",""
"1527","59352","60348","F59A","F58D","F585","F59A","F58D","F585","5F08","D56B","4380","9B23","5F14","F57D","F58B","F581","",""
"1528","59368","60364","9B1D","9B12","9B13","9B33","9B2A","9B2B","B10D","1E80","8D5C","D572","B104","9B23","9B07","9B27","",""
"1529","59384","60380","D57A","D574","D572","D56E","D572","D572","FA54","5EFF","D68F","1E89","FA43","D560","D560","D56F","",""
"1530","59408","60404","1E97","1E86","1E8D","1E97","1E86","1E8D","4389","B0F6","17BD","5F27","4373","1E87","1E83","1E8B","",""
"1531","59424","60420","5F07","5EFE","5F08","5F25","5F26","5F1D","8D5F","FA43","5667","B101","8D6D","5F1F","5F04","5F23","",""
"1532","59440","60436","B113","B102","B103","B113","B102","B103","D69F","4373","9EB7","FA54","D6AB","B105","B100","B100","",""
"1533","59456","60452","FA5A","FA55","FA58","FA61","FA55","FA49","17C7","8D54","E817","4389","17BC","FA4C","FA47","FA52","",""
"1534","59472","60468","4391","4387","4380","4391","4380","4380","566F","D693","6409","8D76","5666","4380","4383","4383","",""
"1535","59488","60484","8D68","8D5E","8D6A","8D7F","8D77","8D83","9EB6","17B4","9311","D6B8","9EAD","8D78","8D64","8D7B","",""
"1536","59504","60500","D6A7","D69C","D697","D6B8","D6BB","D6B4","E823","5666","DE2E","17BD","E80C","D6AC","D696","D6AD","",""
"1537","59520","60516","17CD","17BC","17BD","17C5","17C4","17BD","6406","9EB6","2515","566F","6432","17BD","17C4","17C1","",""
"1538","59536","60532","5679","5670","5673","5679","5670","5673","9321","E80C","6E03","9EBF","934D","566B","566B","566B","",""
"1539","59552","60548","9EC7","9EBE","9EB6","9EBE","9EBE","9EBF","DE2E","6408","B2AD","E823","DE9A","9EB7","9EB2","9EB2","",""
"1540","59576","60572","E827","E814","E81F","E827","E814","E81F","251E","9310","00E8","643B","252A","E817","E811","E81B","",""
"1541","59592","60588","640E","6405","6406","644D","643A","643B","6E07","DE25","49C2","9357","6E18","643F","6402","6437","",""
"1542","59608","60604","931F","9320","9321","935E","934D","934E","B2AB","2514","9244","DEA6","B2CB","9346","931D","9349","",""
"1543","59624","60620","DE3E","DE2D","DE39","DEAB","DEA2","DE99","00F1","6DFE","C183","253C","00F6","DE9B","DE2A","DE95","",""
"1544","59640","60636","2526","251D","2520","253B","2532","253D","49D0","B2AF","0B03","6E1F","49E4","252B","2511","252F","",""
"1545","59656","60652","6E0F","6E0A","6DFE","6E27","6E1E","6E15","924B","00E8","52AB","B2D6","9240","6E17","6E03","6E1B","",""
"1546","59672","60668","B2BD","B2B5","B2AB","B2D3","B2C8","B2CC","C18B","49C1","9CF7","010A","C1AA","B2CE","B2AB","B2D1","",""
"1547","59688","60684","00F9","00EF","00F0","010F","0107","00FF","0B0A","9236","0971","49EF","0B15","00F7","00E3","0103","",""
"1548","59704","60700","49D8","49D3","49CA","49F5","49EC","49ED","52B6","C18B","4E76","9242","52A2","49E5","49CC","49E2","",""
"1549","59720","60716","9250","9245","9242","924A","923F","9242","9D09","0AF8","97B1","C1B4","9D14","923A","923E","923E","",""
"1550","59744","60740","C193","C18A","C197","C1B2","C1A9","C1B3","096F","52A2","E178","0B1E","096F","C1A2","C187","C1A6","",""
"1551","59760","60756","0B13","0B09","0B0A","0B26","0B1D","0B28","4E76","9CF6","2A75","52B3","4E6D","0B20","0B06","0B24","",""
"1552","59776","60772","52BB","52B5","52AB","52B3","52B5","52B6","97C0","0966","7403","9D1D","97B0","52AD","52B1","52AF","",""
"1553","59792","60788","9D13","9CFE","9D09","9D25","9D1C","9D27","E178","4E6D","BCA3","096F","E18F","9D1F","9D05","9D19","",""
"1554","59808","60804","0980","0978","0978","0980","096E","0978","2A75","97B0","0171","4E76","2A74","0967","0975","096B","",""
"1555","59824","60820","4E87","4E7E","4E80","4E86","4E75","4E7E","740A","E177","4F2D","97C0","7416","4E76","4E72","4E7A","",""
"1556","59840","60836","97C1","97BF","97B9","97C1","97BF","97C0","BCB7","2A6C","7E5E","E18E","BCAB","97B1","97B3","97BC","",""
"1557","59856","60852","E189","E180","E180","E1A0","E197","E198","016C","73F6","AA47","2A75","016C","E186","E174","E18A","",""
"1558","59872","60868","2A7D","2A80","2A75","2A7D","2A74","2A7E","4F35","BCA2","D39C","7427","4F29","2A75","2A71","2A79","",""
"1559","59888","60884","7412","73FE","73FF","7427","741E","741F","7E70","016C","1D2D","BCAB","7E67","7423","7406","7423","",""
"1560","59904","60900","BCBC","BCAA","BCAB","BCBC","BCB3","BCAB","AA59","4F29","D065","016C","AA46","BCAC","BCA7","BCA7","",""
"1561","59928","60924","0181","0179","017B","0181","016B","017B","D3A5","7E67","0208","4F35","D39B","0171","0167","0174","",""
"1562","59944","60940","4F3A","4F27","4F32","4F3A","4F27","4F32","1D36","AA46","4B16","7E70","1D4A","4F2D","4F24","4F24","",""
"1563","59960","60956","7E78","7E66","7E67","7E78","7E66","7E67","D07A","D39B","94CE","AA59","D0A1","7E5E","7E63","7E63","",""
"1564","59976","60972","AA5F","AA4E","AA57","AA57","AA4E","AA57","0210","1D30","DD4D","D3A5","023F","AA47","AA4B","AA4B","",""
"1565","59992","60988","D3AE","D39B","D3A5","D3AE","D3A1","D3A5","4B28","D06A","2638","1D4F","4B4A","D39C","D397","D39E","",""
"1566","60008","61004","1D41","1D38","1D3B","1D59","1D50","1D4D","94D6","0200","7B8A","D0AA","950D","1D4D","1D35","1D54","",""
"1567","60024","61020","D07B","D06C","D06D","D0B8","D0A9","D0AA","DD5E","4B16","B8CC","023F","DD73","D09C","D06F","D0A6","",""
"1568","60040","61036","0210","020F","0208","024F","0240","0247","2634","94CD","0149","4B60","2646","023F","020F","0242","",""
"1569","60056","61052","4B32","4B1E","4B2A","4B64","4B53","4B53","7B9E","DD49","46F7","9516","7BC8","4B58","4B23","4B51","",""
"1570","60072","61068","94DE","94D5","94E1","951E","950C","950D","B8DC","262E","93D2","DD79","B8E8","9502","94D2","9509","",""
"1571","60096","61092","DD63","DD5C","DD5B","DD78","DD7B","DD79","0155","7B89","DCF8","2650","0144","DD6B","DD51","DD76","",""
"1572","60112","61108","263E","263F","2641","2660","264E","264F","4709","B8D2","2756","7BD1","4713","2650","263B","2656","",""
"1573","60128","61124","7B9A","7B91","7B9D","7BD2","7BC9","7BCA","93DB","013B","8F7A","B8FA","93D3","7BCD","7B8E","7BC6","",""
"1574","60144","61140","B8E5","B8DA","B8DD","B8FA","B8FA","B8F8","DD0D","46FE","B9D7","014A","DCF8","B8F2","B8CF","B8F5","",""
"1575","60160","61156","015A","0151","0152","0150","0143","0152","275E","93C4","02F5","4726","277C","0142","0142","0142","",""
"1576","60176","61172","470D","4706","4700","472E","4725","471A","8F7F","DCF8","4C8C","93DA","8FB1","471C","46FC","4722","",""
"1577","60192","61188","93DA","93DF","93D6","93DA","93D1","93D7","B9DF","275D","9540","DD00","BA16","93D2","93CF","93CF","",""
"1578","60208","61204","DD0C","DCFF","DD0E","DD16","DD0D","DD04","02FD","8F76","DE00","2779","032A","DCF8","DCFB","DD04","",""
"1579","60224","61220","276C","2767","275C","2781","2785","2779","4C9E","B9D4","3158","8FB9","4CC9","2771","275B","2782","",""
"1580","60240","61236","8F87","8F7E","8F82","8FC1","8FB8","8FB5","9548","02ED","7124","BA1E","9552","8FAD","8F7E","8FB5","",""
"1581","60264","61260","B9EC","B9E5","B9E4","BA1D","BA1E","BA1F","DE08","4C99","BC81","0335","DE1B","BA16","B9E0","BA0F","",""
"1582","60280","61276","02FD","02F4","0300","0334","0329","0336","315E","953E","FBDE","4CD7","3180","0323","02F3","0331","",""
"1583","60296","61292","4C9D","4C9E","4C9F","4CDA","4CC5","4CD2","712C","DDFB","39A6","9566","7156","4CC3","4C9A","4CD2","",""
"1584","60312","61308","9550","9546","9548","956F","9565","955D","BC89","3156","7E05","DE24","BCEA","955D","953A","9558","",""
"1585","60328","61324","DE16","DE03","DE06","DE29","DE1C","DE1D","FBE5","712B","CC2C","3189","FBFB","DE1E","DE06","DE1F","",""
"1586","60344","61340","3168","315D","315F","3191","3188","3189","39AE","BC80","4C89","716A","39C5","3181","315A","3192","",""
"1587","60360","61356","713B","7133","7134","7168","7168","716B","7E0D","FBDC","8210","BCF3","7E22","7158","7126","7165","",""
"1588","60376","61372","BC9B","BC8F","BC89","BD06","BCFD","BCF3","CC40","39A5","CB33","FBFA","CC4E","BCF5","BC8C","BCF9","",""
"1589","60392","61388","FBE4","FBE4","FBE5","FC0B","FC02","FC03","4C9C","7E0D","14EE","39CE","4CCB","FBF2","FBE1","FBFF","",""
"1590","60408","61404","39BE","39AD","39B7","39CE","39CD","39C6","8210","CC2B","5D76","7E2A","8246","39BE","39B2","39CA","",""
"1591","60432","61428","7E1E","7E0C","7E15","7E33","7E2A","7E33","CB3B","4C88","A64D","CC55","CB68","7E2B","7E09","7E31","",""
"1592","60448","61444","CC45","CC33","CC34","CC5D","CC4B","CC55","14F6","820F","FEDA","4CCC","1524","CC4D","CC39","CC48","",""
"1593","60464","61460","4C99","4C90","4C9E","4CD4","4CD3","4CCC","5D7F","CB3D","398C","824F","5D93","4CC4","4C8D","4CD0","",""
"1594","60480","61476","8220","8219","8210","824E","8245","8246","A65B","14E3","82B6","CB71","A66A","823E","820C","824B","",""
"1595","60496","61492","CB43","CB42","CB3B","CB79","CB70","CB7A","FEE1","5D6C","AAB6","1523","FF0C","CB69","CB3F","CB6D","",""
"1596","60512","61508","14F4","14F5","14F6","152B","1522","152F","39A1","A655","F46D","5D92","39C2","1527","14F2","1529","",""
"1597","60528","61524","5D7D","5D74","5D75","5DA5","5D91","5D9C","82BE","FECC","3BBC","A66C","82E3","5D8A","5D7B","5D8E","",""
"1598","60544","61540","A65D","A654","A655","A674","A66B","A66C","AABE","398B","B9D7","FF0E","AAEB","A664","A65A","A667","",""
"1599","60560","61556","FEE9","FEE0","FED5","FF1D","FF14","FF18","F46D","82B5","DC7F","39CB","F499","FF0D","FEDE","FF0A","",""
"1600","60576","61572","399C","3993","399F","39DC","39D3","39D4","3BCD","AAB5","2A38","82F5","3BE0","39C3","399D","39D0","",""
"1601","60592","61588","82BE","82B5","82BE","82F4","82EB","82F5","B9E1","F46C","73D9","AAF4","BA0D","82ED","82B2","82E8","",""
"1602","60616","61612","AABD","AAB4","AAC1","AAFC","AAF3","AAF4","DC8C","3BBB","BC69","F4AF","DCAF","AAEC","AABD","AAE7","",""
"1603","60632","61628","F475","F46C","F477","F4B3","F4AA","F4AB","2A4B","B9D6","0544","3BEC","2A77","F49A","F473","F49E","",""
"1604","60648","61644","3BD5","3BC3","3BD0","3BF1","3BE8","3BEC","73E1","DC7C","4E93","BA16","740F","3BE1","3BC9","3BDE","",""
"1605","60664","61660","B9E8","B9DF","B9DF","BA1B","BA14","BA17","BC71","2A3A","9843","DCBD","BC8F","BA0D","B9DB","BA11","",""
"1606","60680","61676","DC91","DC8B","DC8E","DCC4","DCC4","DCBC","0556","73E0","E114","2A76","0564","DCBD","DC82","DCC1","",""
"1607","60696","61692","2A55","2A3F","2A41","2A88","2A81","2A77","4E94","BC73","2208","7420","4EB1","2A78","2A3D","2A7D","",""
"1608","60712","61708","73E9","73E0","73EA","7424","741F","7418","9845","054C","414A","BC9B","985A","7418","73DE","7413","",""
"1609","60728","61724","BC85","BC71","BC7D","BCA1","BC99","BC91","E125","4E91","8A91","056A","E138","BC8A","BC79","BC96","",""
"1610","60744","61740","055C","0552","054C","0574","056B","0561","2218","9842","D34E","4EB8","220F","055C","0551","0569","",""
"1611","60760","61756","4EA3","4E9A","4E93","4EB7","4EB0","4EB9","4152","E112","2247","9865","4154","4EB5","4E95","4EB4","",""
"1612","60784","61780","9854","9843","9844","986D","9865","9865","8A99","220F","65D2","E142","8AB8","985D","984B","9862","",""
"1613","60800","61796","E124","E11B","E11C","E13F","E134","E144","D356","4154","AF22","2218","D36B","E12E","E118","E13E","",""
"1614","60816","61812","2218","2217","2210","2220","2217","2210","2258","8A97","F4E5","4152","228A","2208","2218","2214","",""
"1615","60832","61828","4163","4151","4152","4163","415C","4152","65DA","D34D","40FA","8ABF","65E6","414A","4157","4157","",""
"1616","60848","61844","8AA1","8A98","8AA0","8AC7","8AC0","8AB6","AF26","2246","8AD0","D36B","AF33","8AB7","8A9C","8ABB","",""
"1617","60864","61860","D35E","D355","D357","D37C","D373","D374","F4ED","65C9","D35D","2295","F524","D36C","D349","D370","",""
"1618","60880","61876","2257","225A","224F","229D","2294","2293","410C","AF1D","220B","65EF","4103","2283","2255","228F","",""
"1619","60896","61892","65E2","65D1","65DA","65F7","65EE","65EF","8AD8","F4E4","668B","AF44","8AED","65F0","65D6","65EB","",""
"1620","60912","61908","AF26","AF26","AF1E","AF4F","AF3B","AF45","D365","40F9","8E1D","F52C","D35C","AF34","AF22","AF40","",""
"1621","60928","61924","F4F5","F4EC","F4F5","F534","F52C","F523","2210","8AD8","BBE0","410C","2226","F51B","F4F4","F528","",""
"1622","60952","61948","4114","410B","410C","4114","410B","410D","669D","D35C","0551","8AF6","66A9","4104","4108","410A","",""
"1623","60968","61964","8AEB","8AD7","8AE1","8B07","8AF5","8B01","8E25","21FD","4D10","D370","8E3A","8AEE","8AD4","8AF2","",""
"1624","60984","61980","D378","D364","D365","D36D","D364","D370","BBF1","6694","FA5C","2231","BC06","D367","D36C","D36C","",""
"1625","61000","61996","220E","2205","2206","222E","222E","2226","0559","8E25","2DC3","66B2","056D","2227","220C","222B","",""
"1626","61016","62012","669B","669C","6693","66BA","66BA","66BB","4D18","BBE8","7A0B","8E43","4D0F","66AA","6699","66AE","",""
"1627","61032","62028","8E36","8E24","8E2F","8E4B","8E42","8E4B","FA64","0547","C2A8","BC0F","FA86","8E3B","8E21","8E3F","",""
"1628","61048","62044","BBF9","BBF0","BBF1","BC17","BC0E","BC0F","2DCC","4D06","08B5","0576","2DD7","BC07","BBED","BC02","",""
"1629","61064","62060","0558","054F","0559","0576","0579","0578","7A0F","FA5B","4DEF","4D18","7A3B","0566","054C","056A","",""
"1630","61080","62076","4D20","4D0E","4D18","4D17","4D17","4D0F","C2A6","2DC2","9DEB","FA9A","C2BB","4D10","4D15","4D14","",""
"1631","61096","62092","FA61","FA58","FA64","FA97","FA8E","FA9A","08BD","7A00","E751","2DE0","08BC","FA92","FA55","FA96","",""
"1632","61112","62108","2DCA","2DC1","2DC2","2DF4","2DDF","2DEA","4E00","C2A5","2FD7","7A44","4E16","2DD8","2DC8","2DE4","",""
"1633","61136","62132","7A11","7A12","7A08","7A4C","7A4C","7A4D","9DFD","08B4","72B3","C2C4","9E0D","7A3C","7A0B","7A49","",""
"1634","61152","62148","C2B8","C2A5","C2A6","C2D5","C2CC","C2C4","E759","4DF7","B0F8","08BD","E764","C2BC","C2A2","C2C0","",""
"1635","61168","62164","08C5","08C5","08C5","08C5","08C4","08C5","2FDF","9DEA","F8A7","4E20","2FD6","08B5","08C1","08B9","",""
"1636","61184","62180","4E08","4DFF","4DF7","4E28","4E14","4E15","72C4","E751","4311","9E14","72D0","4E0D","4DFC","4E1B","",""
"1637","61200","62196","9DFB","9DF2","9DF3","9E1C","9E13","9E18","B10A","2FD6","CEE4","E76D","B116","9E0C","9DEF","9E08","",""
"1638","61216","62212","E758","E758","E759","E782","E779","E76D","F8A6","72B2","0DFF","2FE7","F89D","E770","E758","E776","",""
"1639","61232","62228","2FE7","2FE7","2FDF","2FE7","2FDE","2FE7","431A","B0F7","5724","72D9","4331","2FDF","2FDB","2FDB","",""
"1640","61248","62244","72C3","72C3","72BB","72E9","72E0","72D9","CEEC","F8A6","A06C","B128","CEF2","72D1","72C0","72DD","",""
"1641","61264","62260","B113","B0FF","B10A","B131","B11E","B128","0E12","4307","E9FE","F8AF","0DFE","B117","B106","B124","",""
"1642","61280","62276","F8AE","F8A5","F8A6","F8AE","F8AE","F8A6","5723","CEE3","3379","4336","5723","F8A8","F8AB","F8A2","",""
"1643","61296","62292","4318","4319","4319","433E","4335","432E","A06E","0E05","7CBD","CEFB","A065","4326","4315","4332","",""
"1644","61312","62308","CEF4","CEEB","CEE4","CF0D","CEFA","CF05","E9FC","571A","BE74","0E07","E9FC","CEFD","CEE0","CEF7","",""
"1645","61328","62324","0E16","0E06","0E07","0E0F","0E06","0E0E","3389","A06B","0EBF","5723","339F","0DFF","0E03","0E03","",""
"1646","61352","62348","5733","572A","5723","5733","572A","5723","7CD1","E9F3","3CBF","A06E","7CDD","5724","5728","5728","",""
"1647","61368","62364","A076","A06D","A074","A076","A073","A074","BE78","3380","679E","E9FC","BE69","A06C","A06A","A06A","",""
"1648","61384","62380","EA04","EA04","EA08","EA04","EA04","EA08","0EBF","7CC6","B097","33A8","0EBE","E9FE","EA04","EA04","",""
"1649","61400","62396","3389","338A","3381","33A5","33A8","339D","3CC7","BE69","F959","7CE7","3CBF","3395","3387","33A5","",""
"1650","61416","62412","7CD6","7CC4","7CC5","7CE5","7CDC","7CDD","67A8","0EBE","8FA5","BE71","679D","7CDF","7CCB","7CE2","",""
"1651","61432","62428","BE82","BE7A","BE7C","BE77","BE7A","BE7C","B09F","3CBF","C47F","0EC7","B096","BE74","BE77","BE77","",""
"1652","61448","62444","0ECF","0EC6","0EC9","0ECF","0EC6","0EC9","F95F","679D","0DA4","3CC7","F955","0EBF","0EC3","0EC3","",""
"1653","61464","62460","3CC5","3CBC","3CBD","3CC5","3CBC","3CBD","8FA4","B096","5758","679E","8FDB","3CBF","3CB9","3CC4","",""
"1654","61480","62476","67A6","67A5","67A6","67A6","67A5","67A6","C487","F94B","9FD9","B09F","C4BD","679E","67A2","67A2","",""
"1655","61496","62492","B0A7","B093","B094","B0A7","B093","B094","0DA1","8FA4","E8BE","F95F","0DD8","B097","B090","B09E","",""
"1656","61512","62508","F95C","F953","F95E","F95C","F953","F95E","5757","C487","3DA4","8FD9","578F","F959","F95D","F950","",""
"1657","61536","62532","8FB5","8FAC","8FAD","8FEB","8FE2","8FE3","9FD9","0DA2","7BE2","C4BA","9FF9","8FDB","8FA9","8FDF","",""
"1658","61552","62548","C48F","C48F","C487","C4CE","C4B9","C4BA","E8BA","574E","C59B","0DD5","E8C9","C4BE","C483","C4B6","",""
"1659","61568","62564","0DA9","0DA0","0DA1","0DDD","0DD4","0DD5","3DAC","9FD8","EC43","578F","3E04","0DCD","0D9D","0DD1","",""
"1660","61584","62580","575F","575F","5757","57A0","5797","578F","7BEA","E8B1","FE7E","9FF6","7C24","5790","575D","578B","",""
"1661","61600","62596","9FE1","9FE0","9FD9","A004","9FF5","9FFC","C5A3","3DA3","47BE","E8DC","C5D6","9FEE","9FD5","9FFE","",""
"1662","61616","62612","E8C2","E8C6","E8C7","E8E4","E8D1","E8D2","EC3F","7BE1","908B","3E18","EC5D","E8D7","E8C3","E8D8","",""
"1663","61632","62628","3DB4","3DAB","3DAC","3E20","3E0C","3E18","FE8E","C593","43A1","7C2B","FE9E","3E05","3DA8","3E16","",""
"1664","61648","62644","7BF2","7BE9","7BEA","7C33","7C2A","7C22","47BF","EC3F","7543","C5DC","47DC","7C1A","7BE6","7C1E","",""
"1665","61664","62660","C5AB","C5A2","C5A3","C5E4","C5DB","C5D2","9096","FE85","BE61","EC66","90A2","C5CA","C598","C5D8","",""
"1666","61680","62676","EC50","EC47","EC48","EC71","EC5C","EC5D","43A9","47BD","081B","FEA7","43E2","EC5F","EC44","EC65","",""
"1667","61704","62700","FE96","FE8F","FE8E","FEA6","FEA6","FE9E","754E","9081","509D","47E5","7578","FE9F","FE8A","FEA3","",""
"1668","61720","62716","47C7","47C5","47C6","47E5","47E4","47E5","BE72","43A0","997E","90AC","BE96","47D5","47BA","47E1","",""
"1669","61736","62732","909B","9092","9096","90B3","90AA","90A2","0829","7541","F76D","43EB","085E","909A","908F","909E","",""
"1670","61752","62748","43BB","43B2","43B4","43E8","43EA","43E0","509B","BE60","2CBD","758F","50BA","43E5","43A5","43E7","",""
"1671","61768","62764","7561","7546","7556","758A","7581","757C","9977","0828","77FC","BEA7","998D","757C","7554","757F","",""
"1672","61784","62780","BE7A","BE66","BE71","BEB5","BE9E","BEA0","F76C","5095","BED8","0869","F7A6","BEA1","BE63","BE9B","",""
"1673","61800","62796","0835","0827","0833","0866","0865","085B","2CCA","997E","07BE","50C3","2CFB","0857","0824","0862","",""
"1674","61816","62812","50B0","509C","50A5","50CC","50C1","50C4","7805","F76C","4C45","999E","785F","50BB","50A1","50B7","",""
"1675","61832","62828","9976","9984","9988","99A6","999D","999C","BEEB","2CC1","9AB3","F7A3","BF00","998F","9983","999B","",""
"1676","61856","62852","F774","F777","F76C","F7AB","F7A2","F7AB","07B7","77F1","0CFC","2CF9","07D7","F79B","F771","F79F","",""
"1677","61872","62868","2CC9","2CC1","2CC3","2D01","2CF8","2CFD","4C4E","BED7","31DF","7866","4C62","2CF8","2CC5","2CF6","",""
"1678","61888","62884","780D","7806","77FB","7878","7868","7868","9ABB","07BF","7ADE","BF00","9AD7","7869","77F9","7864","",""
"1679","61904","62900","BEE9","BEE0","BEEC","BF13","BEFF","BF09","0CFB","4C3B","C48F","07E8","0D28","BF01","BEDD","BF04","",""
"1680","61920","62916","07DB","07D0","07D1","07F1","07EA","07E2","31E7","9ABB","0D24","4C6B","3218","07E2","07CE","07E5","",""
"1681","61936","62932","4C4C","4C43","4C4D","4C73","4C6B","4C6B","7AE6","0CFA","55ED","9ADD","7B18","4C63","4C40","4C5F","",""
"1682","61952","62948","9ACC","9AB9","9ABC","9AE3","9ADB","9AD7","C48E","31D9","A930","0D3A","C4C4","9ACC","9AB8","9AD1","",""
"1683","61968","62964","0D0B","0CFA","0CFB","0D44","0D39","0D31","0D2C","7AE7","E92C","3220","0D44","0D32","0CFF","0D2D","",""
"1684","61984","62980","31F3","31E0","31E9","321F","3216","3220","55FC","C48E","325E","7B20","560D","320E","31E4","3211","",""
"1685","62000","62996","7AFC","7AEB","7AF6","7B33","7B29","7B2B","A944","0D2C","7496","C4CD","A970","7B20","7AF3","7B26","",""
"1686","62016","63012","C4A0","C497","C49B","C4D5","C4CE","C4C5","E934","55F6","B2F5","0D4A","E958","C4C8","C495","C4C2","",""
"1687","62040","63036","0D33","0D2B","0D2B","0D50","0D43","0D52","3274","A93A","FA77","560B","3299","0D42","0D35","0D42","",""
"1688","62056","63052","55FB","55F3","55F3","5615","5614","5615","7492","E92B","7294","A971","74C6","560D","55ED","5611","",""
"1689","62072","63068","A942","A942","A943","A979","A978","A971","B2FD","326B","A3B2","E960","B335","A969","A93F","A977","",""
"1690","62088","63084","E93C","E933","E92C","E973","E969","E95F","FA7F","7492","F189","32A8","FA9E","E960","E92A","E95C","",""
"1691","62104","63100","327C","3273","3274","32A8","32A9","32A0","729C","B2FF","3B3C","74C8","72C6","32A0","326A","32A5","",""
"1692","62120","63116","749A","7491","7492","74DA","74C7","74C8","A3B4","FA7F","83B8","B33E","A3E8","74C0","7497","74CF","",""
"1693","62136","63132","B311","B307","B308","B346","B33D","B335","F192","7293","CC9B","FA9D","F1C0","B32D","B2F9","B331","",""
"1694","62152","63148","FA91","FA88","FA89","FAAF","FA9C","FA9D","3B41","A3AB","15E6","72CF","3B64","FA95","FA84","FAA2","",""
"1695","62168","63164","729E","7295","7296","72CF","72C6","72CF","83CA","F189","6930","A3E9","83DF","72BF","7292","72CB","",""
"1696","62184","63180","A3BC","A3B3","A3BA","A3F9","A3F0","A3F1","CCA0","3B38","A8F1","F1C7","CCA6","A3E1","A3B0","A3E5","",""
"1697","62208","63204","F199","F191","F195","F1CF","F1BE","F1C7","15E1","83B7","D00D","3B6D","15F6","F1BF","F18E","F1BB","",""
"1698","62224","63220","3B3F","3B36","3B37","3B7F","3B78","3B77","693C","CC97","19F9","83E8","695D","3B6F","3B3D","3B75","",""
"1699","62240","63236","83D4","83BF","83CA","83F0","83DE","83DF","A903","15E2","6208","CCB8","A931","83E0","83BC","83DB","",""
"1700","62256","63252","CCA9","CCA0","CC96","CCC0","CCAE","CCAF","D015","692F","AAE0","1609","D043","CCB1","CC9C","CCAB","",""
"1701","62272","63268","15F3","15EA","15EB","1607","15FE","15FF","1A0C","A8F1","33E4","6970","1A36","1601","15DD","15FB","",""
"1702","62288","63284","6937","6937","692F","696E","6965","6970","6205","D00C","55E2","A938","6224","695E","6934","696B","",""
"1703","62304","63300","A909","A900","A8FA","A938","A938","A938","AADF","1A02","9F4B","D04C","AAEE","A930","A8FD","A934","",""
"1704","62320","63316","D01D","D00C","D015","D055","D04B","D043","33F7","6207","E333","1A43","345A","D03B","D009","D03F","",""
"1705","62336","63332","1A09","1A00","1A0C","1A47","1A42","1A36","55F0","AADF","30B8","622D","5618","1A2E","1A07","1A3F","",""
"1706","62352","63348","620D","6204","6213","622C","6223","6224","9F5E","33E3","7A09","AAFF","9F87","621C","6201","6229","",""
"1707","62376","63372","AAE7","AAE7","AAE8","AB07","AAFE","AAFF","E33B","55E1","C3B6","3463","E359","AAF7","AADB","AAF3","",""
"1708","62392","63388","33FF","33F7","33F7","346B","3456","3463","30CC","9F53","0C7B","5627","30DB","345B","33E8","3453","",""
"1709","62408","63404","55EF","55F3","55F1","5632","562D","561E","7A0A","E33C","5509","9F8A","7A27","561F","55EE","5626","",""
"1710","62424","63420","9F5E","9F5D","9F54","9F97","9F92","9F87","C3C5","30C3","97E2","E359","C3CB","9F87","9F5A","9F8B","",""
"1711","62440","63436","E343","E343","E33B","E36A","E358","E362","0C7E","7A09","D620","30E3","0C8E","E351","E337","E355","",""
"1712","62456","63452","30CB","30CA","30BD","30EC","30DA","30E5","5510","C3AF","1DD4","7A2D","5508","30D9","30BF","30DE","",""
"1713","62472","63468","7A1A","7A0E","7A14","7A34","7A26","7A30","97E3","0C7F","6819","C3DA","97F7","7A28","7A0D","7A2A","",""
"1714","62488","63484","C3CF","C3C9","C3C5","C3E4","C3DB","C3DC","D627","5511","B3C3","0C9A","D633","C3D2","C3C2","C3D8","",""
"1715","62504","63500","0C84","0C7B","0C88","0CA3","0CA4","0C98","1DD1","97DA","F9B0","551B","1DD3","0C94","0C87","0C91","",""
"1716","62520","63516","5519","550F","5511","5520","5519","5519","682B","D614","45EC","980A","6840","5509","5516","5516","",""
"1717","62544","63540","97EB","97E2","97ED","9808","9807","9808","B3C2","1DD3","8E62","D63C","B3C4","9800","97DF","9804","",""
"1718","62560","63556","D630","D61C","D627","D64C","D646","D646","F9BA","6822","D570","1DDC","F9AF","D634","D623","D640","",""
"1719","62576","63572","1DE4","1DDB","1DD1","1DE7","1DD0","1DDC","4602","B3B9","1AAD","6849","460E","1DC9","1DD8","1DCD","",""
"1720","62592","63588","6833","6820","682B","6851","683F","6849","8E60","F9AF","6A19","B3CB","8E57","6838","681D","6845","",""
"1721","62608","63604","B3CA","B3C1","B3C2","B3CA","B3CA","B3CD","D578","45F6","B358","F9BA","D571","B3C3","B3C9","B3C7","",""
"1722","62624","63620","F9B8","F9B7","F9B0","F9B8","F9B9","F9B0","1AAA","8E5F","FC8D","4617","1AC9","F9B0","F9B4","F9B4","",""
"1723","62640","63636","460A","45F3","45F4","4622","4616","460E","6A1F","D571","27AA","8E60","6A16","4606","45FB","4613","",""
"1724","62656","63652","8E70","8E5F","8E60","8E70","8E5E","8E60","B369","1AAC","5493","D570","B360","8E60","8E5C","8E66","",""
"1725","62672","63668","D580","D56F","D570","D578","D577","D57A","FC95","6A16","9D93","1AC8","FC8C","D568","D574","D56C","",""
"1726","62688","63684","1AB2","1AA9","1AB5","1AD0","1AC7","1AC8","27BC","B360","E6F2","6A14","27B3","1ACB","1AA6","1AC4","",""
"1727","62704","63700","6A1C","6A13","6A1F","6A1C","6A13","6A14","549B","FC8C","8B3C","B369","5489","6A17","6A1B","6A1B","",""
"1728","62728","63724","B371","B368","B360","B371","B35F","B369","9D98","27B3","C547","FC95","9D91","B361","B35C","B35C","",""
"1729","62744","63740","FC9D","FC9D","FC95","FC9D","FC9D","FC95","E6F0","5489","0EEA","27BC","E6FC","FC8D","FC9A","FC9A","",""
"1730","62760","63756","27C4","27BB","27BC","27C4","27BB","27BC","8B3E","9D91","57A2","549B","8B35","27AA","27B8","27AE","",""
"1731","62776","63772","549A","548F","5497","549A","548F","5497","C544","E6E7","A10D","9D8D","C53C","5493","5497","5497","",""
"1732","62792","63788","9DA2","9D98","9D9A","9DA2","9D99","9D9A","0EEF","8B3A","EA9B","E707","0EFE","9D91","9D95","9D95","",""
"1733","62808","63804","E702","E6F8","E6F0","E71B","E710","E714","57A8","C53C","33E7","8B3E","5797","E70B","E6F5","E70D","",""
"1734","62824","63820","8B4B","8B3D","8B3E","8B4C","8B43","8B3E","A117","0EE2","734C","C54B","A117","8B36","8B3A","8B3F","",""
"1735","62840","63836","C555","C546","C544","C54A","C546","C54D","EAA9","57A0","C5CF","0F0D","EAC3","C53D","C544","C544","",""
"1736","62856","63852","0EFD","0EE8","0EF6","0F1B","0F06","0F0F","33F5","A10E","077E","57A8","340B","0F08","0EEB","0F0B","",""
"1737","62872","63868","57B1","579F","57AB","57B1","579F","57A0","7354","EAA9","45C6","A117","733E","5794","579C","579C","",""
"1738","62888","63884","A125","A11D","A117","A126","A11F","A117","C5DA","33EB","8E9B","EABF","C5D8","A10D","A11B","A11B","",""
"1739","62912","63908","EAB2","EAA7","EAB0","EACE","EABE","EAC0","0786","7349","D85F","3410","0785","EAB7","EAA4","EABC","",""
"1740","62928","63924","33FF","33F8","33ED","341E","3414","340E","45D6","C5D8","599B","7352","45CD","340E","33EF","3412","",""
"1741","62944","63940","734F","7351","7347","735A","7346","7352","8E9C","077D","8833","C5DA","8E93","733F","7343","7343","",""
"1742","62960","63956","C5E2","C5E0","C5E1","C5E2","C5E0","C5E2","D867","45CD","D14F","0786","D87E","C5D5","C5D5","C5DE","",""
"1743","62976","63972","0796","0785","0786","0796","078D","0786","59A3","8E9A","1AFA","45D6","59CE","077E","0782","0782","",""
"1744","62992","63988","45D6","45D5","45D6","45D6","45D5","45D6","8837","D866","6381","8E9C","885C","45C6","45D2","45D2","",""
"1745","63008","64004","8EA4","8E9B","8EA3","8EA4","8EA2","8EA3","D157","5997","AC5E","D87E","D184","8E9B","8E98","8E98","",""
"1746","63024","64020","D877","D86E","D86F","D88F","D886","D887","1B0B","882E","F70B","59CE","1B2E","D876","D863","D87A","",""
"1747","63040","64036","59AD","599F","59A0","59DF","59CD","59DA","6389","D145","3EE5","886E","6395","59C6","599C","59CA","",""
"1748","63064","64060","8836","8838","8837","8876","8864","886E","AC66","1AF9","876B","D18D","AC77","8867","882A","886A","",""
"1749","63080","64076","D15F","D14D","D14E","D195","D183","D184","F713","6380","B14C","1B41","F74C","D186","D153","D180","",""
"1750","63096","64092","1B0A","1B0B","1B0C","1B49","1B42","1B37","3EED","AC5D","FE45","63A6","3EFA","1B2F","1B07","1B3D","",""
"1751","63112","64108","6391","6388","6389","63B0","63A5","63A8","8773","F713","4702","AC8A","8774","6396","637A","639A","",""
"1752","63128","64124","AC78","AC70","AC66","AC90","AC87","AC80","B15D","3EDC","9162","F749","B172","AC78","AC62","AC84","",""
"1753","63144","64140","F71B","F712","F71B","F751","F750","F749","FE4C","876A","FE8C","3F03","FE3A","F741","F71A","F751","",""
"1754","63160","64156","3EED","3EE4","3EE5","3F14","3F0B","3F0C","46FE","B155","4395","877E","46FD","3F04","3EE9","3F08","",""
"1755","63176","64172","877B","877D","8773","877B","877C","8773","9162","FE3A","8CAF","B17B","9177","8776","877A","876F","",""
"1756","63192","64188","B15C","B15C","B15D","B183","B17A","B17B","FE93","46F5","D69F","FE4C","FE8A","B169","B150","B16D","",""
"1757","63208","64204","FE4B","FE42","FE4C","FE54","FE42","FE43","439D","9161","1F38","46FE","438A","FE3B","FE48","FE3F","",""
"1758","63224","64220","4706","46FD","4706","4710","4705","4706","8CC1","FE80","688E","9180","8CAE","46FE","46FA","46FA","",""
"1759","63248","64244","9172","9169","916A","9188","917F","9187","D69D","4394","B25A","FE93","D6AC","9181","9166","917C","",""
"1760","63264","64260","FE91","FE92","FE93","FE9C","FE94","FE93","1F4E","8CAE","FB09","439D","1F42","FE81","FE8F","FE8F","",""
"1761","63280","64276","439B","4392","439D","439B","4392","4393","689F","D694","4495","8CB7","688D","4395","438F","438F","",""
"1762","63296","64292","8CC8","8CB6","8CB7","8CC8","8CB6","8CB7","B260","1F42","7363","D6B5","B26D","8CB8","8CBC","8CBC","",""
"1763","63312","64308","D6B0","D6A4","D69D","D6C9","D6B4","D6B5","FB16","6896","7DF6","1F40","FB0A","D6B4","D699","D6B1","",""
"1764","63328","64324","1F56","1F3F","1F4B","1F48","1F3F","1F40","449C","B250","C15E","689F","448B","1F38","1F48","1F48","",""
"1765","63344","64340","689E","6895","689F","689E","689E","689F","736A","FAFF","1073","B27E","7370","6897","689C","6892","",""
"1766","63360","64356","B268","B258","B257","B27E","B275","B276","7E02","448B","C061","FB08","7E03","B26E","B255","B272","",""
"1767","63376","64372","FB10","FB07","FB11","FB19","FB10","FB11","C159","7358","F172","449C","C150","FB09","FB04","FB04","",""
"1768","63392","64388","44A4","449B","44A0","44A5","449B","449C","1070","7DE8","3A81","7379","1087","4494","4498","4498","",""
"1769","63408","64404","7372","7369","736A","738A","7381","7382","C06F","C15A","8445","7E17","C096","737B","7366","737E","",""
"1770","63432","64428","7E05","7DF5","7DFD","7E15","7E16","7E0D","F172","1071","CCBC","C159","F1A9","7E0F","7DF2","7E08","",""
"1771","63448","64444","C16B","C162","C163","C16B","C162","C163","3A89","C060","1592","1086","3AB6","C15E","C155","C155","",""
"1772","63464","64460","1083","1077","107B","109A","108D","1089","8458","F16D","69BF","C0A9","8480","108A","1076","108A","",""
"1773","63480","64476","C077","C068","C06F","C0A7","C0A5","C09F","CCC4","3A80","A8B9","F1B1","CCDA","C0A1","C065","C09B","",""
"1774","63496","64492","F179","F179","F17B","F1B9","F1A7","F1B1","15A6","8443","F163","3AB5","15AA","F1A1","F178","F1AD","",""
"1775","63512","64508","3A90","3A84","3A81","3AC7","3AB5","3ABE","69BE","CCB4","39F2","848D","69D1","3ABC","3A82","3AB2","",""
"1776","63528","64524","8460","844C","8458","848D","848C","848D","A8B8","1590","849A","CCE2","A8D1","8479","8449","847B","",""
"1777","63544","64540","CCC3","CCBB","CCC6","CCEA","CCE1","CCE2","F15D","69BD","CC66","15BB","F17F","CCDA","CCB8","CCD6","",""
"1778","63568","64564","15A2","15A3","159A","15C4","15BE","15BC","3A03","A8B7","3ADF","69E4","39F9","15B3","1595","15B8","",""
"1779","63584","64580","69CF","69C5","69BE","69EC","69D9","69E4","84A2","F155","607B","A8D9","84AA","69D2","69C2","69D6","",""
"1780","63600","64596","A8C0","A8B7","A8B8","A8D9","A8CF","A8DA","CC6B","39F9","AE0A","F17C","CC63","A8C7","A8BF","A8C7","",""
"1781","63616","64612","F170","F15B","F15E","F186","F183","F187","3AE7","848F","F7B8","39FA","3B1C","F17E","F164","F178","",""
"1782","63632","64628","3A09","39F9","39FA","3A08","39FF","39FA","6078","CC5B","4035","84BE","60A4","39F2","39FD","39FD","",""
"1783","63648","64644","84A6","84A1","849A","84BC","84B6","84BE","AE12","3ADD","892B","CC61","AE41","84BC","849B","84BB","",""
"1784","63664","64660","CC75","CC6D","CC6C","CC68","CC6D","CC6C","F7CC","606B","D26E","3B1C","F7F8","CC69","CC6A","CC6A","",""
"1785","63680","64676","3AEA","3AE5","3AE6","3B24","3B1C","3B1C","4048","AE09","25A9","60B7","405B","3B1D","3ADE","3B14","",""
"1786","63696","64692","6086","6076","607E","60B5","60B6","60B6","8935","F7BF","6580","AE4A","8938","60A6","6073","60B4","",""
"1787","63712","64708","AE12","AE11","AE0B","AE4A","AE41","AE4A","D26D","403F","A747","F7FE","D283","AE3A","AE11","AE46","",""
"1788","63736","64732","F7D0","F7CB","F7C8","F806","F7FD","F7F6","25B1","8929","E5EE","406A","25E7","F7F6","F7C4","F7F2","",""
"1789","63752","64748","4050","403C","404A","406C","4063","405D","6588","D26D","2E0C","8947","65BE","4062","4044","4060","",""
"1790","63768","64764","893B","8931","8928","894F","8946","8941","A757","25B2","76E1","D293","A783","893F","892E","8943","",""
"1791","63784","64780","D27E","D275","D26D","D29B","D292","D28C","E5EC","657F","E9F4","25F3","E621","D28F","D272","D28F","",""
"1792","63800","64796","25C3","25B0","25BB","25F8","25EF","25F0","2E14","A746","1907","65BD","2E2A","25E8","25BA","25EC","",""
"1793","63816","64812","6590","6590","6588","65C5","65C6","65BD","76E9","E5ED","6285","A786","76EF","65BF","658D","65C3","",""
"1794","63832","64828","A75D","A750","A74F","A78C","A78B","A784","E9F4","2E0B","A66E","E62A","EA61","A77B","A749","A780","",""
"1795","63848","64844","E5FE","E5F6","E5F6","E62A","E629","E62A","1906","76D7","F3F7","2E3B","1933","E625","E5E8","E626","",""
"1796","63864","64860","2E26","2E13","2E14","2E43","2E3C","2E33","628D","E9F3","3D2A","76F8","62C4","2E2B","2E1A","2E37","",""
"1797","63880","64876","76F3","76E8","76EA","7709","7700","7703","A681","18FD","86EA","EA69","A68C","76F9","76E5","76FF","",""
"1798","63904","64900","E9FC","E9FC","E9FD","EA71","EA5F","EA69","F3FF","6280","E44A","1941","F419","EA58","E9F8","EA65","",""
"1799","63920","64916","190D","1903","1910","194D","1941","1938","3D33","A678","19BA","62C8","3D46","1934","1909","193B","",""
"1800","63936","64932","6295","628C","6294","62CE","62D0","62C6","86EA","F402","62CE","A69D","86FD","62C0","6294","62C1","",""
"1801","63952","64948","A689","A67D","A676","A6A5","A69E","A69F","E452","3D29","AC93","F41A","E488","A697","A672","A699","",""
"1802","63968","64964","F412","F40C","F40A","F422","F421","F41A","19BA","86E4","F514","3D4F","19F1","F412","F407","F416","",""
"1803","63984","64980","3D30","3D30","3D35","3D58","3D47","3D48","62DE","E455","3DDE","8707","630E","3D40","3D2D","3D44","",""
"1804","64000","64996","86F7","86ED","86EF","870C","8707","86FE","AC9C","19B2","AB8A","E491","ACCD","86F4","86E8","8705","",""
"1805","64016","65012","E45A","E451","E452","E490","E490","E493","F510","62D6","D1A7","19F6","F52C","E480","E44E","E48D","",""
"1806","64032","65028","19CA","19C0","19C2","1A01","19F7","19F8","3DF3","ACA3","1CBF","630C","3DF8","19EE","19B6","19EB","",""
"1807","64048","65044","62DE","62DC","62E0","631E","6312","630D","AB9D","F511","6396","ACD4","ABBE","630F","62DB","6308","",""
"1808","64072","65068","ACB0","ACAA","AC9A","ACDD","ACD3","ACDE","D1A2","3DDF","AC6B","F538","D1DB","ACD5","AC9F","ACD1","",""
"1809","64088","65084","F522","F50F","F51A","F537","F538","F52F","1CC7","AB96","F121","3DFF","1D21","F531","F508","F528","",""
"1810","64104","65100","3DFC","3DF3","3DE8","3E12","3E00","3E0A","639E","D1A1","3F75","ABD3","63BE","3DF7","3DEE","3DFE","",""
"1811","64120","65116","AB9A","AB91","AB92","ABDB","ABD2","ABC7","AC7C","1CBE","88A9","D1E4","AC86","ABBF","AB8E","ABC3","",""
"1812","64136","65132","D1B7","D1A7","D1AF","D1E3","D1DA","D1E1","F11F","6397","D199","1D31","F13E","D1DC","D1AB","D1DF","",""
"1813","64152","65148","1CC7","1CC6","1CC7","1D39","1D29","1D31","3F7D","AC76","145E","63BE","3F8B","1D22","1CC6","1D2D","",""
"1814","64168","65164","63B2","639D","63AA","63D1","63C5","63C9","88BA","F120","52A0","AC8D","88D0","63BF","639B","63BB","",""
"1815","64184","65180","AC86","AC75","AC7D","AC9B","AC86","AC8D","D1A1","3F75","9928","F13E","D1B8","AC85","AC72","AC91","",""
"1816","64200","65196","F134","F128","F129","F146","F146","F13E","1466","88A7","E2F2","3F9E","1494","F140","F125","F13A","",""
"1817","64216","65212","3F86","3F7D","3F7E","3FA6","3F9B","3F94","529F","D196","3152","88DA","52D7","3F8D","3F81","3F9A","",""
"1818","64232","65228","88C0","88B0","88B9","88E2","88CE","88D9","9938","1452","75E2","D1B9","9925","88C7","88AC","88D1","",""
"1819","64256","65252","D1B2","D1A0","D1AA","D1C7","D1C3","D1BF","E2FA","5296","BF37","149C","E310","D1BC","D199","D1BD","",""
"1820","64272","65268","1463","1465","1466","14A4","149B","149E","3152","9927","08F0","52D6","3161","148B","1457","148F","",""
"1821","64288","65284","52A7","529E","52AA","52DE","52D5","52D6","75EA","E2FB","3189","9938","75FA","52D6","529B","52DC","",""
"1822","64304","65300","9938","992F","9938","9938","992F","9938","BF47","3151","7AB3","E319","BF4E","992F","992C","9934","",""
"1823","64320","65316","E30C","E2F9","E304","E321","E318","E319","0901","75E1","C82E","316A","0907","E311","E2F6","E315","",""
"1824","64336","65332","315A","3151","315A","317B","3172","3173","3194","BF3E","086E","7603","3199","3162","314E","316F","",""
"1825","64352","65348","75E9","75E9","75EA","760A","75F8","7602","7AB1","08EF","560A","BF57","7ACE","75F1","75E6","75F5","",""
"1826","64368","65364","BF47","BF3E","BF49","BF5F","BF56","BF57","C840","318B","7D1B","0919","C851","BF4F","BF3B","BF5D","",""
"1827","64384","65380","0909","0900","08F8","0921","090F","0910","087E","7AA8","A8DD","31AC","088F","0911","08FD","0915","",""
"1828","64408","65404","319C","3189","318A","31B2","31A1","31A2","561B","C82D","F27D","7ACE","5629","319A","3186","31A6","",""
"1829","64424","65420","7AC0","7AB0","7AB8","7AD6","7ACD","7AD7","7D23","086D","3AA9","C857","7D3B","7AC6","7AAD","7AD3","",""
"1830","64440","65436","C848","C83F","C840","C85F","C856","C84E","A8E5","5613","E467","088E","A8DC","C84F","C83C","C84A","",""
"1831","64456","65452","0886","087D","0876","0896","0895","0896","F285","7D1A","1A40","5632","F29D","088E","087A","088A","",""
"1832","64472","65468","561A","561D","561B","563A","5631","562A","3AB9","A8D3","63E0","7D45","3AB0","562D","560E","562E","",""
"1833","64488","65484","7D33","7D2A","7D23","7D43","7D3A","7D3B","E47A","F285","ACFE","A8DC","E48A","7D3C","7D27","7D37","",""
"1834","64504","65500","A8ED","A8DB","A8E5","A8ED","A8E4","A8E5","1A47","3AB1","F520","F2A6","1A57","A8D4","A8D8","A8D8","",""
"1835","64520","65516","F28D","F284","F285","F2AE","F2A6","F29D","63E8","E466","3F11","3AB9","641E","F295","F28A","F2A3","",""
"1836","64536","65532","3AC2","3AB8","3ABA","3AC1","3AB0","3AB0","AD0E","1A33","89AA","E488","AD1E","3AB2","3AAD","3AB6","",""
"1837","64552","65548","E482","E479","E46F","E49A","E491","E492","F51E","63E7","D0F4","1A56","F515","E48A","E46B","E48E","",""
"1838","64568","65564","1A44","1A48","1A48","1A5E","1A55","1A56","3F21","ACFD","1A16","6427","3F27","1A58","1A43","1A5C","",""
"1839","64584","65580","63F0","63F2","63E8","6430","641C","641D","89B2","F515","5511","AD2A","89E1","6415","63EC","6426","",""
"1840","64608","65604","AD19","AD0D","AD11","AD2F","AD26","AD1E","D0F2","3F10","9A2C","F51E","D0F3","AD16","AD0A","AD23","",""
"1841","64624","65620","F526","F527","F51E","F526","F527","F528","1A1E","89A0","E2F0","3F3A","1A1F","F523","F51A","F524","",""
"1842","64640","65636","3F2B","3F20","3F19","3F43","3F39","3F30","5519","D0E9","2C2C","89E8","5510","3F32","3F1D","3F36","",""
"1843","64656","65652","89BA","89A8","89B2","89F0","89E7","89E8","9A3E","1A1F","BA94","D0F2","9A34","89E0","89AE","89DB","",""
"1844","64672","65668","D104","D0F1","D0F2","D104","D0FB","D0FC","E2F8","5510","FA39","1A1E","E2EF","D0F4","D0EE","D0EE","",""
"1845","64688","65684","1A26","1A1D","1A29","1A26","1A1D","1A28","2C34","9A34","4350","5519","2C34","1A16","1A27","1A1A","",""
"1846","64704","65700","5517","550E","5519","5517","550E","550F","BA9C","E2EF","8D2C","9A3E","BAA7","5511","550B","550B","",""
"1847","64720","65716","9A46","9A3F","9A3D","9A46","9A3F","9A34","FA3C","2C34","D5D8","E2F8","FA3A","9A2C","9A30","9A3A","",""
"1848","64736","65732","E300","E300","E2F8","E309","E300","E304","4360","BA8A","1F21","2C34","434E","E2F0","E2F4","E2FD","",""
"1849","64760","65756","2C45","2C33","2C34","2C3C","2C33","2C40","8D34","FA33","684C","BAB0","8D4B","2C2C","2C39","2C30","",""
"1850","64776","65772","BAA1","BA98","BA93","BAC0","BAB7","BAB0","D5D8","4354","B229","FA43","D5D3","BAB0","BA8F","BAB4","",""
"1851","64792","65788","FA40","FA38","FA45","FA4E","FA40","FA45","1F29","8D32","FB3E","4361","1F1A","FA39","FA3F","FA3B","",""
"1852","64808","65804","4366","4353","4358","4360","4353","4358","6854","D5CE","28B5","8D4C","6851","4350","4351","4351","",""
"1853","64824","65820","8D3C","8D3E","8D34","8D5A","8D56","8D4C","B231","1F1A","57B5","D5D8","B23E","8D44","8D38","8D4E","",""
"1854","64840","65836","D5E0","D5D3","D5E1","D5E0","D5DD","D5D8","FB42","6851","98DD","1F29","FB39","D5D8","D5DB","D5DC","",""
"1855","64856","65852","1F32","1F1E","1F2A","1F32","1F1E","1F21","28B6","B21F","E9EC","6854","28CE","1F1A","1F1C","1F1C","",""
"1856","64872","65868","6864","685B","685B","6864","685B","685B","57BD","FB36","89A7","B251","57CD","684C","6859","6859","",""
"1857","64888","65884","B23B","B231","B233","B257","B24D","B247","98F0","28AD","B84D","FB36","98E7","B246","B224","B243","",""
"1858","64904","65900","FB4B","FB3D","FB43","FB4B","FB3D","FB36","E9EC","57BD","0188","28D7","E9FA","FB3A","FB33","FB33","",""
"1859","64920","65916","28BE","28BC","28B6","28DF","28CD","28CE","89AF","98DC","4DE7","57D6","89FB","28CF","28B2","28CA","",""
"1860","64936","65932","57D2","57BC","57C6","57EA","57D5","57DE","B856","E9E3","93BD","98F0","B882","57D6","57C2","57DA","",""
"1861","64960","65956","98F8","98EF","98E5","98F8","98EF","98E5","0190","89A6","DCAC","EA03","01C7","98DD","98EE","98EE","",""
"1862","64976","65972","E9F4","E9F3","E9F6","EA0B","EA0C","EA0D","4DE4","B84D","327B","8A08","4E1C","EA05","E9F2","EA09","",""
"1863","64992","65988","89C1","89AE","89B9","8A0C","8A03","8A07","93BB","0190","7056","B894","93D0","89FF","89B5","8A00","",""
"1864","65008","66004","B865","B85F","B856","B892","B88A","B88B","DCB5","4DDB","B8FF","01C6","DCC1","B883","B859","B887","",""
"1865","65024","66020","01A3","0198","0199","01CE","01C5","01D0","3283","93BE","E725","4E24","32A7","01BE","018C","01CF","",""
"1866","65040","66036","4DF9","4DE3","4DED","4E23","4E1A","4E1B","705E","DCAA","F5E2","93E4","70AA","4E13","4DE0","4E17","",""
"1867","65056","66052","93C3","93C3","93C4","93EB","93D8","93E3","B910","3270","3DAD","DCCA","B93B","93DE","93C1","93D5","",""
"1868","65072","66068","DCB1","DCA8","DCA9","DCCA","DCC1","DCCD","E72D","705D","EFBE","32B0","E75A","DCBA","DCB0","DCC9","",""
"1869","65096","66092","328B","3282","3279","32C0","32AF","32B8","F5EA","B905","1A50","70B4","F617","32B2","327F","32B6","",""
"1870","65112","66108","7066","7065","7068","70B1","70B4","70B3","3DA9","E71C","6791","B93D","3DC8","70AB","7062","70AF","",""
"1871","65128","66124","B918","B906","B907","B945","B943","B93D","EFD1","F5EB","B14B","E75A","EFF3","B935","B903","B939","",""
"1872","65144","66140","E72D","E724","E72D","E76E","E759","E764","1A4F","3DAA","FC73","F62B","1A9E","E75B","E729","E75F","",""
"1873","65160","66156","F5F1","F5F2","F5F3","F630","F623","F62A","679B","EFBD","42A3","3DCF","67C7","F620","F5F0","F623","",""
"1874","65176","66172","3DB1","3DB4","3DB4","3DCF","3DC8","3DC9","B15F","1A4F","8BF4","EFFC","B189","3DC9","3DAD","3DC6","",""
"1875","65192","66188","EFD9","EFD0","EFD1","F00F","F006","EFFC","FC85","678C","ECA4","1A9B","FC98","EFFF","EFCD","F003","",""
"1876","65208","66204","1A57","1A57","1A58","1AAD","1A9A","1AA2","42A7","B14E","1FBE","67C7","42C3","1A93","1A4B","1A97","",""
"1877","65224","66220","67A3","6790","6791","67DA","67C7","67D2","8BF8","FC74","684B","B193","8C0D","67CC","6797","67CB","",""
"1878","65240","66236","B165","B156","B156","B193","B192","B188","ECAC","42A0","B4D3","FC9A","ECDD","B184","B15B","B187","",""
"1879","65256","66252","FC8E","FC82","FC86","FCA2","FC97","FC9F","1FD1","8BF1","FA90","42C2","200F","FC9B","FC78","FC95","",""
"1880","65280","66276","42B3","42B4","42B5","42D4","42C9","42CB","6858","EC9E","4363","8C15","6880","42BE","42A7","42BF","",""
"1881","65296","66292","8BF7","8BF9","8BF7","8C1E","8C0A","8C0F","B4DB","1FBE","B750","ECE3","B501","8C0C","8BF6","8C09","",""
"1882","65312","66308","ECAF","ECB2","ECB3","ECE5","ECE2","ECDD","FA8C","6856","D87F","2013","FAA1","ECDB","ECA3","ECE6","",""
"1883","65328","66324","1FD4","1FC4","1FC4","2021","2011","201A","4375","B4D1","214D","6887","4383","2017","1FC8","201B","",""
"1884","65344","66340","6863","6850","685A","6890","6887","6894","B758","FA8C","6520","B50C","B7BB","688A","685A","6885","",""
"1885","65360","66356","B4DA","B4D1","B4D6","B512","B506","B514","D87C","436C","B55B","FAB5","D8C0","B50A","B4CF","B504","",""
"1886","65376","66372","FA90","FA95","FA97","FAC0","FAAA","FAA9","215A","B754","FC07","438C","2186","FAAB","FA93","FAA5","",""
"1887","65392","66388","437E","436A","4374","438B","4382","438B","6532","D874","45C0","B7CC","653E","4378","4367","437F","",""
"1888","65408","66404","B760","B757","B758","B7D4","B7C3","B7C9","B55D","2151","9B2E","D8C9","B576","B7C1","B754","B7C0","",""
"1889","65424","66420","D88E","D882","D886","D8D0","D8D0","D8C8","FC0E","6529","D8E6","218F","FC1B","D8C9","D878","D8CD","",""
"1890","65440","66436","2162","2158","2159","218F","2186","2187","45C1","B55B","1A27","6551","45D4","2187","2155","2183","",""
"1891","65464","66460","653A","6531","6528","6559","6551","6550","9B36","FBFC","5B5E","B57D","9B6B","653F","6524","6543","",""
"1892","65480","66476","B56C","B55B","B564","B57D","B575","B575","D8F6","45B3","A0CD","FC22","D932","B575","B55F","B572","",""
"1893","65496","66492","FC0E","FC10","FC0B","FC28","FC20","FC20","1A2F","9B35","E9D2","45D5","1A5B","FC20","FC07","FC2D","",""
"1894","65512","66508","45CE","45BB","45C6","45DC","45E0","45DD","5B66","D8E6","64ED","9B74","5B94","45CD","45B6","45DB","",""
"1895","65528","66524","9B47","9B3E","9B36","9B74","9B6B","9B6C","A0DF","1A26","984C","D93B","A0F2","9B64","9B32","9B68","",""
"1896","65544","66540","D8FE","D8ED","D8EF","D94B","D940","D946","E9DA","5B5D","E435","1A6D","E9E1","D938","D8EB","D940","",""
"1897","65560","66556","1A3F","1A36","1A2F","1A6C","1A63","1A64","6500","A0CC","2D0C","5BA5","652D","1A5C","1A33","1A60","",""
"1898","65576","66572","5B6E","5B72","5B66","5BAD","5B9C","5B9D","9849","E9C9","7352","A0F3","9876","5B9E","5B6D","5B99","",""
"1899","65592","66588","A0E6","A0DE","A0DE","A0FB","A0FA","A0FB","E43D","64EC","B7D3","E9F4","E4B5","A0F3","A0DB","A0EF","",""
"1900","65608","66604","E9DA","E9DD","E9DA","E9FB","E9F2","E9EA","2D1C","984A","0642","6536","2D32","E9EB","E9D6","E9E6","",""
"1901","65632","66628","6509","64F4","64F5","653E","652A","652B","735A","E434","5BA7","9889","735D","652E","64FC","6527","",""
"1902","65648","66644","9851","9852","9853","9887","9888","987F","B7E2","2D0B","9995","E4C8","B7EF","9881","9852","987B","",""
"1903","65664","66660","E450","E444","E445","E4C6","E4C7","E4BE","064A","7353","C3AD","2D3B","0658","E4B6","E439","E4BA","",""
"1904","65680","66676","2D1C","2D1E","2D1E","2D39","2D30","2D31","5BAF","B7D0","1034","7371","5BDC","2D29","2D10","2D2D","",""
"1905","65696","66692","7360","734F","7350","736E","7365","7366","999D","0641","558E","B7F9","99EA","7369","734C","736D","",""
"1906","65712","66708","B7E9","B7D9","B7E1","B7FE","B7F6","B800","C3C1","5BAD","9E88","0661","C3EB","B7F1","B7D6","B7FB","",""
"1907","65728","66724","0652","0649","064A","0674","0660","0661","103C","999D","315B","5BE5","1068","0664","0650","0668","",""
"1908","65744","66740","5BB7","5BB5","5BB9","5BED","5BEE","5BEF","5596","C3AC","4DF9","99F3","55AC","5BE5","5BB2","5BE1","",""
"1909","65760","66756","99A5","99A5","999D","99FB","99F2","99E9","9E98","103E","96E3","C3EC","9EA7","99E1","9999","99E5","",""
"1910","65776","66772","C3BD","C3B4","C3BF","C400","C3F3","C3EC","3163","558D","DF9C","1071","3191","C3EC","C3B1","C3E8","",""
"1911","65792","66788","1044","1045","1047","1084","107B","1071","4E08","9E8F","293D","55B5","4E2E","1069","1042","106D","",""
"1912","65816","66812","55A8","55A0","5596","55C9","55B4","55B5","96E1","314F","70FD","9EB2","9717","55AD","559C","55BA","",""
"1913","65832","66828","9E98","9E8F","9E99","9EBA","9EA7","9EA8","DFA7","4DF8","CCB2","319A","DFB4","9EA0","9E95","9EAE","",""
"1914","65848","66844","316B","3162","3163","3197","318E","319A","2945","96D8","FF8E","4E37","2964","3192","3154","3197","",""
"1915","65864","66860","4E09","4E00","4E0E","4E4C","4E3F","4E40","7105","DF94","4CF5","971E","70F1","4E38","4DFD","4E33","",""
"1916","65880","66876","96F3","96EB","96EB","9729","971D","9714","CCAF","2947","8E5C","DFBF","CCDE","9716","96DD","9710","",""
"1917","65896","66892","DFA5","DF9C","DFA4","DFC7","DFB2","DFB3","FF90","70FB","CC88","2965","FFBB","DFB5","DF99","DFBB","",""
"1918","65912","66908","295A","2944","2945","296D","2964","296D","4CFD","CCB0","143C","70FB","4D12","2967","2941","296D","",""
"1919","65928","66924","7103","70F9","70FB","710E","70F9","7105","8E71","FF8A","3EA9","CCE7","8E7D","70FD","7101","7100","",""
"1920","65944","66940","CCB7","CCAE","CCB9","CCEF","CCE6","CCED","CC90","4CF5","D3E5","FFCD","CCA5","CCDE","CCB5","CCEA","",""
"1921","65960","66956","FF96","FF8B","FF94","FFD4","FFC4","FFC1","144D","8E65","0B2E","4D1B","1444","FFBB","FF88","FFBE","",""
"1922","65984","66980","4CFB","4CFC","4CF3","4D25","4D10","4D1B","3EB1","CC87","53A0","8E7C","3EAB","4D13","4CEE","4D17","",""
"1923","66000","66996","8E6C","8E63","8E6E","8E8E","8E7B","8E7C","D3F8","143B","9D00","CCA4","D417","8E7E","8E60","8E82","",""
"1924","66016","67012","CC9A","CC86","CC87","CCAC","CCA3","CCAE","0B36","3EAB","E61F","144D","0B63","CCA6","CC8C","CCA0","",""
"1925","66032","67028","144C","1443","1444","144C","1443","1444","53A8","D3E4","2E54","3EB1","53BB","143C","1440","1440","",""
"1926","66048","67044","3EB0","3EB0","3EA8","3EB0","3EA7","3EA8","9D05","0B36","9BE9","D42B","9D09","3EA9","3EAD","3EAD","",""
"1927","66064","67060","D3F5","D3F7","D3F8","D428","D42A","D426","E627","5395","C461","0B6C","E63D","D423","D3F4","D41C","",""
"1928","66080","67076","0B3E","0B35","0B3F","0B7E","0B6B","0B6C","2E53","9CF3","0D99","53BD","2E53","0B6E","0B32","0B72","",""
"1929","66096","67092","53A6","539D","539E","53C5","53BC","53C7","9BF1","E62B","522E","9D1D","9C5E","53BF","53A4","53B9","",""
"1930","66112","67108","9D0B","9CFB","9CFC","9D28","9D11","9D1E","C473","2E53","8014","E646","C486","9D0A","9CF8","9D19","",""
"1931","66136","67132","E62F","E631","E632","E64E","E64E","E652","0DAC","9BE8","C994","2E60","0DB2","E649","E62E","E64B","",""
"1932","66152","67148","2E5B","2E52","2E5C","2E5B","2E5B","2E5C","5236","C460","124B","9C64","5241","2E4B","2E4F","2E58","",""
"1933","66168","67164","9BF9","9BFA","9BF1","9C6C","9C66","9C64","8024","0DA3","8D75","C487","801B","9C53","9BF5","9C60","",""
"1934","66184","67180","C477","C468","C469","C48F","C486","C48F","C98F","5223","C29D","0DBB","C990","C487","C46E","C48B","",""
"1935","66200","67196","0DA9","0DA0","0DAC","0DC3","0DC6","0DBB","1248","8013","0B05","524A","124A","0DB3","0D9D","0DC1","",""
"1936","66216","67212","523E","522B","5236","525B","5252","524A","8D7D","C993","5AF8","8024","8DA3","524B","5232","5246","",""
"1937","66232","67228","802C","8023","8024","802C","8023","8024","C2A7","123F","A418","C98F","C2D1","8014","8020","8024","",""
"1938","66248","67244","C997","C99A","C999","C997","C99A","C999","0B0D","8D6C","E718","1248","0B23","C991","C997","C997","",""
"1939","66264","67260","125B","1247","1248","125B","1247","1253","5AF7","C294","4537","8DAC","5B24","124B","1244","1244","",""
"1940","66280","67276","8D85","8D7C","8D7D","8DBB","8DB2","8DB3","A427","0B0E","801A","C2DD","A44B","8DAB","8D71","8DA8","",""
"1941","66296","67292","C2A5","C29C","C29D","C2DB","C2DD","C2D3","E720","5AF7","CA1D","0B2C","E70D","C2CB","C2A3","C2DA","",""
"1942","66320","67316","0B1F","0B0C","0B0D","0B3E","0B2B","0B36","453F","A41E","0C98","5B2D","4581","0B24","0B15","0B32","",""
"1943","66336","67332","5AFF","5AF6","5B00","5B2C","5B23","5B24","8018","E717","59FB","A45E","8065","5B25","5AFC","5B20","",""
"1944","66352","67348","A42F","A41F","A427","A466","A45D","A45E","CA2E","4536","98EA","E721","CA71","A44C","A41C","A45A","",""
"1945","66368","67364","E728","E715","E720","E729","E71F","E721","0CA0","800F","EC7F","458A","0CAB","E70E","E712","E712","",""
"1946","66384","67380","4547","453E","4546","4592","4589","4592","5A03","CA24","474E","8065","5A11","458A","453B","4586","",""
"1947","66400","67396","802A","8022","8022","806D","806D","8065","98F2","0C97","7033","CA7A","98DE","805D","8014","806C","",""
"1948","66416","67412","CA2D","CA2D","CA2D","CA77","CA77","CA6F","EC8E","59F1","BDB8","0CBD","EC94","CA72","CA29","CA6B","",""
"1949","66432","67428","0CA8","0C9F","0CA0","0CBC","0CB3","0CBF","4751","98E5","0168","5A11","4798","0CAC","0C9C","0CBB","",""
"1950","66448","67444","5A0B","59F9","5A03","5A22","5A10","5A11","7040","EC87","5052","98E6","7060","5A09","59FF","5A0D","",""
"1951","66464","67460","98FA","98E6","98F2","98FA","98ED","98F2","BDC2","474D","933D","EC9D","BDF3","98DE","98EC","98EA","",""
"1952","66480","67476","EC8F","EC86","EC8E","ECA5","EC9C","ECA5","016F","7036","04D6","47A1","017E","EC9D","EC8C","EC99","",""
"1953","66504","67500","475E","4755","4756","47A9","47A0","479D","5051","BDBF","3014","7068","5089","4799","474D","479D","",""
"1954","66520","67516","7048","703D","7032","707F","7073","7071","9335","0163","72CB","BDFE","9335","7060","7033","706F","",""
"1955","66536","67532","BDCA","BDC3","BDBE","BE06","BDFB","BDF4","04D2","5048","B59C","017E","0521","BDED","BDC3","BDF0","",""
"1956","66552","67548","0177","0162","016F","0184","017E","017F","3024","933F","F42E","5085","305D","0171","0161","0181","",""
"1957","66568","67564","5063","505B","5051","5095","5084","5085","72D3","04C9","3A6E","932C","72F2","5085","504F","5080","",""
"1958","66584","67580","933D","9344","9345","9334","9344","9348","B5A1","3013","B343","052A","B5BE","933E","9342","9342","",""
"1959","66600","67596","04DA","04DD","04D2","0527","0529","052A","F42D","72D2","E33C","3070","F457","0522","04CE","0526","",""
"1960","66616","67612","302C","3024","3025","3078","306F","3066","3A76","B591","315E","72FA","3A77","305E","3018","3062","",""
"1961","66632","67628","72E5","72DC","72D4","72FA","72F2","72FA","B33E","F42D","799D","B5C7","B38F","72E9","72D8","72F7","",""
"1962","66648","67644","B5A2","B599","B59A","B5D8","B5CF","B5D0","E33E","3A7A","C2D1","F460","E374","B5BF","B596","B5C3","",""
"1963","66672","67668","F435","F42C","F436","F472","F469","F46A","316F","B342","0B07","3A80","3192","F462","F429","F45C","",""
"1964","66688","67684","3A7E","3A75","3A80","3A7E","3A75","3A76","79A5","E334","356C","B38C","79BD","3A6E","3A72","3A72","",""
"1965","66704","67700","B353","B34B","B33E","B39F","B398","B38C","C2CF","3166","AD8F","E372","C2E4","B384","B347","B394","",""
"1966","66720","67716","E343","E345","E344","E384","E36F","E37C","0B17","799C","E8AA","31A6","0B0E","E36A","E343","E376","",""
"1967","66736","67732","3177","316E","316F","31AC","31A3","31A4","3574","C2D0","3113","79C6","3563","319C","3162","3197","",""
"1968","66752","67748","79AD","79AE","79AE","79C6","79C5","79C7","AD9A","0B0E","7A61","C2F6","ADC3","79BF","79AB","79C3","",""
"1969","66768","67764","C2D7","C2CE","C2D9","C2FC","C2F5","C2F4","E8A6","356B","C487","0B17","E8D3","C2E5","C2CB","C2E9","",""
"1970","66784","67780","0B1F","0B16","0B0F","0B17","0B16","0B17","311B","AD83","0BD1","3574","3139","0B07","0B13","0B0B","",""
"1971","66800","67796","3574","3573","3574","3574","3573","3574","7A5C","E89D","687B","ADCF","7A77","356C","3570","3570","",""
"1972","66816","67812","AD9F","AD8B","AD8C","ADD4","ADC1","ADC2","C489","3112","9362","E8DC","C4BB","ADC4","AD88","ADC8","",""
"1973","66832","67828","E8B9","E8A5","E8A6","E8EF","E8E8","E8DC","0BDD","7A5D","DC95","3138","0BD0","E8DD","E8A2","E8E1","",""
"1974","66856","67852","312C","311A","3123","3140","3141","3142","6883","C480","20ED","7A7E","68DD","313D","3122","313E","",""
"1975","66872","67868","7A64","7A65","7A5C","7A86","7A7D","7A7E","9360","0BC8","6DDE","C4BD","9376","7A77","7A62","7A71","",""
"1976","66888","67884","C497","C488","C48F","C4C5","C4BC","C4C6","DC9D","687A","B725","0BDB","DCA3","C4BC","C485","C4C0","",""
"1977","66904","67900","0BE5","0BD0","0BD9","0BD9","0BD8","0BD9","20F5","9357","0130","68EF","2114","0BD1","0BD5","0BD5","",""
"1978","66920","67916","688B","6878","6884","68F7","68EE","68EF","6DE7","DC94","7680","9387","6DDD","68E9","6880","68ED","",""
"1979","66936","67932","9368","935F","936D","938F","937E","9387","B736","20F7","9CEE","DCB8","B72B","937F","9366","9383","",""
"1980","66952","67948","DCA5","DC93","DC94","DCB4","DCB4","DCB5","0135","6DD4","E5C2","2113","0138","DCAE","DC90","DCA8","",""
"1981","66968","67964","2106","20F4","2100","2126","2112","2113","7688","B724","2EFE","6DDD","76B5","2115","20FA","210F","",""
"1982","66984","67980","6DEE","6DE5","6DDD","6DEE","6DE5","6DE6","9CF6","0122","76DD","B736","9D2E","6DDE","6DD9","6DD9","",""
"1983","67000","67996","B734","B72C","B734","B73C","B72C","B734","E5CA","7688","C8A1","014A","E5F4","B725","B729","B728","",""
"1984","67024","68020","013D","0134","0138","0154","0149","014E","2F06","9CF6","2926","76C9","2F23","0142","0131","0146","",""
"1985","67040","68036","769C","7694","7688","76D1","76BD","76C9","76F4","E5C6","5402","9D35","7706","76C1","768D","76BA","",""
"1986","67056","68052","9D07","9CF5","9CFF","9D34","9D2B","9D2C","C8B3","2EF5","A326","E606","C8C0","9D24","9CF3","9D33","",""
"1987","67072","68068","E5CF","E5D2","E5D1","E60E","E5FC","E5FD","292E","76EB","EE98","2F37","2971","E5F5","E5D0","E603","",""
"1988","67088","68084","2F0E","2EFE","2F06","2F3F","2F2B","2F2D","5411","C8AB","2DC7","770B","5434","2F31","2EF9","2F27","",""
"1989","67104","68100","76FB","76F3","76EB","7712","7711","7712","A330","2930","72E1","C8BF","A369","7703","76F1","770E","",""
"1990","67120","68116","C8B1","C8B3","C8B3","C8D1","C8C8","C8C9","EEA3","5405","A6B2","297A","EEC1","C8C1","C8B0","C8BC","",""
"1991","67136","68132","2941","292D","2939","298C","2979","297A","2DDD","A325","1FA2","5447","2DCB","297C","292A","2980","",""
"1992","67152","68148","5418","5403","5407","544E","543C","5446","72E7","EE98","5B2C","A379","72FB","543E","540A","543C","",""
"1993","67168","68164","A32E","A325","A326","A37A","A37B","A379","A6BA","2DD4","96E8","EECA","A6C5","A374","A32C","A375","",""
"1994","67184","68180","EE9E","EEA2","EEA0","EED2","EEC9","EED3","1FB4","72E7","DA5E","2DCF","1FEA","EEC2","EE9C","EED3","",""
"1995","67208","68204","2DDB","2DD2","2DE1","2DE9","2DDB","2DDE","5B34","A6A7","1E04","72FE","5B77","2DC7","2DDA","2DD9","",""
"1996","67224","68220","72F0","72EE","72EF","7306","7302","72FC","96F0","1FA1","6B4E","A6CE","96FD","72F5","72E4","72F8","",""
"1997","67240","68236","A6B8","A6B1","A6B2","A6D0","A6C7","A6CE","DA66","5B2B","E600","1FF3","DA82","A6C9","A6B6","A6C4","",""
"1998","67256","68252","1FBC","1FB4","1FB4","2006","1FF2","1FF3","1E04","96E9","1428","5B8B","1E22","1FEB","1FB0","1FEF","",""
"1999","67272","68268","5B45","5B33","5B3D","5B88","5B7F","5B88","6B56","DA5D","5D92","970F","6B62","5B78","5B39","5B7C","",""
"2000","67288","68284","96F8","96EF","96F0","9717","9705","9712","E5FF","1DFB","A5D5","DA94","E641","96FE","96EC","9702","",""
"2001","67304","68300","DA6E","DA65","DA68","DA9C","DA96","DA94","1426","6B44","F084","1E2B","1454","DA83","DA62","DA87","",""
"2002","67320","68316","1E14","1E03","1E04","1E2A","1E2C","1E22","5D9A","E5FF","383C","6B6B","5DC4","1E1A","1E0A","1E27","",""
"2003","67336","68332","6B55","6B55","6B59","6B6B","6B6B","6B63","A5D4","1427","9E9D","E654","A5EC","6B63","6B52","6B6A","",""
"2004","67360","68356","E610","E607","E608","E65C","E653","E64A","F08C","5D9A","C5A1","1468","F0B7","E64C","E5FB","E651","",""
"2005","67376","68372","142E","1425","1430","1471","145C","145D","3844","A5CB","1211","5DD5","3851","145F","1422","1459","",""
"2006","67392","68388","5DAB","5D99","5D9A","5DD5","5DCC","5DD5","9EB0","F083","608F","A5EC","9ED2","5DC5","5DA2","5DC9","",""
"2007","67408","68404","A5E5","A5D3","A5DF","A5F4","A5F6","A5EC","C5AB","383C","A9C5","F0B6","C5EE","A5E4","A5D0","A5E8","",""
"2008","67424","68420","F08B","F08B","F08F","F0C8","F0BF","F0C0","1221","9EA6","D2A7","384F","1236","F0B8","F088","F0BC","",""
"2009","67440","68436","3843","3844","3844","3857","3859","384F","6097","C5A1","24FB","9EE3","60BD","3852","3840","3856","",""
"2010","67456","68452","9EAD","9EAE","9EB0","9EEB","9EE2","9EE6","A9DB","1218","9D04","C5ED","A9FA","9EDB","9EA1","9EDF","",""
"2011","67472","68468","C5A8","C5A8","C5A9","C5F5","C5EB","C5F7","D2B2","6098","D0A2","123F","D2A6","C5E5","C5A5","C5F0","",""
"2012","67488","68484","1229","1225","1219","123F","1236","123F","2500","A9C4","13EC","60D0","2503","1237","1215","123F","",""
"2013","67504","68500","609F","60A1","6097","60D8","60C5","60D0","9D0C","D29D","68AA","AA03","9D53","60C8","609D","60CC","",""
"2014","67520","68516","A9DF","A9CC","A9CD","AA0B","AA0B","AA03","D0B2","24EE","A66E","D2A6","D0ED","AA04","A9D3","A9FF","",""
"2015","67544","68540","D2B7","D2B1","D2AF","D2B7","D2AE","D2A6","13EA","9D03","F3D5","2515","140C","D29E","D2A2","D2AE","",""
"2016","67560","68556","24FF","24F6","24F7","2514","2515","2516","68B2","D0A9","4DED","9D5C","68E1","250D","24FD","2511","",""
"2017","67576","68572","9D17","9D0F","9D0F","9D61","9D5B","9D5D","A67D","13E1","8755","D0FE","A68A","9D54","9D0C","9D58","",""
"2018","67592","68588","D0BA","D0A9","D0AA","D106","D0F5","D0FE","F3DD","68B3","CB25","1412","F3E7","D0EE","D0B0","D0FC","",""
"2019","67608","68604","13FE","13F3","13F4","141A","1411","1409","4DF4","A674","1075","68E1","4E87","140A","13E6","1405","",""
"2020","67624","68620","68C5","68B1","68BD","68F5","68E8","68E1","8767","F3D3","4AA6","A693","8793","68E1","68AE","68E5","",""
"2021","67640","68636","A685","A675","A682","A6A4","A69B","A693","CB2A","4DE3","8C38","F3F0","CB32","A68B","A672","A698","",""
"2022","67656","68652","F3DB","F3DB","F3DC","F3F8","F3EF","F3E8","1088","875E","DA2A","4E8B","10A9","F3E8","F3D8","F3EC","",""
"2023","67672","68668","4DF4","4DEB","4DF4","4E93","4E8A","4E90","4AB8","CB21","4F27","8798","4AC6","4E83","4DF2","4E8C","",""
"2024","67688","68684","8765","875C","8766","87A3","879B","8798","8C48","1080","7754","CB3B","8C37","8790","8759","8797","",""
"2025","67704","68700","CB2A","CB21","CB22","CB43","CB43","CB3B","DA3B","4AAF","C0AC","10BD","DA49","CB31","CB1C","CB3F","",""
"2026","67728","68724","108F","107C","1087","10C5","10BE","10BC","4F2F","8C3F","0DD2","4ACD","4F88","10B4","1085","10AE","",""
"2027","67744","68740","4AB6","4AAD","4AAE","4AD7","4ACC","4ACD","7763","DA32","5335","8C49","7788","4AC5","4AB4","4AC1","",""
"2028","67760","68756","8C50","8C3F","8C48","8C51","8C47","8C48","C0A7","4F27","9A49","DA52","C0D0","8C40","8C3C","8C44","",""
"2029","67776","68772","DA43","DA3A","DA32","DA5A","DA51","DA48","0DE3","7753","0F8D","4F8A","0DF6","DA40","DA37","DA4E","",""
"2030","67792","68788","4F2F","4F26","4F27","4F9A","4F91","4F8A","533D","C0AC","32E7","779B","5368","4F82","4F2B","4F8D","",""
"2031","67808","68804","7767","775B","775C","779A","778D","7793","9A5A","0DD3","7D6E","C0E6","9A48","7789","775F","7790","",""
"2032","67824","68820","C0B5","C0AA","C0B4","C0E7","C0DD","C0E9","0F95","5336","C68B","0E02","0FD9","C0E3","C0B2","C0E3","",""
"2033","67840","68836","0DDE","0DE8","0DE8","0DFC","0DFC","0DF4","32E2","9A48","0C07","5370","3331","0DEC","0DD8","0DF9","",""
"2034","67856","68852","5345","533A","5334","5374","536C","5372","7D6A","0F8C","5079","9A5A","7DAA","535B","5338","5364","",""
"2035","67880","68876","9A62","9A50","9A51","9A59","9A5C","9A5A","C696","32E8","9E70","0FE2","C6A9","9A49","9A4D","9A56","",""
"2036","67896","68892","0F9D","0F94","0F98","0FDF","0FE1","0FE4","0C0A","7D61","073D","333B","0C01","0FCF","0F91","0FDE","",""
"2037","67912","68908","32FA","32E7","32E6","3337","3338","333A","5083","C684","33FB","7DB6","5076","3333","32EB","332C","",""
"2038","67928","68924","7D7C","7D69","7D76","7DCA","7DB2","7DB6","9E7B","0C01","7C59","C6B2","9E7D","7DAE","7D67","7DBF","",""
"2039","67944","68940","C69A","C692","C696","C6B0","C6A8","C6AA","0750","5076","C926","0C0A","0794","C6AA","C688","C6AE","",""
"2040","67960","68956","0C16","0C10","0C0D","0C12","0C07","0C17","340C","9E7D","0F55","5081","3431","0C07","0C04","0C0B","",""
"2041","67976","68972","507F","5076","5077","507F","507E","5081","7C6F","0747","5800","9E7B","7C79","5079","5073","5073","",""
"2042","67992","68988","9E8A","9E81","9E76","9E8A","9E74","9E76","C926","3403","B2CE","079D","C953","9E76","9E72","9E72","",""
"2043","68008","69004","0758","074F","0750","07A5","079C","079D","0F5D","7C5A","EA72","3445","0F6F","078A","074C","0799","",""
"2044","68024","69020","340C","3402","340C","3449","3442","3439","57FD","C925","31F4","7C8C","5816","3431","3408","3435","",""
"2045","68048","69044","7C75","7C63","7C6E","7C94","7C80","7C8C","B2D6","0F5B","764E","C950","B311","7C78","7C5D","7C7E","",""
"2046","68064","69060","C936","C92D","C926","C964","C95B","C95C","EA72","5803","B255","0F84","EABF","C948","C922","C958","",""
"2047","68080","69076","0F5D","0F59","0F55","0F84","0F77","0F83","31F5","B2C6","F997","581E","3212","0F7C","0F55","0F7E","",""
"2048","68096","69092","580F","580B","5807","582A","581C","5820","765F","EA73","6FAD","B31A","7665","5818","5807","5814","",""
"2049","68112","69108","B2D7","B2CE","B2CF","B322","B323","B31A","B25D","31F4","979F","EAC7","B272","B31B","B2CB","B31D","",""
"2050","68128","69124","EA79","EA6D","EA7C","EACF","EABE","EAC9","F99F","764D","E445","321D","F98D","EAB6","EA6A","EAC2","",""
"2051","68144","69140","31FB","31FE","31F2","3218","3211","321C","6FC0","B25E","2D77","7676","6FED","320C","31FB","320D","",""
"2052","68160","69156","765E","765E","7656","7676","7678","766E","97A9","F996","7949","B27B","97EA","7666","765B","7672","",""
"2053","68176","69172","B265","B259","B264","B28D","B27A","B27B","E444","6FB7","BEEA","F996","E463","B27B","B260","B27F","",""
"2054","68192","69188","F99E","F995","F996","F99E","F995","F996","2D76","979E","0810","6FEB","2D85","F997","F99B","F992","",""
"2055","68208","69204","6FC8","6FBF","6FB5","6FF3","6FEA","6FEB","7951","E444","7790","97F6","7978","6FE3","6FBC","6FF2","",""
"2056","68232","69228","97A6","97A5","97A6","97FB","97F2","97F3","BEF1","2D77","A09A","E46C","BEDE","97E2","979A","97E6","",""
"2057","68248","69244","E44C","E443","E444","E473","E461","E462","0818","7948","E0F9","2D8E","0807","E45A","E449","E467","",""
"2058","68264","69260","2D7E","2D75","2D7F","2DA0","2D97","2D8E","7798","BEDE","21D0","7966","77C6","2D92","2D72","2D8A","",""
"2059","68280","69276","794F","7946","7963","796E","797F","7978","A0A0","0807","67E9","BEE7","A0ED","796F","7943","797C","",""
"2060","68296","69292","BEEF","BEEE","BEE7","BEEF","BEE6","BEEF","E101","7790","B024","0818","E10C","BEDF","BEEE","BEEB","",""
"2061","68312","69308","0823","080F","0818","0823","080F","0818","21D0","A09E","32B2","77CE","21E8","0810","080C","0814","",""
"2062","68328","69324","77A0","778B","7798","77D6","77C1","77CE","67FA","E0EF","5A5E","A0F5","6810","77C6","7794","77BE","",""
"2063","68344","69340","A0B2","A09E","A0A4","A0FA","A0F3","A0EA","B029","21C7","A1E8","E115","B018","A0EA","A09C","A0EA","",""
"2064","68360","69356","E109","E0F7","E101","E11D","E11E","E115","32BA","67F1","E6A0","21F1","32E8","E117","E0F4","E11B","",""
"2065","68376","69372","21E1","21CF","21D9","21F0","21F1","21E8","5A66","B020","3709","681B","5A7B","21E0","21D4","21ED","",""
"2066","68400","69396","67F9","67F0","67F1","6821","680D","6817","A1E3","32B1","7DAD","B02C","A1DF","680F","67ED","680A","",""
"2067","68416","69412","B029","B020","B021","B031","B02B","B029","E6B1","5A64","C6F3","32E6","E69F","B019","B01D","B025","",""
"2068","68432","69428","32C2","32B9","32BA","32F9","32F0","32E6","3714","A1DF","12CC","5A82","3700","32DE","32AC","32ED","",""
"2069","68448","69444","5A75","5A6C","5A66","5A80","5A79","5A84","7DAC","E69F","59FC","A1E3","7DAE","5A72","5A5F","5A76","",""
"2070","68464","69460","A1ED","A1E5","A1E8","A1F7","A1F0","A1E8","C6F2","3708","9B18","E6B1","C6EB","A1DE","A1EC","A1E3","",""
"2071","68480","69476","E6B9","E6A7","E6A8","E6B9","E6A7","E6A8","12C8","7DAE","DC02","3714","12C9","E6A0","E6AD","E6A4","",""
"2072","68496","69492","3717","370E","370F","3717","370E","370F","5A04","C6EB","223F","7DAC","5A10","3709","3705","3705","",""
"2073","68512","69508","7DB6","7DB4","7DB6","7DB6","7DB4","7DB6","9B2C","12C9","6B65","C6F2","9B1F","7DAD","7DB1","7DB8","",""
"2074","68528","69524","C6FC","C6FC","C6FD","C6FC","C6FC","C6FD","DC02","59FA","B74A","12C8","DBF9","C6F3","C6F8","C6F8","",""
"2075","68544","69540","12D9","12C7","12C8","12D9","12C7","12C8","2248","9B21","FDE6","5A18","223D","12CC","12CD","12CD","",""
"2076","68568","69564","5A0D","5A0B","5A0C","5A1F","5A23","5A23","6B6A","DC01","47EA","9B2A","6B62","5A10","5A01","5A14","",""
"2077","68584","69580","9B28","9B29","9B20","9B28","9B1F","9B28","B752","2233","9307","DC02","B749","9B20","9B26","9B28","",""
"2078","68600","69596","DC13","DC01","DC02","DC13","DC01","DC0A","FDEF","6B61","06FE","2246","FDDB","DBFA","DBFE","DBFE","",""
"2079","68616","69612","224F","2245","2247","224F","2245","223C","47F2","B749","31A1","6B6A","480B","223F","2242","2238","",""
"2080","68632","69628","6B72","6B69","6B6A","6B72","6B69","6B6A","9317","FDDB","7F26","B752","930E","6B62","6B69","6B69","",""
"2081","68648","69644","B75A","B751","B75A","B762","B751","B75A","0706","47F5","CB0C","FDEF","06FD","B74A","B756","B756","",""
"2082","68664","69660","FDF6","FDE3","FDE4","FDF6","FDE3","FDE4","31B2","930F","123A","4808","31AA","FDE6","FDE0","FDE0","",""
"2083","68680","69676","4803","47FA","47FB","4819","4810","4811","7F2C","06FD","5AF5","931A","7F23","4800","47EE","4804","",""
"2084","68696","69692","9320","9317","9317","931F","9316","930F","CB1C","31AA","A6D7","0706","CB16","930F","9313","9313","",""
"2085","68712","69708","0717","0705","070F","0717","070E","0706","1243","7F23","ED68","31B2","124E","0709","0702","0702","",""
"2086","68736","69732","31B1","31B1","31B2","31B1","31B1","31B2","5AFB","CB16","36B3","7F2C","5AF1","31A1","31A5","31A5","",""
"2087","68752","69748","7F34","7F2C","7F25","7F34","7F2C","7F25","A6D4","1239","7AF5","CB1C","A6D1","7F1C","7F20","7F27","",""
"2088","68768","69764","CB1A","CB1C","CB13","CB1A","CB1C","CB13","ED6D","5AE7","B6A4","1257","ED65","CB14","CB0E","CB0E","",""
"2089","68784","69780","1242","1238","1244","1256","124D","1256","36BD","A6CB","0006","5AF0","36B1","124F","1235","124B","",""
"2090","68800","69796","5AFA","5AF0","5AF2","5AFA","5AF0","5AFB","7B04","ED5F","4B47","A6DB","7AF4","5AF5","5AF8","5AEE","",""
"2091","68816","69812","A6DB","A6DE","A6DC","A6DB","A6D1","A6DC","B6A2","36A7","9214","ED6D","B6A3","A6D7","A6D8","A6DB","",""
"2092","68832","69828","ED77","ED65","ED71","ED7A","ED65","ED71","0016","7AFB","DB23","36BD","0024","ED68","ED6C","ED6C","",""
"2093","68848","69844","36C3","36BA","36B2","36C3","36BA","36B2","4B45","B6A3","271E","7B04","4B49","36B3","36AE","36B8","",""
"2094","68864","69860","7B05","7AFC","7AFD","7B0C","7AFC","7AFD","9214","000D","694C","B6A2","9213","7AF5","7AF9","7B00","",""
"2095","68880","69876","B6B1","B6A1","B6A2","B6B1","B6AB","B6A2","DB23","4B46","B777","002E","DB22","B6A4","B69E","B69E","",""
"2096","68896","69892","0022","000D","0016","0035","002C","002D","2726","9213","2ED0","4B4F","2714","001B","000A","002A","",""
"2097","68912","69908","4B4D","4B4E","4B4F","4B57","4B51","4B45","6956","DB22","604F","9214","6943","4B3D","4B4B","4B41","",""
"2098","68936","69932","921C","9213","9214","921C","9213","9214","B777","2714","A69B","DB23","B78B","920C","9218","9218","",""
"2099","68952","69948","DB2B","DB22","DB2B","DB33","DB22","DB2D","2ED8","6943","EFF7","271D","2ECF","DB23","DB29","DB29","",""
"2100","68968","69964","272E","271C","271D","272E","271C","271D","6057","B776","3BBC","6956","604E","271E","2719","2719","",""
"2101","68984","69980","6954","694B","6954","6954","694B","6954","A6A7","2ECB","825E","B78D","A6A1","694C","6948","6948","",""
"2102","69000","69996","B77F","B77E","B781","B795","B793","B796","EFFF","604E","CC3E","2ED4","EFF7","B78C","B77B","B790","",""
"2103","69016","70012","2EE0","2ED3","2ED8","2EDC","2ED7","2ED4","3BCD","A6A1","178F","6057","3BC1","2EDA","2ED0","2EDD","",""
"2104","69032","70028","6055","6050","6057","6055","6050","6057","8273","EFF7","5E20","A6A7","8260","604F","604B","604B","",""
"2105","69048","70044","A6B3","A6AB","A6AB","A6B3","A6AB","A69F","CC46","3BC1","9FF0","EFFF","CC4B","A69B","A6A7","A6A7","",""
"2106","69064","70060","F00B","EFFF","F000","F00B","EFFF","F000","1797","8260","E0E3","3BCC","1784","EFF7","EFFC","EFFC","",""
"2107","69080","70076","3BCC","3BC1","3BC4","3BD2","3BC1","3BC4","5E28","CC33","26E2","8273","5E20","3BBC","3BC6","3BC6","",""
"2108","69104","70100","827C","8273","826A","827C","8273","826A","9FEF","1784","70B9","CC5D","9FEF","825E","8266","8266","",""
"2109","69120","70116","CC4C","CC3B","CC3D","CC66","CC52","CC54","E0EA","5E1A","B4F8","178E","E0E1","CC55","CC44","CC59","",""
"2110","69136","70132","1797","1797","1798","17A0","1797","1798","26F5","9FEF","055A","5E23","26E1","178F","1789","1793","",""
"2111","69152","70148","5E27","5E29","5E1F","5E32","5E29","5E2A","70CB","E0D8","4BE2","9FEF","70CE","5E1E","5E26","5E26","",""
"2112","69168","70164","9FF7","9FEE","9FF8","A002","9FEE","9FF8","B500","26E1","9535","E0E1","B4FF","9FF0","9FF8","9FF6","",""
"2113","69184","70180","E0E9","E0EA","E0E1","E0E9","E0EA","E0EA","0558","70B8","1D25","26F5","054F","E0E3","E0E6","E0E6","",""
"2114","69200","70196","26FD","26F4","26EA","26FB","26F4","26EA","4BDF","B4F7","3F0B","70E0","4BE0","26E2","26E6","26E6","",""
"2115","69216","70212","70D3","70CC","70CD","70EA","70E2","70E3","9535","0559","8977","B508","9535","70DB","70BD","70D3","",""
"2116","69232","70228","B510","B4FF","B508","B511","B507","B508","1D27","4BD6","D165","0558","1D5B","B4F8","B504","B504","",""
"2117","69248","70244","056A","0561","0558","056A","0557","0562","3F16","9535","1B80","4BDF","3F40","055A","055E","0554","",""
"2118","69272","70268","4BE7","4BDE","4BE9","4BF4","4BDE","4BE9","897F","1D24","627D","953E","89C1","4BE2","4BE5","4BE5","",""
"2119","69288","70284","953D","9534","953D","953D","9534","9541","D177","3F03","BFFF","1D5D","D164","9535","9539","9539","",""
"2120","69304","70300","1D2F","1D26","1D27","1D65","1D5C","1D5D","1B85","8975","F791","3F41","1BB2","1D5C","1D23","1D59","",""
"2121","69320","70316","3F1E","3F15","3F13","3F54","3F40","3F4A","6285","D171","410C","89CA","6272","3F41","3F0F","3F3D","",""
"2122","69336","70332","8986","897E","897E","89C8","89C9","89CB","C007","1B7C","8165","D16D","C036","89B8","897A","89C6","",""
"2123","69352","70348","D181","D179","D16D","D17F","D176","D16D","F7A3","6272","BE80","1BBB","F7C5","D16F","D173","D173","",""
"2124","69368","70364","1B84","1B84","1B85","1BC4","1BB0","1BB1","410B","C00A","02E1","6285","4136","1BB5","1B82","1BAD","",""
"2125","69384","70380","628D","6283","627B","6283","627A","6285","816F","F799","31C2","C03F","818B","6273","627F","6280","",""
"2126","69400","70396","C018","C006","C010","C047","C03E","C046","BE8F","4102","CB3C","F7CE","BE88","C037","C003","C045","",""
"2127","69416","70412","F7A1","F7A3","F799","F7D6","F7CD","F7DB","02E9","8165","0043","4149","02E3","F7D1","F795","F7CA","",""
"2128","69440","70436","411D","4113","4116","4151","414C","4149","31CA","BE89","2602","8196","31C1","4145","4110","4145","",""
"2129","69456","70452","8177","816C","816D","819B","818A","8191","CB4E","02E0","6F80","BE8F","CB7B","8184","8169","8192","",""
"2130","69472","70468","BE99","BE87","BE91","BE90","BE87","BE8F","004B","31B7","B852","02E9","0081","BE87","BE84","BE84","",""
"2131","69488","70484","02F1","02E8","02E9","02F1","02E8","02E9","2614","CB45","0078","31CA","2629","02D7","02DB","02DB","",""
"2132","69504","70500","31D2","31CA","31CC","31C8","31CA","31CA","6F91","0042","885C","CB85","6F97","31C2","31C7","31C7","",""
"2133","69520","70516","CB56","CB43","CB4E","CB82","CB79","CB84","B863","2601","B430","008A","B86F","CB7C","CB40","CB76","",""
"2134","69536","70532","005D","0054","0055","0094","007F","008A","0080","6F88","FC9A","2632","0080","0082","0051","0086","",""
"2135","69552","70548","261C","2613","2614","2631","2632","2633","8858","B85C","4AA9","6FA0","8885","262B","2610","262E","",""
"2136","69568","70564","6F99","6F90","6F88","6FB1","6F9F","6FA0","B438","0080","8F4C","B882","B466","6FA1","6F84","6F9C","",""
"2137","69584","70580","B862","B859","B863","B880","B877","B881","FCA2","885B","D740","0080","FCB6","B870","B856","B87F","",""
"2138","69600","70596","0088","007F","0089","0088","007F","0089","4AA7","B438","3359","889A","4AB6","0078","0085","007C","",""
"2139","69616","70612","886C","8857","8864","8896","888D","889A","8F54","FC8F","646A","B476","8F67","8892","8860","8896","",""
"2140","69632","70628","B440","B437","B445","B47E","B46E","B46F","D748","4A9E","B179","FCB7","D741","B467","B434","B46B","",""
"2141","69648","70644","FCAA","FC97","FCA2","FCC7","FCB6","FCB7","336E","8F55","FABF","4ABF","3395","FCAF","FC94","FCB3","",""
"2142","69664","70660","4AB7","4AAE","4AAF","4AC7","4ABE","4AC8","646B","D73F","43EF","8F70","6497","4AB7","4AAB","4AC7","",""
"2143","69680","70676","8F5C","8F5F","8F54","8F78","8F6F","8F7B","B182","3364","8C29","D740","B18D","8F68","8F5A","8F6C","",""
"2144","69704","70700","D753","D747","D740","D750","D73F","D748","FAC7","646A","B697","3396","FAD8","D738","D73C","D73C","",""
"2145","69720","70716","3369","3369","3361","339E","3395","33A2","43F7","B170","2D2A","64A7","4416","338E","3366","3392","",""
"2146","69736","70732","647B","646A","6475","64B2","64A7","649C","8C2A","FAC8","68B4","B19F","8C28","6498","6468","649A","",""
"2147","69752","70748","B181","B180","B179","B19E","B1A1","B196","B697","43EE","B136","FAE8","B696","B19A","B17D","B192","",""
"2148","69768","70764","FACF","FAD0","FAD1","FAE9","FAE7","FAE1","2D29","8C2C","FA6A","441F","2D5D","FAE0","FAC3","FADD","",""
"2149","69784","70780","43FF","43F6","4400","4427","4415","4416","68B8","B68E","43CD","8C31","68E8","440E","43FC","441B","",""
"2150","69800","70796","8C39","8C32","8C31","8C3B","8C29","8C2A","B133","2D29","8BCC","B697","B149","8C29","8C2D","8C26","",""
"2151","69816","70812","B6A7","B69E","B69F","B6A7","B69E","B696","FA6A","68B3","E95F","2D67","FA81","B699","B69B","B69B","",""
"2152","69832","70828","2D3A","2D31","2D29","2D6F","2D65","2D6A","43D5","B12A","146D","68ED","43E8","2D5E","2D2E","2D62","",""
"2153","69848","70844","68C4","68B7","68B9","68EE","68EE","68ED","8BD4","FA61","5DBF","B152","8BCB","68DE","68AC","68EB","",""
"2154","69864","70860","B13B","B13D","B133","B164","B15D","B15C","E962","43CC","A231","FA81","E9C4","B156","B13A","B158","",""
"2155","69880","70876","FA7A","FA71","FA72","FA89","FA80","FA8E","1475","8BD6","DF03","43EA","1489","FA82","FA66","FA87","",""
"2156","69896","70892","43D4","43CB","43CC","43F2","43F0","43F4","5DC8","E959","2504","8BD4","5DD6","43E2","43C8","43E6","",""
"2157","69920","70916","8BDC","8BD3","8BE1","8BE7","8BD3","8BDF","A243","146C","6876","E9C9","A24E","8BCC","8BD0","8BD0","",""
"2158","69936","70932","E96A","E966","E962","E9D5","E9D1","E9CD","DF0B","5DBF","F693","149C","DF21","E9C5","E95E","E9C5","",""
"2159","69952","70948","147D","147E","1475","14A4","149B","1492","250C","A230","262D","5DD6","2521","1494","1478","148E","",""
"2160","69968","70964","5DC6","5DBD","5DBE","5DE8","5DD5","5DD6","687E","DF0D","5E1A","A260","6875","5DCE","5DBA","5DDE","",""
"2161","69984","70980","A24B","A238","A239","A25F","A25F","A257","F6A5","250B","A181","DF21","F6E9","A24F","A235","A253","",""
"2162","70000","70996","DF1B","DF12","DF0B","DF29","DF20","DF21","2636","687E","EA64","252A","266E","DF19","DF0F","DF1D","",""
"2163","70016","71012","2514","250B","2514","2532","2521","252A","5E17","F69C","327E","687E","5E2B","2524","2508","2526","",""
"2164","70032","71028","6893","6886","687E","688F","687D","687E","A189","262C","A654","F6E7","A1AE","687F","687A","6883","",""
"2165","70048","71044","F6AD","F6A4","F6A6","F6FA","F6F1","F6F2","EA6E","5E18","E1DA","267F","EA97","F6DF","F697","F6E3","",""
"2166","70072","71068","263E","2634","2635","267F","267E","2681","3286","A18B","2740","5E3F","3295","2677","2631","2673","",""
"2167","70088","71084","5E1F","5E16","5E21","5E3C","5E3E","5E34","A64F","EA59","7383","A1C0","A688","5E37","5E1D","5E3B","",""
"2168","70104","71100","A199","A192","A189","A1C8","A1B6","A1C0","E1E9","3281","BBB3","EA9F","E223","A1B8","A185","A1B3","",""
"2169","70120","71116","EA76","EA61","EA62","EAA7","EA94","EA95","2751","A646","FAB3","329D","2796","EA98","EA5E","EA9C","",""
"2170","70136","71132","3285","3289","3286","32A6","329C","329E","738B","E1D9","2AC9","A691","73B5","328B","3282","3299","",""
"2171","70152","71148","A663","A65A","A65B","A699","A690","A691","BBC4","273F","9FFD","E236","BBD1","A689","A657","A68D","",""
"2172","70168","71164","E1EA","E1E1","E1E9","E23E","E22D","E22E","FAB3","738A","DC5D","2793","FAB2","E226","E1E5","E22A","",""
"2173","70184","71180","2750","2747","2751","279B","279E","2793","2AD1","BBB2","23D8","73BE","2ADC","278B","2744","2799","",""
"2174","70208","71204","739B","7392","7393","73C6","73C6","73C9","A00C","FAB2","6E25","BBDA","A039","73BF","7391","73BA","",""
"2175","70224","71220","BBCD","BBC4","BBBB","BBE2","BBD9","BBDA","DC6D","2AC8","B66E","FABB","DCB1","BBD2","BBC0","BBD6","",""
"2176","70240","71236","FABB","FABA","FAB3","FAC3","FAB2","FABB","23E8","A003","FFB4","2AE5","23F5","FAAB","FAAF","FAB7","",""
"2177","70256","71252","2ACE","2AC5","2AD1","2AE6","2AE4","2AE5","6E2D","DC64","5A95","A042","6E47","2ADD","2AC2","2ADA","",""
"2178","70272","71268","A016","A004","A005","A04A","A039","A047","B676","23E2","8883","DCB1","B68A","A03A","A001","A036","",""
"2179","70288","71284","DC75","DC64","DC65","DCC2","DCB0","DCB9","FFB2","6E26","D0EF","23FE","FFBF","DCA9","DC69","DCB5","",""
"2180","70304","71300","23E8","23EA","23E8","2406","23FD","23FE","5AA6","B678","1A28","6E50","5ACA","23F6","23DC","23FA","",""
"2181","70320","71316","6E2B","6E22","6E2C","6E58","6E4F","6E5D","888C","FFA9","63CF","B693","88AE","6E48","6E29","6E4C","",""
"2182","70344","71340","B688","B675","B681","B69B","B692","B69F","D0F5","5A9D","AB7B","FFD2","D113","B68B","B672","B68F","",""
"2183","70360","71356","FFC5","FFB1","FFB2","FFDA","FFD1","FFC8","1A2F","8885","1E52","5ADD","1A3E","FFCA","FFB8","FFCE","",""
"2184","70376","71372","5AAF","5AA6","5AA6","5AE8","5ADC","5AD3","63DE","D0F2","4038","88C1","63F6","5AD5","5AA2","5ADC","",""
"2185","70392","71388","888B","888C","888B","88C1","88BF","88BF","AB8C","1A1C","8C77","D119","AB83","88B1","887C","88B2","",""
"2186","70408","71404","D0FC","D0F3","D0FB","D122","D118","D11A","1E5A","63D1","D5C5","1A3E","1E88","D108","D0EA","D115","",""
"2187","70424","71420","1A38","1A22","1A2E","1A4A","1A44","1A3F","4049","AB7A","1F04","63FE","4084","1A3F","1A20","1A41","",""
"2188","70440","71436","63EA","63DE","63D5","6407","63FC","63FF","8C73","1E51","671E","AB83","8C8B","63F6","63DC","63EC","",""
"2189","70456","71452","AB8B","AB8C","AB8F","AB8B","AB8B","AB8D","D5C2","4037","B053","1E91","D5E3","AB85","AB7F","AB89","",""
"2190","70472","71468","1E6E","1E59","1E66","1E99","1E90","1E9B","1F0A","8C6B","140B","4098","1F17","1E89","1E56","1E8D","",""
"2191","70488","71484","4051","404B","404B","409F","408F","4098","6724","D5B9","442F","8C9A","671C","4088","4047","4087","",""
"2192","70504","71500","8C83","8C7A","8C75","8CA2","8C93","8C96","B052","1EFC","8C93","D5DB","B045","8C93","8C78","8C90","",""
"2193","70528","71524","D5D6","D5CD","D5CE","D5E2","D5E1","D5D7","1411","671C","D6A8","1F24","1433","D5DB","D5BC","D5D9","",""
"2194","70544","71540","1F0A","1EFB","1F09","1F30","1F29","1F1C","4437","B051","1F1E","671C","445A","1F14","1F01","1F27","",""
"2195","70560","71556","672A","671B","6722","672A","6725","6722","8C9B","13FD","6747","B052","8CA5","671C","6719","6721","",""
"2196","70576","71572","B05A","B05A","B052","B05A","B05A","B052","D6B7","4427","C3C4","1446","D6D2","B053","B04D","B04D","",""
"2197","70592","71588","1419","1410","1411","144E","1445","1447","1F26","8C84","FC2C","4469","1F3C","1441","1402","1438","",""
"2198","70608","71604","4436","4436","442E","4468","4461","4460","674A","D6B1","45DA","8CB1","6740","4461","4433","445E","",""
"2199","70624","71620","8CA3","8C98","8C9B","8CC4","8CAC","8CBB","C3CC","1F16","8356","D6DC","C436","8CB1","8C8E","8CA9","",""
"2200","70640","71636","D6C2","D6B9","D6BA","D6E5","D6E4","D6E3","FC3A","6749","C508","1F3C","FC42","D6D4","D6AB","D6D9","",""
"2201","70656","71652","1F25","1F27","1F2A","1F46","1F3C","1F46","45E2","C3CD","12E2","6752","45F1","1F3E","1F18","1F3A","",""
"2202","70680","71676","6750","6749","6747","675A","6751","674F","835D","FC30","5BE6","C43F","8380","6749","6752","674C","",""
"2203","70696","71692","C3D4","C3CB","C3D6","C447","C436","C440","C510","45D2","D699","FC56","C511","C437","C3D2","C433","",""
"2204","70712","71708","FC33","FC2D","FC36","FC5E","FC55","FC56","12F3","8358","0ABE","45F9","1301","FC4E","FC32","FC50","",""
"2205","70728","71724","45E1","45DB","45D9","4601","45FB","45F0","5BEE","C505","4DE3","8394","5BFB","45EB","45DE","45F6","",""
"2206","70744","71740","8366","835C","8355","8391","8388","8392","D69B","12E1","9C47","C51C","D6DF","838A","8351","8385","",""
"2207","70760","71756","C50E","C50D","C510","C52C","C51B","C524","0ABD","5BE5","E5AA","130A","0B09","C514","C502","C521","",""
"2208","70776","71772","12FB","12E9","12F3","1309","1309","1301","4DEB","D698","2DD4","5C04","4E0B","12F9","12EF","12FD","",""
"2209","70792","71788","5BF6","5BED","5BF6","5C0C","5C03","5C04","9C4F","0ABD","8FE8","D6EE","9C75","5C06","5BEA","5C0A","",""
"2210","70808","71804","D6AA","D69A","D69B","D6F6","D6ED","D6EE","E5B2","4DEB","BFC0","0B09","E5E7","D6E6","D697","D6E4","",""
"2211","70824","71820","0AC5","0ABC","0AC6","0B11","0B08","0B12","2DDC","9C46","09EA","4E11","2DE7","0B01","0AB9","0B0E","",""
"2212","70840","71836","4DFC","4DEA","4DF5","4E19","4E10","4E11","8FE7","E5A9","4CD2","9C7E","9014","4E09","4DE7","4E04","",""
"2213","70864","71860","9C57","9C59","9C5A","9C86","9C86","9C7E","BFD2","2DD3","7A5A","E5E7","C016","9C76","9C4B","9C7A","",""
"2214","70880","71876","E5BA","E5B8","E5BC","E5EF","E5E6","E5EE","09E9","8FDE","BF38","2DE7","0A33","E5E6","E5B5","E5E3","",""
"2215","70896","71892","2DDA","2DDE","2DD2","2DEF","2DF2","2DF0","4CE2","BFC9","123A","9028","4D05","2DE8","2DCE","2DEC","",""
"2216","70912","71908","8FF8","8FE6","8FE7","902F","901C","902A","7A6B","09E0","9952","C015","7A62","901F","8FE3","9019","",""
"2217","70928","71924","BFD0","BFD1","BFC8","C028","C014","C01F","BF41","4CD1","BBED","0A35","BF45","C00D","BFCE","C01E","",""
"2218","70944","71940","09FA","09F1","09F2","0A3D","0A34","0A35","1242","7A59","098C","4D18","124F","0A2D","09EE","0A31","",""
"2219","70960","71956","4CE2","4CE3","4CDA","4D20","4D0D","4D14","9950","BF2F","4D35","7A6B","999E","4D0C","4CE0","4D0A","",""
"2220","70976","71972","7A6A","7A61","7A62","7A73","7A6A","7A62","BBF5","1239","976B","BF4E","BC2E","7A63","7A67","7A67","",""
"2221","70992","71988","BF40","BF37","BF38","BF56","BF55","BF4E","0994","9947","DE98","125A","09B8","BF4E","BF3D","BF54","",""
"2222","71016","72012","1240","1237","1238","1257","1257","124F","4D3D","BBF5","3A2A","999D","4D4C","1247","123E","124B","",""
"2223","71032","72028","9958","994F","995A","99B1","999C","99A6","9773","098E","7400","BC2B","97A1","9995","994C","9999","",""
"2224","71048","72044","BC06","BBFD","BBF5","BC3F","BC33","BC2B","DEA0","4D29","BD77","09CD","DE97","BC2C","BBF1","BC27","",""
"2225","71064","72060","0994","098B","0998","09D1","09C8","09C9","3A32","976A","05D1","4D4C","3A75","09B9","0990","09BD","",""
"2226","71080","72076","4D3A","4D31","4D3D","4D54","4D54","4D56","7408","DE97","3667","97A7","742C","4D50","4D2E","4D51","",""
"2227","71096","72092","977B","9772","9773","97B0","97A6","97A7","BD76","3A2F","7D48","DEA0","BDAD","97A0","976F","9799","",""
"2228","71112","72108","DEA0","DE97","DEA0","DEA0","DE9F","DE98","05E1","73FF","ED34","3A7E","05E8","DE90","DE9D","DE9D","",""
"2229","71128","72124","3A41","3A39","3A32","3A8F","3A7D","3A7E","367B","BD76","1997","743C","36A3","3A7E","3A2E","3A82","",""
"2230","71144","72140","7407","7407","73FF","743D","7434","743F","7D58","05DA","66C5","BDAB","7D4F","742D","7404","7431","",""
"2231","71160","72156","BD7E","BD7E","BD82","BDB3","BDAA","BDB3","ED3E","3670","B013","05FA","ED61","BDA3","BD7B","BDA7","",""
"2232","71176","72172","05E9","05D8","05D9","0602","05F9","05FA","199F","7D47","FB97","36A3","19CB","05E9","05D5","05ED","",""
"2233","71192","72188","3683","3677","366F","36AB","36AB","36AD","66C4","ED35","2773","7D5C","66D9","369B","366B","369F","",""
"2234","71216","72212","7D60","7D57","7D50","7D58","7D4F","7D58","B017","199E","71A7","ED6A","B027","7D48","7D4C","7D54","",""
"2235","71232","72228","ED45","ED3D","ED3E","ED72","ED73","ED6A","FBA2","66C2","0017","19DF","FBAA","ED6B","ED38","ED6E","",""
"2236","71248","72244","19B0","199E","19A8","19E5","19D3","19DD","2784","B00F","268C","66EA","2772","19D5","19A4","19D0","",""
"2237","71264","72260","66CC","66CA","66C4","66EA","66E9","66E2","71AF","FB91","6EDF","B030","71BB","66E2","66C7","66E6","",""
"2238","71280","72276","B017","B00E","B017","B038","B02F","B030","0027","277B","B839","FBB1","004B","B028","B017","B02C","",""
"2239","71296","72292","FBA9","FB9E","FBA3","FBBE","FBAF","FBBB","2694","71B0","0160","2784","26C1","FBB5","FB8E","FBBC","",""
"2240","71312","72308","278C","277A","2784","278C","2783","2784","6EF2","0016","4986","71CF","6F05","277C","2777","2783","",""
"2241","71328","72324","71B7","71B7","71B8","71CC","71CD","71C4","B841","268B","ABB0","0054","B850","71C6","71AB","71C0","",""
"2242","71344","72340","002F","001E","001F","0065","0052","005D","0172","6EDE","D9F4","26CA","017E","0055","0023","0050","",""
"2243","71360","72356","26A1","2693","269E","26DB","26D2","26D3","4999","B82C","2253","6F03","4984","26C2","2690","26C6","",""
"2244","71376","72372","6EEF","6EE4","6EE7","6F17","6F05","6F0A","ABB8","0160","66C0","B858","AC1D","6F04","6EE1","6F06","",""
"2245","71400","72396","B840","B83F","B838","B860","B848","B84F","DA01","4990","B3A8","0191","DA27","B84F","B83D","B853","",""
"2246","71416","72412","017A","0168","0172","018E","018B","018F","2262","ABAF","FCF3","498E","2271","0186","0163","018B","",""
"2247","71432","72428","4996","498E","4998","4996","4998","4998","66C9","D9EE","2750","AC27","66DD","4991","4988","4993","",""
"2248","71448","72444","ABC0","ABB7","ABB8","AC2E","AC25","AC26","B3B5","2250","A0FB","DA2D","B3A9","AC12","ABAB","AC16","",""
"2249","71464","72460","DA02","DA02","DA03","DA36","DA35","DA2F","FD02","66BF","DD0B","2273","FCF8","DA27","D9FE","DA2B","",""
"2250","71480","72476","2268","2260","225B","2281","2276","227C","275F","B3A9","1D1E","66DD","2756","2271","225E","2273","",""
"2251","71496","72492","66C6","66BD","66C8","66EE","66E5","66DD","A10C","FCF8","5B64","B3B3","A13A","66DE","66BA","66E2","",""
"2252","71512","72508","B3B2","B3B1","B3B5","B3B9","B3B3","B3A7","DD11","2756","A441","FCF9","DD5A","B3A1","B3AE","B3AE","",""
"2253","71528","72524","FD0A","FD01","FCFC","FD01","FD01","FCF7","1D26","A0FA","EC53","2758","1D3A","FCF3","FCF6","FCF6","",""
"2254","71544","72540","2760","275E","275F","2767","275E","275F","5B62","DD09","622F","A138","5B7A","2750","2754","2754","",""
"2255","71568","72564","A114","A102","A103","A14A","A137","A138","A449","1D1D","905A","DD5E","A45E","A130","A108","A13E","",""
"2256","71584","72580","DD22","DD19","DD0F","DD70","DD5B","DD68","EC5B","5B63","DB68","1D3A","EC52","DD5D","DD0D","DD63","",""
"2257","71600","72596","1D2E","1D25","1D26","1D4F","1D44","1D3A","6237","A449","22BC","5B83","626F","1D3B","1D19","1D3F","",""
"2258","71616","72612","5B74","5B6B","5B6C","5B8F","5B84","5B85","906E","EC49","69AB","A46F","9094","5B72","5B5E","5B7F","",""
"2259","71632","72628","A451","A454","A452","A47A","A470","A467","DB70","6238","ADE3","EC5B","DBBA","A45F","A44E","A46B","",""
"2260","71648","72644","EC5A","EC5A","EC5B","EC63","EC5A","EC5B","22CA","905D","FBB8","626D","22EF","EC4A","EC57","EC4E","",""
"2261","71664","72660","6249","6240","6237","6282","6277","6276","69B3","DB66","6E8D","90A9","69AA","6265","623D","6272","",""
"2262","71680","72676","906D","906C","9070","90AD","90A4","90A4","ADED","22C1","9410","DBBB","ADD7","9097","906A","909B","",""
"2263","71696","72692","DB7D","DB78","DB70","DBCD","DBC3","DBC6","FBB7","69AA","DC74","22FE","FBB7","DBBE","DB6B","DBB8","",""
"2264","71712","72708","22DA","22C8","22C9","2306","22FC","22FB","6E9D","ADE2","25C4","69B3","6ECB","22F5","22CB","22FA","",""
"2265","71728","72724","69C2","69B9","69BD","69C2","69B9","69BA","9422","FBB7","6EFE","ADE0","9446","69B2","69B6","69BA","",""
"2266","71752","72748","ADE8","ADDF","ADEB","ADE8","ADDF","ADEB","DC84","6E94","B70E","FBC3","DC98","ADE3","ADDC","ADDC","",""
"2267","71768","72764","FBBF","FBB6","FBC3","FBC8","FBB6","FBC3","25CB","9417","1D52","6ED4","25D0","FBAF","FBB3","FBB3","",""
"2268","71784","72780","6EA5","6E94","6E9D","6EDC","6ECA","6ED4","6F06","DC72","499B","944B","6F1A","6EC3","6E99","6ED0","",""
"2269","71800","72796","941E","9421","9416","945E","944E","944E","B720","25B8","901B","DCA2","B71A","944E","9412","944B","",""
"2270","71816","72812","DC8E","DC83","DC84","DCA2","DCA1","DCA1","1D5A","6EFC","D880","25DA","1D51","DC92","DC80","DC95","",""
"2271","71832","72828","25D3","25CA","25CB","25EB","25D8","25DA","49A9","B71A","21C1","6F25","49CC","25D7","25C6","25D5","",""
"2272","71848","72844","6F0E","6EFA","6F06","6F2D","6F19","6F25","9019","1D51","6B06","B719","901B","6F13","6EF8","6F21","",""
"2273","71864","72860","B720","B718","B71F","B720","B71F","B71A","D888","499A","B43E","1D5A","D87F","B70E","B716","B71D","",""
"2274","71880","72876","1D62","1D4E","1D4F","1D62","1D59","1D5A","21C0","9010","F90E","49E1","21B7","1D52","1D56","1D56","",""
"2275","71896","72892","49B3","49AD","499F","49E7","49DC","49D8","6B0F","D886","46BE","9023","6AFB","49CB","49A8","49DB","",""
"2276","71920","72916","902C","9022","9024","902B","9022","9019","B446","21C0","887D","D888","B446","901C","901F","901F","",""
"2277","71936","72932","D890","D887","D888","D897","D885","D888","F916","6AFB","C6BF","21C9","F915","D887","D884","D88D","",""
"2278","71952","72948","21D1","21C8","21C9","21D1","21BF","21C9","46C6","C6C5","0F96","6B0F","46BD","21C1","21BC","21BC","",""
"2279","71968","72964","6B17","6B0D","6B0F","6B17","6B0D","6B0F","888F","0F95","58C2","B44F","887C","6B06","6B00","6B00","",""
"2280","71984","72980","B457","B445","B446","B457","B44E","B446","C6C7","58CA","A212","F916","C6C5","B43E","B44B","B44B","",""
"2281","72000","72996","F91E","F91D","F916","F91E","F91D","F916","0F9E","A211","EB42","46C6","0F95","F90E","F91D","F91D","",""
"2282","72016","73012","46CE","46CF","46D0","46DB","46CF","46D0","58CA","EB4C","3496","888F","58CA","46BE","46C2","46C2","",""
"2283","72032","73028","888D","8884","888F","888D","8884","8885","A21A","3495","7DD4","C6C7","A211","887D","8881","8881","",""
"2284","72048","73044","C6CF","C6C6","C6C7","C6D6","C6CE","C6C7","EB4A","7DC8","F47E","0F9E","EB4C","C6BF","C6CA","C6CA","",""
"2285","72064","73060","0FA6","0F9D","0F95","0FA6","0F9D","0F95","349E","F482","2389","58CA","3495","0F96","0F9A","0F9A","",""
"2286","72080","73076","58DB","58C9","58D3","58DB","58C9","58D3","7DD9","237E","6C7D","A21A","7DC8","58C2","58CF","58CF","",""
"2287","72104","73100","A22C","A219","A223","A22C","A219","A223","F486","6C7C","B5C6","EB4A","F482","A212","A221","A221","",""
"2288","72120","73116","EB52","EB53","EB4A","EB52","EB53","EB4A","2387","B5C6","FF02","349E","237E","EB42","EB4E","EB4E","",""
"2289","72136","73132","34A7","349D","349E","349D","349D","349E","6C7B","FEF7","43D9","7DD9","6C7C","3496","3491","3491","",""
"2290","72152","73148","7DE1","7DD0","7DD9","7DE1","7DD0","7DD9","B5CE","43D8","917A","F486","B5C6","7DD4","7DCD","7DCD","",""
"2291","72168","73164","F495","F485","F48B","F495","F485","F48B","FF00","9179","DABF","2387","FEF7","F47E","F487","F487","",""
"2292","72184","73180","2399","2386","2387","2399","2386","2387","43E1","DABC","23FE","6C7B","43D8","2389","2383","2383","",""
"2293","72200","73196","6C8D","6C7A","6C7B","6C8D","6C7A","6C7B","918F","2407","65C0","B5CE","9179","6C7D","6C77","6C77","",""
"2294","72216","73212","B5D6","B5CE","B5C4","B5D6","B5CE","B5C4","DAC5","65CA","A3FD","FF00","DABC","B5C6","B5CB","B5CB","",""
"2295","72232","73228","FF08","FF09","FF0A","FF08","FF09","FF0A","2413","A406","ECD7","43E1","2407","FF02","FEFC","FEFC","",""
"2296","72248","73244","43F1","43E0","43E9","43F1","43E0","43E9","65D3","ECCC","3601","918F","65CA","43D9","43DD","43DD","",""
"2297","72272","73268","918A","9181","918B","918A","9181","918B","A405","360B","7F57","DAC5","A406","917A","917E","917E","",""
"2298","72288","73284","DACD","DABA","DABD","DACD","DABA","DABD","ECD5","7F4D","C88C","2413","ECCC","DABF","DAC1","DAC1","",""
"2299","72304","73300","240E","240F","2410","240E","240F","2410","3612","C889","11D8","65D3","360B","23FE","2402","2402","",""
"2300","72320","73316","65D0","65D2","65C8","65D0","65D2","65C8","7F56","11D5","5B16","A405","7F4D","65C0","65CF","65CF","",""
"2301","72336","73332","A417","A404","A405","A417","A404","A405","C892","5B17","D42C","ECD5","C889","A3FD","A40C","A40C","",""
"2302","72352","73348","ECDD","ECDD","ECDE","ECDD","ECDD","ECDE","11D5","D426","0316","3612","11D5","ECD7","ECDA","ECDA","",""
"2303","72368","73364","3611","3608","3609","3611","3608","3609","5B1E","030B","4C1E","7F56","5B17","3601","3605","3605","",""
"2304","72384","73380","7F5E","7F55","7F56","7F5E","7F55","7F56","D434","4C28","90DD","C892","D426","7F57","7F5D","7F5D","",""
"2305","72400","73396","C89A","C891","C889","C89A","C891","C889","0322","90D4","DEB4","11D5","030B","C88C","C88E","C88E","",""
"2306","72416","73412","11E6","11D4","11DE","11E6","11D4","11DE","4C32","DEAC","27D9","5B1E","4C28","11D8","11DA","11DA","",""
"2307","72440","73436","5B28","5B14","5B1E","5B28","5B14","5B1E","90E5","27CF","7114","D434","90D4","5B16","5B11","5B11","",""
"2308","72456","73452","D43C","D42E","D42F","D43C","D42E","D42F","DEB5","7104","BA6C","0322","DEAC","D42C","D42B","D42B","",""
"2309","72472","73468","031D","031E","0316","031D","031E","0316","27D7","BA68","03A4","4C32","27CF","0316","030E","030E","",""
"2310","72488","73484","4C38","4C30","4C31","4C38","4C30","4C31","711D","03A7","4564","90E5","7104","4C1E","4C2D","4C2D","",""
"2311","72504","73500","90E5","90DC","90E9","90E5","90DC","90E9","BA72","4560","8383","DEB5","BA68","90DD","90D9","90D9","",""
"2312","72520","73516","DEBB","DEBB","DEB8","DEBB","DEBB","DEB8","03A7","8379","CC5C","27D7","03A7","DEB4","DEB0","DEB0","",""
"2313","72536","73532","27DF","27DF","27E1","27DF","27DF","27E1","455F","CC65","15A5","711D","4560","27D9","27DD","27DD","",""
"2314","72552","73548","7119","7112","7113","7119","7112","7113","8382","15A2","5ED2","BA72","8379","7114","710F","710F","",""
"2315","72568","73564","BA78","BA70","BA65","BA78","BA70","BA65","CC6E","5EDB","A81C","03A7","CC65","BA6C","BA61","BA61","",""
"2316","72584","73580","03A6","039F","03A1","03A6","039F","03A1","15AB","A827","F1AB","455F","15A2","03A4","039D","039D","",""
"2317","72608","73604","4571","4568","455F","4571","4568","455F","5EDA","F1B4","3B0D","8382","5EDB","4564","455B","455B","",""
"2318","72624","73620","8393","8381","8382","8393","8381","8382","A824","3B19","C84B","CC6E","A827","8383","8387","8387","",""
"2319","72640","73636","CC6C","CC6D","CC6E","CC6C","CC6D","CC6E","F1B3","C842","D66D","15AB","F1B4","CC5C","CC60","CC60","",""
"2320","72656","73652","15AA","15AA","15AB","15AA","15AA","15AB","3B1F","D66D","247C","5EDA","3B19","15A5","159E","159E","",""
"2321","72672","73668","5EEC","5ED9","5EDA","5EEC","5ED9","5EDA","C84B","2484","6CA5","A824","C879","5ED2","5EE1","5EE1","",""
"2322","72688","73684","A82C","A823","A82F","A82C","A823","A82F","D66D","6C99","B767","F1B3","D69A","A81C","A820","A820","",""
"2323","72704","73700","F1C5","F1BC","F1BD","F1C5","F1BC","F1BD","248D","B766","FE6B","3B1F","24BA","F1AB","F1B9","F1B9","",""
"2324","72720","73716","3B27","3B1E","3B1F","3B27","3B1E","3B1F","6CA2","FE62","485E","C882","6CC2","3B0D","3B11","3B11","",""
"2325","72736","73732","C85F","C852","C853","C894","C888","C889","B766","4855","9102","D6AB","B793","C881","C84F","C885","",""
"2326","72760","73756","D67D","D674","D675","D6AB","D6AA","D6A3","FE73","9101","DAD5","24C4","FE6A","D6A3","D669","D69F","",""
"2327","72776","73772","2496","248C","248D","24C2","24B9","24BA","4866","DAD4","1BF1","6CC1","487C","24BB","2489","24BF","",""
"2328","72792","73788","6CB7","6CAE","6CA2","6CD2","6CC0","6CCA","910A","1BF7","5B47","B7A4","90F9","6CB9","6CA8","6CBD","",""
"2329","72808","73804","B778","B76E","B76F","B7AC","B7A3","B7A8","DAE6","5B50","A41A","FE76","DAFC","B79C","B762","B798","",""
"2330","72824","73820","FE7E","FE72","FE73","FE73","FE72","FE73","1C00","A419","EC31","4885","1BF0","FE6B","FE67","FE67","",""
"2331","72840","73836","486E","4869","4866","488D","4887","4885","5B4F","EC38","3E31","910C","5B64","4873","4863","4882","",""
"2332","72856","73852","9112","9101","9102","9112","9109","910C","A422","3E30","7F14","DAFD","A438","9104","9108","90FE","",""
"2333","72872","73868","DAF0","DAE7","DADD","DB0D","DAFC","DAFD","EC41","7F13","CC97","1C00","EC3C","DAF4","DAD9","DAF9","",""
"2334","72888","73884","1C08","1BF8","1BF9","1C08","1BFF","1C00","3E39","CC9F","0CC1","5B76","3E64","1BF8","1BFC","1BFC","",""
"2335","72904","73900","5B60","5B4E","5B58","5B7E","5B6C","5B76","7F1C","0CCB","5F2C","A441","7F1C","5B6E","5B4B","5B69","",""
"2336","72920","73916","A42A","A421","A422","A449","A440","A44D","CCAA","5F2A","A424","EC41","CCA0","A439","A41E","A447","",""
"2337","72944","73940","EC41","EC38","EC41","EC41","EC40","EC39","0CC9","A41A","F21B","3E6F","0CCB","EC39","EC3D","EC35","",""
"2338","72960","73956","3E36","3E38","3E2E","3E6E","3E6C","3E66","5F2A","F21A","3B67","7F28","5F21","3E5E","3E35","3E62","",""
"2339","72976","73972","7F2D","7F1B","7F1C","7F2F","7F1B","7F1C","A423","3B70","8445","CC9F","A41A","7F1D","7F23","7F18","",""
"2340","72992","73988","CCB0","CCA9","CC9F","CCB0","CCA9","CCA8","F223","8442","AE94","0CC9","F239","CC97","CCA6","CC9B","",""
"2341","73008","74004","0CD1","0CD3","0CD4","0CDF","0CD3","0CD4","3B6F","AE93","DD92","5F2A","3B87","0CCC","0CD0","0CC5","",""
"2342","73024","74020","5F32","5F29","5F33","5F32","5F29","5F33","844F","DD88","2682","A423","8442","5F22","5F26","5F26","",""
"2343","73040","74036","A434","A42B","A42F","A434","A42E","A42F","AEA4","2680","6F5F","F242","AE93","A424","A41F","A428","",""
"2344","73056","74052","F236","F22D","F22E","F255","F24B","F24C","DD9B","6F65","16BA","3B90","DD88","F23A","F22A","F248","",""
"2345","73072","74068","3B77","3B6E","3B79","3B98","3B8F","3B94","2686","16B9","4FB3","8443","2680","3B88","3B75","3B8C","",""
"2346","73088","74084","844B","844A","844B","8453","844C","8443","6F6E","4FB5","9ADD","AEA4","6F65","8443","8447","8447","",""
"2347","73112","74108","AEA4","AE9B","AEA4","AEA4","AE9B","AEA4","16BD","9ADC","E32A","DD9B","16B9","AE94","AE98","AE98","",""
"2348","73128","74124","DDA4","DD9A","DD91","DDA4","DD90","DD91","4FAC","E31E","2C73","2686","4FCC","DD92","DD97","DD97","",""
"2349","73144","74140","2692","2686","2688","2692","2686","2688","9AE1","2C75","6A4F","6F67","9AF1","2682","2683","2683","",""
"2350","73160","74156","6F6D","6F6E","6F66","6F6D","6F6E","6F66","E325","6A44","BF15","16BD","E326","6F5F","6F6B","6F6B","",""
"2351","73176","74172","16C5","16C9","16C2","16C5","16C9","16C2","2C76","BF19","097A","4FC4","2C75","16BA","16BE","16BE","",""
"2352","73192","74188","4FAA","4FA1","4FB1","4FC2","4FCB","4FCB","6A57","0982","5190","9B04","6A4E","4FCD","4F9E","4FC5","",""
"2353","73208","74204","9AE9","9AE4","9AE3","9B0E","9AF7","9B04","BF16","5188","9340","E332","BF19","9AF4","9AE1","9B03","",""
"2354","73224","74220","E331","E325","E327","E338","E333","E331","097F","933F","D151","2C76","09B9","E320","E323","E32C","",""
"2355","73240","74236","2C7D","2C75","2C7A","2C7D","2C7B","2C7A","5196","D158","1A49","6A57","5199","2C73","2C79","2C79","",""
"2356","73264","74260","6A55","6A4C","6A4D","6A5F","6A4C","6A4D","933D","1A3F","6380","BF16","933F","6A4F","6A49","6A49","",""
"2357","73280","74276","BF27","BF14","BF1F","BF27","BF1F","BF1F","D163","6389","E82D","09BA","D158","BF15","BF10","BF10","",""
"2358","73296","74292","0994","098B","098C","09C8","09BF","09BA","1A48","E82C","0FCF","519D","1A48","09BC","0985","09BD","",""
"2359","73312","74308","51A6","5194","5194","519D","5194","519E","6391","0FD4","5972","9348","6389","5190","5190","519A","",""
"2360","73328","74324","9353","9347","934B","9345","9347","9348","E835","5971","A1C1","D159","E862","9340","9347","9344","",""
"2361","73344","74340","D161","D158","D161","D161","D160","D163","0FDD","A1CB","ED2C","1A48","100D","D151","D155","D155","",""
"2362","73360","74356","1A59","1A50","1A51","1A59","1A47","1A51","597A","ED22","326A","6391","599F","1A49","1A4D","1A4D","",""
"2363","73376","74372","6390","6390","6388","6390","6387","6388","A1D5","3263","7AC2","E86B","A1CB","6380","638E","638E","",""
"2364","73400","74396","E83D","E834","E82C","E873","E86A","E861","ED2B","7AC1","BFC3","100B","ED94","E863","E831","E867","",""
"2365","73416","74412","0FE5","0FDC","0FDD","1013","100A","1017","3272","BFCA","0D45","59B3","326E","1003","0FD3","1012","",""
"2366","73432","74428","5982","596E","597A","59BA","59A7","59A8","7AC2","0D45","3ABC","A1C9","7ABB","59A0","596B","59A4","",""
"2367","73448","74444","A1DC","A1C8","A1D5","A1D1","A1C8","A1C9","BFCD","3AB2","8420","ED97","BFC1","A1CC","A1C5","A1D1","",""
"2368","73464","74460","ED3B","ED33","ED33","EDA7","ED96","ED9D","0D58","841F","CCEE","3273","0D45","ED97","ED25","ED9B","",""
"2369","73480","74476","3272","326C","3274","327C","3271","3276","3AC4","CCF7","1618","7ACA","3AB2","326B","326F","326F","",""
"2370","73496","74492","7ACA","7AC1","7ACE","7ACA","7AC1","7ACE","8431","1617","73D0","BFCD","841F","7AC2","7ABD","7AC5","",""
"2371","73512","74508","BFD2","BFD1","BFCC","BFD2","BFD1","BFCC","CCF6","73D9","AA82","0D58","CCF7","BFC3","BFC8","BFD1","",""
"2372","73528","74524","0D5F","0D4B","0D57","0D5F","0D4B","0D57","1620","AA81","F38A","3AC4","1617","0D45","0D49","0D49","",""
"2373","73544","74540","3ACC","3ABA","3ABB","3ACC","3ABA","3ABB","73D8","F389","3BB8","8431","740C","3ABC","3AC0","3AC0","",""
"2374","73568","74564","8430","8430","8432","8430","8430","8432","AA8A","3BB7","867C","CCF6","AAC0","8420","842D","842D","",""
"2375","73584","74580","CD05","CCF5","CD00","CD05","CCF5","CD00","F392","867D","CD82","1620","F3BF","CCEE","CCF2","CCF2","",""
"2376","73600","74596","1628","1626","1627","1628","1626","1627","3BC3","CD8A","17B8","740B","3BD5","1618","161C","161C","",""
"2377","73616","74612","73E8","73D7","73D8","741C","740A","740B","867C","17B7","60BC","AABF","86B3","740C","73DC","7410","",""
"2378","73632","74628","AA92","AA91","AA94","AAC7","AACB","AAC9","CD93","60BB","A963","F3D3","CD8A","AAC1","AA8E","AAC6","",""
"2379","73648","74644","F39A","F39E","F39C","F3DB","F3C7","F3C8","17C8","A963","D065","3BDE","17D4","F3C0","F398","F3CF","",""
"2380","73664","74660","3BBE","3BB5","3BC0","3BE6","3BDD","3BDE","60C4","D059","029D","86BB","60D0","3BD6","3BBC","3BDA","",""
"2381","73680","74676","868C","867B","8684","86BA","86BA","86B2","A962","0293","4B9A","CD8A","A962","86AA","8678","86B8","",""
"2382","73696","74692","CD92","CD93","CD8A","CD92","CD92","CD93","D06A","4B99","9583","17E7","D080","CD82","CD90","CD8F","",""
"2383","73712","74708","17D0","17BF","17C0","17E5","17E6","17E7","029C","958A","4732","60D9","029C","17DF","17C7","17D9","",""
"2384","73736","74732","60CC","60B9","60BA","60EA","60D8","60E3","4BAC","4732","782B","A96B","4BA1","60D1","60B6","60D5","",""
"2385","73752","74748","A96A","A961","A962","A973","A96A","A962","9595","782A","C1D8","D089","95A0","A963","A967","A967","",""
"2386","73768","74764","D06A","D061","D062","D094","D088","D080","4732","C1D6","0A32","029C","4768","D084","D069","D088","",""
"2387","73784","74780","02A4","029B","02A5","02AD","02A4","029C","7833","0A31","53AE","4BA2","787B","029D","0298","0298","",""
"2388","73800","74796","4BAA","4BA1","4BAE","4BAA","4BA1","4BAC","C1D7","53A4","9D46","95B3","C20D","4BA2","4BA8","4BA6","",""
"2389","73816","74812","959B","9593","9595","95B1","95A8","95A9","0A3A","9D45","0047","4768","0A31","95A1","958F","95AD","",""
"2390","73832","74828","4743","4731","4732","4770","4770","4768","53AD","004B","2FB0","7869","53DA","4769","472E","4764","",""
"2391","73848","74844","7844","783B","783C","7871","7879","787A","9D4E","2FBA","7A51","C219","9D8D","7871","782F","7880","",""
"2392","73864","74860","C1DE","C1DF","C1E3","C21D","C20D","C216","004F","7A49","C1A2","0A3A","007D","C204","C1DC","C209","",""
"2393","73880","74876","0A38","0A2F","0A3A","0A38","0A2F","0A30","2FB8","C1AA","0B33","53E3","3000","0A28","0A36","0A37","",""
"2394","73896","74892","53BF","53AC","53AD","53F4","53E2","53EE","7A58","0B29","500B","9D97","7AA2","53E3","53B2","53E7","",""
"2395","73912","74908","9D4E","9D45","9D4E","9D84","9D96","9D98","C1B3","500A","9CB7","0086","C1AA","9D8F","9D4E","9D91","",""
"2396","73936","74932","005C","004E","0053","008E","0085","0089","0B32","9CB6","088E","2FF8","0B67","007E","0050","0082","",""
"2397","73952","74948","2FC0","2FC1","2FC2","3000","3006","2FFE","501C","088D","2FAB","7AAB","504A","2FFF","2FBE","3004","",""
"2398","73968","74964","7A60","7A49","7A55","7AA9","7AA2","7AAB","9CBF","2FB4","7CD9","C1AA","9CDD","7AA3","7A50","7A9F","",""
"2399","73984","74980","C1BD","C1B2","C1B3","C1B2","C1B2","C1B3","0890","7CE2","C87E","0B68","08C4","C1A2","C1AF","C1A6","",""
"2400","74000","74996","0B3A","0B3A","0B32","0B70","0B67","0B72","2FBD","C886","0EC6","5051","2FE1","0B68","0B2E","0B64","",""
"2401","74016","75012","5024","5012","501F","5059","5052","5055","7CE1","0EC2","586C","9CDD","7D15","504D","500F","504F","",""
"2402","74032","75028","9CC7","9CC8","9CC8","9CEE","9CE8","9CDD","C88F","5875","A2D6","08CC","C87E","9CD5","9CBB","9CD9","",""
"2403","74048","75044","0898","0895","0898","08D4","08CB","08C7","0ECC","A2E2","E7A9","2FF2","0EF9","08C4","0892","08C8","",""
"2404","74064","75060","2FBB","2FBF","2FBD","2FF2","2FE9","2FF4","587E","E7A8","30D6","7D18","58AB","2FEA","2FAF","2FE6","",""
"2405","74088","75084","7CF4","7CE0","7CE1","7D2A","7D1F","7D24","A2DE","30D5","75BC","C88F","A2E2","7D1C","7CE9","7D13","",""
"2406","74104","75100","C88E","C886","C891","C898","C88E","C886","E7B1","75C5","B0BB","0F02","E7A8","C888","C88D","C88D","",""
"2407","74120","75116","0ED4","0EC1","0ECD","0F08","0EF8","0F03","30D5","B0BA","F9B3","58B5","30D5","0EED","0EBE","0EF5","",""
"2408","74136","75132","5886","5874","5880","58B4","58AA","58B8","75CD","F9BE","7BB8","A2DE","75C5","58A4","587C","58A7","",""
"2409","74152","75148","A2EA","A2EA","A2E2","A2EA","A2E1","A2E9","B0C3","7BB7","A5CC","E7B9","B0BA","A2E6","A2DF","A2E7","",""
"2410","74168","75164","E7C3","E7B0","E7BB","E7C3","E7B8","E7B9","F9BB","A5CC","F81C","30DE","F9BE","E7A9","E7AD","E7AD","",""
"2411","74184","75180","30E6","30DD","30D5","30DD","30DD","30D5","7BC0","F822","402A","75CD","7BEE","30CD","30DA","30DA","",""
"2412","74200","75196","75D5","75CF","75CD","75D5","75C3","75CD","A5DB","4033","8CBF","B0C6","A60A","75BC","75CA","75CA","",""
"2413","74216","75212","B0CB","B0C5","B0C3","B0CB","B0C5","B0BA","F824","8CBE","D33B","F9BB","F858","B0BB","B0B6","B0B6","",""
"2414","74232","75228","F9CC","F9BA","F9C4","F9CC","F9BA","F9C4","403E","D33A","1CB9","7BF7","4048","F9BC","F9C0","F9C0","",""
"2415","74256","75252","7BD2","7BC9","7BC0","7C07","7BFE","7BF7","8CC7","1CB6","686D","A613","8CC6","7BEF","7BC8","7BFE","",""
"2416","74272","75268","A5DC","A5D4","A5DB","A61B","A612","A60A","D339","6875","AC87","F85A","D36F","A602","A5D1","A610","",""
"2417","74288","75284","F82C","F82A","F824","F862","F859","F85A","1CBF","AC86","D495","405B","1CEC","F852","F828","F85D","",""
"2418","74304","75300","403A","403B","403C","4063","4050","405B","6875","D494","2181","8CC7","6893","4049","403A","4057","",""
"2419","74320","75316","8CCF","8CC6","8CCF","8CCF","8CCE","8CC7","AC98","2189","66F8","D378","AC8F","8CC7","8CC3","8CCB","",""
"2420","74336","75332","D341","D338","D343","D378","D377","D378","D4A8","66ED","B054","1CEC","D49E","D370","D33F","D374","",""
"2421","74352","75348","1CC7","1CBE","1CBF","1CF4","1CF4","1CEC","2189","B05C","357F","6892","2189","1CE4","1CBB","1CF1","",""
"2422","74368","75364","687D","6874","687E","68A4","689B","689C","66F6","357F","585C","AC8F","66ED","688A","687A","6898","",""
"2423","74384","75380","ACA0","AC97","AC98","ACA0","AC8E","AC8F","B05C","5851","A049","D4A9","B05C","AC87","AC97","AC8B","",""
"2424","74400","75396","D4AF","D49C","D49D","D4AF","D49C","D49D","357E","A03F","E671","2189","35EC","D495","D499","D499","",""
"2425","74416","75412","219B","2188","2192","219B","2191","2192","5862","E667","321A","66F6","5892","2181","218E","218E","",""
"2426","74432","75428","66FE","66FF","6700","66FE","66FF","6700","A048","3219","7C11","B05C","A05C","66F8","66FC","66FC","",""
"2427","74448","75444","B064","B064","B065","B064","B05B","B065","E679","7C04","C482","35F3","E69E","B054","B061","B061","",""
"2428","74472","75468","358F","3586","3587","35FB","35F2","35F3","3222","C48B","0E85","589A","3219","35EB","3583","35EF","",""
"2429","74488","75484","586C","5859","5864","589A","5891","588F","7C17","0E84","570D","A072","7C21","588F","5863","588D","",""
"2430","74504","75500","A059","A050","A054","A077","A064","A065","C48A","5714","7E21","E6A7","C481","A05D","A044","A061","",""
"2431","74520","75516","E678","E66F","E679","E6B8","E6AE","E6A5","0E96","7E20","BC9B","3222","0EAA","E6A7","E66C","E6AB","",""
"2432","74536","75532","3234","3221","322D","322A","3221","322C","5715","BC90","","7C35","5714","3224","322A","321E","",""
"2433","74552","75548","7C21","7C0C","7C16","7C3F","7C34","7C33","7E1F","","","C492","7E3D","7C2F","7C15","7C2F","",""
"2434","74568","75564","C492","C493","C48A","C492","C491","C494","BC99","","","0EB3","BCAF","C48A","C486","C48E","",""
"2435","74584","75580","0EA1","0E8C","0E8D","0EBB","0EB2","0EB3","","","","5720","","0EAB","0E92","0EAF","",""
"2436","74600","75596","5727","5714","5715","5725","5714","5715","","","","7E3E","","570D","5711","5711","",""
"2437","74616","75612","7E27","7E29","7E29","7E46","7E45","7E46","","","","BCBF","","7E36","7E1B","7E3A","",""
"2438","74638","75632","BCAA","BCA2","BCA2","BCC7","BCBE","BCB8","","","","","","BCBA","BC95","BCB4","",""